item_id,title,total_qty,n_days,avg_gap_days,max_gap_days
1005090,Lagkage (stykke),16,1,999.0,999.0
1006599,Oprah,4,4,35.333333333333336,86.0
1006969,Brigitte Bardot,5,4,30.666666666666668,66.0
1010586,Lille pose,1078,168,1.0838323353293413,4.0
1020519,Julemenu 2,98,6,7.0,14.0
1025731,sommersby,15,11,12.4,37.0
1045589,Unspecified,653,78,2.3506493506493507,9.0
1046543,Stor Cappuccino,337,132,1.3587786259541985,6.0
1050652,Pant dåse eller glasflaske,76,48,3.617021276595745,14.0
1050661,Pant plasticflaske,83,53,3.3653846153846154,12.0
1050690,Skinke Ost lille,60,21,7.7,34.0
1061417,Dose sodavand,289,103,1.7745098039215685,7.0
1063877,Bowtech,38,32,5.580645161290323,20.0
1063904,Akupunktur,21,19,9.222222222222221,35.0
1065348,Sodavand (personale),34,24,7.130434782608695,38.0
1066011,Unspecified,38,33,5.28125,14.0
1066388,Frikadelle,199,74,2.3972602739726026,18.0
1068946,Energidrik,161,96,1.8526315789473684,5.0
1070380,Glas vin,729,137,1.3161764705882353,11.0
1070400,Vin flaske,189,92,1.978021978021978,10.0
1073078,Quiche + salade,45,17,10.5,28.0
1074249,Kaffe/ the,260,14,12.0,28.0
1074362,Lagkage,136,4,23.333333333333332,36.0
1074373,Kaffe/the m/ 1 x kage,218,6,33.0,128.0
1074541,"Æg og tomat, 5 slags pålæg",482,9,20.25,74.0
1075017,Brunch,145,5,12.75,18.0
1075025,Brunch/ Frokost,353,10,13.11111111111111,40.0
1075309,Smørrebrød - vi vælger pålæg,400,12,15.0,39.0
1075333,Håndmad,330,2,108.0,108.0
1080675,FAMILIE PIZZA,57,23,7.454545454545454,23.0
1080679,FAMILIE PIZZA,22,18,8.352941176470589,24.0
1080689,FAMILIE PIZZA,59,35,4.852941176470588,21.0
1080700,FAMILIE PIZZA,16,13,10.583333333333334,34.0
1083823,1 Time Oliemassage,1,1,999.0,999.0
1083828,1 Time Aromamassage,8,8,10.142857142857142,28.0
1083829,1/2 Time Fodmassage,1,1,999.0,999.0
1083830,1 Time Fodmassage,1,1,999.0,999.0
1088169,Personale Pris,3,3,59.5,114.0
1090102,Unspecified,6902,183,1.0,1.0
1100698,Fadøl 50cl,68,20,9.210526315789474,56.0
1100763,Sodavand og cocio,93,18,10.294117647058824,77.0
1100797,Vand mv.,9,4,46.666666666666664,119.0
1105817,Unspecified,1325,149,1.222972972972973,3.0
1112320,Ekstra bøf,96,56,3.2,12.0
1112338,Ekstra vegetarbøf,1,1,999.0,999.0
1112355,Ekstra ost,18,15,10.714285714285714,36.0
1112367,Ekstra fisk,3,2,77.0,77.0
1112443,Menu 1,2144,175,1.0402298850574712,4.0
1112466,Menu 2-4,2160,176,1.0342857142857143,4.0
1118805,Special,128,9,2.0,3.0
1132989,Pesto,55,17,10.0625,28.0
1137892,Floedeis,46,26,6.76,21.0
1139475,Portvin glas,108,12,15.909090909090908,64.0
1145644,Manicure med ensfarvet lak/Shellac,17,17,10.5,35.0
1173432,Brunch,34,3,51.5,76.0
1198760,Sodavand,117,65,2.828125,27.0
1208733,Fredagsøl,750,25,7.291666666666667,14.0
1227284,3 stk Cookies,13,13,13.416666666666666,51.0
1227518,1 kss. øl,8,6,28.0,56.0
1229449,Antons ØKO Saft,167,78,2.3506493506493507,18.0
1229478,Adelhardt ØKO Rabarber,14,11,15.4,48.0
1229570,Stor Croissant,439,122,1.4958677685950412,16.0
1229711,1/2 Bolle m. smør og ost,5920,132,1.381679389312977,16.0
1229797,Hindbærsnitte,81,54,3.339622641509434,20.0
1229993,Napoleonshat,89,60,3.0338983050847457,23.0
1230081,Cookie,66,42,4.414634146341464,21.0
1230094,Wienerbrød,83,37,5.027777777777778,36.0
1230165,Kanelsnurre ØKO,343,112,1.6306306306306306,18.0
1230798,Sancocho,20,16,10.466666666666667,30.0
1230812,Kylling i karry m. Ris,102,66,2.769230769230769,21.0
1236848,Usp smørrebrød,2125,115,1.5789473684210527,14.0
1236854,Usp luksus smørrebrød,520,20,9.210526315789474,28.0
1240114,Alkoholfri øl,18,6,29.4,42.0
1240128,Vand,24,11,17.5,52.0
1240477,Sirup shot,36,24,7.826086956521739,29.0
1244728,Café latte,188,61,3.0,25.0
1247438,Unspecified,42,23,3.0,13.0
1256148,Chips,94,54,3.4150943396226414,12.0
1259241,Herreklip,383,110,1.651376146788991,6.0
1259242,Dameklip,13,12,14.727272727272727,41.0
1259243,Børneklip,27,23,7.2727272727272725,33.0
1259246,Maskineklip,33,31,5.8,20.0
1259247,Trimming af Skæg,19,18,10.294117647058824,28.0
1259249,Hårvasker,1,1,999.0,999.0
1267267,"Extra ( bacon, artiskoker, tomater ...)",43,25,6.791666666666667,48.0
1269507,Personalepris,7,7,21.333333333333332,47.0
1269683,Cocio  store,176,93,1.9565217391304348,20.0
1279115,MENU,515,52,3.450980392156863,10.0
1279122,Durum Humus,156,67,1.8333333333333333,5.0
1279655,HUMMERSUPPE,111,22,7.9523809523809526,61.0
1297198,Tuborg pilsner,1554,154,1.1764705882352942,6.0
1297454,Tuborg classic,1229,143,1.2746478873239437,9.0
1297963,Mikkeler burst ipa,243,78,2.3376623376623376,39.0
1298038,Grimbergen double,175,81,2.25,17.0
1298065,Jacobsen juicy IPA,444,115,1.5789473684210527,16.0
1298131,Mikkeller ich bin rasberry,310,105,1.7403846153846154,19.0
1298157,Playa De Brooklyn,137,63,2.8548387096774195,40.0
1298178,1664 blanc,841,142,1.2836879432624113,9.0
1298205,Brooklyn stonewall IPA,397,119,1.5338983050847457,16.0
1298243,Brooklyn pulp art IPA,186,69,2.573529411764706,17.0
1298279,Somersby apple cider,277,94,1.903225806451613,14.0
1298310,Passion attraction,138,68,2.671641791044776,21.0
1298336,Tuborg pilsner,455,78,2.3376623376623376,18.0
1298536,Sodavand,1182,141,1.292857142857143,12.0
1299021,Basil sour smash,155,40,4.512820512820513,20.0
1299096,Raspberry rascal,264,46,3.911111111111111,14.0
1320295,Kande fadøl,745,114,1.592920353982301,15.0
1320387,"2 ens for 135,-",177,76,2.3733333333333335,19.0
1333981,Runnig dinner,46,2,105.0,105.0
1383364,2 retters,81,20,8.0,28.0
1393766,Branca Menta,1,1,999.0,999.0
1399637,Sodavand,2005,30,5.862068965517241,25.0
1419418,S. Brugsen,207,2,84.0,84.0
1420007,Pitabrød kyllinge,157,78,2.2987012987012987,11.0
1420036,Pitabrød meny,124,76,2.3333333333333335,10.0
1420053,Pitabrød falafed,50,42,4.195121951219512,21.0
1420731,Durum menu,157,89,2.0454545454545454,11.0
1420742,Turkish brød kebab,689,144,1.2587412587412588,10.0
1420743,Durum kyllinge,165,85,2.107142857142857,13.0
1420755,Durum kebab,2834,146,1.2413793103448276,10.0
1420764,Durum falafed,65,50,3.326530612244898,11.0
1420766,Turkish brød kyllinge,27,21,7.8,27.0
1420780,Turkish brød falafed,20,17,10.0,35.0
1420781,Turkish brød menu,44,37,4.861111111111111,22.0
1420812,Kebabbox,800,144,1.2587412587412588,10.0
1420816,Kyllingebox,18,16,10.466666666666667,45.0
1420839,Hoddok,285,104,1.7475728155339805,10.0
1420851,Kyllingeburger,66,47,3.630434782608696,11.0
1420877,Okse burger,94,63,2.8225806451612905,11.0
1421806,Okse burger menu,23,22,8.19047619047619,64.0
1439345,Unspecified,25,19,8.166666666666666,34.0
1439475,Unspecified,197,96,1.894736842105263,11.0
1447752,Unspecified,130,67,2.227272727272727,12.0
1452546,Nyt vinyl,462,127,1.4285714285714286,6.0
1452561,Nyt vinyl,462,122,1.487603305785124,4.0
1452605,Nyt vinyl,190,95,1.8936170212765957,8.0
1452635,Nyt vinyl,553,134,1.3533834586466165,4.0
1452640,Nyt vinyl,835,142,1.2765957446808511,5.0
1452643,Nyt vinyl,393,118,1.5384615384615385,7.0
1452668,Nyt vinyl,368,119,1.5254237288135593,6.0
1452689,Nyt vinyl,626,140,1.2949640287769784,4.0
1452724,Nyt vinyl,254,101,1.8,8.0
1452740,Nyt vinyl,219,98,1.8556701030927836,7.0
1452743,Nyt vinyl,131,71,2.5428571428571427,10.0
1452774,Brugt vinyl,341,112,1.6216216216216217,4.0
1452799,Brugt vinyl,231,106,1.7142857142857142,6.0
1452810,Brugt vinyl,230,107,1.6886792452830188,6.0
1452849,Brugt vinyl,310,120,1.5126050420168067,5.0
1452851,Brugt vinyl,176,99,1.836734693877551,6.0
1452945,Drikkelse,154,72,2.4788732394366195,15.0
1452957,Drikkelse,322,111,1.6363636363636365,6.0
1452990,Gavekort,227,92,1.978021978021978,10.0
1465913,Herreklip,302,68,2.1940298507462686,13.0
1465915,Børneklip,49,33,4.4375,13.0
1465916,Maskineklip,19,15,8.428571428571429,30.0
1465917,Trimming af Skæg,1,1,999.0,999.0
1465918,Hårvasker,36,17,8.8125,25.0
1465921,Cologne,4,2,11.0,11.0
1466226,Croissant,9,6,28.2,99.0
1466234,2 croissanter,2,1,999.0,999.0
1466249,Bolle,4,3,45.5,65.0
1469002,Cheseburger,23,22,8.380952380952381,25.0
1470593,Nyt Vinyl,425,133,1.3636363636363635,4.0
1477373,SMØRREBRØD,1961,91,1.6333333333333333,7.0
1477391,MØDE SMØRREBRØD,298,26,5.84,23.0
1477415,VAND,86,50,2.9183673469387754,11.0
1477422,DÅSEVAND,1,1,999.0,999.0
1477435,KILDEVAND,10,9,17.625,50.0
1485395,Fiskestjerne.,121,48,3.595744680851064,40.0
1499350,Chips,317,109,1.6666666666666667,6.0
1499351,SVÆR,208,96,1.894736842105263,8.0
1499356,Slik,83,58,3.1228070175438596,14.0
1499358,Kaffe,71,52,3.4901960784313726,12.0
1499359,Vand,1014,174,1.046242774566474,2.0
1499361,Energi Drink,90,58,3.087719298245614,12.0
1499364,Sprit (22),4170,174,1.0520231213872833,2.0
1499366,Sprit (25),642,116,1.5739130434782609,8.0
1499367,Sprit (31),147,36,5.114285714285714,27.0
1499368,Sprit (43),85,28,6.666666666666667,18.0
1499370,10 Shots,122,60,3.0677966101694913,17.0
1499372,Husets Sprit,33,24,7.391304347826087,20.0
1499375,Vin,71,34,5.242424242424242,39.0
1499376,Mokai,325,82,2.246913580246914,10.0
1499377,3 Mokai,236,81,2.275,8.0
1499378,Irch Kaffe,1131,145,1.2569444444444444,4.0
1499379,Underberg,397,81,2.2625,7.0
1499380,Billig Dring,291,81,2.2375,10.0
1499384,Isbjørn,167,45,4.090909090909091,22.0
1499385,ØL,12211,183,1.0,1.0
1499386,Aalborg Øl,4202,182,1.0,1.0
1499387,Porter,54,33,5.15625,20.0
1499388,Guld Øl,338,91,2.011111111111111,8.0
1499389,Ølkort,1705,181,1.011111111111111,2.0
1499391,ØL 2 Go,143,65,2.75,13.0
1499392,20 Røg,340,137,1.3308823529411764,4.0
1499393,Lighter,86,55,3.3333333333333335,14.0
1523513,Herreklip,768,139,1.3043478260869565,11.0
1523515,Børneklip,45,38,4.837837837837838,14.0
1523519,Wax,2,2,5.0,5.0
1612426,Æblemost,2,2,103.0,103.0
1612543,Perchs Chai Latte,39,33,5.59375,32.0
1618344,Unspecified,8,8,23.142857142857142,68.0
1635263,"Sambuca, fernet, tequila",224,42,4.390243902439025,15.0
1639344,Vand,198,28,1.2222222222222223,2.0
1642563,Øl,9448,182,1.0,1.0
1642593,Vand,1458,176,1.0342857142857143,3.0
1642605,Cigaretter,568,165,1.103658536585366,2.0
1642620,Rabatkort,1141,176,1.0342857142857143,2.0
1642695,Spiritus 25,7735,180,1.011173184357542,2.0
1642708,Spiritus 35,129,32,5.774193548387097,19.0
1642721,Vin 45,143,53,3.4423076923076925,14.0
1642725,Redbull,325,130,1.4031007751937985,6.0
1642740,Tomat juice,13,10,15.777777777777779,47.0
1642762,Chips,49,35,5.205882352941177,27.0
1642789,Øl 15,302,11,12.2,49.0
1642802,Grønne kort,302,88,2.0689655172413794,8.0
1642822,Lighter,45,36,5.114285714285714,19.0
1648765,Chips vinegar,58,24,1.434782608695652,3.0
1648820,Flaeskesvaer,81,26,1.32,3.0
1658503,Margharita,116,74,2.452054794520548,8.0
1658504,Hawaii,220,101,1.79,5.0
1658505,Danmark,42,36,4.885714285714286,14.0
1658511,Vesuvio,104,68,2.701492537313433,14.0
1658514,Alfreso De Palermo,89,64,2.8095238095238093,11.0
1658520,Hornsyld,68,48,3.723404255319149,11.0
1658522,Pepperoni,189,99,1.846938775510204,6.0
1658524,Mamma Rosa,74,46,3.6666666666666665,10.0
1658528,Herkules,458,130,1.4031007751937985,5.0
1658534,Texas,46,37,4.944444444444445,24.0
1658536,President,44,34,5.454545454545454,33.0
1658537,Florida,40,32,5.67741935483871,23.0
1658538,Mumi's,290,113,1.6160714285714286,6.0
1658547,Mars,53,39,4.657894736842105,15.0
1658553,Hugo Pizza,79,53,3.480769230769231,14.0
1658556,Talo,38,32,5.419354838709677,23.0
1658563,Cheeseburger,66,42,4.2682926829268295,16.0
1658567,Dobbelt Bacon Cheese Burger,51,38,4.756756756756757,22.0
1658575,Ribbensandwich,57,29,5.821428571428571,18.0
1658576,Kebab Pitabrød,93,63,2.8225806451612905,12.0
1658581,Kebabrulle Alm,840,143,1.2746478873239437,4.0
1658582,Kylling Kebab Rulle,131,69,2.6029411764705883,12.0
1658591,500g Spareribs,56,27,6.769230769230769,30.0
1658595,1/2 Kylling,227,97,1.8854166666666667,7.0
1658598,Kebab Mix,110,66,2.753846153846154,10.0
1658600,Pommes Frites,323,115,1.5789473684210527,5.0
1658609,6 stk. Kyllingenuggets,37,30,5.931034482758621,20.0
1658613,Chili Cheese Tops 5 stk,59,39,4.631578947368421,17.0
1658619,Sodavand,380,125,1.435483870967742,4.0
1663110,Dåse,169,89,2.034090909090909,10.0
1668414,Fad Nat,4331,76,1.0266666666666666,2.0
1668415,Øl nat,5639,76,1.0266666666666666,2.0
1668416,Shots (25 ),173,32,2.2903225806451615,6.0
1668417,Shots (30 ),1222,69,1.1323529411764706,3.0
1668418,Lux Fad,568,69,1.088235294117647,2.0
1668419,Jameson,291,43,1.8095238095238095,7.0
1668420,Vand Nat,353,58,1.3333333333333333,5.0
1668421,Øl Dag,303,46,1.6888888888888889,5.0
1668422,Fad Dag,433,54,1.4339622641509433,5.0
1668425,Lux Øl,27,5,14.0,44.0
1668437,Underberg,45,13,5.416666666666667,26.0
1668441,Redbull,39,10,7.888888888888889,19.0
1668448,Chips,42,27,2.730769230769231,9.0
1668452,Fadøl,72,22,3.380952380952381,15.0
1668453,Øl,165,38,1.972972972972973,11.0
1668462,Vand,32,15,5.285714285714286,24.0
1668463,Lux øl,110,26,2.96,8.0
1668464,Drinks 75,101,37,2.0555555555555554,6.0
1668466,Drinks (95),45,14,4.846153846153846,8.0
1668476,Special Øl (35),34,16,4.266666666666667,13.0
1668477,Special Øl (40),37,13,5.166666666666667,11.0
1668481,Special Øl (55),97,40,1.8205128205128205,7.0
1668482,Special Øl (60),43,20,3.3684210526315788,7.0
1671541,Mini brød,28,15,9.785714285714286,32.0
1671558,Mellem brød,17,11,17.2,60.0
1671606,Smoothie,68,39,4.447368421052632,20.0
1694574,Unspecified,324,124,1.4634146341463414,25.0
1695582,Øl,75,38,4.702702702702703,35.0
1695598,Frem sodavand,219,79,2.269230769230769,32.0
1695695,Vand,392,98,1.824742268041237,31.0
1695713,1 kop Kaffe,127,59,3.0172413793103448,40.0
1695759,Special kaffe,90,47,3.760869565217391,31.0
1695924,Sports cola,130,62,2.901639344262295,32.0
1723502,"Gammeldags kalvesteg med grønsager,kartofler,sauce",76,2,21.0,21.0
1723564,Hønsesalat på ananasring med flute,44,1,999.0,999.0
1723692,Hjemmelavet islagkage,32,1,999.0,999.0
1726918,Bøfsandwich m. hjemmelavet sovs.,98,49,3.6875,34.0
1733918,Dark n stormy,119,36,5.0285714285714285,21.0
1735577,Nuggets med Pommes Frites,32,20,7.894736842105263,40.0
1737590,Margherita (Frokost Tilbud),34,27,6.5,42.0
1757310,Brunch,99,8,15.428571428571429,36.0
1786602,sambuca,160,27,6.461538461538462,44.0
1814122,Nyt vinyl,159,78,2.2987012987012987,8.0
1814235,Brugt vinyl,129,74,2.4383561643835616,9.0
1814600,Vin flaske,91,52,3.5098039215686274,12.0
1814606,Mad,49,32,5.387096774193548,25.0
1816213,Big Carlsberg,693,122,1.4958677685950412,5.0
1816214,Small Carlsberg,787,150,1.2147651006711409,4.0
1816215,Big Jacobsen,199,44,4.209302325581396,23.0
1816217,Big 1664,412,79,2.3205128205128207,10.0
1816218,Small 1664,103,57,3.2142857142857144,11.0
1816219,Big Grimbergen,449,94,1.946236559139785,7.0
1816220,Small Grimbergen,131,60,3.0338983050847457,13.0
1816221,Big Tuborg,3744,171,1.0647058823529412,3.0
1816227,ALM. Fl. øl,1591,160,1.1383647798742138,3.0
1816228,Lux. Fl. øl,115,29,6.107142857142857,43.0
1816231,Happy Hour Pint,2100,159,1.120253164556962,4.0
1816233,Small Soda,370,91,2.011111111111111,6.0
1816234,Big Soda,181,72,2.5492957746478875,6.0
1816235,Drink of Month,120,37,4.833333333333333,20.0
1816236,Alcopop,128,40,4.589743589743589,16.0
1816237,2cl Drink,277,82,2.234567901234568,6.0
1816238,4cl Drink,360,73,2.513888888888889,10.0
1816239,Kaffe,228,91,1.9222222222222223,6.0
1816240,Kande øl,140,57,2.875,15.0
1816246,Shot,653,101,1.81,6.0
1816247,U Boat,500,84,2.0120481927710845,10.0
1816255,Kaffee Bailey,122,44,4.209302325581396,14.0
1816259,Long Island,1462,102,1.7920792079207921,6.0
1816274,Staff Shot,266,87,2.104651162790698,8.0
1816275,Staff Drink,586,117,1.543103448275862,6.0
1816276,Staff Beer,931,125,1.4596774193548387,6.0
1830816,A. Skinke,282,108,1.691588785046729,25.0
1830817,B. Pepperoni,441,132,1.381679389312977,24.0
1830818,C. Oksekød,80,55,3.2777777777777777,27.0
1830820,Margarita,107,72,2.4788732394366195,26.0
1830821,Hawaii Pizza,186,92,1.989010989010989,26.0
1830822,Vamdrup Pizza,76,50,3.489795918367347,25.0
1830823,Nurten Pizza,88,60,2.8813559322033897,26.0
1830824,Laila Pizza,71,50,3.63265306122449,31.0
1830825,Barcelona,69,43,4.285714285714286,33.0
1830826,Roma,72,51,3.52,27.0
1830827,Columbus,96,55,3.3518518518518516,27.0
1830828,Sidarth,111,72,2.492957746478873,27.0
1830829,Ninorta,62,45,4.0,31.0
1830831,Amore,77,57,3.0535714285714284,24.0
1830833,Babylon,68,45,4.090909090909091,29.0
1830834,Ruman,63,47,3.8260869565217392,24.0
1830835,Las Vegas,74,56,3.290909090909091,31.0
1830836,Viking,81,65,2.796875,27.0
1830838,DK,385,133,1.371212121212121,24.0
1830839,Matador,257,108,1.6822429906542056,25.0
1830840,Center Pizza,158,82,2.185185185185185,25.0
1830846,Ottito,132,79,2.2564102564102564,24.0
1830866,Pommes Frites - Stor,261,109,1.6759259259259258,24.0
1830867,Pommes Frites - Lille,191,99,1.836734693877551,25.0
1830874,1/2 Grill Kylling,142,74,2.4794520547945207,25.0
1830893,Hvidløg I Bæger,91,50,3.6122448979591835,27.0
1871024,Diverse Dype.,1142,171,1.0647058823529412,3.0
1873409,Cocio chokolademælk,79,42,4.2926829268292686,32.0
1875526,Nr 1 hvidløgsbrød,9,4,54.0,70.0
1875543,Nr 2 humus,12,4,54.0,63.0
1875606,Nr 9 oksekødsbolle tajin,10,7,27.0,63.0
1875625,Nr 10 kyllinge tajin,14,9,20.25,55.0
1891767,Dubbel Nougat,20,10,17.444444444444443,81.0
1891769,Grillet sandwich,124,51,3.42,18.0
1894929,Big,18,11,14.0,40.0
1933258,Burger,24,18,9.705882352941176,28.0
1942570,"Cork pr øl 0,33L.",26,9,21.125,58.0
1942769,Monster Energy Ultra,14,13,11.416666666666666,27.0
1981432,Nordic Soda -  Ny fyldt,274,105,1.7019230769230769,6.0
1982156,Nordic Soda - Ombytning,102,39,4.631578947368421,25.0
1993948,Faxe Kondi Booster,13,10,19.333333333333332,46.0
2031955,egen pizza,119,51,1.36,4.0
2047173,Jungle Drink,39,29,5.607142857142857,22.0
2084280,Irsk Musik med kaffebord,29,1,999.0,999.0
2093680,Nerds Rope Tropical,24,21,6.45,14.0
2096929,Smoking deluxe,33,31,5.8,19.0
2099274,Takis Fuego,18,16,10.266666666666667,25.0
2099304,Cheetos Crunchy Fromage,13,10,18.22222222222222,68.0
2109075,Hår og skæg,260,67,2.272727272727273,13.0
2126177,Skole sandwich februar,1,1,999.0,999.0
2127130,Diverse,1388,154,1.1830065359477124,4.0
2127167,Cafe,1046,150,1.2147651006711409,4.0
2128134,Unspecified,1318,169,1.0773809523809523,2.0
2134611,Extra Sauce,168,78,2.3506493506493507,11.0
2134661,Extra råvarer,110,57,3.232142857142857,10.0
2135827,Indloesning af oelkort,88,19,7.555555555555555,19.0
2152809,FRIKADELLE,604,88,1.6896551724137931,6.0
2153143,COCIO,1,1,999.0,999.0
2156416,lille pofritt,74,56,3.1454545454545455,18.0
2156456,2 X dressing,13,10,16.77777777777778,44.0
2156487,svøb,305,110,1.6605504587155964,17.0
2162834,Smoking blu,18,18,10.058823529411764,32.0
2162862,Smoking duluxi,50,40,4.358974358974359,15.0
2162878,Papel Smoking King Size Brown,14,13,14.0,48.0
2162904,Smoking blue,35,32,5.548387096774194,18.0
2200725,Mineral vand,274,50,3.36734693877551,16.0
2200790,Den stærke Burger,29,14,11.384615384615385,31.0
2200846,"Kaffe/Te, Bolle, og Lagkage",30,1,999.0,999.0
2200871,Kaffe/Te og Kringle,35,1,999.0,999.0
2206122,Flæskestegs sandwich,65,7,26.166666666666668,94.0
2253694,Lux.Øl/Spiritus,384,93,1.9673913043478262,6.0
2265984,Lighter,54,45,4.045454545454546,20.0
2267546,Unspecified,6214,105,1.6730769230769231,17.0
2270821,Unspecified,40,30,5.793103448275862,28.0
2273188,Lays chips / pringels,192,43,3.8095238095238093,18.0
2295358,Long drink 4cl,130,58,3.1578947368421053,21.0
2305088,Glass wine,1199,173,1.052325581395349,3.0
2306720,10turskort(personale),14,12,14.818181818181818,52.0
2306787,Flaskeøl(personale),7,7,25.666666666666668,49.0
2306808,Sodavand/vand(personale),4,4,58.0,67.0
2306873,10shots(personale),2,2,20.0,20.0
2306902,Energidrik(personale),4,2,2.0,2.0
2307166,Unspecified,74,27,6.653846153846154,59.0
2307783,Dudum med oksekod,112,63,2.903225806451613,31.0
2316567,Hår+Skæg,151,85,2.142857142857143,12.0
2321548,Mandelcroissant,636,55,1.7592592592592593,14.0
2321865,Dressing,151,67,2.727272727272727,18.0
2321883,Juice,116,73,2.5,19.0
2321973,Stor salat,932,155,1.1753246753246753,14.0
2322280,Stor salat med kylling,223,105,1.7019230769230769,16.0
2329745,Aperol Spritz,19,8,25.285714285714285,136.0
2331498,Big Guinness,409,98,1.865979381443299,6.0
2338782,Bacon Chips SMALL,27,15,8.5,25.0
2340021,Omelet med bacon.,90,44,4.116279069767442,40.0
2351589,Kaffe,41,21,7.95,28.0
2351590,Kaffe,11,6,23.8,43.0
2351591,Kaffe Latte,40,28,6.2592592592592595,28.0
2351592,Cappuccino,23,18,10.411764705882353,36.0
2351593,Cacao,21,14,12.0,47.0
2351594,Te,55,37,4.388888888888889,18.0
2351598,Juice,5,4,49.333333333333336,113.0
2351599,Ingefær Kold Drik,7,5,32.0,68.0
2351601,En Bolle med Ost,28,15,12.642857142857142,32.0
2351602,Emmanuel og Annas Boller,24,16,8.733333333333333,55.0
2351611,Kokos Romkugle,18,14,13.307692307692308,35.0
2351612,Peanuts Romkugle,23,16,10.533333333333333,74.0
2351613,Lakrids Romkugle,43,30,6.0,24.0
2351614,Hvid Chokolade Romkugle,33,22,8.0,42.0
2351615,Daim Romkugle,53,34,5.212121212121212,27.0
2351616,Chokolade Romkugle,15,13,13.333333333333334,76.0
2351617,Tivoli Romkugle,15,13,14.0,32.0
2364469,Franskbrød m/ost eller Rullepølse,4,3,49.0,96.0
2386329,12 cones king size,14,12,10.727272727272727,35.0
2386353,Filters 120 slim,13,12,9.454545454545455,18.0
2386451,Smokers choice,32,29,6.142857142857143,20.0
2386473,Smokers,16,14,12.923076923076923,45.0
2386494,Brown,25,25,7.041666666666667,25.0
2419356,2 hotdog,117,60,2.9661016949152543,79.0
2431798,Nordic,214,69,2.573529411764706,14.0
2452104,Personale flaskeøl,84,45,3.5,21.0
2452192,Personale vand,96,63,2.870967741935484,10.0
2452257,Personale shaker,66,20,7.7894736842105265,26.0
2452272,Personale shot,84,34,5.151515151515151,13.0
2452373,Personale dobbelt drink,144,58,3.0350877192982457,28.0
2452526,Personale smøger,37,34,5.242424242424242,28.0
2456973,1 æske romkugler a 5 stk,140,63,2.8870967741935485,13.0
2457041,Sodavand,24,24,6.695652173913044,45.0
2457139,Stor Kaffe,4,2,20.0,20.0
2457317,"Stor Kaffe ""To-Go""",8,6,32.4,105.0
2457338,Stor Kaffe Latte,29,20,9.263157894736842,31.0
2457360,Stor Cappuccino,22,12,15.272727272727273,75.0
2457368,Stor Kakao,22,16,10.0,23.0
2457376,Vand,4,4,56.333333333333336,127.0
2463751,Cork pr stor øl,16,7,28.166666666666668,71.0
2512010,Happy Hour Royal,161,21,8.75,21.0
2512050,Happy Vin,147,23,7.954545454545454,21.0
2548338,Mad a 25 kr.,270,9,7.25,21.0
2548349,Mad a 35 kr.,89,9,7.25,21.0
2557568,Vand til bordet,48,19,3.9444444444444446,7.0
2557569,Sodavand,105,25,3.0,7.0
2557572,Naturfrisk,38,18,4.235294117647059,13.0
2557585,Friskbrygget kaffe,93,19,3.888888888888889,7.0
2557590,Cappuccino,39,17,4.375,13.0
2557591,Caffé Latte,23,13,5.833333333333333,13.0
2557593,Varm Kakao med Flødeskum,34,15,5.0,20.0
2562131,Surdejs Bolle,1225,99,1.7755102040816326,17.0
2562133,Smør,471,86,2.0470588235294116,18.0
2562134,Ost,518,89,1.9659090909090908,19.0
2562143,Chokolade Bar,358,90,1.9550561797752808,18.0
2562148,Knoppers,277,76,2.2666666666666666,25.0
2562152,Slik 2,195,71,2.4857142857142858,20.0
2562156,Tyggegummi,230,82,2.1358024691358026,17.0
2562162,Kildevand,2057,103,1.7058823529411764,17.0
2562163,Dåse Sodavand,2692,104,1.6893203883495145,17.0
2562164,Kaffe,657,97,1.8125,18.0
2562165,Kaffe Mælk,721,93,1.891304347826087,18.0
2562166,Redbull,1087,101,1.74,17.0
2562168,Monster,207,70,2.463768115942029,41.0
2562171,Capri Sun,563,99,1.7755102040816326,18.0
2562175,Pølsehorn,3041,94,1.8709677419354838,20.0
2562177,Salat Bar,233,69,2.4705882352941178,18.0
2562179,Sandwich,853,93,1.891304347826087,18.0
2562185,Samosa,1212,20,9.052631578947368,55.0
2562187,Toast Uden Chili,413,81,2.175,21.0
2562189,Pomfritter,382,37,4.638888888888889,22.0
2562191,Smørrebrød,388,22,8.285714285714286,21.0
2562192,Fiskfilet,280,21,8.7,21.0
2562193,Dip,1013,96,1.831578947368421,18.0
2562198,Pose,398,84,2.0963855421686746,22.0
2579058,reje chips,38,34,5.363636363636363,31.0
2579072,chilli mayo,67,35,5.235294117647059,30.0
2582095,Unspecified,360,25,7.5,102.0
2582538,10 shots,316,78,2.3376623376623376,11.0
2600151,Weekend Mokai / Ice / Breezer,443,60,3.0,7.0
2604768,Fransk Hotdog,1697,83,2.1341463414634148,7.0
2604805,Pommes Frites,2615,111,1.5909090909090908,7.0
2604824,Pommes frites m/nuggets,933,72,2.464788732394366,7.0
2604871,Nachos m/dip,2,2,48.0,48.0
2604915,Sandwich,83,13,13.5,64.0
2604931,Sodavand/øl,3867,118,1.4957264957264957,7.0
2604958,Kildevand,1566,109,1.6203703703703705,11.0
2604976,Kaffe/te/kakao,1126,95,1.8617021276595744,7.0
2604988,Kanelsnegl,72,17,4.5,15.0
2605004,Frugt,329,50,3.5714285714285716,11.0
2605069,Chokolade og corny bar,1611,108,1.6355140186915889,7.0
2605154,Haribo poser,274,50,3.5714285714285716,14.0
2611325,Kaffe og Te,130,42,4.414634146341464,69.0
2611327,Classic 25cl,168,48,3.851063829787234,58.0
2611328,1664 33 cl,19,14,13.846153846153847,112.0
2611329,Grimberg 33cl,82,39,4.7631578947368425,64.0
2611330,Classic alkoholfri 33cl,31,17,10.9375,71.0
2611331,"øl Kort alm/classic 0,5",34,23,8.181818181818182,80.0
2611333,Sodavand 25 cl,174,40,4.641025641025641,62.0
2611334,Glas Vin,60,26,7.24,70.0
2611360,Klassisk burger,25,11,17.9,112.0
2611370,Wienersnitzel,73,20,9.473684210526315,118.0
2618803,Chips,986,77,2.3026315789473686,11.0
2661671,Vin,42,17,10.75,35.0
2664138,1 Ølkort,10,8,7.0,13.0
2698911,Vand,10,5,41.0,64.0
2701786,Jagerbomb,81,19,9.333333333333334,41.0
2706137,Donut,25,8,21.428571428571427,54.0
2706138,Slik,2,2,58.0,58.0
2733507,Burrata,53,34,5.333333333333333,20.0
2733510,Ravioli med Spinat & Ricotta,90,47,3.8260869565217392,21.0
2733511,Napoletani,153,52,3.450980392156863,21.0
2733512,Carbonara,83,39,4.578947368421052,21.0
2733513,Bistecca alla Griglia,62,29,6.285714285714286,35.0
2733515,Capricciosa,88,46,3.888888888888889,20.0
2733516,Tartufo,61,44,4.093023255813954,15.0
2733517,Salame,105,55,3.240740740740741,20.0
2733518,Matios,230,72,2.4788732394366195,12.0
2733519,Prociutto,124,57,3.125,14.0
2733522,Gorgonzola,136,62,2.8852459016393444,12.0
2733523,Vegetariano,43,35,4.9411764705882355,20.0
2733526,Tiramisu,60,21,8.75,33.0
2733531,Husets Hvidvin På Glas,88,40,4.487179487179487,26.0
2733537,Husets Rødvin På Glas,156,53,3.3846153846153846,20.0
2733543,Grimbergen 33cl,45,22,8.285714285714286,33.0
2733554,Pellegrino m. Brus 50 cl,65,34,4.848484848484849,20.0
2733556,Americano,42,21,8.65,23.0
2733798,Alovera king,199,78,2.2337662337662336,21.0
2735094,Tuborg 50cl,78,20,9.526315789473685,117.0
2735141,Classic 50cl,338,61,3.0166666666666666,55.0
2788294,Fodpleje,66,52,3.3137254901960786,13.0
2835661,jim beam,10,5,22.0,39.0
2844632,Portvin,10,3,29.0,45.0
2852536,Big Burger (ALM Burger),101,62,2.9672131147540983,24.0
2852537,Cheese Burger,349,115,1.587719298245614,18.0
2852538,Bacon Burger,149,80,2.2911392405063293,18.0
2852539,Bacon/Cheese Burger,557,142,1.2836879432624113,18.0
2852543,Dobbelt Bacon /Cheese,112,59,3.0344827586206895,18.0
2852544,Kyllinge Burger,109,70,2.579710144927536,20.0
2852547,London Burger,135,74,2.4794520547945207,18.0
2852550,Kaldredbøf,309,113,1.6160714285714286,18.0
2852551,Schnitzel,351,120,1.5210084033613445,18.0
2852556,Bøfsandwich,122,72,2.535211267605634,19.0
2852557,Flæskestegsandwich,646,132,1.381679389312977,18.0
2852559,1/2 Grillkylling med Tilbehør,803,142,1.2836879432624113,18.0
2852567,Ristet Hotdog,104,51,3.6,24.0
2852568,Fransk Hotdog,102,48,3.851063829787234,21.0
2852570,Pølsebrød,201,71,2.585714285714286,19.0
2852571,Pølsemix,167,83,2.207317073170732,21.0
2852572,Pose/Emballage,830,158,1.1528662420382165,18.0
2852573,1/2 Liter Sodavand/Isthe/Cocio,1577,158,1.1528662420382165,18.0
2852574,25 Cl Sodavand/Kildevand,219,96,1.9052631578947368,20.0
2852578,"Tuborg, Flaske",178,76,2.4133333333333336,18.0
2852582,"Fadøl Tuborg Classic Stor 0,5",200,83,2.1951219512195124,18.0
2852591,Børnemenu,106,59,3.1206896551724137,23.0
2854405,Unspecified,14,8,23.714285714285715,76.0
2858876,"Ekstra dressing, bacon, ost, æg,løg",325,111,1.6454545454545455,19.0
2903737,Kage,50,17,9.625,31.0
2904729,Lille Fritz,29,23,7.7272727272727275,26.0
2909646,Sandwich,124,5,18.0,55.0
2925089,Tillæg til brunch,68,1,999.0,999.0
2925142,Tillæg til brunch - barn,10,1,999.0,999.0
2925479,Tilbud,241,116,1.5739130434782609,9.0
2941210,Fish n' Chips,42,16,4.8,13.0
2941225,Fiskefilet,51,13,5.75,14.0
2941301,Croque Madame,33,14,5.461538461538462,14.0
2953447,Stor Pilsner,22,11,5.8,14.0
2953480,Stor Classic,49,15,3.5714285714285716,12.0
2953594,Royal Alkoholfri,23,11,7.2,15.0
2960459,1 kss. øl hjemme,9,8,5.285714285714286,7.0
2976230,Saft,27,4,35.666666666666664,48.0
2981575,Unspecified,764,68,2.626865671641791,21.0
2996789,Glas Vin,31,12,5.181818181818182,8.0
3002005,Unspecified,3,2,9.0,9.0
3003184,Spiritus,86,23,7.863636363636363,28.0
3003354,Øl/Vand/Spiritus,382,135,1.3507462686567164,4.0
3005558,Underberg,504,104,1.7378640776699028,6.0
3005581,Redbull,609,113,1.6160714285714286,6.0
3005598,Cider/Breezer,704,108,1.691588785046729,6.0
3008900,Stor sodavand,502,80,2.2911392405063293,24.0
3008937,Lille sodavand,424,54,3.339622641509434,28.0
3033098,Pomfritter/fransk hot-dog,452,45,3.772727272727273,29.0
3033352,Toast,15,6,17.6,46.0
3033624,Øl,119,30,4.620689655172414,19.0
3033630,1/2 ltr. sodav/ cocia/kildev. m/brus/energidrik,259,50,3.3877551020408165,20.0
3033649,Dåsesodavand/Vand,512,67,2.5303030303030303,19.0
3033680,Stor slusch-ich,9,3,39.5,67.0
3033682,Lille slusch-ice/juice,19,4,47.666666666666664,65.0
3033684,Breezer,1,1,999.0,999.0
3033685,Øl 4 stk.,27,16,7.533333333333333,26.0
3033686,Øl 10 stk.,1,1,999.0,999.0
3033688,Øl 30 stk.,5,4,16.0,20.0
3042463,Fransk hotdog i svø,65,37,4.666666666666667,16.0
3048297,Fadøl,1153,90,2.033707865168539,20.0
3053507,Lykkekager(35),197,71,2.3285714285714287,8.0
306789,Unspecified,2,2,157.0,157.0
3073430,Drinks,978,78,2.3376623376623376,7.0
3077477,Drikkevarer div,1,1,999.0,999.0
3077736,Pølse m/brød,3,3,52.0,66.0
3077745,Pølse,4,3,48.5,60.0
3077755,Pølsebrød,3,2,19.0,19.0
3077823,Div.,794,83,2.1097560975609757,19.0
3077941,Sandwich m/bacon  kylling,15,3,15.5,24.0
3081119,Mad,12748,175,1.0402298850574712,4.0
3081123,Vin,4687,174,1.046242774566474,4.0
3081125,Øl,2240,173,1.052325581395349,4.0
3081126,Vand,2221,174,1.046242774566474,4.0
3081127,Kaffe,310,133,1.356060606060606,5.0
3081128,Spiritus,17,14,11.076923076923077,36.0
3082225,Påskefrokost med fiskefilet,49,2,9.0,9.0
3107052,Fish&Chips,178,81,2.2625,21.0
3147643,Nr. 7 Pad Prik Gaeng,10,10,18.22222222222222,34.0
3147647,Nr. 9 Kaow Pad kylling,32,23,7.318181818181818,31.0
3147649,Nr. 9 Kaow Pad Rejer,6,5,33.25,100.0
3147655,Fiskesovs med lemon og chili,2,2,23.0,23.0
316234,Unspecified,1117,101,1.8,23.0
317225,Pilsner,924,80,2.278481012658228,23.0
317226,Diverse sodavand og danskvand,1198,38,4.72972972972973,29.0
317227,½ liter kildevand,151,28,6.481481481481482,40.0
317228,Snaps / Gl. dansk / Bitter 2 cl,850,32,5.225806451612903,28.0
317231,Diverse Likør,137,13,14.333333333333334,36.0
317237,Dessertvin: Portvin / Cherry 5 cl.,321,18,9.882352941176471,33.0
317238,Velkomstdrink,212,9,18.375,37.0
317239,Husets vin - rød / hvid          1/1 fl.,137,24,7.3478260869565215,33.0
317244,Kaffe / The (inkl. opfyldning) pr. Person,186,10,18.0,47.0
317249,Dagensret,1333,90,2.0224719101123596,31.0
317250,Lille Dagensret u/drikke,651,91,2.0,32.0
317251,Sodavand,2107,118,1.5384615384615385,22.0
317803,Dagensret uden drikke,2434,93,1.9565217391304348,30.0
3190411,Lille fadøl,218,54,3.4150943396226414,22.0
3190507,Flaske øl\Dåse øl,214,52,3.549019607843137,27.0
324798,Unspecified,17,13,10.666666666666666,33.0
3259599,Bøger,897,64,1.9047619047619047,15.0
3259606,Plader,10,9,13.125,25.0
3274801,Ekstra dressing på pizza,102,65,2.828125,12.0
3278602,Grillkylling,41,27,5.423076923076923,19.0
3291884,Kanon Buffet Søndag,307,12,16.272727272727273,112.0
3291888,Stegt flæsk Onsdag og Fredag,129,13,15.0,112.0
3291941,Børne buffet under 12,16,5,41.75,138.0
3298303,Frimærker,29,21,8.15,30.0
3298370,Mønter,60,46,3.688888888888889,13.0
3298429,Sølvvarer,47,29,5.964285714285714,29.0
3298514,Samleobjekter,2,2,140.0,140.0
3298540,Tilbehør,93,52,3.176470588235294,12.0
331126,Unspecified,308,104,1.7572815533980584,7.0
3326284,Drømmekage /  kage,54,6,30.0,131.0
3331128,4. The Signature (Lamb),44,29,5.821428571428571,62.0
3331130,3. The Classic (Beef),314,41,4.25,62.0
3331131,9. Butter Chicken wrap,19,8,5.142857142857143,8.0
3331132,10. Butter Paneer wrap,10,6,5.8,8.0
3331133,Sweet Potato Fries,10,5,7.25,14.0
3331134,Curly Fries,11,7,6.0,13.0
3331139,Organic Juice,81,22,7.714285714285714,83.0
3331140,Still or Sparkling Water,104,22,6.714285714285714,71.0
3337739,Premium Light Soy Sauce,13,8,24.0,121.0
3340674,Bag(small),32,16,11.2,36.0
3342949,Hikari White Miso,10,8,24.0,156.0
3343620,Instant Japanese Fresh Udon 200g*4,15,10,13.0,49.0
3344002,Sina Ginger Candy 56g,10,5,32.0,120.0
3347532,Mad,371,65,2.75,19.0
3374805,Fredagstapas 7,24,5,33.5,41.0
3374824,Fredagstapas 3,25,4,42.0,62.0
3379441,Aroy-D Coconut Milk 500ml,14,9,14.5,84.0
3380787,AROY-D Red Curry Paste 50g,24,6,23.4,53.0
338411,Unspecified,263,126,1.432,6.0
3391866,Citrongreas 100g,13,8,20.142857142857142,50.0
3391943,Small Noodle,73,13,13.75,77.0
3392153,Big Noodle,89,20,8.789473684210526,44.0
3392633,Vegetable,22,12,13.363636363636363,35.0
3392722,Dagligvare,137,40,4.487179487179487,20.0
339332,Snaps 2 cl,388,28,6.222222222222222,23.0
3397889,vand,429,137,1.3235294117647058,10.0
3397959,Drikkepenge/Tips,50,34,5.0606060606060606,26.0
3409362,Søm,5,1,999.0,999.0
3444031,Fish n' Chips,28,13,5.416666666666667,21.0
3444203,Vand med Brus (50cl),23,12,4.545454545454546,8.0
3452209,Pariserbøf,27,7,7.166666666666667,14.0
3452254,Burger,20,10,7.222222222222222,16.0
3454995,Unspecified,117,37,4.888888888888889,15.0
3459995,Kage,56,14,4.230769230769231,7.0
3460079,Patty Mealy,8,7,20.333333333333332,33.0
3460080,Smoky Cheese Burger,38,25,7.166666666666667,33.0
3460081,SPpicy Hamburger,1,1,999.0,999.0
3460082,Mad For BBQ,4,3,43.5,53.0
3460085,Mega Star Burger,9,7,13.333333333333334,37.0
3460086,Bacon Bomb Bearnaise,7,3,32.0,45.0
3460090,Fried Chicken Burger,6,6,30.6,48.0
3460091,Veggie Burger,1,1,999.0,999.0
3460093,Salted Fries,12,11,11.9,28.0
3460095,Chili Fries,2,2,145.0,145.0
3460096,Sweet Fries,2,2,74.0,74.0
3460097,Twister Fries,2,2,40.0,40.0
3460105,Chicken Nuggets (5 Pcs),1,1,999.0,999.0
3460109,(5 Pcs) BBQ Wings,1,1,999.0,999.0
3460114,"Keychup, chili / pepper / sennep / Hellmanns mayo",3,2,92.0,92.0
3460121,"Aioli, truffel / star special / bearnaise / vegan mayo",3,2,69.0,69.0
3460129,Butter Chicken,6,4,2.3333333333333335,5.0
3460130,Chicken Tikkamasala,43,23,8.136363636363637,39.0
3460131,Dall Makhani,4,4,56.666666666666664,105.0
3460132,Channa Daal (Vegan),2,2,15.0,15.0
3460133,Butter Chicken Menu,18,11,16.7,50.0
3460134,Chicken Tikka Masala Menu,5,5,26.5,41.0
3460136,Daal Makhani Menu,1,1,999.0,999.0
3460140,Samosa 2tsk,8,5,24.75,37.0
3460141,Raita,1,1,999.0,999.0
3460142,Garlin Naan,23,13,11.416666666666666,26.0
3460143,Papadam 3 skt,3,3,53.0,60.0
3460156,Cans (33 cl),1,1,999.0,999.0
3460158,Water (50 cl),2,1,999.0,999.0
3467938,"Happy Belly, Gyoza Skin 300g",19,6,17.4,47.0
3468019,Mogu Mogu,24,8,12.571428571428571,58.0
3468058,Koriander 50g,12,8,24.0,63.0
3468296,Golden Dragon Eggnoodle 400g,11,7,19.333333333333332,84.0
3470117,Lille Rib,60,31,2.566666666666667,11.0
3470147,Stor Rib,137,38,2.6216216216216215,18.0
3470385,Lille Bøf SandW,260,44,2.255813953488372,18.0
3470403,St Bøf sandw.,310,44,2.255813953488372,18.0
3472120,"Laoganma, Crispy Chili In Oil 210g",19,10,19.333333333333332,104.0
3473971,3 stk. Mokai / ice / breezer,251,78,2.3376623376623376,12.0
3490288,Grimberg 50cl,106,39,4.7631578947368425,57.0
3495744,Moules Frites,25,12,6.454545454545454,13.0
3496082,Panang Curry Paste 400g,10,9,21.75,105.0
3500795,Rice Noodle(small),11,4,4.0,7.0
3500842,Cut Cabbage Kimchi 500g,10,5,7.0,23.0
3500915,Yaki Sushi Nori 25g,16,6,28.2,129.0
350407,2. Pepperoni,1638,144,1.2587412587412588,4.0
3518631,Sodavand 33cl,8,6,19.4,46.0
3520715,Bluetail Tom Passion,96,31,5.866666666666666,34.0
3526007,1664 50 cl,60,15,12.928571428571429,84.0
3526060,Sodavand 50 cl,228,39,4.7631578947368425,64.0
3526776,Naem 180g,10,2,35.0,35.0
352702,Unspecified,1357,97,1.8854166666666667,9.0
3529851,Capri sun,70,35,5.294117647058823,50.0
3547147,Inca Cola,270,106,1.7142857142857142,16.0
3547211,La Zulema - Malbec,179,78,2.3506493506493507,9.0
3547214,Mate Frio,1147,172,1.0584795321637428,4.0
3547226,Empanada,4153,177,1.0284090909090908,4.0
3547228,2 x empanadas,5814,177,1.0284090909090908,4.0
3547231,3 x empanadas,9134,177,1.0284090909090908,4.0
3547232,extra empanada,11037,177,1.0284090909090908,4.0
3547235,combo + salad,1245,169,1.0773809523809523,4.0
3547236,combo  + alfajor,289,123,1.4836065573770492,4.0
3547238,Quesadilla,271,123,1.4754098360655739,6.0
3547239,Burrito,457,141,1.292857142857143,5.0
3547240,Steak sandwich,373,123,1.4754098360655739,5.0
3549932,Salat,12,4,9.666666666666666,15.0
3552802,Unspecified,917,160,1.1383647798742138,4.0
3555298,Pomfrit/Steakpoms,932,157,1.1602564102564104,18.0
3561785,Super Tahoe Tofu 500g,17,12,15.818181818181818,87.0
3571860,Postevand kande,77,42,4.2926829268292686,21.0
3591384,"Aroy-d, Original Coconut Milk 1L",12,4,6.333333333333333,8.0
3599431,Tuborg Classic 50 cl.,162,54,3.3207547169811322,20.0
3599483,Tuborg pilsner 50 cl.,56,29,6.285714285714286,27.0
360653,Cheeseburger,133,85,2.130952380952381,21.0
360654,Kyllingsandwich,28,20,7.526315789473684,27.0
360655,Bøfsandwich,45,31,5.733333333333333,28.0
360656,Flæskestegssandwich,533,142,1.2765957446808511,19.0
360657,Hotdog og ostepølser,801,149,1.222972972972973,17.0
360659,Sodavand,441,136,1.3333333333333333,18.0
360660,Kildevand,111,73,2.4722222222222223,21.0
360661,Cocio lille,106,66,2.7384615384615385,29.0
360662,Kaffe,14,12,13.363636363636363,28.0
360663,Store Pomfritter,67,53,3.3846153846153846,18.0
360665,Hånddelle,23,17,9.75,29.0
363759,THE KENTUCKY PLATE ,161,50,3.6122448979591835,15.0
363801,MIDA’S WRAP,64,44,3.86046511627907,12.0
363802,MIDA’S BAGUETTE,95,60,3.0677966101694913,12.0
363803,CRISPY WRAP,66,48,3.8297872340425534,13.0
363804,CRISPY BAGUETTE,136,71,2.557142857142857,14.0
363805,MIDAS BURGER,72,43,4.309523809523809,24.0
363806,CRISPY BURGER,110,61,3.0166666666666666,11.0
363808,MEXICAN BEEF BURGER,33,22,7.285714285714286,22.0
363809,AMERICAN BEEF BURGER,32,23,8.227272727272727,29.0
363810,CHICKEN CHEESE FRIES,35,24,7.739130434782608,30.0
363811,THE KENTUCKY PLATE,130,72,2.5492957746478875,9.0
363812,THE HOTWINGS PLATE,31,23,7.318181818181818,23.0
363813,MIX CAESAR SALAT,37,28,6.37037037037037,34.0
363814,NACHOS,34,28,6.444444444444445,35.0
363815,SNACKS KURV,50,38,4.72972972972973,14.0
363816,POTATO WEDGES,36,26,6.24,16.0
363817,POMMES FRITES,169,88,2.0804597701149423,9.0
363818,CRISPY KIDS,26,22,6.285714285714286,26.0
363820,CRISPY BURGER KIDS,27,21,8.55,19.0
363824,KETCHUP,30,22,8.619047619047619,30.0
363825,MAYO,40,33,5.21875,16.0
363827,CHILLI MAYO,26,19,9.0,33.0
363833,CRISPY BOX 6 STK,91,59,3.1206896551724137,13.0
363834,HOT WINGS BOX 8 STK,46,34,5.484848484848484,18.0
363835,Vand,89,39,3.6578947368421053,11.0
363836,Dåse Soda,355,116,1.5739130434782609,5.0
363915,Capri sun,28,19,7.722222222222222,25.0
363940,Pose,70,56,3.290909090909091,21.0
3644155,Vaffel is,15,6,15.6,42.0
3644240,Evy Keramik,25,17,9.1875,49.0
3663919,Foregin Beer Big,12020,147,1.2397260273972603,13.0
367981,Pommes frites,683,96,1.8421052631578947,16.0
367982,Slush ice - lille,1095,104,1.6990291262135921,11.0
367985,Cookies,184,47,3.652173913043478,23.0
367987,Kebab mix,229,80,2.2151898734177213,17.0
367989,Nuggets med pomfritter,347,82,2.1604938271604937,16.0
367990,Fransk hotdog,495,91,1.9444444444444444,16.0
367991,Toast,380,89,1.9886363636363635,16.0
367995,Kaffe - kop,510,72,2.464788732394366,12.0
368001,Pepsi Max,305,58,3.0526315789473686,16.0
368006,Juicebrik,104,38,4.324324324324325,17.0
368007,Kildevand,250,67,2.6363636363636362,17.0
368011,Royal Pilsner,104,25,7.041666666666667,25.0
368015,Chokoladebar,208,64,2.761904761904762,14.0
368017,Sjovt slik 15,190,58,3.0526315789473686,14.0
368018,Sjovt slik 10,308,71,2.4857142857142858,13.0
368019,Sjovt slik 7,237,77,2.3026315789473686,14.0
368020,Sjovt slik 5,494,79,2.2435897435897436,12.0
368021,Sjovt slik 3,533,84,2.108433734939759,11.0
368025,Pølsehorn,139,40,4.435897435897436,26.0
3694655,Burger med fiskefilet og rejer,6,5,10.0,16.0
3698012,Gry & Sif,143,34,5.393939393939394,28.0
3698044,Tørkager,723,50,3.5918367346938775,7.0
3698054,Chai Latte,66,32,5.225806451612903,20.0
370694,Lovpligtig bæreposeafgift,4245,160,1.1257861635220126,5.0
3720028,Peppermint Ginger Chews 56g,11,7,22.666666666666668,45.0
3724390,Unspecified,166,92,1.945054945054945,10.0
3726551,Spiritus 2 cl,47,14,13.846153846153847,98.0
3726572,Irsk / fransk kaffe 3 cl,21,5,14.25,28.0
372866,Unspecified,65,35,4.9411764705882355,35.0
3729940,Analog fremkaldelse,2,2,65.0,65.0
3729949,Digital billedproduktion,2,2,45.0,45.0
3730029,Amatør album,5,3,45.0,84.0
3730038,Digitalisering af film,4,4,20.333333333333332,34.0
3730046,Fotografering,1,1,999.0,999.0
3731346,Pasfoto med print,103,61,2.9833333333333334,10.0
3731354,Pasfoto digitalt,3,3,29.5,41.0
3731384,Ekstra pasfoto print,2,2,17.0,17.0
373139,Kebab,625,165,1.103658536585366,4.0
373140,Kylling,115,72,2.4788732394366195,9.0
3731404,Ekstra pasfoto digitalt,1,1,999.0,999.0
373141,Falafel,89,58,3.1403508771929824,11.0
3731490,Gavekort,1,1,999.0,999.0
373154,Big Burger,77,49,3.6666666666666665,19.0
373155,Cheese Burger,111,74,2.4657534246575343,17.0
373159,Bacon Cheese Burger,113,78,2.324675324675325,8.0
373161,Pommes Frites - Lille,307,140,1.3021582733812949,4.0
373162,Pommes Frites - Stor,278,130,1.3953488372093024,5.0
373170,Pepperoni,232,112,1.5855855855855856,5.0
373171,Margherita,112,75,2.3513513513513513,12.0
373173,Capricciosa,66,54,3.3207547169811322,11.0
373176,Hawaii,56,45,3.9545454545454546,19.0
373178,Parma,65,45,3.8863636363636362,19.0
373182,In Salato,502,150,1.2147651006711409,4.0
373192,Park Pizza,96,70,2.5217391304347827,12.0
373197,Logens Pizza,66,53,3.4423076923076925,8.0
373206,Toscane,73,60,2.9152542372881354,8.0
373211,Mex Mix,58,51,3.56,15.0
373222,Prosciutto,210,107,1.6981132075471699,7.0
373223,Prosciutto Di Parma,78,56,3.1818181818181817,11.0
373226,Park Sandwich,152,84,2.108433734939759,7.0
373227,Gorgonzola,57,42,4.048780487804878,21.0
373230,Kylling,74,45,3.977272727272727,22.0
3735221,Vandalized,29,16,10.6,61.0
3740152,Fransk Hotdog,348,40,4.461538461538462,19.0
3740154,Toast med Skinke og Ost,10,3,27.5,47.0
3740155,Pommesfritter,163,35,5.117647058823529,19.0
3740157,5 Nuggets med Pommesfritter,52,22,8.380952380952381,26.0
3740158,Sandwich med Kylling/Kebab,134,33,5.4375,26.0
3740159,Burger med Ost,6,6,31.2,111.0
3740160,Burger Menu,30,17,10.75,63.0
3740161,Dagens Menu,15,8,22.0,56.0
3740162,Sodavand,784,68,2.626865671641791,19.0
3740163,Cocio,17,9,6.875,23.0
3740164,Kaffe,254,41,4.35,28.0
3740165,Tempt,1,1,999.0,999.0
3740166,Booster,2,1,999.0,999.0
3745627,1 kugle,13,9,17.5,83.0
3745650,2 kugler,42,12,13.363636363636363,63.0
3745658,3 kugler,10,6,28.6,115.0
3746454,Take Away Boks Lille,8,6,10.2,28.0
3746479,Take Away Boks Stor,12,10,14.11111111111111,74.0
3746566,Take Away Bæger,25,1,999.0,999.0
3749210,Glean Flødebolle Lakrids,12,10,12.444444444444445,42.0
3749239,Glean Flødebolle Mokka,56,25,5.875,22.0
3749261,Glean Flødebolle Lemon,25,15,10.071428571428571,48.0
3749294,Glean Flødebolle Klassisk,22,11,12.6,35.0
3749311,Glean Flødebolle Kokos,26,14,9.846153846153847,35.0
3749334,Glean Flødebolle Jordbær Hindbær,9,6,4.2,7.0
3749341,Glean Flødebolle Solbær,19,14,9.307692307692308,28.0
3749361,Glean Flødebolle Passion,21,14,9.23076923076923,36.0
3749385,Glean Flødebolle Yuzu,12,10,12.555555555555555,28.0
378243,Kildevand,121,74,2.3835616438356166,10.0
378244,Dåse,703,164,1.1104294478527608,3.0
378245,Sodavand 0.5l,434,143,1.2746478873239437,4.0
3782459,Diverse,213,76,2.4133333333333336,8.0
378246,"Sodavand 1,5l",68,58,2.982456140350877,12.0
3790605,Margherita,79,55,3.2777777777777777,12.0
3790607,Hawaii,63,50,3.693877551020408,19.0
3790608,Pizza med Skinke,32,23,6.7272727272727275,20.0
3790612,Pepperoni 1,156,81,2.2125,8.0
3790614,Gorgonzola,28,25,7.291666666666667,19.0
3790615,"Oksekød, Champignon, Peberfrugt, Tomatskiver og Løg Pizza",19,18,9.764705882352942,49.0
3790617,"Skinke, Pepperoni, Oksekød, Champignon og Løg Pizza",15,14,12.0,56.0
3790622,Stations Pizza,107,65,2.734375,12.0
3790623,"Pepperoni, Kebab, Kylling og Dressing Pizza",18,16,8.933333333333334,27.0
3790624,"Skinke, Pølser, Bacon og Oksekød",16,14,13.923076923076923,35.0
3790626,Fantasi Max,54,39,4.5,17.0
3790629,Malling Special,30,25,7.541666666666667,24.0
3790632,Vegetar,17,16,11.133333333333333,39.0
3790645,Salat Pizza 1,121,69,2.661764705882353,9.0
3790646,Salat Pizza 2,17,14,12.538461538461538,27.0
3790647,Indbagt 1,15,14,12.384615384615385,44.0
3790649,Indbagt 3,16,13,10.166666666666666,28.0
3790654,Børne Pizza 1,21,15,9.428571428571429,46.0
3790665,Durum Kebab,113,66,2.7384615384615385,10.0
3790666,Durum Kylling,21,19,8.444444444444445,16.0
3790673,Cheeseburger,42,34,5.484848484848484,23.0
3790675,Bacon Jumbo Burger med Ost,29,16,10.8,43.0
3790678,A. Cheeseburger Menu,21,19,9.055555555555555,29.0
3790683,Mellem Pommes Frites,70,46,3.8666666666666667,13.0
3790684,Stor Pommes Frites,47,36,5.142857142857143,15.0
3790685,1/2 Grillkylling,39,28,6.296296296296297,19.0
3790686,Kebabmix,53,37,5.0,18.0
3790702,"Sodavand 0,33L",81,34,5.303030303030303,30.0
3790703,"Cocio 0,40L",53,21,8.75,32.0
379315,Unspecified,267,62,2.901639344262295,64.0
3798876,Champagnebrus,5,1,999.0,999.0
3804685,Beer,8,5,11.25,24.0
3804955,Irish coffee fr c it c Lumumba 4 cl,6,3,17.0,22.0
3805007,Vand,4,2,136.0,136.0
380521,Unspecified,378,90,2.033707865168539,12.0
3806369,Alfajor,2159,174,1.046242774566474,4.0
381605,Unspecified,3490,118,1.4871794871794872,22.0
3819194,Ice/shaker,214,69,2.6029411764705883,8.0
3819232,Guld øl,164,44,4.046511627906977,30.0
3822112,Øl,282,32,5.548387096774194,22.0
382617,Alle Bacon/Cheeseburgere,160,72,2.5492957746478875,40.0
382618,Alle Bacon/Cheeseburgere - menu,352,103,1.7745098039215685,40.0
382637,Bøfsandwich med sovs,167,77,2.3552631578947367,40.0
382638,Bøfsandwich med sovs - menu,346,105,1.7403846153846154,40.0
382639,Kamstegssandwich,177,76,2.3866666666666667,45.0
382640,Kamstegssandwich - menu,243,92,1.989010989010989,41.0
382651,Stor Baguetter,181,71,2.5142857142857142,40.0
382680,Ristet pølse,364,99,1.846938775510204,41.0
382681,Ristet pølse i svøb,355,111,1.6454545454545455,41.0
382682,Frankfurter,181,83,2.207317073170732,41.0
382683,Medister,372,107,1.7075471698113207,40.0
382684,Pølsebrød,1136,121,1.5083333333333333,40.0
382687,Ristet hotdog,506,112,1.6306306306306306,40.0
382688,Ristet/Rød/Fransk hotdog - menu,398,108,1.691588785046729,40.0
382691,Fransk hotdog,265,105,1.7403846153846154,40.0
382695,Pommes frites - lille,476,120,1.5210084033613445,40.0
382696,Pommes frites - stor,322,110,1.6605504587155964,40.0
382697,Pølsemix - lille,393,112,1.6306306306306306,40.0
382698,Pølsemix - stor,322,112,1.6306306306306306,40.0
382704,½ grillkylling med pommes frites,543,117,1.5603448275862069,40.0
382709,Stor bøf,137,68,2.701492537313433,42.0
382710,Schnitzel med pommes frites,144,75,2.418918918918919,41.0
382712,Pita -Kebab/ kylling/Tun,150,83,2.182926829268293,45.0
382716,Hjemmelavet forårsrulle - 3 stk,160,75,2.418918918918919,42.0
382726,Sodavand 0.5 l,1558,122,1.4958677685950412,40.0
382727,Sodavand 0.25 l,205,84,2.1686746987951806,42.0
382734,Kaffe,313,107,1.7075471698113207,40.0
383265,Toilet besøg,538,121,1.5083333333333333,40.0
3844284,Unspecified,1,1,999.0,999.0
3845921,Te(50g),185,98,1.865979381443299,9.0
384616,2 Alm Frank hotdog,345,112,1.6306306306306306,40.0
385481,Løgbrød/Agurkbrød,188,62,2.9344262295081966,42.0
3865156,Te(100g85),139,74,2.4246575342465753,22.0
3866244,Kasse RTD 2.0,42,25,7.333333333333333,15.0
386688,Lovpligtig bæreposeafgift,10662,177,1.0284090909090908,4.0
3891338,Chips,62,33,5.40625,32.0
390474,Satay Kyllingspyd 3 Stk.,436,158,1.1528662420382165,5.0
390475,Kows Forårsruller (Vegetar) 4 Stk.,384,146,1.2482758620689656,6.0
390476,Kows Forårsruller (Kylling) 4 Stk.,503,159,1.1329113924050633,5.0
390478,Kow Strips,284,123,1.4672131147540983,5.0
390479,Wantons,237,124,1.4715447154471544,6.0
390481,Kow Taster 1,343,134,1.3609022556390977,5.0
390492,Stegte Ris - Kylling,308,134,1.3533834586466165,5.0
390494,Pad Thai - Rejer,239,120,1.5210084033613445,7.0
390495,Pad Thai - Oksemørbrad,175,99,1.836734693877551,7.0
390496,Pad Thai - Kylling,715,163,1.117283950617284,5.0
390500,Ægnudler - Kylling,258,126,1.432,7.0
390504,Sur Og Sød - Kylling,182,98,1.8453608247422681,8.0
390507,Chili Og Basilikum - Oksemørbrad,166,107,1.6886792452830188,5.0
390508,Chili Og Basilikum - Kylling,143,88,2.0804597701149423,7.0
390512,Ingefær Og Cashew - Kylling,271,136,1.3407407407407408,7.0
390523,Panang Karry - Oksemørbrad,245,132,1.381679389312977,5.0
390524,Panang Karry - Kylling,1038,173,1.052325581395349,5.0
390528,Grøn Karry - Kylling,177,100,1.8181818181818181,6.0
390532,Massaman Karry - Kylling,443,149,1.222972972972973,4.0
390534,Ris,187,99,1.846938775510204,12.0
390550,Kildevand,772,155,1.1688311688311688,5.0
390551,Dåse Sodavand,1354,170,1.0710059171597632,5.0
390947,Frankfurter,239,108,1.6822429906542056,17.0
3941890,Fisk,4356,91,2.0,25.0
3941909,Færdigvarer,256,82,2.2222222222222223,25.0
3941936,1 stk. Røget sild,49,23,6.7272727272727275,50.0
3941959,1 stk. røget makrel,58,29,5.892857142857143,61.0
3942060,1/2kg Fiskefars,5,2,8.0,8.0
3942062,1kg Fiskefars,37,29,6.178571428571429,25.0
3942067,1/2kg Laksefars,86,57,3.1964285714285716,26.0
3942076,Ekstra Fiskefars,30,27,6.653846153846154,25.0
3942083,1kg Laksefars,66,44,4.186046511627907,26.0
3942094,Ekstra Laksefars,10,10,15.555555555555555,49.0
3942129,Delikatesse 19kr,2,1,999.0,999.0
3942162,Delikatesse 49kr,2,1,999.0,999.0
3974960,3 stk fiskefrikadeller,3,1,999.0,999.0
3976145,Delikatesse,362,74,2.4657534246575343,25.0
398663,Slush ice - mellem,950,99,1.7857142857142858,13.0
398669,Slush ice - stor,258,71,2.4857142857142858,12.0
398675,Pølsemix,205,69,2.5294117647058822,17.0
3986789,Herreklip Pensionist,124,84,2.1566265060240966,8.0
398684,Pepsi max,656,82,2.1604938271604937,12.0
4015941,Sweet Basilikum 80g,21,14,11.76923076923077,44.0
4029942,Margherita (Basis Pizza),160,78,2.3506493506493507,7.0
4029943,Pizza Napoli,320,104,1.7475728155339805,5.0
4029944,Pizza Chombo,41,30,6.206896551724138,14.0
4029945,Pizza Bianco,100,62,2.9344262295081966,11.0
4029946,Pizza Diablo,451,136,1.3333333333333333,5.0
4029947,Pizza Marcella,41,30,5.827586206896552,26.0
4029948,Pizza Venezia,66,47,3.8260869565217392,15.0
4029949,Pizza Cicliana,120,59,3.086206896551724,9.0
4029951,Pizza Nordisk,49,38,4.756756756756757,14.0
4029955,Jules Pizza,54,43,4.285714285714286,19.0
4029957,Mexicansk Pizza,245,97,1.875,7.0
4029958,Indisk Pizza,41,33,5.65625,20.0
4029959,Antivegi Pizza,294,94,1.946236559139785,7.0
4029960,Collector Pizza,44,31,5.6,32.0
4029961,Pizza Mafiosa,161,87,2.0930232558139537,7.0
4029963,Turtles Pizza,63,47,3.847826086956522,16.0
4029964,Pizza Bambino,93,60,3.0508474576271185,11.0
4029965,Kvik Pizza,732,162,1.124223602484472,3.0
4029966,Relax Pizza,55,41,4.425,14.0
4029967,Ronni Pizza,60,42,4.414634146341464,21.0
4029968,Calzone Vulkano,183,88,2.0689655172413794,7.0
4029969,Land Calzone,67,46,3.8666666666666667,14.0
4029970,Bolognia Calzone,113,61,3.0,15.0
4029971,Rulle Kebab,729,154,1.1830065359477124,5.0
4029972,A. Rulle Kebab (Kylling),46,32,5.806451612903226,24.0
4029974,Kebab Pizza,919,160,1.1383647798742138,3.0
4036160,Carambar x 10 stk,90,49,3.6458333333333335,21.0
4042459,combo + beer/jarrito,1461,172,1.0584795321637428,4.0
4042712,Yerba 75 kr,407,138,1.3211678832116789,4.0
4042814,Tapas,367,104,1.7378640776699028,10.0
4042825,"Dulce de leche, small",175,101,1.81,6.0
4042827,"Dulce de leche, large",151,94,1.946236559139785,11.0
4043070,El Yucateco,290,130,1.4031007751937985,4.0
4043082,Valentina,157,94,1.903225806451613,8.0
4043452,Pan de queso,142,63,2.9193548387096775,23.0
4043578,Soda,770,160,1.1383647798742138,4.0
4043586,Water,1599,173,1.052325581395349,4.0
4043595,Jarrito,1637,172,1.0584795321637428,4.0
4043666,Beer,1660,171,1.0647058823529412,4.0
404460,Vesuvio,40,30,6.103448275862069,17.0
404463,Rustica,23,17,10.75,78.0
404464,Valentino,59,36,4.742857142857143,33.0
404465,Tyrkisk Pepperoni,36,28,5.962962962962963,21.0
404466,Mexican,13,12,15.090909090909092,39.0
404468,Cacciatroa,122,77,2.3026315789473686,7.0
404472,Margarita,68,47,3.6739130434782608,14.0
404474,Busola,22,19,8.166666666666666,54.0
404475,Francisco,18,13,11.416666666666666,67.0
404477,Hawaii,21,18,10.117647058823529,78.0
404478,Burina,21,16,10.866666666666667,88.0
404480,Meatlover pizza,34,23,7.863636363636363,57.0
404481,Vegetariana,14,13,11.583333333333334,80.0
404484,Bueno,22,19,8.666666666666666,52.0
404485,Amigo,16,13,13.75,62.0
404491,Pizza Kebab 1,88,46,3.8444444444444446,18.0
404498,kartafler pizza,14,13,14.416666666666666,71.0
404500,Calzone (spaghetti bolognese),26,19,7.777777777777778,63.0
404507,Alvin,24,17,9.8125,32.0
405225,Frokost pizza,567,101,1.76,7.0
405232,Rullekebab,226,99,1.7857142857142858,10.0
405241,Alm pizza,500,104,1.7087378640776698,7.0
405242,"Ekstra kød,grønlsager",81,45,3.977272727272727,18.0
4068600,Take-away bags,532,158,1.1528662420382165,5.0
4077939,4cl. with soda,46,19,9.166666666666666,35.0
4079682,NEU Curl Perfecting Creme,2,2,91.0,91.0
4079746,NEU Styling Texturizer,2,1,999.0,999.0
4079757,NEU Styling Air-Dry Shaper,2,2,118.0,118.0
4079782,NEU Styling Clay,5,4,25.0,29.0
4079795,NEU Styling Fiber,2,2,147.0,147.0
4079856,NEUMA Variabel pris,3,3,45.5,88.0
4089669,Happy empanadas,3760,152,1.1986754966887416,4.0
4100520,Bolle med ost,30,20,9.210526315789474,45.0
4112430,Unspecified,162,56,3.290909090909091,29.0
4123289,Lille,428,45,4.068181818181818,18.0
4123908,Stor,224,41,4.25,19.0
4153747,Ugens suppe,42,15,5.5,19.0
4153812,Dessert,21,4,56.0,98.0
4153830,Buffet,52,1,999.0,999.0
4153887,2 fisk/ pommes,11,3,59.5,63.0
4153902,Pommes,17,7,23.0,43.0
4153935,Lille fadøl,92,37,5.0,19.0
4153944,Stor fadøl,229,36,4.9714285714285715,18.0
4153954,1 glas vin,120,32,5.612903225806452,18.0
4153970,1 fl vin alm,80,28,6.296296296296297,18.0
4154007,Speciel øl,42,16,11.533333333333333,32.0
4154015,Dåseøl,19,14,13.461538461538462,39.0
4154019,Kage,221,26,6.64,48.0
4154036,Kaffe,95,25,7.291666666666667,23.0
4154087,Kande kaffe,53,12,15.363636363636363,59.0
4154340,Sodavand,559,81,2.25,15.0
4154591,Smørrebrød,78,27,6.461538461538462,25.0
4154599,3 stk. smørrebrød,103,34,5.303030303030303,16.0
4154640,Sandwich,18,12,14.818181818181818,26.0
4156064,Smykker,4,3,15.5,26.0
415814,Unspecified,2,2,1.0,1.0
416610,Cola 33,199,84,2.1204819277108435,15.0
416611,"Cola 0,5",26,21,8.65,36.0
416893,Sjovt slik,505,84,2.108433734939759,11.0
417785,Unspecified,3433,177,1.0284090909090908,5.0
418882,Unspecified,7,5,26.5,71.0
419354,Unspecified,31,25,7.375,33.0
420837,Unspecified,47,41,4.375,30.0
422918,Unspecified,914,135,1.3432835820895523,25.0
4232604,"Racing For Pink Slips (Breakfast stout m/ Kaffe, Chokolade og Vanilje)",34,15,8.0,32.0
423306,dressing,79,64,2.8095238095238093,18.0
425406,Dressing,297,115,1.543859649122807,6.0
426049,Pingvin stænger,156,66,2.646153846153846,13.0
4277896,Ligther,84,55,3.3518518518518516,19.0
429066,Børnemenu.,315,57,3.0357142857142856,27.0
429067,Burger/ Bøfsandwich m. Pommes,97,38,4.594594594594595,34.0
429077,Fransk Hotter,130,46,3.7333333333333334,30.0
429078,Hj. Lavet Toast.,63,29,6.214285714285714,44.0
429081,Fritte m. Dip.,35,22,8.095238095238095,44.0
429088,Dagensret Voksen.,292,48,3.617021276595745,29.0
429089,Dagensret Børn,26,12,15.272727272727273,57.0
429090,½ Alm Sodavand,393,62,2.8524590163934427,23.0
429091,½ Power m.m.,37,26,6.72,36.0
429092,½ kildevand.,67,33,5.34375,39.0
429094,State.,23,16,11.2,43.0
429097,Små Juice/ Mathilde.,26,19,9.277777777777779,65.0
429098,Slushice,121,30,5.758620689655173,33.0
429101,Fl. Øl.,35,15,12.071428571428571,42.0
429104,Lille Alm Fadøl.,28,17,10.375,32.0
429105,Stor Alm Fadøl.,97,33,5.03125,30.0
429106,Lille Special Fadøl.,28,21,8.05,28.0
429107,Stor Special Fadøl.,59,30,5.689655172413793,24.0
429108,Kaffe.,44,23,7.590909090909091,32.0
429116,Cocio.,43,21,8.6,42.0
429138,Unspecified,56,14,2.3846153846153846,6.0
429168,Øl,4498,182,1.0,1.0
429169,Lux Øl,492,108,1.691588785046729,9.0
429170,Vand,1416,175,1.0402298850574712,2.0
429172,Luksus Shot,1405,152,1.1986754966887416,4.0
429175,Øl Kort,551,85,2.142857142857143,7.0
429176,Vin,73,38,4.648648648648648,19.0
429179,Spiritus,1305,106,1.723809523809524,8.0
429183,Alm Øl Klippekort,903,176,1.0342857142857143,2.0
429188,Øl Tilbud,2067,158,1.1401273885350318,3.0
429190,Vand Tilbud,437,127,1.4126984126984128,6.0
429199,Vin Tilbud,24,14,11.923076923076923,35.0
429204,10 turs Ølkort Tilbud,44,37,4.972222222222222,58.0
429224,Indbagt Pizza,4,4,41.333333333333336,46.0
429228,Indbagt Pizza,14,14,10.76923076923077,32.0
429238,Børne Pizza 2,4,4,26.333333333333332,32.0
429309,Kebab Mix,10,7,27.833333333333332,66.0
429311,Halv Kylling,9,5,6.25,11.0
429312,Pommes Frites,64,35,5.294117647058823,21.0
429322,Rullekebab,79,36,5.0285714285714285,18.0
429323,Rullekylling,3,3,21.5,27.0
4293296,Special 40,165,28,6.2592592592592595,18.0
4293598,Rom & gin drinks 35,154,22,7.333333333333333,28.0
429643,Øl/Vand/Spiritus,14791,177,1.0284090909090908,2.0
429645,Øl/Vand/Spiritus,27985,181,1.0055555555555555,2.0
429646,Øl/Vand/Spiritus,4582,181,1.0055555555555555,2.0
429647,Lux.Øl/Spiritus,6678,180,1.011173184357542,2.0
429648,Spiritus,419,82,2.1358024691358026,15.0
429649,Juice/Tomat,206,97,1.8854166666666667,7.0
429652,Cocio,145,79,2.3076923076923075,10.0
429655,1 Glas Vin,1,1,999.0,999.0
429661,"SMA VIN Rose, Hvid, Rød",361,86,2.1294117647058823,7.0
429682,Viking,310,146,1.2482758620689656,3.0
429683,"Prince,kings",506,143,1.267605633802817,3.0
429689,Cecil,48,36,4.714285714285714,52.0
429690,Snacks,60,36,4.885714285714286,18.0
429691,Flæskesvær,29,23,8.227272727272727,39.0
429692,Nødder,22,18,10.411764705882353,28.0
429695,Pariser Toast,45,28,5.592592592592593,29.0
429697,Cowboy Toast,78,41,4.3,18.0
429752,Margarita,29,25,6.875,22.0
429790,Bla Kings,27,23,7.818181818181818,26.0
429793,Rød Cecil,28,22,6.809523809523809,46.0
429797,Lang Viking,165,98,1.8350515463917525,13.0
429804,Prince Original,29,19,9.222222222222221,28.0
429807,Prince Rød,80,58,3.1228070175438596,12.0
429817,Cider,70,41,4.275,15.0
429827,3 Stk Cider Tilbud,81,39,4.7631578947368425,13.0
429828,Shaket Shot,17,12,15.727272727272727,66.0
429829,10 Shot,25,17,10.4375,45.0
429832,Fødselsdag,41,1,999.0,999.0
430887,Unspecified,316,58,2.543859649122807,9.0
430968,"Stegt Flæsk - 179,-",70,5,36.75,91.0
430970,"Sodavand/Vand Og Øl - 35,-,",1185,31,5.8,43.0
430971,Specialøl – ASK Øl,30,9,15.875,62.0
430972,Husets Vin – Pr. Glas,15,5,31.75,62.0
430973,"Husets Vin  - Pr. Flaske 289,,-",62,9,19.25,70.0
430974,Kaffe / The,13,2,137.0,137.0
430975,3-Retters Menu Incl Velkomst Og Kaffe,99,3,63.0,88.0
430977,Natmad,22,1,999.0,999.0
430979,Dessertvin – Pr. Glas,51,2,88.0,88.0
430986,Forret,11,1,999.0,999.0
430988,Hovedret,11,1,999.0,999.0
430989,Dessert,11,1,999.0,999.0
431007,"Mindesamling 199,00. Kaffe Og Kringle Samt 2 Snitter",224,4,48.0,108.0
431014,Mindesamling – Bolle m Pålæg Samt Kringle,288,5,34.5,106.0
431015,Julefrokost torsdagsklubben,10,1,999.0,999.0
431018,Nytårstapas,26,1,999.0,999.0
431022,Snaps,23,2,10.0,10.0
431028,"Brunch - 295,-",298,8,22.0,63.0
431029,Brunch – Barn,10,2,111.0,111.0
431030,Andesteg m/ Tilbehør,16,1,999.0,999.0
431056,Slik,48,16,9.733333333333333,35.0
431059,Slikposer. (10),24,13,13.25,50.0
431062,Corneybar.,45,23,7.2272727272727275,30.0
431114,Dameklip,315,105,1.7307692307692308,17.0
431115,Herreklip,108,71,2.5714285714285716,17.0
431116,Børneklip,6,3,46.5,49.0
431118,Farve (630),26,24,7.0,25.0
431119,Farve (750),26,25,7.041666666666667,28.0
431120,Farve (880),16,15,11.071428571428571,37.0
431121,Farve (1010),11,11,16.6,46.0
431123,Farve (1190),11,11,16.7,42.0
431124,Farve (1290),14,14,12.307692307692308,41.0
431129,Vippe Farve,4,4,45.0,104.0
431130,Bryn Farve,28,27,6.6923076923076925,22.0
431131,Bryn Retning,11,11,16.8,48.0
431132,Vippe Og Bryn Farve,13,13,13.833333333333334,47.0
431269,Unspecified,163,43,4.023809523809524,12.0
431373,Irsk Kaffe,18,5,33.25,43.0
431374,3 Stk Irsk Kaffe Tilbud,26,14,12.538461538461538,65.0
431381,Diverse,19,8,19.142857142857142,83.0
431592,Unspecified,25,19,9.333333333333334,42.0
431916,Unspecified,260,100,1.8282828282828283,7.0
4326174,Matcha,313,100,1.8282828282828283,11.0
433871,Unspecified,19,9,16.375,48.0
433945,Div. Mad variabel pris,478,58,3.087719298245614,25.0
434045,Kebabrulle,20,14,5.6923076923076925,14.0
4340518,Halleje,4,4,34.0,66.0
434056,Pommes Frites - Lille,19,15,7.5,34.0
434057,Pommes Frites - Stor,35,27,2.9615384615384617,11.0
435950,Børneklip Variabel Pris,19,16,10.066666666666666,30.0
435961,NEU Volume Styling Spray,2,2,142.0,142.0
436255,Unspecified,17,17,9.9375,33.0
436333,Hele Lam,63,38,4.675675675675675,14.0
436334,Lammekølle,408,130,1.4031007751937985,7.0
436335,Lammebov,184,91,2.011111111111111,7.0
436336,Lammekotelet,33,30,6.241379310344827,26.0
436341,Lammechups,9,9,20.75,63.0
436342,Lammeskank,33,30,5.586206896551724,14.0
436343,Lammelever,7,7,10.666666666666666,24.0
436344,Okse Lår,1,1,999.0,999.0
436345,Hakket Kød,414,125,1.4596774193548387,4.0
436346,Okse Tykkam,109,67,2.742424242424242,20.0
436347,Okse Klump,87,53,3.4615384615384617,12.0
436348,Okse Steak,1,1,999.0,999.0
436349,Okse Hale,3,3,74.5,134.0
436350,Okse Skank,12,12,14.363636363636363,106.0
436351,Okse Mørbrad,3,3,10.5,14.0
436353,Okse Bøf,12,8,21.857142857142858,87.0
436358,Kød Med Ben,129,73,2.4444444444444446,11.0
436359,Okse Tyndsteg,2,2,22.0,22.0
436363,Kylling Filet,3,2,156.0,156.0
436364,kylling Lever Og Hjerter,1,1,999.0,999.0
436443,Unspecified,13,5,30.25,85.0
4364789,Poser,492,130,1.3953488372093024,4.0
4364827,Nyt vinyl,258,110,1.651376146788991,7.0
4364852,Nyt vinyl,307,111,1.6363636363636365,6.0
4372563,Børneburger,92,53,3.3653846153846154,11.0
437681,Fadøl (30),3770,135,1.3507462686567164,5.0
437682,Fadøl (40),6907,143,1.2746478873239437,5.0
437683,Fadøl (45),327,72,2.5492957746478875,11.0
437700,Drinks (50),323,72,2.380281690140845,7.0
437701,Drinks (65),511,84,2.180722891566265,7.0
437702,Drinks (75),596,83,2.1951219512195124,7.0
437703,Drinks (120),2,2,117.0,117.0
437704,Shot (20),81,28,5.888888888888889,16.0
437705,Shot (25),1008,92,1.978021978021978,7.0
437706,Shot (200),10,10,15.555555555555555,28.0
437707,Flaske (25),2426,132,1.381679389312977,5.0
437708,Flaske (30),8,6,9.0,17.0
437713,Cider,4,3,80.5,110.0
437717,Vin (55),111,41,4.5,18.0
437722,Vin (280),1,1,999.0,999.0
437723,Kaffe (15),25,17,9.5625,34.0
437724,Kaffe (25),1,1,999.0,999.0
437727,Dagens Ret,516,35,5.147058823529412,45.0
437728,Brød m. Pålæg,451,38,4.72972972972973,40.0
437729,Kage,165,21,8.7,49.0
437730,1 Kande Kaffe,161,38,4.72972972972973,41.0
437731,1 Krus Kaffe,372,44,4.069767441860465,39.0
437732,1 Kande Te,8,7,20.833333333333332,41.0
437733,1 Krus Te,67,33,5.46875,42.0
437736,2 Stk Smørrebrød,117,11,3.6,7.0
437737,3 Stk. Smørrebrød,97,11,3.6,7.0
437738,Sandwich,153,31,5.966666666666667,62.0
437739,Croissant Med Fyld,140,23,3.5454545454545454,7.0
437740,Kaffe Med Dagens Kage,161,27,6.769230769230769,70.0
437741,Varm Kakao m Flødeskum,221,34,5.424242424242424,62.0
437742,Sodavand/vand,665,35,5.176470588235294,62.0
437744,Øl,243,34,5.333333333333333,62.0
437746,Kaffe/Te,445,36,5.114285714285714,62.0
437747,Kage,313,33,5.5,69.0
438354,Unspecified,102,30,6.0,32.0
438768,Vask og føntørring,4,4,46.0,98.0
440025,Hawaii,29,22,7.904761904761905,22.0
440026,Bologna,17,16,11.066666666666666,57.0
440027,Venedig,12,11,13.0,37.0
440028,Vegetar,7,7,27.166666666666668,78.0
440029,Toscana,14,12,10.636363636363637,28.0
440030,Napoli,18,18,9.882352941176471,37.0
440031,Mexico,54,37,4.888888888888889,22.0
440032,Catania,17,17,8.875,40.0
440033,Seciliano,42,33,5.5,20.0
440034,Gevona,8,8,22.285714285714285,52.0
440036,Armin,33,25,7.125,36.0
440040,Firenze,12,9,18.375,55.0
440041,Verona,6,5,15.0,30.0
440042,Milano,3,3,33.5,52.0
440043,Prima,9,8,12.857142857142858,38.0
440044,Modena,76,45,4.090909090909091,20.0
440045,French Fries Pizza,16,12,10.0,33.0
440047,Mix-Selv-Pizza (2 Ravarer),12,8,15.285714285714286,62.0
440048,Mix-Selv Pizza (3 Ravarer),7,4,39.333333333333336,112.0
444486,Margherita,71,37,2.138888888888889,7.0
444489,Hot American,24,17,6.5,26.0
444490,Antaly Pizza,20,15,4.785714285714286,14.0
444493,Napoli,85,39,2.736842105263158,26.0
444494,Pizza Bearnaise,20,14,7.615384615384615,28.0
444496,Kortoffel Pizza,15,14,5.230769230769231,15.0
444504,Pizza Kebab,123,46,2.3333333333333335,26.0
444506,Risskov Special,22,20,3.210526315789474,7.0
444511,Arresøvej Fantasy,34,24,3.347826086956522,14.0
444523,Meat Lover,29,23,3.5454545454545454,11.0
4447234,Shots,154,39,4.7631578947368425,15.0
445131,Skæg klip,3,3,45.5,49.0
445254,Aftensmad,1325,161,1.125,10.0
445260,Unspecified,6,6,34.2,61.0
446024,Torsdagsmenu,603,19,9.333333333333334,28.0
446282,Aftenbuffet,791,44,4.186046511627907,103.0
446283,Frokostbuffet,426,13,12.083333333333334,109.0
446284,Hakkebøf På Rugbrød,21,12,16.09090909090909,107.0
446285,Stjerneskud,28,17,11.25,127.0
446286,Lille Frokost,35,16,11.733333333333333,106.0
446287,Mellem Frokost,24,7,9.5,42.0
446289,Hovmesterens Burger,42,16,4.2,14.0
446290,Lille Pommes,27,13,14.666666666666666,114.0
446294,Ribbenstegsburger,7,6,35.0,108.0
446296,Kildevand,53,30,6.0,109.0
446297,Æble/appelsin juice,20,13,14.583333333333334,103.0
446298,1 Kande Vand,34,27,6.8076923076923075,102.0
446299,Sodavand 50 cl.,598,54,3.4150943396226414,54.0
446300,Sodavand 33 cl.,16,12,5.181818181818182,13.0
446301,Pilsner/classic på dåse,27,10,19.88888888888889,55.0
446302,Guldøl,15,6,28.0,54.0
446303,Fadøl klazzik,665,54,3.4150943396226414,54.0
446304,1 gl. Vin,114,34,5.363636363636363,102.0
446305,1 Fl. Vin,35,21,9.05,103.0
446307,Snaps,71,9,22.375,109.0
446309,Kaffe/Te,8,3,32.5,58.0
446318,Åg og Tomat Med Rejer,1,1,999.0,999.0
446484,Espresso,12,11,14.6,40.0
446486,Cortado,19,15,11.214285714285714,34.0
446489,Unspecified,7428,176,1.0342857142857143,5.0
446493,Cappuccino,93,54,3.207547169811321,20.0
446498,Chai Latte,33,20,6.684210526315789,21.0
446499,Flat White,36,26,6.16,36.0
446500,Americano,45,36,4.714285714285714,18.0
446501,Filterkaffe,129,62,2.5081967213114753,18.0
446502,Te,16,13,12.916666666666666,41.0
446506,Islatte,6,5,23.5,57.0
446507,Varm Kakao,49,31,5.7,19.0
446508,Økosaft,19,17,9.125,32.0
446509,Karma Kola,9,5,26.75,97.0
446524,Pant Kop (Tilkøb),83,50,3.510204081632653,17.0
446526,Personale Pris,38,32,5.129032258064516,35.0
446533,Personale Pris,273,89,1.9659090909090908,17.0
446534,Personale Pris,137,52,3.3137254901960786,27.0
446537,Unspecified,148,95,1.925531914893617,7.0
446561,Bolle m. Smør,36,28,6.222222222222222,28.0
446562,Bolle m. Ost,186,81,2.1625,17.0
446563,Cookie 1stk,46,29,6.0,25.0
446564,Kage,106,56,2.7454545454545456,19.0
446565,Suppe,25,14,11.384615384615385,36.0
446648,Røget Laks,4,2,43.0,43.0
446650,Hønsesalat,5,2,43.0,43.0
446652,Tatar,2,1,999.0,999.0
446698,Rørt Røget Laksetatar,15,1,999.0,999.0
446709,Grillstegt Kalveculotte,15,1,999.0,999.0
446721,Chokolade -      trøffelkage,7,1,999.0,999.0
446820,Margherita,120,63,2.5,10.0
446828,Proscitutto,113,66,2.3384615384615386,8.0
446830,Pepperoni,523,123,1.2950819672131149,5.0
446831,Capriccioca,105,61,2.6333333333333333,11.0
446836,Italia,72,56,2.8545454545454545,9.0
446846,Roma,82,61,2.6333333333333333,9.0
446863,Marcel,95,67,2.3484848484848486,7.0
446873,Rustica,56,40,3.9743589743589745,12.0
446878,Cacciatore,60,45,3.590909090909091,20.0
446901,Mafioso,70,46,3.4444444444444446,15.0
446911,Mexicana,79,55,2.8518518518518516,10.0
446912,Gorgonzola 1,64,53,2.980769230769231,10.0
446927,Jerry’s Special 1,163,88,1.793103448275862,6.0
447027,Espresso,302,133,1.371212121212121,6.0
447036,Americano,743,155,1.1753246753246753,5.0
447051,Cortado,263,112,1.6306306306306306,6.0
447117,Unspecified,147,82,2.2222222222222223,7.0
447269,Diavol,49,37,4.388888888888889,19.0
447270,Bambino,52,43,3.6904761904761907,13.0
447274,Ventura,371,120,1.319327731092437,5.0
447277,Jerry’s Special 3,199,91,1.7555555555555555,8.0
447278,Arriva,120,78,2.051948051948052,8.0
447292,Meat Lover,186,96,1.6631578947368422,6.0
447299,Donya,56,40,3.9743589743589745,15.0
447550,Pommes Frites,142,72,2.2253521126760565,8.0
447557,Kæmpe Rulle med Kebab,185,76,2.1066666666666665,13.0
447564,A. Kæmpe Rulle med Kylling,55,34,4.787878787878788,17.0
448433,Americano,532,50,3.5918367346938775,7.0
448434,Café Latte,427,49,3.6666666666666665,13.0
448435,Cappuccino,334,49,3.6666666666666665,7.0
448436,Varm Kakao,1143,48,3.74468085106383,8.0
448437,Thé,105,40,4.512820512820513,14.0
448438,Iskaffe,17,9,19.375,57.0
448439,Søbogaard Økologisk Saft,159,36,4.8,20.0
448440,Sodavand,171,39,4.631578947368421,15.0
448441,Vand,113,34,5.333333333333333,21.0
448442,Øl,97,35,5.117647058823529,21.0
448443,Vin (Pr. Glas),94,30,6.068965517241379,20.0
448444,Toast,111,27,6.461538461538462,21.0
448445,Irsk Kaffe,52,19,9.0,26.0
448446,Varm Kakao med Rom,167,38,4.54054054054054,13.0
448447,Lumumba,81,27,6.1923076923076925,20.0
448448,Dagens Hjemmebagte Kage,94,28,6.444444444444445,35.0
448449,Kaffe & Kage,498,37,4.888888888888889,21.0
448456,Entrecote – 250g,7,5,40.25,84.0
448457,Wienerschnitzel,36,17,10.9375,63.0
448458,Ovnstegt Vildsvin *,25,6,30.8,105.0
448459,Skinkeschnitzel,21,9,19.25,77.0
448460,Dansk Bøf,7,5,43.75,91.0
448461,Stegt Flæsk *,80,16,11.666666666666666,63.0
448462,Husets Biksemad,17,9,19.25,91.0
448463,Fiksefilet,1,1,999.0,999.0
448464,Pølsemix,4,2,28.0,28.0
448465,Bacon Burger,1,1,999.0,999.0
448466,Cheeseburger,1,1,999.0,999.0
448467,Hamburger,1,1,999.0,999.0
448469,Fiskesandwich,1,1,999.0,999.0
448470,Frikadellesandwich,1,1,999.0,999.0
448475,Nuggets,9,5,15.75,35.0
448476,Pommes Frites,4,4,49.0,105.0
448479,Fadøl,8,4,16.333333333333332,20.0
448480,Husets Rødvin,5,4,51.333333333333336,140.0
448509,Herreklipning,45,39,4.552631578947368,18.0
448510,Pensionist Herreklipning,24,23,8.181818181818182,29.0
448511,Dameklipning,27,24,6.6521739130434785,19.0
448512,Pensionist Dameklipning,42,34,5.181818181818182,21.0
448513,Børneklipning,4,4,21.333333333333332,33.0
448514,Pandehår,3,3,52.5,91.0
448515,Lyse Striber Kort Hår,2,2,101.0,101.0
448516,Lyse Striber Mellem Hår,2,2,58.0,58.0
448517,Lyse Striber Langt Hår,1,1,999.0,999.0
448518,Farvning Kort Hår,14,13,13.583333333333334,31.0
448519,Farvning Mellemlangt Hår,2,2,104.0,104.0
448521,Permanent Kort Hår,3,3,31.0,46.0
448522,Permanent Mellemlangt Hår,2,2,22.0,22.0
448523,Permanent Langt Hår,1,1,999.0,999.0
448525,Opsætning Langt Hår,1,1,999.0,999.0
448526,Vask og Føn Kort Hår,3,3,32.0,55.0
448623,Flaske øl,58,30,5.448275862068965,26.0
448904,Kylingebryst,3,1,999.0,999.0
448905,Flæskesteg,33,3,43.0,79.0
448912,Hjemmelavede frikadeller,6,2,28.0,28.0
448915,Paprikagryde af svinemørbrad,14,1,999.0,999.0
448924,Lobescoves,11,1,999.0,999.0
448933,Glaseret skinke,12,1,999.0,999.0
448934,Gl. Dags oksesteg,21,1,999.0,999.0
448946,JULEAFTEN - Sprødstegt and og flæskesteg,27,7,10.5,27.0
448947,JULEAFTEN - Riz a'lamande,8,3,6.5,8.0
448972,MORTENS AFTEN MENU,12,3,9.5,12.0
448973,Schmidt's  Platte,46,5,43.5,99.0
4491426,M~T,10,2,99.0,99.0
4491468,F~S,3,2,57.0,57.0
449199,"Frokost Pizza 6 - Med tomatsauce, ost, pepperoni og oksekød",19,5,14.0,23.0
449489,Ristet Pølse,337,44,2.255813953488372,18.0
449490,Rød Pølse,62,22,4.619047619047619,20.0
449491,Pølse i Svøb,169,42,2.3658536585365852,18.0
449492,Medister,106,39,2.526315789473684,18.0
449495,Frankfurter,80,36,2.7714285714285714,18.0
449497,Rød Hotdog,112,37,2.6944444444444446,18.0
449498,Ristet Hotdog,543,42,2.317073170731707,18.0
449502,Ristet Hotdog med Pølse i Svøb,67,23,4.363636363636363,18.0
449519,Fransk Hotdog,218,42,2.3658536585365852,18.0
449545,Brød,571,44,2.255813953488372,18.0
449548,Løgbrød,62,24,3.3043478260869565,11.0
449554,Big Burger,62,31,3.2333333333333334,18.0
449555,Cheese Burger,80,32,3.129032258064516,18.0
449557,Bacon & Cheese Burger,138,40,2.4871794871794872,18.0
449569,Dørken Speciel,125,38,2.6216216216216215,18.0
449589,½ Kylling,100,26,3.88,26.0
449590,Grill Bøf,102,36,2.742857142857143,18.0
449592,Kebabmix,74,29,3.4642857142857144,18.0
449595,Pomfrit,269,43,2.3095238095238093,18.0
449597,Kaffe,81,29,3.392857142857143,19.0
449603,Ekstra Dressing,179,39,2.5526315789473686,18.0
449804,Brud,434,53,3.480769230769231,10.0
449818,Gl. Dags Franskbrød,336,54,3.4150943396226414,9.0
450323,Æblemost 3 liter,1,1,999.0,999.0
450778,Madbrød,411,55,3.3518518518518516,9.0
450779,Morgenstykker & Birkes,2099,59,3.1206896551724137,9.0
450781,Rugbrød,2716,68,2.701492537313433,9.0
450782,Surdejsbrød,1249,62,2.9672131147540983,9.0
450783,Smørboller,718,49,3.7708333333333335,10.0
450784,4 stk. Brud Tilbud,373,63,2.9193548387096775,10.0
450785,5 stk. Morgenstykker Tilbud,2554,68,2.701492537313433,9.0
450787,Kringle,350,64,2.873015873015873,11.0
450788,Morgenbrød 20,719,56,3.290909090909091,9.0
450789,2 Stk. Morgenbrød Tilbud,1894,66,2.7846153846153845,9.0
450795,Havregrynskager,377,47,3.9347826086956523,14.0
450796,Hindbærsnitte,456,44,4.209302325581396,23.0
450805,Træstammer,362,46,4.022222222222222,27.0
450809,Tapas 18,336,4,42.333333333333336,71.0
450816,Skærekage,213,49,3.7708333333333335,10.0
450821,Lille Flødekage,277,29,6.285714285714286,83.0
450823,Småkager,265,56,3.2,9.0
450824,Tilbud Småkager,440,60,3.0677966101694913,9.0
450827,Cafe Platte,273,45,4.090909090909091,11.0
450836,Sandwich,327,35,5.323529411764706,21.0
450864,Fløde & Othello Lagkage Pr. Person,473,19,9.5,25.0
450901,Smørrebrød,792,17,10.9375,34.0
451164,Øl,176,26,7.2,28.0
451170,Sodavand,43,16,11.6,29.0
451272,Unspecified,1425,150,1.2147651006711409,6.0
452442,Små fl. Sodavand,24,18,9.764705882352942,42.0
453713,Buffet Voksen,2063,97,1.84375,6.0
453714,Buffet Børn,230,75,2.391891891891892,7.0
453715,Buffet Voksen Weekend& Helligdage,2555,78,2.3506493506493507,6.0
453720,Buffet Børn Weekend& Helligdage,284,66,2.7846153846153845,7.0
453721,Buffet m. Fribar,87,9,17.5,49.0
453871,Unspecified,773,59,3.0172413793103448,21.0
454354,Husets Hvidvin,2,1,999.0,999.0
4545406,Prøvebehandling ansigt,1,1,999.0,999.0
455961,Pepsi,174,66,2.4307692307692306,8.0
455988,Margherita,150,90,2.0,8.0
455993,Vesuivo,295,129,1.4140625,4.0
455996,Hawaii,183,99,1.846938775510204,7.0
455998,Pepperoni,283,125,1.4435483870967742,6.0
456002,Sason,205,101,1.81,6.0
456004,Oriental,108,69,2.6029411764705883,15.0
456012,Handvarker,152,91,1.988888888888889,8.0
456020,O' Solo Mio,194,99,1.836734693877551,9.0
456030,Ungdoms Pizza,343,138,1.3211678832116789,7.0
456060,Pizza Kaya,171,90,2.0112359550561796,7.0
456072,San Remo,118,72,2.5492957746478875,11.0
456081,Meat Lover,96,67,2.727272727272727,8.0
456087,Amed Pizza,245,122,1.4793388429752066,6.0
456091,Rosalin Pizza,261,113,1.6160714285714286,4.0
456148,Ekstra Tilbehør Alm & Dp,789,156,1.167741935483871,4.0
456149,Ekstra Tilbehør Fam,349,122,1.4793388429752066,5.0
456173,Pommes Frites,502,149,1.222972972972973,4.0
456198,Hjemmelavet Pitabrød,208,90,2.0224719101123596,6.0
456209,Durum,272,116,1.5739130434782609,5.0
456224,Bambino Bara,104,60,3.0508474576271185,18.0
456231,Bambino Nuggets,137,79,2.3205128205128207,7.0
456261,1/2 Grillkylling 450g,163,84,2.144578313253012,7.0
456313,Tuborg Hof,168,72,2.5211267605633805,9.0
456324,"Sodavand i Flaske 0,5L",339,116,1.565217391304348,6.0
456325,Sodavand I Glas,128,63,2.9193548387096775,9.0
459172,Bolle,369,42,4.2926829268292686,8.0
459179,Ost,295,41,4.4,8.0
459192,Marmelade,51,20,8.526315789473685,42.0
459228,Brugskunst,46,24,7.826086956521739,21.0
459229,Gløgg  & Æbleskiver,282,9,2.75,6.0
459230,Gløgg,120,11,3.6,7.0
459231,3 stk. æbleskiver,266,9,2.75,6.0
459631,Latte,94,54,3.2641509433962264,18.0
4596575,Calming Wash,5,5,33.5,71.0
4596582,Purifyring Wash,2,2,63.0,63.0
4596598,Air Strong Hairspray,5,4,35.333333333333336,58.0
459914,Grillpølse,117,50,3.63265306122449,23.0
459917,Grill Hotdog,91,44,4.162790697674419,13.0
459922,Pølsebrød,105,40,4.333333333333333,23.0
459923,Winner Burger,220,81,2.2625,8.0
459925,Winner Cheese,259,98,1.8556701030927836,8.0
459928,Winner Bacon Cheese,377,125,1.4596774193548387,4.0
459929,Winner Double Bacon Cheese,223,97,1.875,6.0
459930,Winner Menu,122,71,2.5142857142857142,9.0
459931,Winne Cheese Menu,184,97,1.8854166666666667,6.0
459933,Winner Bacon Cheese Menu,539,144,1.2657342657342658,4.0
459998,Pommes Frites Lille,265,124,1.4552845528455285,6.0
460000,1/2 Kylling med Pommes Frites,416,141,1.292857142857143,4.0
460011,Unspecified,366,98,1.8453608247422681,18.0
460041,Stegte nudler,225,112,1.6306306306306306,6.0
460047,Unspecified,4,3,3.5,6.0
460220,Unspecified,15731,169,1.0773809523809523,5.0
4607620,Toast m ost&skinke,145,34,5.2727272727272725,37.0
4609767,Røgvarer,1004,91,2.0,25.0
4609884,Fisk 129kr,469,89,2.034090909090909,25.0
4609921,Fisk 269kr,546,90,2.0224719101123596,25.0
461034,Sandwich,3643,115,1.5789473684210527,17.0
461036,"Sandwich med ekstra ost, bacon, pålæg, flæskesteg, flæskesvær",126,54,3.30188679245283,18.0
461043,Smørrebrød,2987,115,1.5789473684210527,17.0
461047,Smørrebrød med Fiskefil,655,105,1.7307692307692308,17.0
461049,Smørrebrød med Fiskefil og Rejer,194,64,2.7777777777777777,18.0
461050,Dagensret,2075,112,1.6216216216216217,17.0
461054,Dagensret Stor,135,69,2.5,17.0
461055,Kaffe,22,19,9.777777777777779,57.0
461056,Sodavand,345,98,1.8453608247422681,17.0
461057,Bestik,32,19,9.722222222222221,30.0
461062,Mad ud af Huset Variabel Pris,164,72,2.535211267605634,20.0
461063,Dagens Salat,19,12,10.090909090909092,35.0
461065,Håndmadder,344,62,2.7540983606557377,17.0
461066,Håndfrikadeller,2252,114,1.592920353982301,17.0
461068,Biksemad u/ Spejlæg,21,9,18.375,43.0
461069,Biksemad med Spejlæg,26,17,10.75,40.0
461070,Stjerneskud,65,27,5.153846153846154,21.0
461071,Kartoffelsalat med Frikadeller,13,5,1.5,3.0
4610949,Catering empanadas,618,56,3.109090909090909,13.0
461254,Vin pr. Glas,1,1,999.0,999.0
462605,Unspecified,249,39,4.026315789473684,25.0
463123,Småkager  1 Pose,262,16,2.466666666666667,6.0
463127,Småkager 3 Poser,99,15,2.5714285714285716,6.0
463146,Havregryns Kugler 1 Pose,68,14,2.769230769230769,6.0
463168,Honningkage Hjerter 1 Pose,261,15,2.5714285714285716,6.0
463176,Honningsnitte,79,14,2.769230769230769,7.0
464118,Alm. Øl På Flaske,1183,80,2.2658227848101267,24.0
464119,Lux Øl På Flaske,91,26,6.96,26.0
464120,Alm. Lille Fadøl,43,9,16.625,53.0
464121,Alm. Stor Fadøl,205,31,5.833333333333333,49.0
464126,Vin i Glass,316,60,3.0338983050847457,36.0
464128,Vodka,19,6,31.6,56.0
464129,Gin,1,1,999.0,999.0
464130,Tequila,6,5,37.0,106.0
464131,Whisky,2,1,999.0,999.0
464132,Rom,65,21,8.75,37.0
464133,Tullamore,2,2,118.0,118.0
464135,Fernet Branka,44,12,15.454545454545455,67.0
464136,Dr. Nielsen,9,2,28.0,28.0
464137,Pastise,8,5,42.0,106.0
464138,Cognac og Calvados,2,2,14.0,14.0
464140,Ass,8,5,32.25,56.0
464141,Spiritus med Vand,52,15,11.642857142857142,100.0
465441,Unspecified,1156,174,1.046242774566474,3.0
465627,Unspecified,84,38,4.378378378378378,28.0
465769,Margherita,103,57,3.232142857142857,13.0
465770,Hawaii,115,61,3.0166666666666666,14.0
465771,Pepperoni,282,84,2.180722891566265,12.0
465781,Vegetariana,99,55,3.3333333333333335,12.0
465784,Super Spicy,78,51,3.62,14.0
465785,Potato,50,36,4.9714285714285715,15.0
465789,Mamma Mia,233,75,2.445945945945946,13.0
465791,Djursland,117,68,2.701492537313433,13.0
465794,Meat Lover,244,74,2.4794520547945207,13.0
465798,Mols Special,36,27,6.961538461538462,27.0
465799,Highlander,63,36,5.171428571428572,28.0
465804,Donna Special,108,60,2.983050847457627,14.0
465806,Kajs,80,50,3.693877551020408,13.0
465813,Marcopolo,58,39,4.7631578947368425,18.0
465819,Americano,51,36,5.0,24.0
465831,Knebelbro,84,46,3.933333333333333,13.0
465832,Diya,44,31,6.033333333333333,23.0
465833,Your Choice,65,40,4.487179487179487,19.0
465841,Indbagt Speical,43,29,6.464285714285714,20.0
465848,Kebab,210,74,2.4794520547945207,13.0
465850,Pita Kebab,56,35,5.323529411764706,26.0
4663514,Bolle med ost,145,53,3.4423076923076925,21.0
467108,Diverse,17,13,14.5,41.0
467615,Lille Pommes Frites,103,58,3.175438596491228,13.0
467616,Stor Pommes Frites,226,83,2.207317073170732,12.0
467630,1/2 Grillkylling,128,54,3.1320754716981134,13.0
467633,Plankebøf - 250g Frisk Oksekød,53,32,5.516129032258065,15.0
467658,Bacon Cheeseburger,168,62,2.9672131147540983,12.0
467661,Nuggets - 6 Stk,48,32,5.838709677419355,21.0
467667,"33 Cl. Coca Cola, Sprite, Fanta",90,31,5.9,18.0
468353,Chili og Hvidløg i Bæger Pr. Stk,41,17,9.625,28.0
4694181,Fisk 100kr,1270,87,2.0930232558139537,25.0
469951,Charcuteri,1,1,999.0,999.0
469952,Delikatesser,87,40,1.4871794871794872,5.0
469954,Andet,3,2,15.0,15.0
4701766,Delikatesser 29kr,659,90,2.0224719101123596,25.0
4701826,Delikatesser 39kr,635,90,2.0224719101123596,25.0
4701847,Delikatesser 49 kr,1767,91,2.0,25.0
4702016,Delikatesser 19kr,798,88,2.0689655172413794,25.0
4707466,Entré,9758,180,1.011173184357542,2.0
4707495,Fødselsdag,630,39,4.631578947368421,14.0
4707565,Margaretha,525,132,1.381679389312977,5.0
4707707,Frugt & Grønt Tallerken,544,133,1.371212121212121,6.0
4707719,Muffin/Scon/cookies,1192,165,1.103658536585366,3.0
4707720,Slikkepind,714,137,1.3235294117647058,23.0
4707780,Pølsehorn,1287,146,1.2482758620689656,5.0
4707804,Kyllingespyd,1027,137,1.3308823529411764,4.0
4708014,Capri Sun / Kakao,395,118,1.547008547008547,5.0
4708031,Iskaffe,461,138,1.3211678832116789,4.0
4708050,Alm. Kaffe/ Te,1585,165,1.103658536585366,3.0
4708092,Kaffe Latte / Chai Latte,2218,174,1.046242774566474,2.0
4708120,Cappuccino,703,144,1.2657342657342658,4.0
4708159,Slush Ice,5901,178,1.0225988700564972,2.0
4709025,Menu,171,8,20.571428571428573,71.0
4709272,Strømper,2301,168,1.0838323353293413,2.0
471073,Unspecified,86,45,3.7954545454545454,34.0
472885,Carlsberg,1246,106,1.723809523809524,14.0
472890,Tuborg Classic,557,81,2.2625,14.0
472894,Guinness,164,55,3.3333333333333335,25.0
472895,Kilkenny,73,40,4.615384615384615,33.0
472904,Jacobsen,25,15,12.857142857142858,35.0
472905,Grimbergen Double,268,79,2.3205128205128207,21.0
472906,Grimbergen Blonde,92,35,5.294117647058823,42.0
472910,1664 Rose,30,15,12.571428571428571,64.0
472914,1664 Blanc,89,31,5.866666666666666,50.0
472957,Black Coffee,28,19,9.38888888888889,38.0
472959,Cappuccino,49,27,6.461538461538462,42.0
472960,Cafe Latte,53,36,4.457142857142857,36.0
472961,Hot Chocolate with Cream,206,46,3.8666666666666667,21.0
472975,Irish Coffee,175,37,4.305555555555555,33.0
472979,Hot Lamumba,124,38,4.0,20.0
472985,Cappuccino and Baileys,23,13,11.833333333333334,37.0
472990,Peanuts,30,19,5.444444444444445,21.0
473065,Gin Hass,27,16,11.133333333333333,45.0
473080,White Russian,23,11,17.5,45.0
473095,Pina Colada,28,17,10.8125,43.0
473101,Sex on the Beach,32,15,12.428571428571429,75.0
473220,Rød Pølse,138,70,2.608695652173913,20.0
473228,Ristet Pølse,325,88,1.9195402298850575,21.0
473233,Almindelig Hotdog,118,73,2.5,21.0
473236,Rød Knækpølse,67,47,3.630434782608696,21.0
473241,Ristet Hotdog,499,101,1.8,20.0
473243,Fransk Hotdog,706,98,1.8556701030927836,20.0
473252,Pølse i Svøb,76,46,3.7111111111111112,21.0
473259,Frankfurter,81,47,3.630434782608696,21.0
473261,Grillmedister,60,39,4.394736842105263,29.0
473262,Stor Fransk Hotdog,472,98,1.8556701030927836,20.0
473264,Pølsebrød,92,44,3.883720930232558,21.0
473270,Bøfsandwich,104,61,2.9833333333333334,20.0
473276,Ribbenssandwich Lille,281,89,2.0454545454545454,20.0
473280,Ribbenssandwich Stor,210,79,2.3076923076923075,21.0
473283,Big Burger,56,37,4.638888888888889,24.0
473286,Cheeseburger,53,34,4.757575757575758,24.0
473290,Kyllingeburger,49,41,4.025,27.0
473293,Bacon Cheeseburger,63,36,4.9714285714285715,21.0
473318,Mellem sodavand,135,72,2.5211267605633805,9.0
473328,Pølsemix,80,43,3.8095238095238093,20.0
473329,Stor sodavand,341,129,1.4140625,5.0
473345,Chili Cheese Tops 1 stk.,75,8,19.142857142857142,57.0
473347,Kyllingeburger,147,76,2.4133333333333336,10.0
473351,Bøfsandwich med sovs,86,50,3.693877551020408,19.0
473356,Pommes Frites Lille,104,63,2.6129032258064515,20.0
473375,Dyppelse,126,59,2.793103448275862,22.0
473393,"Coca Cola 0,5 l",59,42,3.975609756097561,27.0
473395,"Faxe Kondi 0,5 l",66,45,3.659090909090909,23.0
473398,"Pepsi Max 0,5 l",74,49,3.75,22.0
473400,Pommes frites Stor,294,116,1.5739130434782609,6.0
473404,Cocio Lille,90,54,3.1132075471698113,25.0
473405,Cocio Stor,119,59,2.8793103448275863,20.0
473406,"Kildevand 0,5 l",83,56,3.272727272727273,20.0
473436,Stegte ris,135,79,2.3205128205128207,11.0
473464,Kylling i karry,201,97,1.8229166666666667,6.0
473492,Lykkelig familie,251,117,1.543103448275862,6.0
473497,63A Forårsrulle,172,59,3.086206896551724,12.0
473535,Hjemmelavet forårsrulle,190,69,2.6470588235294117,68.0
4744897,Vand,33,16,7.933333333333334,15.0
478032,Carlsberg Pilsner,836,29,1.1785714285714286,2.0
478033,Tuborg Classic,678,29,1.1785714285714286,2.0
478034,Golden Naked,133,25,1.375,3.0
478035,Blonde,70,18,1.9411764705882353,5.0
478036,Grimbergen Noël,153,26,1.32,4.0
478041,Juletid IPA,138,23,1.5,4.0
478046,1664 Blanc,323,29,1.1785714285714286,2.0
478051,Pulp Art,289,29,1.1785714285714286,3.0
478053,Mikkeller Burst Ipa,236,29,1.1428571428571428,2.0
478054,Brooklyn Uden Alkohol,96,23,1.4545454545454546,3.0
478068,Kaffe,107,28,1.2222222222222223,2.0
478077,Caffe Latte,66,23,1.5,4.0
478078,Chokolade m/u Flødeskum,103,26,1.32,2.0
478086,Irish Coffee,82,18,1.8823529411764706,4.0
478094,Grøn Tuborg,225,24,1.434782608695652,3.0
478095,Ceres Top,166,20,1.5263157894736843,5.0
478109,Gin & Tonic,152,24,1.434782608695652,4.0
478112,Gin Hass,91,21,1.65,3.0
478116,Negroni,79,17,2.0625,5.0
478124,White Russian,70,17,1.8125,6.0
478126,Espresso Martini,96,19,1.7777777777777777,4.0
478135,Dark ' N ' Stormy,74,17,2.0625,6.0
478142,Whisky Sour,80,19,1.8333333333333333,5.0
478143,Pastis,110,25,1.375,4.0
478213,Sauvignon Blanc glas,145,25,1.375,4.0
478230,Husets Røde Glas,68,23,1.5,4.0
478444,Unspecified,410,136,1.2222222222222223,4.0
478635,Unspecified,321,56,1.9272727272727272,7.0
480007,Alm Øl,17969,179,1.0168539325842696,2.0
480008,Lux Øl,427,86,2.1176470588235294,8.0
480009,Alm Spiritus,1130,125,1.4596774193548387,4.0
480010,Bitter,2900,176,1.0342857142857143,2.0
480011,Shots,2693,176,1.0342857142857143,3.0
480012,Sodavand,1631,173,1.052325581395349,2.0
480013,Red Bull,106,50,3.673469387755102,15.0
480014,TB,209,76,2.4133333333333336,7.0
480015,3 TB,120,56,3.1272727272727274,9.0
480016,Vin,548,145,1.2569444444444444,4.0
480017,Dobbelt + Vand,238,68,2.6865671641791047,16.0
480018,Sæt,617,166,1.096969696969697,3.0
480020,10 Turskort,2127,179,1.0168539325842696,2.0
480021,Cigaretter,320,136,1.3407407407407408,5.0
480022,Toast,163,77,2.3421052631578947,8.0
480038,Nr. 1 Panang Karry,171,83,2.1951219512195124,18.0
480039,Nr. 2 Grøn Karry,59,44,3.697674418604651,16.0
480040,Nr. 3 Gul Karry,35,24,6.782608695652174,18.0
480041,Nr. 4 Pad Kra Pow,23,22,8.571428571428571,29.0
480045,Nr. 5 Pad Pet Nua,30,26,6.2,18.0
480048,Nr. 6 Pad Priew Wan,49,37,4.75,18.0
480049,Ris,11,10,20.0,55.0
480052,Vand,18,14,11.76923076923077,37.0
480053,Sodavand,61,35,4.764705882352941,20.0
480264,Hawaii,106,62,2.721311475409836,12.0
480268,Peperoni,163,92,1.8241758241758241,7.0
480270,Dano,133,87,1.9186046511627908,10.0
480294,Pizza Insalata,270,115,1.4473684210526316,5.0
480299,Dantes Special,102,60,2.711864406779661,7.0
480311,Calzone,112,73,2.3055555555555554,9.0
480319,Mervan,119,75,2.22972972972973,7.0
480355,Unspecified,231,98,1.3505154639175259,4.0
480390,Cheese Burger,96,51,3.3,11.0
480407,Hjemmelavet Pita Brød,124,70,2.3768115942028984,9.0
480408,Hjemmelavet Durum,145,78,2.155844155844156,8.0
480410,Plankebøf (Kalv),141,64,2.5555555555555554,11.0
480411,Plankebøf (Okse),142,66,2.476923076923077,13.0
480414,Pariserbøf,93,55,2.962962962962963,12.0
480441,Spaghetti Carbonara,85,59,2.8448275862068964,10.0
480476,Nachos Kylling,86,52,3.215686274509804,12.0
480503,Pommes Frites,168,91,1.8444444444444446,5.0
480511,Crepes,98,43,3.8333333333333335,14.0
480512,Sodavand / Vand,1635,157,1.064102564102564,3.0
480847,Håndmadder,47,4,49.666666666666664,105.0
480848,Snitter,802,38,4.891891891891892,28.0
480849,Smørrebrød,578,18,10.058823529411764,52.0
480850,Landgangsbrød,10,3,63.5,99.0
480851,Sandwich,112,27,6.461538461538462,25.0
480853,Stjerneskud,29,12,13.636363636363637,30.0
480858,Luksus Stjerneskud,18,5,29.75,75.0
480886,1 Portion,47,8,25.0,56.0
480887,2 Portioner,35,12,15.909090909090908,56.0
482693,Pølsemix stor,149,77,2.3815789473684212,12.0
482694,Kebabmix,116,76,2.36,9.0
483750,Unspecified,34,25,6.375,18.0
484019,"Tomat, Ost",72,41,4.45,15.0
484022,"Bacon, Champignon, Hvidløg",28,18,9.941176470588236,43.0
484023,Skinke,107,68,2.626865671641791,16.0
484027,Oksekød,20,17,10.625,58.0
484028,Kebab,25,19,9.277777777777779,41.0
484031,Pepperoni,126,80,2.2531645569620253,14.0
484033,"Skinke, Ananas",200,97,1.8854166666666667,6.0
484037,"Skinke, Oksekød, Løg, Hvidløg",246,112,1.6306306306306306,6.0
484039,"Skinke, Oksekød, Kebab, Løg, Hvidløg",226,100,1.8080808080808082,8.0
484076,"Skinke, Oksekød, Kebab, Bacon, Løg, Grøn Peber",104,76,2.28,11.0
484104,"Kebab, Frisk Tomat, Løg, Dressing",148,83,2.158536585365854,10.0
484160,"Kebab Kylling, Løg, Frisk Salat, Frisk Tomat, Agurk, Cremefraiche Dressing",20,17,9.4375,35.0
484175,Oksekød,34,33,5.65625,18.0
484214,"Skinke, Kebab, Champignon, Løg",28,24,7.304347826086956,35.0
484223,Kebab Durum,66,44,3.9767441860465116,16.0
484240,Kebab Sandwich (Indbagt),60,36,4.771428571428571,17.0
484314,Unspecified,259,73,2.513888888888889,11.0
484429,Cheese Burger,51,37,4.722222222222222,15.0
484443,1/2 Kyllig,289,91,1.9444444444444444,14.0
484444,"Spaghetti, Oksekød, Fløde, Bacon, Ost, Tomatsauce, Krydderier",22,13,14.083333333333334,40.0
484453,"0,33 Liter",96,63,2.838709677419355,21.0
484454,0.5 Liter,295,126,1.448,5.0
484464,"1,5 Liter",47,38,4.324324324324325,20.0
484500,White Wine,94,44,3.953488372093023,25.0
484502,Rose Wine,24,16,11.2,61.0
4851848,Fiskedeller 3stk.,1063,91,2.0,25.0
485826,Bukser,8,8,25.857142857142858,80.0
485827,Jakker,16,14,13.0,59.0
485828,T-Shirt,10,7,20.5,86.0
485830,Khamis,17,13,13.666666666666666,61.0
485831,Pyjamas,5,5,35.25,119.0
485832,Undertøj,4,4,28.333333333333332,44.0
485834,Nederdel,15,11,15.5,33.0
485835,Kjole,56,43,4.309523809523809,24.0
485836,Hijab,98,60,3.0677966101694913,24.0
485837,Fodboldtøj,41,33,5.625,23.0
485838,Sko,3,2,58.0,58.0
485840,Mand,9,7,19.666666666666668,55.0
486001,Unspecified,45,21,8.5,34.0
487123,Lovpligtig bæreposeafgift,6126,179,1.0112359550561798,2.0
489534,Gavekort,3,2,95.0,95.0
489780,Brød,2119,152,1.1986754966887416,22.0
489785,Rød Pølse Kogt,287,112,1.6036036036036037,23.0
489789,Ristet Pølse,618,138,1.3211678832116789,22.0
489791,Ristet Pølse i Svøb,383,123,1.4836065573770492,22.0
489792,Knæk Kogt/Ristet,283,120,1.5210084033613445,24.0
489793,Knæk Pølse i Svøb,93,71,2.5285714285714285,22.0
489794,Medister,340,129,1.4140625,22.0
489802,Frankfurter,165,99,1.846938775510204,22.0
489804,Kæmpe Frankfurter,191,106,1.723809523809524,22.0
489809,Kæmpe Frankfurter Speciale,109,69,2.588235294117647,23.0
489810,Almindelig Hotdog,601,138,1.3211678832116789,22.0
489811,Ristet Hotdog,1561,153,1.1907894736842106,22.0
489812,Fransk Hotdog,600,142,1.2836879432624113,22.0
489817,Pita Kebab,91,63,2.9193548387096775,24.0
489832,Pølse Mix,867,150,1.2147651006711409,22.0
489840,Kebab Mix,227,108,1.691588785046729,26.0
489841,Kylling Mix,88,64,2.761904761904762,23.0
489855,1/2 Kylling med Pommes eller Salat,226,90,2.033707865168539,23.0
489907,Cheese Burger,133,78,2.2857142857142856,22.0
489909,Bacon Cheese Burger,137,77,2.3289473684210527,26.0
489930,Jumbo Bacon & Cheese,183,61,2.8666666666666667,23.0
489939,Bøf Sandwich,157,91,2.011111111111111,22.0
489973,Lille Pommes,438,142,1.2836879432624113,22.0
489983,Stor Pommes,146,68,2.5223880597014925,24.0
490057,Unspecified,11,10,17.666666666666668,68.0
4922623,3 kugler is.,34,28,6.555555555555555,35.0
4922654,2 kugler is.,23,18,9.411764705882353,35.0
4922738,1 Kugle is,21,13,12.833333333333334,56.0
4923292,Pepsi max.,134,57,3.1607142857142856,32.0
4923302,Coca Cola,112,62,2.8688524590163933,31.0
4923412,Toast,35,21,8.0,46.0
493548,"0,5 Liter",386,131,1.3923076923076922,22.0
493558,"0,25 Cl",216,113,1.6160714285714286,22.0
493561,Passion,89,64,2.7777777777777777,23.0
493567,Cocio Lille,328,125,1.4596774193548387,24.0
493568,Stor Cocio,337,123,1.4836065573770492,22.0
493597,Amour de Paris -velkomstdrink,11,2,42.0,42.0
494065,Børnebuffet,16,12,15.363636363636363,125.0
495334,Fransk Hotdog,359,22,7.095238095238095,22.0
495335,Pommes Frites stor,120,22,7.285714285714286,27.0
495336,Pølse Mix,149,30,5.862068965517241,22.0
495337,Kyllinge Mix,180,27,5.730769230769231,27.0
495343,Pariser Toast,75,28,5.666666666666667,24.0
495350,Sandwich med Kyling & Bacon,47,9,14.125,36.0
495352,Sports Cola,211,55,2.888888888888889,17.0
495355,Booster/Monster,77,25,6.208333333333333,21.0
495359,Sodavand,1134,84,2.1204819277108435,13.0
495360,Capri sonne,78,20,7.2105263157894735,51.0
495361,Lille Saft,51,21,8.25,27.0
495366,Mellem Saft,41,17,9.3125,33.0
495367,Stor Saft,234,44,3.8372093023255816,17.0
495374,ØL,3011,98,1.7525773195876289,7.0
495375,Fadøl Tuborg Classic,146,15,8.5,22.0
495377,Breezer/shaker sport,310,11,12.7,49.0
495394,Pringles Chips,100,32,5.290322580645161,30.0
495399,Kims Chips,70,36,4.714285714285714,26.0
495406,Mars/Snikers/Milkyway,90,37,4.583333333333333,12.0
495415,Pingvin Stænger,110,30,5.206896551724138,28.0
495417,Lune Snacks,97,21,7.45,35.0
495451,Kvinde,14,14,11.384615384615385,31.0
495452,Øreringe,6,5,21.0,41.0
495456,Ringe,7,7,14.666666666666666,27.0
495461,Halskæde,4,3,39.5,53.0
495466,Ur,4,4,32.666666666666664,81.0
495475,Hat,23,21,8.45,32.0
495476,Tørklæde,192,98,1.7525773195876289,7.0
495488,Full Body Creme,544,139,1.3115942028985508,11.0
495489,Hår,103,57,3.232142857142857,11.0
495490,Oil,130,80,2.278481012658228,8.0
495491,Shampoo,22,20,8.263157894736842,25.0
495494,Sæbe,27,25,7.375,27.0
495499,Gel,9,9,20.75,100.0
495500,Henna,148,90,2.0,6.0
495503,Tråd,8,6,36.2,99.0
495515,Koran,11,10,14.444444444444445,37.0
495517,Dyner,4,4,39.0,71.0
4959214,Tilbud 5,91,50,3.489795918367347,13.0
4959234,Tempura Roll,61,48,3.74468085106383,12.0
4959236,Laks Nigiri,86,20,9.052631578947368,28.0
4959253,Ebi Furai Roll (8 stk),100,63,2.8225806451612905,10.0
4959255,Agurk Hoso Maki,74,30,6.103448275862069,19.0
4959270,Pho risNudler Suppe med Oksekød,63,46,3.933333333333333,22.0
4959272,Peking Suppe,105,58,3.1228070175438596,10.0
4959275,Hjemmelaver Små Forårsruller,207,93,1.9565217391304348,8.0
4959276,Hjemmelaver Stor Forårsrulle,725,139,1.3115942028985508,4.0
4959278,Dumplings,71,52,3.450980392156863,12.0
4959279,Tempura Tiger Rejer,160,93,1.9673913043478262,7.0
4959280,Kyllingespyde,63,48,3.765957446808511,16.0
4959290,Kylling med cashewnødder,63,45,3.977272727272727,12.0
4959291,Kylling med Grøn Karry,72,56,3.290909090909091,11.0
4959292,Kylling med Rød Karry,216,107,1.6981132075471699,6.0
4959293,Kylling med Gul Karry,133,79,2.3205128205128207,8.0
4959294,Dybestegt Kylling,72,44,4.116279069767442,14.0
4959301,Andsteg med Grøntsager,73,51,3.48,13.0
4959316,Stegte Ris med Kylling,202,97,1.84375,6.0
4959317,Stegte Ris med Oksekød,61,46,3.8666666666666667,19.0
4959320,Stegte æg Nudler med Kylling & Grøntsager,372,130,1.3953488372093024,5.0
4959321,Stegte æg Nudler med Oksekød & Grøntsage,205,96,1.9052631578947368,7.0
4959323,Stegte Udonnudler med Oksekød & Grøntsager,57,43,4.261904761904762,14.0
4959324,Stegte Risnudler med Kylling og Grøntstager,77,55,3.2222222222222223,8.0
4959325,Kylling Nuggets (5 stk),66,45,3.840909090909091,14.0
4959327,Chilli Mayo,80,47,3.8260869565217392,13.0
4959333,Rejer Chips,68,52,3.450980392156863,15.0
4959340,Dåsesodavand,100,52,3.549019607843137,13.0
4965091,Pengesedler,8,7,18.166666666666668,36.0
497652,Sandwich,719,98,1.824742268041237,32.0
497653,Dagens Ret,804,104,1.7184466019417475,31.0
497654,Smørrebrød,273,31,5.833333333333333,35.0
497655,Rundstykker,87,56,3.2181818181818183,38.0
497660,Pølsehorn,25,14,11.23076923076923,111.0
497661,Kage,50,26,7.08,37.0
497674,Snitter,338,53,3.3846153846153846,32.0
497722,Andesteg med Sursød Sauce,67,49,3.6458333333333335,19.0
497745,Oksekød Chop Suey,68,47,3.760869565217391,19.0
497774,Kylling Chop Suey,136,79,2.2948717948717947,18.0
497775,Kylling i Karry,292,99,1.836734693877551,18.0
497788,Indbagt Kylling,116,62,2.8852459016393444,21.0
497796,Stegte Nudler med Oksekød,115,61,3.0,21.0
497798,"Stegte Nudler de Luxe med Svinekød, Kylling og Rejer",100,58,3.1403508771929824,19.0
497803,Stegte Nudler med Kylling og Rejser,77,53,3.4615384615384617,26.0
497815,Stegte Ris De Luxe,190,84,2.108433734939759,19.0
497819,"Stegte Ris med æg, Kylling og Rejer",163,77,2.3552631578947367,19.0
497821,Stegte Ris med æg og Oksekød,61,41,4.375,22.0
497840,Hjemmelavet Burger,61,47,3.847826086956522,18.0
497841,Hjemmelavet Burger med Ost,98,51,3.46,21.0
497849,Hjemmelavet Burger med Ost og Bacon,254,100,1.7878787878787878,17.0
497858,Bøfsandwich,65,38,4.675675675675675,21.0
497859,Flæskestegsandwich,140,70,2.608695652173913,22.0
497860,Tapas,80,9,17.0,75.0
497861,Store Flæskestegsandwich,178,89,2.0454545454545454,18.0
497862,Øl,91,6,25.6,84.0
497863,Sodavand,82,13,11.666666666666666,32.0
497865,1 gl. Vin,9,3,42.0,76.0
497868,5 stk. Wonton,79,52,3.4313725490196076,22.0
497874,½ Kylling med Pommes Frites og Salat,99,56,3.2181818181818183,18.0
497887,Forårsrulle,427,104,1.7475728155339805,19.0
497897,Stor Pommes Frites,147,79,2.269230769230769,19.0
497898,Mellem Pommes Frites,133,76,2.36,21.0
497899,Lille Pommes Frites,161,95,1.9148936170212767,17.0
497900,Remoulade,98,57,3.0714285714285716,18.0
497904,Mayonnaise,149,75,2.4324324324324325,18.0
498005,Juleøl,48,9,5.375,7.0
498021,Sports cola,23,12,15.818181818181818,71.0
498025,Glas vin,39,13,12.916666666666666,34.0
498039,Most glas,1,1,999.0,999.0
498050,Torsdags menu 1/2 børne,17,10,16.333333333333332,70.0
498215,Diverse,406,130,1.4031007751937985,9.0
498414,Unspecified,771,108,1.6355140186915889,17.0
498770,Fiskesymphoni,180,73,2.2777777777777777,8.0
498919,Håndmad,785,84,2.108433734939759,19.0
498922,Smørrebrød a,438,19,8.777777777777779,23.0
498941,Smørrebrød a,1649,60,3.0508474576271185,17.0
498944,Smørrebrød a,13,2,39.0,39.0
500926,Unspecified,534,88,2.0689655172413794,7.0
5014984,"Capri-sun, Safari Fruits",482,103,1.5196078431372548,12.0
5015009,Matilde Original,1111,163,1.117283950617284,3.0
501506,Unspecified,443,143,1.2746478873239437,15.0
501620,Flæskesteg sw,21,15,11.357142857142858,48.0
501621,Flæskesteg sw,45,28,6.0,28.0
501635,1 Skive flæskesteg,2,1,999.0,999.0
501636,1 Frikadelle,2,1,999.0,999.0
504554,1/4 Vand,13,12,11.363636363636363,22.0
504556,1/2 Vand,30,25,6.958333333333333,21.0
505338,Vegi burger,10,8,18.714285714285715,89.0
505362,Edamame Bønner,280,124,1.4552845528455285,4.0
505372,Tangsalat,177,83,2.1707317073170733,8.0
505453,Tilbudsmenu 2 (34 stk.),168,105,1.7403846153846154,6.0
505491,Star Menu A (16 stk.),136,84,2.1325301204819276,10.0
505492,Star Menu B (18 stk.),110,74,2.4657534246575343,8.0
505498,Crispy Menu (24 stk.),192,101,1.81,5.0
505555,Alaska,110,81,2.25,7.0
505559,Crispy Rejer,244,51,3.54,8.0
505572,Crispy Kylling,126,65,2.828125,13.0
505590,Classic Dragon,118,75,2.445945945945946,9.0
505607,Green Dragon,157,97,1.8854166666666667,6.0
505678,Laks Nigiri (2 stk),112,54,3.3773584905660377,11.0
505763,Små Laks,123,64,2.7936507936507935,10.0
505768,Små Agurk,224,85,2.1547619047619047,7.0
505776,Små Avocado,215,88,2.0804597701149423,7.0
505814,Chilimayo,347,123,1.4836065573770492,4.0
505887,Sodavand 33cl,121,61,2.966666666666667,10.0
5067368,Pitabrød kebab,2379,147,1.2328767123287672,10.0
508418,Kop Kaffe,2,1,999.0,999.0
508420,Kaffe og Bolle,10,1,999.0,999.0
508485,Pommes Frites (Personale),23,14,10.384615384615385,25.0
508486,Pommes Frites med Nuggets (Personale),17,14,12.384615384615385,30.0
508487,Fransk Hotdog (Personale),12,10,15.222222222222221,42.0
508501,Pizzasnegl (Personale),6,5,10.5,14.0
508511,Panini (Personale),2,1,999.0,999.0
508520,Kage (Personale),14,6,9.2,14.0
508521,Frugt (Personale),3,2,7.0,7.0
508592,Menu 1,188,92,1.989010989010989,12.0
508594,Menu 2,42,25,7.291666666666667,51.0
508604,Menu 3,253,110,1.651376146788991,20.0
508636,Energi Drik 25cl,51,43,3.6666666666666665,13.0
508642,Energi Drik 50cl,24,21,7.65,26.0
508644,Energidrik Monster,30,26,5.6,21.0
508650,3 Energi Drik 25cl,60,49,3.6458333333333335,18.0
510250,Bæreposer,639,158,1.1464968152866242,3.0
5114259,Pommes frites/Grove fritter,27,15,12.928571428571429,113.0
511456,Dybstegt Kylling med Sur-Sød Sauce,37,23,7.818181818181818,37.0
512750,Amager,1672,171,1.0411764705882354,6.0
5130765,Overført af kunde på privat mobilepay afregnet kontant,22,18,9.117647058823529,27.0
514043,Harboe vand,394,121,1.5,7.0
5157217,Juice,8,2,40.0,40.0
515881,Børneis,165,75,2.2972972972972974,9.0
515885,Is med Chokolade Sauce,132,57,3.1964285714285716,17.0
515889,Banana Split,125,60,2.9322033898305087,12.0
515890,Pandekage med Is,123,59,3.0517241379310347,20.0
515915,Cuvee Prestige Blanc,98,58,3.087719298245614,11.0
515959,Cuvee Prestige Rouge,110,70,2.6231884057971016,12.0
5161357,Seriepris pensionist,1284,72,2.507042253521127,9.0
5161358,Bowling (150),193,48,3.851063829787234,18.0
5161359,Bowling (170),281,63,2.8548387096774195,8.0
5161360,Skoleje,1641,110,1.6605504587155964,6.0
5161361,Flaske øl,432,51,3.62,11.0
5161362,"Fadøl, Lille",285,86,2.1176470588235294,7.0
5161363,"Fadøl, Mellem",1222,119,1.5338983050847457,6.0
5161364,"Fadøl, Stor",1297,104,1.7572815533980584,6.0
5161371,Flaske Sodavand,927,61,2.9166666666666665,10.0
5161372,"Sodavand, Lille",517,106,1.7047619047619047,6.0
5161373,"Sodavand, Mellem",1174,135,1.335820895522388,5.0
5161374,"Sodavand, Stor",307,64,2.8412698412698414,9.0
5161376,½ l. Flaskevand,118,66,2.7846153846153845,10.0
5161381,"Kaffe/te, Kande",97,23,6.454545454545454,34.0
5161386,Barbecue Ben & Bowl,225,34,5.151515151515151,22.0
5161392,3 sl. Kød med Bowl,699,34,5.333333333333333,27.0
5161393,3 sl. Kød uden Bowl,334,31,5.766666666666667,27.0
5161394,3 sl. kød børn,124,21,8.4,41.0
5161398,Isbar v. menu,279,15,11.285714285714286,25.0
5161430,Brunch II,84,2,44.0,44.0
5161445,Stor Jul & Bowl,126,5,5.0,7.0
5161455,2 cl. Sprit,141,10,16.444444444444443,77.0
5161457,Drinks,164,25,5.833333333333333,15.0
517029,Sodavand/juice lille,529,152,1.1986754966887416,4.0
517030,Sodavand/juice mellem,1764,169,1.0773809523809523,3.0
517031,Fuzetea,51,40,4.358974358974359,27.0
517040,Isvand (Pr. Person),842,152,1.1986754966887416,4.0
517055,Hyldeblomst,68,47,3.847826086956522,34.0
517059,Fadøl lille,89,46,3.7555555555555555,18.0
517071,Japansk/kinesisk øl,138,55,3.314814814814815,11.0
517080,Carlsberg Nordic (Alkolholfri),36,24,7.086956521739131,24.0
517226,Grimbergen lille (33 cl),39,30,5.620689655172414,20.0
517280,Buffet B (Min. 15 Couverter),40,2,137.0,137.0
517284,Buffet C (Min. 20 Couverter),38,1,999.0,999.0
5177566,Glas vin,5,2,33.0,33.0
518019,Shots,54,1,999.0,999.0
519441,Marghirita,99,59,3.103448275862069,13.0
519446,Meat Lover,123,71,2.585714285714286,14.0
519447,Roma,39,31,5.533333333333333,16.0
519449,Prosciutto E funghi,28,20,9.210526315789474,24.0
519767,Hawaii,26,21,8.7,20.0
519774,Speciale,39,33,5.25,16.0
519780,Hot Pepperoni,49,41,4.375,16.0
519814,Porko,86,57,3.1964285714285716,11.0
519818,Kebab Pizza,86,59,3.103448275862069,12.0
519823,Efter Eget Valg,161,87,2.104651162790698,6.0
519825,A. Gorganzola,25,22,7.619047619047619,17.0
519827,C. Pepperoni og Kylling,19,18,9.411764705882353,36.0
519857,Calzone Spaghetti Bolognese,39,29,6.285714285714286,20.0
519917,"Med Kebab, Salat, Tomat, Agurk, Dressing",27,24,6.086956521739131,14.0
519918,"Med Kylling, Bacon, Salat, Tomat, Agurk, Dressing",25,19,8.944444444444445,23.0
519927,Gigant Cheeseburger,19,14,13.307692307692308,40.0
519963,"Med Kebab, Salat, Tomat, Agurk, Rødløg, Dressing",156,78,2.2857142857142856,8.0
519976,Halv Kylling,56,41,4.2,11.0
519985,A. Lille Pommes Frites,59,48,3.723404255319149,17.0
519989,B. Mellem Pommes Frites,38,33,5.1875,15.0
519998,Stor Pommes Frites,45,36,4.914285714285715,15.0
520061,"0,33 L Sodavand",411,120,1.5210084033613445,5.0
520071,"1,5 L Sodavand",92,52,3.450980392156863,13.0
5203683,Fadøl pilzner,34,17,11.25,140.0
5205988,Capri Sonne,127,49,3.5416666666666665,20.0
5206267,Chicken Burger 1,724,152,1.1986754966887416,4.0
5210518,Slik,118,38,2.027027027027027,5.0
5228499,Personale øl,110,24,6.391304347826087,18.0
5228521,Fredags Øl,207,22,8.333333333333334,27.0
5228536,Alm. ØL,63,19,9.0,25.0
5228627,SODAVAND,262,67,2.6515151515151514,16.0
5228641,JUICE,83,42,4.048780487804878,17.0
5228674,RED BULL /COCIO,170,62,2.9672131147540983,14.0
5228754,SPRIT,1026,101,1.81,5.0
5228762,SPRIT,400,69,2.573529411764706,11.0
5228764,SPRIT,96,17,10.5,35.0
5228957,SHAKER,98,30,5.724137931034483,14.0
5229019,KAFFE,879,145,1.2569444444444444,4.0
5229023,KAFFE,127,73,2.5,16.0
5229031,IRISH KAFFE,116,36,4.828571428571428,15.0
5229117,TOBAK,249,122,1.487603305785124,6.0
523010,Take away,1221,51,1.16,2.0
5230412,SHAKER,347,74,2.4794520547945207,7.0
5230446,SHAKER 3 STK 100,270,65,2.8125,8.0
5230488,FREDAGS ØL,3449,69,2.6470588235294117,7.0
5230506,ØL,16774,182,1.0,1.0
5230517,VAND,1328,174,1.046242774566474,2.0
5230538,SPRIT,1777,154,1.1830065359477124,4.0
5231126,SPRIT,992,114,1.6017699115044248,6.0
5232969,LILLE ØL,221,56,3.290909090909091,28.0
5233209,DRINK,43,14,13.538461538461538,74.0
5233324,LONG DRINK,64,27,6.8076923076923075,49.0
5233557,STOR ØL HH,1138,85,2.1547619047619047,8.0
5233678,FLASKEØL,96,22,8.428571428571429,36.0
5233713,GLAS VIN,73,29,6.428571428571429,26.0
5233733,FLASKE VIN,7,7,28.166666666666668,72.0
5233871,ALKOHOLFRI,23,13,13.75,35.0
5234140,SODA MELLEM,43,20,9.31578947368421,36.0
5234158,SODA STOR,30,22,7.666666666666667,36.0
5234173,VAND,5,2,3.0,3.0
5234242,STOR ALSTER,12,8,24.142857142857142,144.0
5234261,LILLE ALSTER,9,6,34.8,163.0
5234334,ØLKORT STOR,8,8,20.857142857142858,63.0
5234348,ØLKORT LILLE,11,6,34.2,93.0
5234641,Unspecified,665,176,1.0342857142857143,2.0
5235795,Små,8,4,20.666666666666668,48.0
5235832,SHOTS,56,14,13.923076923076923,43.0
5235871,STOR SHOTS,63,12,15.727272727272727,91.0
5236030,KAFFE,50,19,10.055555555555555,71.0
5236069,KAKAO,105,41,4.425,22.0
5236320,DRINK HH,26,13,15.083333333333334,63.0
5236336,LONG DRINK HH,85,28,6.703703703703703,30.0
5236392,STOR ALSTER HH,4,2,3.0,3.0
5236396,LILLE ALSTER HH,4,3,66.0,130.0
5236424,SMIRNOFF,16,6,31.2,85.0
523651,Okse,691,94,1.935483870967742,18.0
523652,Kyling,483,95,1.9042553191489362,18.0
523653,Rørt Laks,249,79,2.2435897435897436,18.0
523658,Serrano,126,55,3.314814814814815,19.0
523672,Almindelig,42,27,6.153846153846154,26.0
523678,Vegetarisk (Dagens Salat Bowl),50,40,3.923076923076923,18.0
523687,Med Plukket Kylling (Dagens Salat Bowl),106,54,3.30188679245283,18.0
523688,Med Rørt Laks (Dagens Salat Bowl),96,50,3.5306122448979593,25.0
523703,Kage,187,25,7.291666666666667,43.0
523708,Coca-Cola,56,15,12.428571428571429,50.0
523714,Kildevand,60,36,4.885714285714286,21.0
523720,Åbent Køkken,184,28,6.222222222222222,28.0
523755,Øl & ½ l Cola / Sprite / Icetea,2936,96,1.8,14.0
523759,Kaffe / The / Kakao,15,1,999.0,999.0
523772,Kildevand + Div. 25 cl. Vand / Juice,172,61,2.8,27.0
523773,Cocio,30,25,6.541666666666667,20.0
523774,Konfektion (1),50,33,5.28125,27.0
523783,Fransk Hotdog  /  Pølse Med Brød  /  Skinke toast  /  Pommes,366,49,3.5416666666666665,18.0
523788,Div mad,7,7,26.0,54.0
523826,Kaffe/The,976,108,1.6355140186915889,17.0
523827,Kande Kaffe,222,79,2.1923076923076925,20.0
523834,Sodavand,459,101,1.75,19.0
523835,Øl,491,72,2.464788732394366,19.0
523836,Glas Vin,136,29,5.75,25.0
523837,Lun Ret,780,104,1.6990291262135921,18.0
523838,Smørrebrød,841,96,1.8421052631578947,18.0
523839,Bolle,524,102,1.7326732673267327,17.0
523844,Ost,404,93,1.9021739130434783,17.0
523846,Kage,374,63,2.806451612903226,19.0
523847,Trøfler,100,44,3.9767441860465116,22.0
524158,Hvidløgsbrød,116,52,3.4313725490196076,22.0
524167,Humus,163,63,2.838709677419355,20.0
524180,Spicy Snack-Brød,55,35,5.294117647058823,22.0
524187,Syltet Rød og Hvidkål,34,20,9.473684210526315,35.0
524204,Vegetar Tajin,57,29,6.25,23.0
524214,Tajin med Oksekødsboller,52,39,4.605263157894737,29.0
524221,Tajin med Marinaret Kylling,135,60,2.983050847457627,20.0
524241,Tajin med Marineret Laks,36,24,7.3478260869565215,30.0
524246,Tajin med Oksekød,56,34,5.303030303030303,22.0
524253,Tajin med Kylling Eller Oksekød,76,37,4.861111111111111,29.0
524258,"Tajin med Lam, Couscous og årstidens Grøntsager",57,37,4.861111111111111,28.0
524265,"Tajin med Lam, Svesker, Mandler, Sesam, årstidens Grøntsager og Kartofler",88,46,3.8666666666666667,20.0
524274,"Tajin med Lam, Grønneoliven",89,48,3.74468085106383,20.0
524278,Tajin med Fyldt Marokkansk Peberfrugt,49,28,5.962962962962963,22.0
524304,Medina Gryderet med Kikærter og Oksekødsboller,10,9,22.5,83.0
524315,Marineret Kylling,28,22,8.095238095238095,22.0
524346,Cola/ Cola Zero 25cl,174,51,3.4,20.0
524351,Fanta 25cl,22,13,13.916666666666666,91.0
524353,Sprite 25cl,11,9,18.5,63.0
524356,Danskvand med Uden Citurs 25cl,74,29,5.821428571428571,37.0
524358,Kande med Vand,225,69,2.6470588235294117,20.0
524359,Frisk Marokkansk Myntete i Glas,93,35,5.294117647058823,22.0
524360,Marokkansk Kogekaffe,13,10,15.555555555555555,58.0
524985,Irish Coffee,100,33,5.625,27.0
524988,Dobbelt Irish,72,25,7.333333333333333,41.0
525051,Alm Extra Tilbehør,57,32,5.838709677419355,27.0
525058,Hjemmelavet Hvidløg i Bøtte,61,36,4.771428571428571,22.0
525062,Hjemmelavet Chiliolie i Bøtte,26,16,8.666666666666666,34.0
526222,Unspecified,47,23,7.2727272727272725,42.0
526273,Hummus,50,34,4.909090909090909,14.0
526275,Tzatziki,29,23,8.227272727272727,34.0
526276,Baba Ghanoush,32,25,7.208333333333333,14.0
526278,Fattoush,62,38,4.864864864864865,20.0
526279,Tabbouleh,59,33,5.65625,21.0
526282,Lahimbagin,219,60,3.0677966101694913,11.0
526283,Kibbeh,124,61,3.0,11.0
526285,Yalanji,31,26,7.16,24.0
526286,Pommes,74,49,3.75,11.0
526287,Nuggets,28,16,11.933333333333334,34.0
526288,Brød,56,32,5.774193548387097,22.0
526289,Kebab rulle,156,66,2.769230769230769,10.0
526291,kylling shawarma,38,18,9.882352941176471,31.0
526292,falafel durum,22,17,10.625,30.0
526293,kylling ret,179,67,2.742424242424242,11.0
526294,falafel ret,96,39,4.7368421052631575,13.0
526295,kebab mix,33,23,8.181818181818182,24.0
526296,mix spyd,323,89,2.0568181818181817,7.0
526297,kaftah spyd,25,17,10.5,45.0
526298,3x kylling spyd,22,14,12.76923076923077,28.0
526299,2x kylling spyd,63,38,4.837837837837838,17.0
526300,2x lam spyd,38,18,9.823529411764707,28.0
526303,familie grill,62,47,3.9130434782608696,16.0
526305,Cola,267,55,3.314814814814815,16.0
526308,Ayran,266,74,2.4794520547945207,11.0
526309,Gazoz,226,76,2.4,7.0
526311,Vand,56,28,6.2592592592592595,27.0
5277543,Winner Burger,60,34,5.484848484848484,31.0
5277547,Big Burger,102,59,3.103448275862069,24.0
5277548,Cheeseburger,222,85,2.142857142857143,22.0
5277549,Bacon Burger,59,41,4.5,24.0
5277550,Bacon Cheese Burger,478,116,1.565217391304348,22.0
5277554,Jumbo Bacon Cheeseburger,59,39,4.342105263157895,27.0
5277559,Bøfsandwich,62,36,4.9714285714285715,24.0
5277561,Pita med Kylling & Bacon,67,33,5.15625,29.0
5277563,Pitabrød med Kebab,130,65,2.828125,23.0
5277564,Pommes Frites mellem,319,113,1.6160714285714286,22.0
5277565,Pommes frites stor,509,128,1.4251968503937007,22.0
5277575,1/2 BBQ Kylling med Pommes Frites & Agurker Salat,124,64,2.873015873015873,24.0
5277578,Plankebøf,107,57,3.107142857142857,22.0
5277580,Kina Ruller med Salat,65,37,5.0,28.0
5277583,Ristet Hotdog,139,57,3.1964285714285716,32.0
5277595,Cheeseburger Menu,74,44,4.116279069767442,29.0
5277597,Bacon Cheeseburger Menu,161,75,2.4324324324324325,23.0
5277622,Stegte Ris eller nudler med Kylling,67,42,4.365853658536586,45.0
5277631,Lille box,279,108,1.691588785046729,22.0
528711,"Cork per. bottle 0,75L.",169,59,3.103448275862069,20.0
5287336,Kaffe og kage,21,4,13.0,26.0
528772,Nem aftensmad,834,64,2.7142857142857144,26.0
528779,Fredags tamtam,839,48,3.74468085106383,20.0
529786,Leje Borde,2,1,999.0,999.0
529787,Leje Stole,12,1,999.0,999.0
529788,Leje Badmintonbane,3,3,65.5,102.0
529789,! Rør Fjerbolde,13,11,14.3,49.0
529790,Leje Cafeteria,1,1,999.0,999.0
529804,Aglio (Lille),476,110,1.6330275229357798,9.0
529805,Margherita,319,128,1.4173228346456692,7.0
529806,Napoletana,760,95,1.7234042553191489,22.0
529808,Funghi,192,79,2.269230769230769,9.0
529809,Carciofi,192,66,2.5538461538461537,26.0
529810,Tonno,80,43,4.166666666666667,24.0
529811,Prosciutto,174,84,2.1204819277108435,9.0
529812,Marinara,286,92,1.945054945054945,8.0
529813,Giulietta,415,108,1.6635514018691588,17.0
529814,Romeo,305,113,1.5625,7.0
529815,Prosciutto e Funghi,572,128,1.4094488188976377,6.0
529818,Salame,80,54,3.30188679245283,23.0
529822,Diavolo,170,78,2.311688311688312,48.0
529826,Bolognese,110,58,3.1403508771929824,56.0
529830,Carne,77,50,3.510204081632653,48.0
529831,Linus,89,53,3.3461538461538463,42.0
529840,Leif,96,55,3.240740740740741,56.0
529841,Rucolina,104,51,3.46,48.0
529846,Patata (uden tomat),153,67,2.6515151515151514,42.0
529860,Amager,163,66,2.769230769230769,35.0
529862,Prosciutto e Formaggio,155,87,2.0930232558139537,9.0
529869,Contadino,97,69,2.573529411764706,9.0
529876,Cri-Cri,93,56,3.0727272727272728,22.0
529881,Lasagne,301,112,1.6216216216216217,7.0
530109,Regular Ekstra Tilbehør,192,86,2.0588235294117645,14.0
530205,Unspecified,159,99,1.7857142857142858,6.0
530842,4 Irish,112,55,3.3333333333333335,14.0
530847,10 shots 16%,46,30,5.655172413793103,15.0
530896,Piña colada,41,18,10.470588235294118,31.0
530919,Øl,483,42,4.146341463414634,17.0
530920,Vand,69,16,11.0,32.0
530921,Shot,45,10,16.77777777777778,32.0
530925,Spiritus,67,7,22.833333333333332,54.0
531221,"Tuborg, Div. Alm. øL",4736,175,1.0402298850574712,4.0
531225,Hoff Lager. Classic,5377,175,1.0402298850574712,4.0
531226,Lux,703,124,1.4390243902439024,5.0
531231,Snaps..Gl. Dansk 2cl,284,64,2.7301587301587302,10.0
531232,Alm. Bitter,521,88,2.057471264367816,7.0
531236,Fernet Branca 2cl,369,68,2.701492537313433,8.0
531239,Underberg,159,58,3.1578947368421053,15.0
531251,Arnbitter,157,46,4.0,10.0
531254,Cognac,11,5,35.0,65.0
531257,Likør,4,3,40.0,70.0
531261,Campari 4cl,15,6,34.4,56.0
531263,Portvin 5cl,8,5,32.75,73.0
531273,Bailyes,3,2,20.0,20.0
531274,Hvidvin Rødvin 25L,31,22,7.333333333333333,24.0
531275,Vand,357,105,1.7307692307692308,6.0
531276,Juice.. Cacao,8,7,14.0,27.0
531280,Org. Spiritus,536,87,2.0930232558139537,7.0
531284,Gajol Fisk Grå 10shot,30,19,10.0,20.0
531523,Bag fee,3875,179,1.0168539325842696,2.0
531591,Udbring Odense V,105,73,2.513888888888889,10.0
531684,Faxe kondi,191,47,3.782608695652174,28.0
533427,Skinke,70,48,3.617021276595745,15.0
533428,Pepperoni,150,85,2.1547619047619047,8.0
533430,"Skinke, Pølser",45,36,4.828571428571428,21.0
533431,"Kebab, Pepperoni, Dressing",197,91,2.0,9.0
533432,"Skinke, Ananas",62,46,4.0,13.0
533435,"Skinke, Pølser, Bacon, Kødsauce",60,35,4.911764705882353,14.0
533437,"Skinke, Oksekød, Bacon, Bearnaisesauce",60,45,3.6818181818181817,13.0
533438,"Skinke, Oksekød, Bacon, Løg",57,39,4.605263157894737,14.0
533440,"Kebab, Oksekød, Champignon, Chili, Dressing",67,47,3.8043478260869565,12.0
533442,"Kebab, Kylling, Spaghetti, Champignon, Løg",43,35,5.0588235294117645,14.0
533448,"Kebab, Pølser, Pepperoni, Løg, Jalapenos, Dressing",119,72,2.5492957746478875,6.0
533456,"Skinke, Kebab, Oksekød, Bacon, Pølser",143,82,2.1604938271604937,8.0
533466,"Kebab, Skinke, Kylling, Dressing",39,28,5.962962962962963,43.0
533480,"Kebab, Champignon, Løg, Chili, Dressing",110,59,3.1206896551724137,12.0
533486,Kebab Salat Pizza,238,106,1.7047619047619047,5.0
533487,Kylling Salat Pizza,40,29,5.392857142857143,19.0
533490,Skinke Børne Pizza,77,50,3.3877551020408165,12.0
533492,Pepperoni Børne Pizza,72,44,3.883720930232558,22.0
533494,Kebab Durumruller,280,111,1.6363636363636365,5.0
533498,Kebab Pitabrød,85,50,3.5918367346938775,16.0
533499,Kylling Pitabrød,42,32,5.483870967741935,22.0
533503,Pommes Frites,275,110,1.651376146788991,4.0
533504,1/2 Grillkylling,139,69,2.6323529411764706,7.0
533507,Kebabmix,114,68,2.671641791044776,9.0
533510,Nuggets 6 stk,43,31,5.833333333333333,22.0
533526,33cl. Sodavand,77,40,4.3076923076923075,20.0
533587,Alm Ekstra Tilbehør,269,96,1.8842105263157896,9.0
533627,Unspecified,157,80,2.2278481012658227,13.0
533656,Unspecified,6,6,6.2,13.0
533741,Alm. Kaffe,4583,134,1.3609022556390977,16.0
533744,Alm. Kaffe to go,45,28,6.481481481481482,28.0
533745,Enkelt espresso,19,13,14.25,40.0
533750,Dobbelt Espresso,55,39,4.657894736842105,18.0
533753,Cappuccino,820,127,1.4365079365079365,16.0
533757,Café Latte,887,130,1.4031007751937985,16.0
533760,Varm cacao med flødeskum,217,89,2.0568181818181817,18.0
533761,Kande The,200,89,2.0568181818181817,16.0
533789,Kaffe/The med refill,1327,112,1.6126126126126126,17.0
533794,Sodavand,1084,112,1.6216216216216217,17.0
533796,Sports Cola,76,44,4.069767441860465,19.0
533797,Kildevand,234,95,1.9042553191489362,18.0
533798,Mælk,293,108,1.6822429906542056,17.0
533799,Postevand,139,67,2.712121212121212,18.0
533800,Håndmad,3323,113,1.6071428571428572,17.0
533806,Smørrebrød,1865,89,2.0454545454545454,14.0
533808,Smørrebrød (40),367,29,6.178571428571429,19.0
533811,Smørrebrød (45),254,25,6.541666666666667,26.0
533821,Fredags Tilbud Smørrebrød,2360,37,5.0,21.0
533822,Franskbrød med Ost/Pålæg,158,53,3.4615384615384617,17.0
533834,Smurt Rundstykke med Pålæg og Kaffe,802,107,1.6981132075471699,17.0
533836,Rundstykke med Pålæg,316,94,1.935483870967742,17.0
533839,½ Rundstykke med Pålæg og Kaffe,161,85,2.142857142857143,17.0
533841,½ Rundstykke med Pålæg,152,87,2.0930232558139537,18.0
533844,Blødkogt æg,134,55,3.259259259259259,36.0
533850,Husets Burger,127,63,2.8870967741935485,20.0
533851,Dagens Ret,1485,111,1.6272727272727272,17.0
533856,Varm Selv,400,86,2.1176470588235294,18.0
533858,Blandet Salat,133,72,2.464788732394366,18.0
533862,Lille Sandwich,145,34,5.2727272727272725,27.0
533864,Stor Sandwich,155,36,5.114285714285714,18.0
533870,Dagens Kage,240,64,2.8412698412698414,18.0
533897,1/2 Beer,293,44,4.046511627906977,16.0
533899,40 Cl Beer,7248,111,1.6,10.0
533900,1/3 Beer,28,17,9.5,26.0
533901,1/4 Beer,205,55,3.259259259259259,21.0
533902,Drink (95),1501,105,1.6923076923076923,10.0
533903,Drink (120),37,8,21.0,105.0
533911,White Wine,40,7,21.0,84.0
533913,Red Wine,24,9,19.375,98.0
533917,Ale 16 + Thy Pilsner,334,76,2.3466666666666667,14.0
533920,Rothaus + Limfjords Porter,397,81,2.2,14.0
533923,"Solstrejf, klassisk",137,49,3.5625,16.0
533924,"Helles, Weizen, and Ebeltof",655,99,1.7959183673469388,14.0
533928,Hancock,74,34,5.333333333333333,28.0
533935,Ærø and Orval,218,67,2.6666666666666665,10.0
533937,Drink (95),146,43,4.190476190476191,15.0
533939,Drink (120),427,76,2.3466666666666667,13.0
533942,Vermouth/Tonic,234,60,2.9661016949152543,13.0
533951,Glass of White,745,102,1.7425742574257426,13.0
533953,Pinot Noir,302,79,2.2564102564102564,14.0
533966,"Unicum, Snaps and Limoncello",68,16,9.933333333333334,35.0
533967,Vodka/Tequila Ocho,46,15,10.071428571428571,22.0
533973,"Rum,Whiskey and Mezcal",159,44,4.0,16.0
533978,El Dorado (15),50,18,9.705882352941176,46.0
533980,Almonds,226,90,1.9775280898876404,14.0
533982,Ebeltoft Sodas,176,66,2.646153846153846,13.0
533983,"Mate, Cola and Fritz",113,57,3.142857142857143,21.0
533984,Other Sodas,155,69,2.588235294117647,15.0
533985,"Coffee, Hot Chocolate and Tea",63,37,4.5,15.0
534050,Vegetar - Byg Din Egen Sandwich,416,83,2.1463414634146343,8.0
534058,Kylling & Bacon,2944,151,1.2,4.0
534066,Unspecified,88,60,3.0677966101694913,11.0
534072,Roastbeef & Høvlet Peberrod,170,84,2.108433734939759,6.0
534075,Skinke & Skærerost,138,77,2.3026315789473686,6.0
534080,Frikadelle med Rødkål,166,87,2.0930232558139537,7.0
534083,Parmaskinkie & Mozzarella Ost,277,112,1.6216216216216217,5.0
534084,Tun Mousse,616,141,1.2785714285714285,5.0
534086,Skaldyrssalat,287,116,1.5478260869565217,7.0
534093,Rejer & Æg,243,101,1.79,7.0
534095,Rejer & Avocado,362,120,1.504201680672269,6.0
534097,Røget Laks,319,119,1.5169491525423728,7.0
534101,Lille salat,601,133,1.356060606060606,4.0
534102,Hjemmebagt Bolle,513,123,1.4672131147540983,4.0
534109,Hjemmebagt Pølsehorn,637,122,1.4793388429752066,5.0
534111,3 Stenalderbrød (Glutenfrit),60,44,3.86046511627907,37.0
534128,Tapas 1 Person,89,28,5.888888888888889,24.0
534138,Muffins og Kage,387,99,1.836734693877551,10.0
534143,Forskellige Brød - Til Forskellige Priser,79,23,7.045454545454546,45.0
534145,Friskpresset Vitaminbombe,296,113,1.5982142857142858,7.0
534149,Sodavand,288,111,1.6272727272727272,6.0
534153,Kaffe,93,58,3.017543859649123,9.0
534160,Vand,57,41,4.3,25.0
534386,Unspecified,122,85,2.1547619047619047,9.0
534410,Alm. Øl,995,101,1.8,11.0
534411,Lux Øl,113,43,4.261904761904762,25.0
534412,Sodavand,312,81,2.2375,17.0
534413,Kildevand,67,40,4.512820512820513,18.0
534418,Cocio Kold,44,35,5.323529411764706,17.0
534422,Cocio Varm,55,31,5.866666666666666,23.0
534424,Kaffe,94,51,3.5,17.0
534425,Kaffe Sort,427,48,3.765957446808511,13.0
534440,Mokai/Cult/Breezer,131,46,3.911111111111111,33.0
534445,2 cl. Alm. Spiritus,34,7,20.666666666666668,86.0
534447,Lux Sprut,119,27,6.923076923076923,46.0
534450,Irish Kaffe,40,14,13.307692307692308,57.0
534456,DB Irish kaffe,76,23,7.818181818181818,20.0
534522,Drinks (70),26,14,10.692307692307692,39.0
534549,Øl kort 10 stk,737,171,1.0647058823529412,2.0
534553,ØL kort 1 stk,133,49,3.625,11.0
534554,Smøger,62,40,4.564102564102564,21.0
534561,Smøger,37,31,5.966666666666667,24.0
534569,Underberg,101,58,3.017543859649123,15.0
534577,Toast,48,20,8.947368421052632,27.0
535157,Bag fee,4603,175,1.0402298850574712,3.0
535375,Edamame Bønner,11,9,18.625,58.0
535391,Mini Forårsruller 8 Stk,9,8,7.285714285714286,18.0
535477,Laks Nigiri (2 stk),10,4,55.666666666666664,79.0
535536,California Uramaki Roll (8 stk),6,5,19.5,38.0
535749,Poke Bowl Veggie,11,10,19.444444444444443,44.0
535767,Reje Sushi Box (10 stk),16,13,13.583333333333334,45.0
535768,Laks Sushi Box (10 stk),11,9,21.25,78.0
535778,Ebi Lover Sushi Box (22 stk),8,7,21.166666666666668,61.0
535842,Hoshi Superior Laks Box (20 stk),11,10,18.555555555555557,54.0
535853,Hoshi Eco Box (36stk),7,7,24.666666666666668,75.0
535865,Chilimayo,54,31,5.666666666666667,19.0
535886,A. Soja Sauce,7,5,39.5,60.0
535946,A. Sodavand 0.33L,16,12,16.0,46.0
535953,Vand,14,10,18.0,43.0
536055,Øl,1818,116,1.5739130434782609,7.0
536056,Vand,117,54,3.3962264150943398,19.0
536062,Spiritus,372,57,3.232142857142857,10.0
536063,Vin,225,76,2.4133333333333336,8.0
538077,Mad ud af huset,383,113,1.6071428571428572,14.0
538087,CHIPS,160,72,2.5492957746478875,11.0
538088,CIGARETTER & VELO,116,66,2.707692307692308,11.0
538093,ØL ALM.,6062,156,1.167741935483871,4.0
538094,ØL KORT,729,142,1.2765957446808511,4.0
538109,GRIMBERGEN ØL,48,18,2.411764705882353,8.0
538112,GULD ØL,419,81,2.2625,14.0
538114,RAFLE ØL,1158,29,6.25,19.0
538133,KANDE,84,28,6.333333333333333,44.0
538167,2CL + VAND,68,32,5.580645161290323,47.0
538168,4CL + VAND,236,64,2.8412698412698414,37.0
538177,4CL+VAND,118,39,4.578947368421052,43.0
538181,BLOODY MARY 4CL,90,17,10.6875,41.0
538183,GIN HASS 2CL,114,40,4.410256410256411,16.0
538510,Hotdog Pølse,60,26,4.16,9.0
538511,Ristet Pølse,76,34,3.242424242424242,23.0
538515,Brød,153,52,2.0980392156862746,7.0
538518,Ristet Hotdog,423,76,1.4533333333333334,4.0
538519,Fransk Hotdog,147,58,1.894736842105263,6.0
538522,Bøfsandwich uden/med Sovs,121,54,2.018867924528302,7.0
538524,Big Burger,74,44,2.5348837209302326,12.0
538525,Jumbo Burger,60,35,3.1470588235294117,7.0
538526,Cheese Burger,187,65,1.703125,5.0
538530,Bacon Cheese,259,75,1.472972972972973,6.0
538531,Husets Burger,70,36,3.085714285714286,7.0
538541,Pølsemix,357,79,1.3974358974358974,4.0
538542,Kebabmix,261,74,1.5068493150684932,6.0
538543,Kyllingemix,158,68,1.626865671641791,4.0
538544,Stor Pommes Frites,228,72,1.5070422535211268,5.0
538545,Lille Pommes Frites,241,74,1.4931506849315068,4.0
538546,Grillkylling med Pommes Frites,342,74,1.4931506849315068,4.0
538551,Nuggets med Pommes Frites,83,46,2.3777777777777778,6.0
538557,Chilitops stk,598,46,2.3555555555555556,5.0
538561,Sandwich med Kylling eller Kebab,92,40,2.7435897435897436,7.0
538563,Salat med Fyld,178,59,1.8793103448275863,5.0
538568,"0,50l Sodavand",70,42,2.6097560975609757,13.0
538577,Nugget,210,29,3.7857142857142856,11.0
538580,Ex Dip,110,48,2.25531914893617,7.0
538581,Ex Ost,77,48,2.3191489361702127,7.0
538588,5 Nuggets,119,52,2.0588235294117645,7.0
538589,Børneburger,72,41,2.65,9.0
538590,Bacon/Cheeseburger,66,38,2.945945945945946,8.0
538613,Carciofi,95,49,3.4791666666666665,18.0
538961,Unspecified,91,27,1.6153846153846154,4.0
538972,SODAVAND 250ML + REDBULL,775,142,1.2836879432624113,4.0
540302,Øl Alm,10,2,16.0,16.0
540303,Sodavand,6,1,999.0,999.0
540305,Juleøl,12,2,15.0,15.0
540309,Snaps pr glas,2,1,999.0,999.0
540312,Flaske vand,2,1,999.0,999.0
540313,Vin pr flaske,2,2,15.0,15.0
540319,Unspecified,208,114,1.584070796460177,6.0
5403368,GNOCCHI Saint Agur,98,38,4.864864864864865,30.0
5418439,Fars 1/2kg,517,90,2.0224719101123596,25.0
5418457,Fars 1kg,678,90,2.0224719101123596,25.0
542836,BAILEYS 2CL,91,19,9.166666666666666,27.0
542893,VODKA SMIRNOFF 2CL,69,26,5.88,36.0
542919,GALIANO HOT SHOT + 2I1 SHOT (4STK),131,49,3.7083333333333335,27.0
542925,SHAKE SHOTS (10STK),105,42,4.341463414634147,16.0
542926,DR. N. TIL RÅSTOFF 2CL,746,86,2.1294117647058823,7.0
542927,SHOTS  FRA DR.N. TIL RÅSTOFF (10STK),51,34,5.121212121212121,37.0
542932,SHOTS RØR 2CL,143,27,6.653846153846154,23.0
542941,UNDERBERG (3STK),144,44,4.116279069767442,13.0
542942,"BREEZER,ICE,SHAKER",77,37,4.916666666666667,28.0
542952,"BREEZER,ICE,SHAKER (3STK)",193,46,3.888888888888889,23.0
542955,IRISK KAFFE 4CL,139,40,4.564102564102564,18.0
542956,SÆT ØL+SHOT (DR.N -RÅSTOFF),82,25,6.916666666666667,32.0
543452,Margarita,105,74,2.4246575342465753,9.0
543453,Roma,324,128,1.4251968503937007,6.0
543455,Marco Polo,65,53,3.326923076923077,16.0
543456,Gorgonzola,48,38,4.837837837837838,23.0
543457,Torino,114,72,2.5211267605633805,9.0
543458,Milan,311,127,1.4365079365079365,7.0
543459,Venedi,54,41,4.5,11.0
543460,Marina,468,149,1.222972972972973,4.0
543461,Mexicana,114,76,2.4133333333333336,7.0
543462,Capri,58,51,3.62,17.0
543463,Señor Special,168,97,1.8645833333333333,6.0
543464,Valg Frit,245,121,1.5,4.0
543468,C. Italiano,228,113,1.5714285714285714,9.0
543491,Hollywood,44,33,5.25,13.0
543494,Detroit,70,55,3.259259259259259,16.0
543497,San Diego,43,36,4.885714285714286,18.0
543499,Las Vegas,70,56,3.0,8.0
543502,C. New Jersey,78,54,3.207547169811321,11.0
543509,Ankawa Special,56,41,4.375,19.0
543510,Mickey Mouse,64,46,4.022222222222222,18.0
543516,Durum Sammenrullet med Shawarma,324,125,1.4516129032258065,7.0
543517,A. Durum Sammenrullet med Kylling,48,35,5.088235294117647,22.0
543518,B. Durum Sammenrullet med Mixed Kylling & Shawarma,118,85,2.130952380952381,9.0
543520,Shawarma Sandwich,42,30,5.896551724137931,16.0
543525,"½ Grillkylling med Pommes Frites, Salat",60,35,5.235294117647059,34.0
543534,Shawarma Special,60,43,4.119047619047619,16.0
543538,Pommes Frites (Stor),259,127,1.4365079365079365,6.0
543553,Almindelig Pizza,768,157,1.1602564102564104,4.0
543555,"0,50 Liter Sodavand",45,32,5.32258064516129,13.0
5436483,Saft,1,1,999.0,999.0
5436495,Saft,1,1,999.0,999.0
543779,Bruschetta,128,29,5.821428571428571,19.0
543780,Carpaccio,407,93,1.9565217391304348,7.0
543781,Ravioli,86,29,6.035714285714286,21.0
543784,Vitello Tonnato,247,67,2.727272727272727,28.0
543787,TOMATSUPPE,128,37,3.9444444444444446,33.0
543798,Oksemørbrad,197,42,4.2926829268292686,10.0
543799,Lammemørbrad,136,37,4.888888888888889,17.0
543803,PASTA INFERNO,459,74,2.4657534246575343,10.0
543805,Ravioli Oksemørbrad,100,19,9.0,56.0
543806,Ravioli Lammemørbrad,219,55,3.2222222222222223,16.0
543811,Ravioli Saint Agur,90,30,5.931034482758621,55.0
543812,Pasta carbonara,97,26,7.0,32.0
543835,Tasca il Gallo,151,56,3.2,10.0
543889,Panna Cotta,91,22,7.666666666666667,28.0
543890,Tartufo Limoncello,119,52,3.5294117647058822,11.0
543891,Tartufo Choko,140,46,4.0,26.0
543896,Den Lille Søde,131,49,3.6666666666666665,16.0
543922,Galvanina Sodavand,524,100,1.8181818181818181,7.0
543925,Mineralvand Stor,130,63,2.903225806451613,22.0
543926,Amarcord øl 33 cl,136,62,2.7540983606557377,11.0
543948,Roero Arneis Glas,229,73,2.486111111111111,16.0
543950,Barbera Glas,121,39,2.9210526315789473,19.0
544082,Espresso,126,61,3.0,12.0
544083,Americano,159,60,3.0508474576271185,11.0
544091,Cappuccino/ cortado,192,70,2.550724637681159,8.0
5443681,Pølsehorn,4,4,38.666666666666664,51.0
544422,Hønsekødssuppe med Bambusskud,145,77,2.3815789473684212,10.0
544427,Wantansuppe med Indbagt Svinekød,67,36,4.828571428571428,17.0
544430,Hjemmelavet Kæmpeforårsrulle,845,154,1.1830065359477124,5.0
544431,Hjemmelavet Kæmpeforårsrulle m.ris & Karrysauce,372,116,1.5478260869565217,6.0
544434,4 Vietnamesiske Forårsruller,53,39,4.552631578947368,15.0
544444,12 Små Vietnamesiske Forårsruller,136,80,2.2151898734177213,11.0
544456,Stegte Nudler med Kylling m/u Karry,50,32,5.548387096774194,20.0
544463,"Stegte Nudler med Kylling, okse & svinekød m/u karry",88,46,3.7333333333333334,11.0
544718,Kaffe og 1 stk. kage,36,18,8.647058823529411,35.0
545334,"Lykkelig Familie (Kylling, Oksekød & Svinekød) med Kogte Ris",95,61,2.9,8.0
545344,Oksekød i Karry med Grøntsager,48,36,4.9714285714285715,13.0
545370,Kylling i Karry med Grøntsager,149,81,2.2625,9.0
545379,Kylling Chop Suey med Grøntsager,53,40,4.512820512820513,16.0
545387,Kylling i Stærk Thai Karry med Grøntsager,38,30,6.241379310344827,20.0
545397,Indbagt Kylling med Sur-Sød Sauce,121,65,2.765625,12.0
545411,Vietnamesisk and i Sur-Sød Sauce,46,37,4.638888888888889,17.0
545418,Indbagte Små Rejer med Sur-Sød Sauce,65,44,4.0,13.0
545425,Indbagte Store Rejer med Sur-Sød Sauce,46,33,5.28125,13.0
545440,Lille Sai Gon Box,322,113,1.6071428571428572,5.0
545444,Stor SaiGon Box,549,141,1.2785714285714285,5.0
545455,Stor Bøfsandwich med Sovs,79,56,3.090909090909091,10.0
545459,½ Grillkylling med Pommes Frites,126,64,2.6825396825396823,13.0
545474,Pommes Frites,97,68,2.6865671641791047,14.0
545477,Kyllingenuggets med Pommes Frites,39,28,5.925925925925926,15.0
545509,Menu 1 (Pr Person),155,45,3.909090909090909,19.0
545529,Menu 3 (Pr Person),48,18,8.235294117647058,28.0
549231,Alkoholfri øl,45,22,8.380952380952381,103.0
551800,"Tomat, Ost",2,2,75.0,75.0
551806,Pepperoni,6,4,26.333333333333332,38.0
551807,Oksekød,1,1,999.0,999.0
551808,"Skinke, Champignon",1,1,999.0,999.0
551809,"Kebab, Salat, Dressing",4,2,3.0,3.0
551814,"Skinke, Champignon, Oksekød",1,1,999.0,999.0
551815,"A. Kebab, Pepperoni, Bacon, Løg, Dressing",3,3,30.5,51.0
551817,"A. Oksekød, Kylling, Paprika, Champignon, Løg, Dressing",2,2,24.0,24.0
551820,"Kylling, Kebab, Oksekød",1,1,999.0,999.0
551821,"Skinke, Pepperoni, Oksekød",2,2,11.0,11.0
551827,"Kylling, Løg, Oksekød, Bacon",2,2,131.0,131.0
551828,"Skinke, Løg, Oksekød, Bacon",1,1,999.0,999.0
551829,"Kebab, Champignon, Løg, Oksekød, Bearnaisesauce",2,2,123.0,123.0
551833,"A. Kebab, Pepperoni, Salatdressing",1,1,999.0,999.0
551839,"A. Oksekød, Kebab, Pepperoni, Jalapenos, Tacosauce",1,1,999.0,999.0
551840,"Champignon, Kylling, Oksekød, Jalapenos, Bearnaisesauce",1,1,999.0,999.0
551845,A. Meatlover,1,1,999.0,999.0
551869,Kebab Durum,3,3,58.0,76.0
551877,Kebab Mix,2,1,999.0,999.0
551887,1/2 Grillkylling,2,2,107.0,107.0
551890,Stor Pommesfrites,2,1,999.0,999.0
551908,"0,5 ltr. Sodavand",6,4,41.666666666666664,51.0
551909,"0,40 ltr. Cocio",10,6,35.4,100.0
551910,Red Bull,3,3,23.5,32.0
551933,Kebab Slice,32,10,20.11111111111111,57.0
551934,Pepperoni Slice,89,16,10.133333333333333,33.0
551935,Skinke Slice,360,22,8.619047619047619,30.0
553284,Kirin Ichiban (33 cl),87,47,3.6956521739130435,21.0
553288,Sapporo (33 cl),62,33,5.53125,21.0
553290,Tsingtao (33 cl),42,27,6.346153846153846,36.0
553295,Carlsberg,78,50,3.5918367346938775,20.0
553307,Carlsberg 1883,36,21,9.05,43.0
553318,Drinks,1142,156,1.167741935483871,15.0
553322,Japanske Sodavand (Ramune),65,37,4.916666666666667,25.0
553332,Isvand Pr. Person,484,122,1.4958677685950412,17.0
553337,Ingefær og Citrongræs,30,22,8.523809523809524,31.0
553338,Hyldeblomst,23,19,9.777777777777779,33.0
553351,Japansk Grøn Te Pr. Pers.,26,19,9.11111111111111,40.0
553541,Juice,70,49,3.6666666666666665,25.0
5535721,Cosmopolitan,146,40,4.512820512820513,14.0
5535829,Ameretto sour,276,48,3.74468085106383,14.0
553636,Unspecified,144,76,2.36,13.0
554978,Running Sushi (Mandag – Torsdag),856,96,1.8631578947368421,18.0
554979,Running Sushi (Fredag – Søndag (Helligdag)),822,75,2.445945945945946,15.0
554987,Månedens Special Tilbud (62 stk) (3-4 Personer),138,89,2.0454545454545454,17.0
554988,Månedens Special Tilbud (32 stk) (2 Personer),80,55,3.2777777777777777,16.0
554989,Månedens Special Tilbud (Inside out Menu 32 stk) (2 Personer),30,26,6.76,39.0
554996,Special Menu 2 (32 stk Til 2 Personer),45,35,5.0,16.0
554997,Special Menu 3 (62 stk til 3-4 Personer),45,36,4.9714285714285715,18.0
554999,Special Menu 4 (32 stk Til 2 Personer),33,28,6.296296296296297,32.0
555102,Unspecified,338,130,1.4031007751937985,5.0
5552093,Morgentallerken,551,126,1.416,13.0
5552094,Ymer,344,127,1.4047619047619047,13.0
5552095,Grød,307,113,1.5803571428571428,13.0
5552096,Ricottatoast tomat,414,127,1.4047619047619047,13.0
5552098,Omelet,1145,158,1.127388535031847,13.0
5552099,Bolle,1861,161,1.10625,13.0
5552100,Croissant,376,138,1.2919708029197081,13.0
5552101,Kartoffelmad,310,128,1.3937007874015748,13.0
5552102,Rødbedetartar,193,104,1.7087378640776698,15.0
5552103,Hønsesalat,507,148,1.2040816326530612,13.0
5552104,Toast svampe,421,142,1.2553191489361701,14.0
5552105,Toast serrano,471,137,1.3014705882352942,13.0
5552116,Filterkaffe,1532,166,1.0727272727272728,13.0
5552117,Refill filterkaffe,440,144,1.2377622377622377,15.0
5552119,Americano,688,153,1.1644736842105263,13.0
555212,Forårsruller 10 stk,20,14,2.769230769230769,4.0
5552120,Cortado,488,146,1.2206896551724138,13.0
5552121,Flat White,1623,164,1.0858895705521472,13.0
5552122,Latte,1507,166,1.0727272727272728,13.0
5552123,Cappuccino,1924,165,1.079268292682927,13.0
5552124,Iskaffe,752,159,1.120253164556962,13.0
5552125,The,284,118,1.5042735042735043,13.0
5552126,Varm ingefærdrik,643,156,1.1419354838709677,13.0
5552127,Chai latte,389,136,1.3111111111111111,13.0
5552128,Varm kakao,440,138,1.2919708029197081,14.0
555223,Tangsalat,9,7,6.0,10.0
555226,Rejerchips (Lys),24,18,2.4705882352941178,6.0
555227,Hjemmelavede Ebi Tempura 5 stk,11,8,5.428571428571429,16.0
555244,Miso Suppe,7,3,11.5,16.0
555250,Kylling Popcorn (15 stk.),7,5,5.5,15.0
555256,Wasabi ærter 140g,4,4,12.333333333333334,17.0
5552926,Pose,307,129,1.4140625,5.0
555349,Menu 1 (36 stk. for 2 Personer),20,14,3.230769230769231,10.0
555350,36 stk. Luksus Menu B,10,8,5.142857142857143,14.0
555368,Månedens Tilbud 24 stk,17,12,3.3636363636363638,7.0
555369,20 stk. Luksus Menu A,5,5,9.25,16.0
555370,Laks Box (12 stk),4,4,11.0,23.0
555375,Super Crispy Ebi Menu (33 stk),3,3,20.0,21.0
555376,10 Nigri Tilbud,3,3,9.0,17.0
555382,18 stk. Special Menu,11,6,7.0,14.0
555395,Super Single 14 stk. (1 Person),5,4,2.3333333333333335,5.0
555399,Nye!Efterårsmenu 38 stk.+Forretter 6stk,5,5,6.0,14.0
555424,Menu 2 (68 stk. for 4 Personer),47,25,1.75,3.0
555426,Luksus Toppede Maki Menu (48 stk) (3 Personer),4,4,11.0,20.0
555455,76 stk. Party Menu,7,4,5.666666666666667,15.0
555460,Store Crispy Ebi Menu,4,4,6.333333333333333,10.0
555478,72 stk. Sashimi Menu (4 Personer),10,4,8.666666666666666,13.0
5555520,Tilbud 2(aften),56,39,4.631578947368421,15.0
556431,Unspecified,3325,182,1.0,1.0
5580053,6-10 Behandlinger,2,2,4.0,4.0
5580068,11-20 Behandlinger,8,8,7.714285714285714,28.0
5580073,21-30+ Behandlinger,2,2,28.0,28.0
558692,Stor Cappuccino,2063,55,1.7592592592592593,14.0
558694,Stor Caffe Latte,1702,55,1.7592592592592593,14.0
558696,Bolle,2249,55,1.7592592592592593,14.0
559429,10 Nigri Tilbud,3,3,10.5,14.0
559436,Laks Nigiri,5,2,14.0,14.0
559641,Agurk Hosomaki (8 stk.),5,5,7.75,19.0
559652,Avocado Hosomaki (8 stk.),7,5,7.75,15.0
559660,Laks Hosomaki (8 stk.),9,4,7.333333333333333,14.0
559665,Crispy Ebi Hosomaki (8 stk.),3,3,9.5,18.0
559915,Smørrebrød,209,8,15.0,95.0
559929,Franskbrød m/rejer eller Laks,26,8,15.0,95.0
559935,Stjernekaster,58,9,13.125,90.0
559941,Konfektion,216,68,2.5522388059701493,14.0
559943,Konfektion,211,61,2.8333333333333335,25.0
559945,Konfektion,358,78,2.1948051948051948,14.0
559946,Konfektion,197,65,2.65625,26.0
559948,Konfektion,91,40,4.230769230769231,20.0
560057,Pose,39,20,1.736842105263158,3.0
560679,Frikadelle sandwich,58,43,4.142857142857143,29.0
561084,Spisyburger,51,42,4.073170731707317,26.0
561087,Græsk salat,18,17,11.0625,62.0
561417,SOL ØL,55,45,3.909090909090909,21.0
563429,Tom Yam Goong,7,5,28.5,46.0
563430,Tom Kha Gai,5,4,42.0,86.0
563431,Kylling Suppe m. Glasnudler,3,3,53.5,104.0
563432,Forårsruller (Pad Thai) 3stk.,26,20,8.947368421052632,47.0
563434,A. Tempura Rejer (3 stk.),12,9,19.875,53.0
563440,Pad Thai,149,84,2.1686746987951806,11.0
563442,A.  Vegetable Garden med Oksekød,49,36,4.857142857142857,19.0
563443,Stegte Ris med Kylling,52,42,4.317073170731708,12.0
563444,Kylling med Cashewnødder med Ris,157,86,2.1176470588235294,7.0
563445,Kylling og Ingefær med Ris,22,20,8.68421052631579,32.0
563450,Stegt Tofu og Tiger Rejer med Ris,44,32,5.612903225806452,34.0
563451,Stegt Oksekød og Basilikum med Ris,54,38,4.378378378378378,14.0
563456,Oksekød i Thai Chilisauce med Ris,24,20,9.210526315789474,25.0
563458,Andesteg med Ris,104,66,2.707692307692308,13.0
563459,Panang/Thai Rødkarry og Oksekød med Ris,222,95,1.9042553191489362,5.0
563460,Thai Grønkarry og Kylling med Ris,66,41,4.25,24.0
563465,Massaman / Thai Gulkarry og Oksekød med Ris,102,64,2.8095238095238093,10.0
563466,Ris,136,77,2.3289473684210527,9.0
563467,Cashewnødder,11,8,15.142857142857142,47.0
563468,Stegte Ris-Nudler,11,11,14.0,41.0
563469,Rejechips,42,37,4.75,22.0
563470,Sød Chili Sauce,9,6,34.4,73.0
563471,Ekstra Ting,60,39,4.473684210526316,20.0
563475,Sammensat Thai mad menu  Forret + Hovedret,515,124,1.4715447154471544,5.0
563625,Pepperoni,201,82,1.617283950617284,4.0
563626,Margheritta,57,44,3.046511627906977,12.0
563627,Vesuvio,148,72,1.8450704225352113,7.0
563628,Wold,40,32,4.096774193548387,9.0
563631,Spejderklubbens,262,99,1.336734693877551,5.0
563640,Marco Polo,211,87,1.5232558139534884,5.0
563648,Victor,47,35,3.7941176470588234,12.0
563690,Hawaii,82,53,2.5,10.0
563701,Botanik,50,35,3.7941176470588234,18.0
563708,Deniz,80,52,2.5098039215686274,7.0
563713,Fatih,48,34,3.6666666666666665,9.0
563733,Special,38,31,4.033333333333333,16.0
563750,Hopsa,50,40,3.3333333333333335,22.0
563761,Josephine,279,101,1.3,4.0
563770,Tom,46,29,4.428571428571429,12.0
563777,Thommas,45,31,4.266666666666667,10.0
563789,Mira,46,32,4.032258064516129,16.0
563791,Din Egen Pizza,126,65,2.015625,7.0
563804,Skakklubbens,46,26,5.2,14.0
563808,Pommes Frites Pizza,53,38,3.4054054054054053,11.0
563813,Salat 1,127,67,1.9393939393939394,6.0
563819,Salat 2,151,74,1.7945205479452055,8.0
563835,Salat 5,44,32,4.129032258064516,11.0
563985,Kebab Durum,125,64,2.0476190476190474,6.0
563990,Kebab/Pommes Frites Durum,44,32,4.0,12.0
564010,Melissa Pizza,53,32,3.935483870967742,16.0
564148,Unspecified,1120,173,1.052325581395349,2.0
564255,Grillkylling,43,30,4.413793103448276,13.0
564365,Mellem Pommes Frites,190,81,1.625,5.0
564375,"0,25 Liter Sodavand",104,48,2.702127659574468,13.0
564664,Unspecified,209,107,1.7075471698113207,7.0
565348,Unspecified,905,143,1.2746478873239437,4.0
566417,Menu 1,167,86,2.0588235294117645,17.0
566426,menu 2,241,102,1.7524752475247525,17.0
566430,Menu 3,153,94,1.946236559139785,22.0
568972,Pose,101,81,2.2375,8.0
569013,"Coca-Cola 0,5 L",320,105,1.7115384615384615,5.0
569074,Sodavand/juice stor,937,152,1.1986754966887416,3.0
569126,Unspecified,3456,181,1.0055555555555555,2.0
569135,Fadøl mellem,329,113,1.5803571428571428,5.0
569143,Fadøl stor,196,94,1.913978494623656,9.0
569173,Grimbergen stor (50cl),185,80,2.240506329113924,7.0
569247,St dørken,86,32,3.129032258064516,18.0
569717,Unspecified,33,26,7.04,24.0
5698969,Dele menu,113,29,6.285714285714286,34.0
5699048,Vin menu 2 glas,34,13,14.583333333333334,50.0
570115,Unspecified,277,124,1.4715447154471544,6.0
570342,Unspecified,297,61,3.0166666666666666,15.0
570470,Unspecified,361,111,1.0909090909090908,3.0
571062,Unspecified,1374,150,1.2147651006711409,3.0
5717366,Apple Juice,678,149,1.222972972972973,4.0
5718587,Mini donut,3357,170,1.0710059171597632,4.0
572606,Varibel,512,163,1.117283950617284,3.0
573148,Tarteletter (2 stk),11,1,999.0,999.0
573158,Torskefad,48,3,20.0,34.0
573163,Honning melon med skinke,10,1,999.0,999.0
574082,"Coca-Cola 1,5 L",15,14,10.76923076923077,39.0
574084,"Øl 0,33 L",28,20,8.736842105263158,55.0
575581,Gammel Knas ost,639,55,1.7592592592592593,14.0
575594,Smør,1551,55,1.7592592592592593,14.0
575595,Marmelade,886,55,1.7592592592592593,14.0
575598,Gouda Ost,570,54,1.7924528301886793,14.0
575687,Croissant,731,55,1.7592592592592593,14.0
575688,Flap Jack,485,55,1.7592592592592593,14.0
575689,Banan Müsli Bar (vegansk),368,54,1.7924528301886793,14.0
575690,Pain au chocolat,465,54,1.7924528301886793,14.0
575724,Gulerodskage,592,55,1.7592592592592593,14.0
575777,Cortado,769,55,1.7592592592592593,14.0
575782,Flat white,1664,55,1.7592592592592593,14.0
575783,Alm. cappuccino / au lait,706,55,1.7592592592592593,14.0
575787,Alm Caffe Latte,529,55,1.7592592592592593,14.0
575804,Caffe Mocha Orange / Hvid,304,52,1.8627450980392157,14.0
5758138,Gavekort - Selv valgt pris,2,2,12.0,12.0
5767375,S8 Agurk salat,369,129,1.40625,5.0
5767443,R0 Beef ramen,404,127,1.4285714285714286,5.0
5771012,Tætte venner & familie,3,3,12.5,24.0
579007,Bærepose,24,23,7.7272727272727275,22.0
579008,Coca-Cola,142,69,2.6029411764705883,26.0
579028,Margherita,50,34,5.454545454545454,21.0
579029,Vesuvio,30,24,7.3478260869565215,51.0
579033,Deniz,127,79,2.3205128205128207,10.0
582680,Unspecified,187,112,1.6216216216216217,7.0
583785,Stor Pommes Frites,141,88,2.045977011494253,6.0
583808,1/2 Kylling,21,17,8.125,30.0
584548,Alle medium,131,60,3.0677966101694913,13.0
584559,Alle large,52,27,6.730769230769231,22.0
586581,Unspecified,441,79,2.2435897435897436,18.0
587281,Unspecified,6,4,47.0,99.0
587792,Unspecified,178,87,2.058139534883721,31.0
587912,Unspecified,990,171,1.0647058823529412,5.0
5892505,Mellem box,778,133,1.371212121212121,22.0
5892534,Stor box,534,128,1.4251968503937007,23.0
5892964,Flaskecola,374,115,1.587719298245614,23.0
5893016,Vand,94,55,3.3518518518518516,23.0
5893686,Espresso martini,368,51,3.54,12.0
5896440,Kebabmix stor,70,42,4.146341463414634,24.0
5896883,9 Nuggets med Pommes Frites,93,58,3.1578947368421053,29.0
5896904,Durum,140,73,2.486111111111111,22.0
590337,Emil,25,13,13.0,76.0
590338,Capricciosa,28,12,14.909090909090908,40.0
590339,Afghani,37,31,5.566666666666666,23.0
590340,Italiana,27,12,10.454545454545455,21.0
590341,Vegetariana,23,16,10.6,25.0
590342,Milano,39,27,6.8076923076923075,27.0
590349,Nazhar,27,22,8.333333333333334,17.0
590351,Hawaii,35,25,6.625,36.0
590357,O Sole Mio,49,27,6.8076923076923075,26.0
590361,Babo,19,17,11.0625,44.0
590393,Dansker,33,25,7.458333333333333,16.0
590407,Dilan,230,107,1.7075471698113207,7.0
590408,Alya,40,30,5.862068965517241,19.0
590418,Inca,22,19,9.833333333333334,26.0
590423,Calzone,29,25,7.25,26.0
590445,Kebab,32,25,6.958333333333333,23.0
590496,Hjemmelavet Dürüm,154,74,2.4657534246575343,11.0
590504,Kebab,147,76,2.4,13.0
590607,"Pommes Frites, Lille",91,71,2.585714285714286,12.0
590608,"Pommes Frites, Stor",113,82,2.234567901234568,8.0
590618,Kebab Box,41,24,7.6521739130434785,17.0
591056,Unspecified,41,2,69.0,69.0
591235,Unspecified,1966,179,1.0168539325842696,2.0
591251,Unspecified,467,150,1.2147651006711409,4.0
591723,Cookie,233,24,3.5217391304347827,13.0
592184,Lille kande te,293,53,1.8269230769230769,14.0
592339,Unspecified,39,25,7.458333333333333,21.0
592391,Unspecified,449,108,1.6635514018691588,6.0
5935657,Dagens sandwich,467,126,1.448,5.0
5935825,Odense Classic,74,9,21.75,57.0
5935826,Odense Pilsner,296,27,6.6923076923076925,20.0
5935827,Tuborg,353,27,6.961538461538462,20.0
5935831,Ale nr. 16,24,7,19.166666666666668,41.0
5935832,Odense 1859,49,10,19.444444444444443,35.0
5935890,Todays dish,839,165,1.103658536585366,6.0
5935891,Fish and chips,344,126,1.432,6.0
5935952,Soup of the week,241,111,1.6363636363636365,13.0
5935955,Entrecote,574,146,1.2482758620689656,14.0
5936063,Stjerneskud,81,2,105.0,105.0
5936140,Nødder oliven,39,25,6.25,21.0
5936207,Special stor fad,130,39,4.631578947368421,19.0
5936210,Special lille fad,187,49,3.3125,13.0
5936214,Twist,13,6,23.0,41.0
5936231,Pandekage med is,143,47,3.891304347826087,21.0
5936233,Sandwich,470,9,5.125,34.0
5936234,Delle,232,9,5.125,34.0
5936269,Chinabox Lille,29060,181,1.0055555555555555,2.0
5936270,Chinabox Mellem,25452,181,1.0055555555555555,2.0
5936271,Chinabox Stor,13143,181,1.0055555555555555,2.0
5936274,Sodavand Flaske,1165,179,1.0168539325842696,2.0
5936288,Sodavand,196,89,2.022727272727273,11.0
5936290,Flaske vand,464,122,1.4958677685950412,10.0
5936292,Tsing tao,104,53,3.2884615384615383,17.0
5936293,Glas vin,36,19,9.61111111111111,20.0
5936300,1 glas hvidvin,3,3,25.5,50.0
5936301,1 flaske hvidvin,4,1,999.0,999.0
5936302,1 glas rødvin,26,13,12.833333333333334,28.0
5936303,1 flaske rødvin,2,1,999.0,999.0
5936306,4 cl. Irich coffe,3,1,999.0,999.0
5936729,Kaffe med påfyld,14,2,83.0,83.0
5936730,Æblesnitte med flødeskum,1,1,999.0,999.0
5936756,Bundaberg,565,151,1.2066666666666668,5.0
5936807,STOR ØL,614,73,2.513888888888889,13.0
5936809,SODA LILLE,68,30,6.241379310344827,41.0
5936874,Cacao,47,35,4.470588235294118,15.0
5936911,Caprizone,513,118,1.547008547008547,9.0
5936929,Fairy Drink,487,120,1.5210084033613445,12.0
5936952,"Anarkist Hazy IPA 0,5 %.",38,14,13.23076923076923,52.0
5936966,Rugbrød anrettet med rullepølse,40,1,999.0,999.0
5937002,Sweppes Indian Tonikwater,5,1,999.0,999.0
5937003,Sweppes Lemon,4,2,8.0,8.0
5937004,Fanta,7,3,66.5,126.0
5937005,Coca Cola,3,2,55.0,55.0
5937006,Kildevand,4,4,16.666666666666668,32.0
5937045,Roasted Seaweed65g,12,4,32.0,84.0
5937097,Kildevand,258,66,2.769230769230769,23.0
5937098,Kildevand,26,20,9.105263157894736,20.0
5937138,Pose,2387,180,1.011173184357542,2.0
5937144,Meter andre,92,45,3.727272727272727,14.0
5937166,4 cl. gin og indiantonic,8,5,31.5,70.0
5937171,"Juleøl, mellem",100,19,2.5555555555555554,8.0
5937247,Luksus Tapas,456,41,4.525,20.0
5937286,Dåse,7685,181,1.0055555555555555,2.0
5937291,Smørrebrød m. 2 skiver pålæg,290,9,17.375,48.0
5937292,Smørrebrød m. 3 skiver pålæg,727,20,7.7894736842105265,36.0
5937302,Alm. Tapas,239,26,7.0,27.0
5937303,Fisketapas,73,11,15.2,35.0
5937366,Mellem sodavand,11,7,19.5,26.0
5937367,Stor sodavand,6,5,31.25,59.0
5937370,Pølsebord,53,4,36.666666666666664,78.0
5937373,Det lille Pølsebord,25,2,75.0,75.0
5937376,Special tapas,80,10,10.555555555555555,34.0
5937378,Menu,720,41,4.5,19.0
5937626,Unspecified,164,66,2.7846153846153845,15.0
5937631,Pilsner,809,34,5.303030303030303,28.0
5937635,Vin (glas),112,41,4.45,33.0
5937662,Nyt vinyl,151,81,2.175,11.0
5937664,Dåse cola,197,105,1.7211538461538463,7.0
5937672,Æblemost,190,106,1.6761904761904762,14.0
5937673,Delikatesser 25kr.,198,55,3.2037037037037037,25.0
5937674,Hyldeblomst,179,96,1.8526315789473684,14.0
5937679,Citron lemonade,311,120,1.4873949579831933,14.0
5937730,Guld øl,204,58,3.175438596491228,15.0
5937731,Christiansø sild,7,2,6.0,6.0
5937767,Fisk 35kr,524,87,2.0930232558139537,25.0
5937797,Flaskeøl,2574,130,1.4031007751937985,6.0
5937798,Fadøl lille,378,92,1.978021978021978,9.0
5937799,Sodavand,363,85,2.1547619047619047,7.0
5937800,Vin Glas,189,74,2.4794520547945207,13.0
5937802,Bitter,384,45,4.113636363636363,13.0
5937803,Breezer/Mokai,15,7,9.5,14.0
5937804,Kaffe,41,21,8.9,28.0
5937805,Special Kaffe,141,53,3.4423076923076925,17.0
5937807,Irish Coffee,406,79,2.3205128205128207,7.0
5937808,Ølkort,169,88,2.0804597701149423,8.0
5937927,Smørrebrød m. 5 skiver,110,2,19.0,19.0
5937929,Trekantsandwich,16,1,999.0,999.0
5937948,Pålægskage hel,19,13,11.583333333333334,33.0
5937952,Dessert tapas,48,6,23.4,71.0
5937953,Børne Tapas,22,6,23.2,34.0
5938034,Soft Water,2737,176,1.0342857142857143,2.0
5938081,Unspecified,4673,180,1.011173184357542,2.0
5938109,Entré,4916,176,1.0342857142857143,2.0
5938110,Fødselsdag,1343,60,3.0,20.0
5938116,Pizza Med Pepperoni,362,95,1.9148936170212767,6.0
5938117,Frugt & Grønt Tallerken,338,108,1.691588785046729,6.0
5938118,Kage,278,94,1.935483870967742,8.0
5938137,Pølsehorn m ketchup,1340,154,1.1830065359477124,4.0
5938138,Kyllingespyd,526,114,1.592920353982301,7.0
5938139,Toast (Kylling & Ost),270,114,1.6017699115044248,5.0
5938141,Kildevand / Danskvand,198,73,2.4722222222222223,9.0
5938196,Alm. Kaffe,945,155,1.1753246753246753,3.0
5938197,Kaffe Latte / Chai Latte,1742,172,1.0584795321637428,3.0
5938198,Cappuccino,365,115,1.5789473684210527,6.0
5938201,Slush Ice,3637,174,1.046242774566474,3.0
5938216,Strømper,1718,157,1.1602564102564104,4.0
5938305,Retning af øjenbryn med pincet,2,2,93.0,93.0
5938306,Retning af bryn og farvning,8,7,27.5,77.0
5938309,Farvning af bryn+vipper+retning med pincet,3,3,21.5,40.0
5938438,"1/1 kanin, frossen",38,31,5.966666666666667,19.0
5938439,Garvet kaninskind,7,3,30.5,46.0
5938442,Hakket lammekød,14,9,12.25,65.0
5938444,Koteletter (Lam),22,14,13.0,49.0
5938453,Div. gris,94,34,5.0606060606060606,20.0
5938454,Hakket gris,79,22,8.095238095238095,28.0
5938455,"Stege, gris",35,21,5.75,41.0
5938456,Koteletter,38,12,15.727272727272727,55.0
5938457,Div. okse,30,18,10.235294117647058,34.0
5938458,Hakket okse,199,41,4.25,24.0
5938459,"Steak, okse",102,27,6.8076923076923075,24.0
5938460,"Stege, okse",18,13,14.666666666666666,43.0
5938461,"0,75 L æblemost",9,9,20.0,75.0
5938462,"0,3 L. æblemost",1,1,999.0,999.0
5938463,3 L. æblemost,8,3,70.5,99.0
5938464,"0,75 L. pæremost",8,6,32.0,75.0
5938531,Pølsehorn,62,2,21.0,21.0
5938532,Juleøl,230,22,1.8095238095238095,5.0
5938590,LILLE ØL HH,273,66,2.7846153846153845,14.0
5939053,Irish coffee,27,12,16.454545454545453,51.0
5939188,1 Hund i pension pr dag. á 260 kr,1390,96,1.894736842105263,10.0
5939190,2 Hunde i pension i samme boks  pr dag á 400 kr,245,30,6.206896551724138,36.0
5939194,4 Hunde i pension i samme boks pr dag á 770 kr,1,1,999.0,999.0
5939240,Smørrebrød,499,30,2.4827586206896552,7.0
5939241,Smørrebrod,527,33,4.15625,23.0
5939260,Babyccino,13,10,8.666666666666666,23.0
5939679,Unspecified,3543,180,1.011173184357542,2.0
5939776,Pain au chocolat,435,154,1.1568627450980393,13.0
5939798,Isdessert,17,10,7.222222222222222,14.0
5939823,Cookie,474,152,1.1655629139072847,13.0
5939871,Hancock Beer 70cl,108,40,4.512820512820513,26.0
5939929,Pepsi Max,363,128,1.4173228346456692,5.0
5939944,"Capri-sun, Safari Fruits",273,85,2.107142857142857,19.0
5939947,Matilde Original,284,107,1.7075471698113207,14.0
5939951,Pringles Original,196,77,2.3684210526315788,13.0
5939956,Ostepops,265,89,2.0113636363636362,10.0
5939957,Snack Chips Original,208,80,2.278481012658228,7.0
5940050,Brunch,87,16,11.666666666666666,42.0
5940117,4 cl. snaps,48,12,14.636363636363637,23.0
5940182,Sour Cream & Onion,218,84,2.180722891566265,7.0
5940190,Kopper,8,4,37.666666666666664,102.0
5940215,Chicken tenders,86,61,3.0,12.0
5940297,Enkeltbehandling,2,2,14.0,14.0
5940345,Margherita,323,103,1.7745098039215685,6.0
5940351,Saft,117,35,5.323529411764706,27.0
5940386,Grimbergen store,190,81,2.0125,8.0
5940716,"snitter a 29,-",67,2,18.0,18.0
5940754,PEPSI SODA 0.5 L,54,33,5.4375,16.0
5940851,Buffet 5,131,6,23.8,47.0
5940852,Buffet 6,148,2,14.0,14.0
5940928,B1. Brunch,106,1,999.0,999.0
5940938,Smørrebrød,223,5,34.25,79.0
5940943,Hverdagssmørrebrød,519,4,30.666666666666668,45.0
5940946,Kaffe og The,1479,41,4.325,20.0
5940957,Kagebord,180,4,44.333333333333336,69.0
5940958,Mindekomsammen,659,14,12.0,44.0
5940960,Husets vin (Hvid),127,20,8.894736842105264,29.0
5941001,Snaps 2 cl,165,13,5.333333333333333,21.0
5941009,"Cointreau, Grand Manier, Kahlua, Baileys",114,9,19.125,46.0
5941016,"Tuborg, Hof, Royal",1965,69,2.5588235294117645,12.0
5941017,Fadøl,458,3,64.0,106.0
5941018,Sodavand,2821,65,2.71875,22.0
5941022,Breezer eller Mokai,152,8,21.142857142857142,63.0
5941312,Brez,1,1,999.0,999.0
5941378,Kande kaffe,15,5,10.75,21.0
5941618,1-5 Behandlinger,28,19,3.0555555555555554,8.0
5941637,Almindelig Burger,13,9,16.25,40.0
5941638,Cheese Burger,23,10,17.0,61.0
5941639,Cheese Burger med Bacon,25,15,10.928571428571429,41.0
5941642,Flæskestegssandwich,17,6,7.6,21.0
5941646,Nachos med Ost og Kylling,36,21,8.45,22.0
5941647,Nachos med Kylling eller Ost,16,10,16.0,64.0
5941648,Kyllinge Nuggets 10 stk,31,21,7.95,35.0
5941650,Pommes Frites,178,56,2.890909090909091,18.0
5941653,Toast,113,28,5.333333333333333,20.0
5941656,Slushice Lille,46,25,6.833333333333333,45.0
5941657,Slushice Stor,35,22,6.904761904761905,48.0
5941658,Sodavand,326,67,2.4242424242424243,18.0
5941659,Hyldeblomst,24,17,8.75,66.0
5941660,Vand,72,29,5.178571428571429,20.0
5941661,Øl,36,10,17.22222222222222,68.0
5941662,Fadøl,13,4,14.333333333333334,22.0
5941665,Sort Kaffe,124,36,4.8,18.0
5941666,Sort Kaffe med Mælk,10,5,35.25,49.0
5941667,Caffe Latte´,49,17,8.875,29.0
5941672,Cappuccino,16,9,12.875,29.0
5941674,Te,10,5,27.0,56.0
5941676,Varm Kakao med Flødeskum,141,41,4.175,19.0
5941678,Chips,48,19,8.055555555555555,38.0
5941680,Corny Big,25,15,10.5,29.0
5941682,Chokolade,57,24,6.565217391304348,25.0
5941684,Slikpose,16,12,11.363636363636363,28.0
5941761,Cones,1,1,999.0,999.0
5941769,Condum,1,1,999.0,999.0
5941819,Æbleskiver,157,2,14.0,14.0
5941825,Julemenu 2,115,3,11.0,18.0
5941827,Julebuffet Stor,164,4,6.666666666666667,14.0
5941829,Køkken,1121,32,5.451612903225806,17.0
5942017,200 gr. hakkebøf med spejlæg på brød,8,1,999.0,999.0
5942028,Unspecified,155,52,3.549019607843137,24.0
5942066,Bamse,2663,139,1.3115942028985508,7.0
5942098,Vodka abrikos,617,82,2.234567901234568,8.0
5942100,Kaffe baileys,17,4,47.0,118.0
5942101,Gin hass,73,21,9.05,33.0
5942124,Drinks 2cl.,107,35,5.147058823529412,18.0
5942125,drinks 4cl.,160,34,5.454545454545454,28.0
5942126,2 x dobbelt drinks med en vand,25,9,22.5,56.0
5942127,Shots,413,35,5.323529411764706,26.0
5942132,Dobbelt irish coffee,3,2,47.0,47.0
5942141,Filur glas,72,24,7.478260869565218,25.0
5942142,Red bull/m Vodka,81,25,7.333333333333333,20.0
5942289,Stegt flæsk,157,6,29.4,77.0
5942341,Unspecified,192,37,2.4166666666666665,9.0
5942391,Øko Craft Soda - Tuxen 20 cl,41,22,8.047619047619047,52.0
5942392,Øko Craft Lemonade - Tuxen 33 cl,156,32,5.419354838709677,33.0
5942393,Alm. Sodavand 25 cl,119,29,6.035714285714286,32.0
5942394,"Solita Appelsinjuice - 27,5 cl flaske",17,9,19.375,49.0
5942395,"Rynkeby Æblemost - 27,5 cl flaske",55,13,13.916666666666666,40.0
5942397,Danskvand,68,22,7.9523809523809526,48.0
5942398,Vand - 50 cl,56,23,7.409090909090909,32.0
5942399,Brikjuice,56,9,15.875,56.0
5942400,Filterkaffe,97,27,6.384615384615385,32.0
5942401,Cappucino,96,26,6.68,32.0
5942402,Café Latte,97,29,6.0,32.0
5942403,BaggårdsLatte,21,10,15.88888888888889,44.0
5942405,Americano,47,19,8.61111111111111,35.0
5942406,Chai Latte,35,18,9.882352941176471,34.0
5942407,The,24,16,11.133333333333333,36.0
5942408,Varm Kakao med Flødeskum,127,26,6.64,33.0
5942409,Carlsberg Pilsner 33 cl Flaske,49,20,8.842105263157896,37.0
5942410,Classic 33 cl Flaske,64,22,8.0,51.0
5942411,Jacobsen 33 cl Flaske,83,23,7.636363636363637,48.0
5942413,Alkoholfri - Brooklyn 33 cl Flaske,36,19,8.555555555555555,48.0
5942414,Det Gode Menneske - Svendborgsund 50 cl,54,17,10.375,48.0
5942417,"Rød, Hvid, Rosé, Orange - Glas",284,26,6.76,48.0
5942420,Alle Drinks,46,15,10.0,48.0
5942422,Økologisk Blandet Slikpose 80 gr.,112,22,8.0,34.0
5942423,Popcorn i Pose,196,10,18.555555555555557,52.0
5942429,ØkoMarie Mælkechokolade,40,15,11.928571428571429,37.0
5942622,Unspecified,1,1,999.0,999.0
5942641,Filur Kande,50,28,6.666666666666667,24.0
5942659,Bøfsandwich,88,1,999.0,999.0
5942663,RedBull,12,10,16.333333333333332,50.0
5942785,Thai Massage 60 min.,84,65,2.609375,11.0
5942786,Thai Massage 30 min.,12,11,13.4,66.0
5942787,Olie Massage 60 min.,55,46,3.7333333333333334,13.0
5942789,Fod Massage 60 min.,2,2,41.0,41.0
5942858,Kildevand,225,35,4.970588235294118,25.0
5942886,KAFFE BAILEY 4CL,182,57,3.232142857142857,12.0
5942922,"Anarkist New England IPA 5,4%",75,17,10.8125,65.0
5942943,Kaffekande,2,1,999.0,999.0
5942944,Cafe latte,6,5,42.5,56.0
5942945,Varm Kakao,2,2,56.0,56.0
5943015,Kaffe Kop,173,20,9.157894736842104,35.0
5943017,Stor Saft,127,40,4.230769230769231,17.0
5943018,Lille Saft,177,40,4.3076923076923075,18.0
5943021,STOR Sodavand,1191,106,1.6571428571428573,13.0
5943022,"Sørbyvand, kildevand",287,62,2.8524590163934427,13.0
5943023,Alm Pilsner,370,68,2.5671641791044775,15.0
5943025,Påske/jul/guld Øl,127,27,6.576923076923077,32.0
5943029,Fransk Hotdog,453,55,3.2222222222222223,13.0
5943032,Husets burger,174,42,4.195121951219512,16.0
5943033,Kyllingeburger,28,19,9.11111111111111,34.0
5943034,Pølsemix,90,44,4.0,31.0
5943035,Pommes Frites,599,73,2.4166666666666665,16.0
5943038,Rullepølsemad,35,1,999.0,999.0
5943040,Sandwich,61,3,77.5,133.0
5943041,Toast,390,65,2.65625,13.0
5943042,Husets Burger Menu,119,48,3.6595744680851063,17.0
5943044,Vand,89,32,5.612903225806452,21.0
5943055,Garderobe,165,2,7.0,7.0
5943163,Vin og Spiritus,209,4,30.333333333333332,76.0
5943170,Nachos med kylling,219,68,2.6865671641791047,12.0
5943187,Kaffe,192,48,3.765957446808511,65.0
5943193,Kaffe kande,64,28,6.333333333333333,33.0
5943205,Huset hvid glas,54,34,5.484848484848484,46.0
5943913,1. Club Sandwich,372,79,2.3205128205128207,7.0
5943917,5. Røget Laks med Parmesan Sandwich,178,67,2.742424242424242,13.0
5943919,7. Tunmousse Sandwich,168,62,2.9672131147540983,8.0
5943931,15. Tapas for 2 Personer,171,63,2.9193548387096775,14.0
5943941,Americano,440,78,2.3506493506493507,6.0
5943945,Cappuccino,424,82,2.234567901234568,6.0
5943946,Latte,534,80,2.2911392405063293,7.0
5943955,Carlsberg,153,58,3.175438596491228,8.0
5943956,Classic,574,82,2.234567901234568,7.0
5943957,Blanc 1664,312,74,2.4794520547945207,7.0
5943958,Grimbergen,671,83,2.207317073170732,6.0
5943961,Lemonade/Cocio,241,75,2.445945945945946,7.0
5943963,Coca Cola/Zero/Squash/Lemon/Sprite/Kinley,622,85,2.1547619047619047,6.0
5943965,"Ramløse Brus med/uden Citrus 0,33",182,61,3.0166666666666666,8.0
5943976,"Hansens Iskaffe, db. Espresso, Vanilieis og Karamel eller Chokolade Sauce",159,74,2.4794520547945207,7.0
5943977,Dagens Kage,297,71,2.585714285714286,7.0
5943978,Romkugle,301,68,2.701492537313433,8.0
5943980,1 Kugle med flødeskum og syltetøj,222,38,4.837837837837838,21.0
5943988,Drys,135,22,8.619047619047619,35.0
5944005,Unspecified,63,50,3.5918367346938775,13.0
5944407,1. Margherita,44,34,5.363636363636363,15.0
5944408,2. Vessuvio,91,65,2.765625,9.0
5944409,3. Madonna,92,62,2.9672131147540983,12.0
5944411,Hawaii,85,58,3.175438596491228,24.0
5944417,San Remo,70,54,3.2830188679245285,16.0
5944419,Aurora,40,34,5.424242424242424,17.0
5944426,Isola,28,26,6.92,40.0
5944427,Pepperoni Pizza,58,42,4.121951219512195,11.0
5944429,Palermo,146,80,2.278481012658228,12.0
5944430,Cocktailpølser,53,42,4.097560975609756,17.0
5944433,Cio Cio,32,29,6.071428571428571,34.0
5944435,Bedsted Special,33,26,6.48,16.0
5944436,Black & White,50,38,4.837837837837838,27.0
5944440,Padrino,56,40,4.512820512820513,20.0
5944441,Corlioni,135,77,2.3157894736842106,10.0
5944442,Roma,74,52,3.4705882352941178,11.0
5944443,Italia,48,39,4.447368421052632,39.0
5944444,La Mafia,54,41,4.525,18.0
5944445,Kebab Pizza,67,51,3.36,14.0
5944446,Lady Godiva,326,130,1.372093023255814,4.0
5944452,Italiensk Halvmåne Sandwich med Skinke,42,33,5.1875,23.0
5944454,Italiensk Halvmåne Sandwich med Hakket Oksekød,33,27,6.653846153846154,19.0
5944457,Durum,118,70,2.6231884057971016,12.0
5944458,Kebabtallerken,96,64,2.8095238095238093,16.0
5944461,Durum Kylling,38,31,5.833333333333333,28.0
5944462,"Pommes Frites, Stor",202,105,1.7403846153846154,6.0
5944468,Pommes Frites Pizza,50,34,5.181818181818182,21.0
5944471,"Sodavand - 0,25 l",51,34,5.2727272727272725,22.0
5944477,Frozen,33,14,11.76923076923077,50.0
5944628,La Boheme,11,6,3.0,6.0
5944630,Speciale Valgfri,21,10,1.6666666666666667,4.0
5944631,Matador,6,5,2.75,5.0
5944634,Carmen,6,5,3.5,8.0
5944635,Newroz,7,6,3.8,7.0
5944637,Hawaii,5,4,6.0,7.0
5944641,Taxa,19,8,2.0,4.0
5944646,Chaplin,8,6,2.2,6.0
5944648,Mama Rosa,12,7,9.5,42.0
5944649,Bilo,5,3,7.0,7.0
5944650,Ung Mand,7,6,1.8,4.0
5944653,Kurdisk Pizza,20,10,2.0,4.0
5944655,Giovanni,7,3,7.0,10.0
5944688,70. Stor Hjemmelavet Durum,29,13,1.5,3.0
5944697,79. Hjemmelavet Pita,13,7,2.1666666666666665,5.0
5944701,Hvidløgsbrød,5,2,7.0,7.0
5944716,1/2 Grillkylling,10,9,2.25,5.0
5944718,Kebabmix,11,6,2.4,5.0
5944720,Pølsemix,5,4,7.333333333333333,13.0
5944725,Pindebøf,7,5,2.0,3.0
5944726,Plankebøf,5,3,8.0,13.0
5944732,Mickey Mouse,5,4,3.3333333333333335,4.0
5944738,Cheeseburger,7,4,3.0,5.0
5944740,Pommes Frites,19,12,1.7272727272727273,4.0
5944742,"Lille Sodavand 0, 33L",31,12,2.0,3.0
5944743,"Stor Sodavand 0,5L",36,13,4.0,29.0
5944749,F1. Frokost Hjemmelavet Durum,10,5,5.0,10.0
5944751,F3. Struer,8,5,4.75,11.0
5945148,Bambino,1,1,999.0,999.0
5945823,TB Romkugle,62,7,4.666666666666667,13.0
5945827,Burger menu,87,53,3.4038461538461537,20.0
5945841,Tapas,47,5,22.25,43.0
5945842,Glean Gaveæske uden indhold,8,5,26.5,43.0
5945873,Grillkylling med pommes,32,16,11.2,42.0
5945874,Burger med Pommes,92,40,4.384615384615385,17.0
5945876,Sandwich,116,49,3.6041666666666665,16.0
5945877,Fransk Hotdog,77,28,6.407407407407407,41.0
5945879,Pølse,55,19,8.944444444444445,21.0
5945880,Pølsebrød,49,20,8.894736842105264,21.0
5945881,Pommes,43,20,8.842105263157896,36.0
5945882,Franskbrød med Ost,132,21,8.05,21.0
5945883,Franskbrød med Rullepølse,85,21,8.05,21.0
5945886,Nachoes med Kylling,35,27,6.461538461538462,17.0
5945887,Slikpose,32,20,8.210526315789474,23.0
5945888,Muslibar,24,13,15.083333333333334,55.0
5945890,Alm Øl,315,61,2.9166666666666665,15.0
5945891,Ale nr. 16,174,48,3.723404255319149,16.0
5945892,½ Sodavand,503,92,1.9230769230769231,10.0
5945893,"0,25 Sodavand",179,68,2.611940298507463,10.0
5945894,Vand,116,55,3.3518518518518516,18.0
5945899,1 Kop Kaffe,63,15,12.785714285714286,61.0
5945912,Velo 5,119,75,1.8783783783783783,5.0
5945913,Velo 4,196,102,1.5148514851485149,5.0
5945914,Ice cold velo 3,224,108,1.4485981308411215,5.0
5945955,Haribo push up,2,1,999.0,999.0
5945956,Københavner stang is,1,1,999.0,999.0
5946140,Kebab Mix,5,5,7.5,13.0
5946141,Kylling Mix,2,2,5.0,5.0
5946142,Kebab Mix Mexikansk,1,1,999.0,999.0
5946143,Kylling Mix Mexikanak,1,1,999.0,999.0
5946149,Durum Kebab,1,1,999.0,999.0
5946155,Cheese Burger,1,1,999.0,999.0
5946156,Kylling Burger,1,1,999.0,999.0
5946179,Sodavand (1.1/2L),1,1,999.0,999.0
5946408,Slik,53,26,3.0,8.0
5946410,Slik,151,23,3.090909090909091,23.0
5946494,"Bowling 10,00",84,20,8.842105263157896,28.0
5946495,Bowling variabel,300,53,3.3461538461538463,14.0
5946574,25A,47,39,4.552631578947368,19.0
5946584,Alcoholfree Rothaus & IPA,268,86,2.070588235294118,13.0
5946688,Brownie,149,63,2.903225806451613,14.0
5946707,Unspecified,220,86,2.070588235294118,10.0
5946750,Pizza,1,1,999.0,999.0
5946751,Pizza,11,8,23.857142857142858,42.0
5946769,Pizza og grill,1069,172,1.0584795321637428,3.0
5946784,Pizza,140,87,1.9651162790697674,14.0
5946791,Pizza og grill,161,72,2.4507042253521125,9.0
5946792,Pizza og grill,20,16,10.8,26.0
5946793,Pizza og grill,126,41,4.225,87.0
5946794,Pizza og grill,1349,173,1.052325581395349,4.0
5946800,Slik og is,161,71,2.557142857142857,15.0
5946804,Panodil,2,2,47.0,47.0
5946818,Stor Fritz,14,13,12.166666666666666,35.0
5946876,Lammespyd nr     1,33,24,6.913043478260869,28.0
5946877,Kylling. Kebab og Kyllingevinger. Nr 2,46,30,6.206896551724138,39.0
5946880,Kebab og Kyllingespyd nr 5,105,60,2.983050847457627,10.0
5946881,lammekoteletter nr 6,30,25,6.833333333333333,29.0
5946882,Syrisk Kebab nr 7,61,40,4.615384615384615,18.0
5946883,Kylling og Kalv nr 8,47,32,5.774193548387097,19.0
5946884,Syriske Retter nr 9,255,68,2.6865671641791047,8.0
5946885,Familier Syrisk Retter nr 10,68,39,4.7105263157894735,21.0
5946887,Familiemix nr 12,26,21,8.0,22.0
5946888,Mad Magi Mix nr 13,24,20,8.31578947368421,25.0
5946890,"Kebab, Kalvespyd, Lammespyd nr 15",36,25,7.208333333333333,37.0
5946892,Falafel Tallerken nr 17,23,17,10.8125,34.0
5946893,Special Tallerken nr 18,32,22,8.095238095238095,24.0
5946894,Lam.kabab og kyllingespyd,51,21,8.1,25.0
5946895,Forårsruller nr 20,24,16,10.866666666666667,45.0
5946896,Crispy Kylling nr 21,25,19,9.777777777777779,35.0
5946897,Kyllingenuggets nr 22,18,14,11.846153846153847,39.0
5946898,. Vegetar Tallerken nr 23,42,29,6.285714285714286,20.0
5946901,Syrisk Sambusak nr 26,37,27,6.6923076923076925,18.0
5946902,Syrisk Kibbeh nr 27,22,16,11.666666666666666,31.0
5946908,Babaganuche nr 33,24,19,9.38888888888889,44.0
5946909,Pommes Frites nr 34,68,52,3.5098039215686274,13.0
5946910,Chili Hjemmelavet nr 35,25,22,7.809523809523809,35.0
5946911,Sodavand,460,91,2.0,10.0
5946912,Alm. Vand,72,33,5.625,18.0
5946913,Dansk Vand,40,26,6.76,48.0
5946915,Alkoholfri øl,43,23,8.181818181818182,34.0
5946989,Fisk 69kr.,14,3,62.5,105.0
5947005,slikpose,125,32,5.483870967741935,23.0
5947006,COCIO,88,37,4.722222222222222,14.0
5947060,Lille Sodavand,292,53,3.2115384615384617,15.0
5947062,Caprisun,28,10,6.333333333333333,23.0
5947295,Spiseaften,258,11,14.9,91.0
5947331,Abrikovand,175,79,2.2948717948717947,18.0
5947339,Unspecified,106,50,3.204081632653061,34.0
5947358,Tyggegummi,4,2,95.0,95.0
5947359,Slushice Lille,1,1,999.0,999.0
5947362,Frugt,10,1,999.0,999.0
5947363,Dagens Ret,1054,91,1.9444444444444444,31.0
5947364,Salatbar,34,14,7.153846153846154,54.0
5947365,Focaccia,5096,92,1.9230769230769231,31.0
5947366,Kage/Choko Bar,6461,93,1.9021739130434783,31.0
5947367,Sodavand,74,22,7.761904761904762,31.0
5947369,Vitamin Drik,861,89,1.9886363636363635,31.0
5947370,Ice Tea red bull,1449,18,1.8823529411764706,10.0
5947372,Scones,11,4,7.0,18.0
5947374,Wraps,194,17,2.0,10.0
5947375,Kaffe,14,10,3.111111111111111,11.0
5947377,Sun top,927,93,1.9021739130434783,31.0
5947379,Slikkepind,567,85,2.0833333333333335,31.0
5947381,Capi sun,1576,81,2.1875,31.0
5947383,Morgenbrød,249,76,2.3333333333333335,32.0
5947385,Morgenbrød med Smør,428,88,2.0114942528735633,31.0
5947387,Bagels,2,1,999.0,999.0
5947389,Bagels med Creme,1788,93,1.9021739130434783,31.0
5947391,1. Silvia Steger,345,101,1.8,8.0
5947392,2. Silvia Steger,1078,138,1.313868613138686,5.0
5947393,03. Jytte Larsen,46,33,5.5,17.0
5947394,4. Karin Kristensen,65,47,3.8260869565217392,28.0
5947395,5. Nicolai Petersen,5,5,44.75,95.0
5947396,6. Rita & H. Kremsler,94,62,2.7540983606557377,10.0
5947397,7. Ken Grøndahl Lassen,66,43,4.261904761904762,28.0
5947398,8. Jane Enemark,146,81,2.0625,11.0
5947399,9. Chris & Rita Gross,101,60,2.9491525423728815,17.0
5947400,10. Birgit Petersen,14,14,9.076923076923077,43.0
5947401,11. Jette Rossen,126,64,2.7777777777777777,22.0
5947402,12. Edel Hansen,53,30,6.0344827586206895,22.0
5947403,13. Pia Petersen,81,53,3.076923076923077,12.0
5947404,14. Luise Fuchs Bøttern,20,16,10.733333333333333,46.0
5947406,16. Jette Sørup,67,42,4.390243902439025,18.0
5947407,17. Elke Christensen,28,22,8.238095238095237,34.0
5947408,18. Mona Clausen,48,37,5.0,26.0
5947409,19. Vicky Fallesen,11,11,15.1,38.0
5947410,20. Tonie Børløs,41,33,5.5625,19.0
5947412,22. GlasEnglen,191,81,2.25,13.0
5947413,23. Dorthe Brix Nielsen,71,49,3.75,21.0
5947414,24. Kathrin Schroeder,4,4,25.333333333333332,44.0
5947415,25. Birger Pratsch,61,35,4.147058823529412,15.0
5947416,26. Bente Tornøe,23,20,9.0,31.0
5947420,30. Arne Guldmann,9,8,19.428571428571427,42.0
5947421,31. Haugland By Lizz,66,38,4.756756756756757,10.0
5947422,32. A. Hyldgaard Rasmussen,14,14,12.076923076923077,46.0
5947493,Prøvebehandling,5,5,11.25,32.0
5947494,Prøvebehandling JG,25,19,2.9444444444444446,11.0
5947501,Herefter 6 kr. pr. Km,197,9,19.625,37.0
5947589,1/2 Rugbrød med ost,240,65,2.578125,20.0
5947593,Pesto Chicken lille,57,13,13.583333333333334,28.0
5947602,Fadøl stor,82,27,6.653846153846154,42.0
5947603,3 stor fadøl,64,32,5.580645161290323,34.0
5947608,Orangina 25 cl,56,31,5.833333333333333,21.0
5947833,2 Kugler med flødeskum og syltetøj,292,34,5.2727272727272725,27.0
5947848,Kaffe/te,6,3,64.5,65.0
5947849,Kande kaffe,1,1,999.0,999.0
5947850,Kildevand m/brus og smag,3,2,44.0,44.0
5947853,Kylling Nugget 4 stk.,719,141,1.292857142857143,5.0
5947854,Pizza med Pepperoni halal,485,100,1.8282828282828283,7.0
5947857,Kaffe og smakager,238,8,20.571428571428573,65.0
5947907,Flæskesvær,468,126,1.44,5.0
5947920,Luksus Smørrebrød,1880,92,1.978021978021978,7.0
5947921,Sandwich,7119,141,1.292857142857143,6.0
5947922,Håndmadder,20161,147,1.2397260273972603,4.0
5947923,Mellem Smørrebrød,14221,149,1.2162162162162162,3.0
5947928,Frikadelle,6461,145,1.25,3.0
5947947,Tobak,4438,155,1.1753246753246753,3.0
5947950,Chokoladebar 1 stk,360,109,1.6574074074074074,5.0
5947994,Grillpølse,468,115,1.5789473684210527,6.0
5947995,Krydderpølse,474,111,1.6363636363636365,8.0
5947999,Ostepølse,591,115,1.5789473684210527,6.0
5948003,Dagens Ret,955,119,1.5338983050847457,17.0
5948004,Andet,673,56,3.2363636363636363,17.0
5948015,Energidrik,1681,146,1.2482758620689656,4.0
5948017,Sodavand 0.5 cl,2606,147,1.2397260273972603,3.0
594802,Papir pose,115,77,2.289473684210526,14.0
5948043,Krydret Kylling,905,123,1.4754098360655739,6.0
5948154,Marlene special,18,15,7.857142857142857,25.0
5948157,Månedens ret,19,12,8.636363636363637,21.0
5948158,Carbonara Ramen,17,7,26.166666666666668,133.0
5948163,"ØL 0,33",27,11,10.1,45.0
5948171,Øl,1371,49,3.75,7.0
5948172,Vand,56,15,12.857142857142858,35.0
5948173,Shots,131,28,6.666666666666667,21.0
5948216,Diverse,2,2,94.0,94.0
5948218,Øl,5,4,12.333333333333334,23.0
5948219,Overnatning,66,34,5.0,15.0
5948220,Mad,103,26,6.6,27.0
5948221,Arrangement,75,60,3.0508474576271185,13.0
5948307,Fløde ost,310,18,1.8823529411764706,10.0
5948415,35. Elisabeth Andersen,79,40,2.923076923076923,14.0
5948606,Unspecified,11,10,9.88888888888889,32.0
5948672,Pizza og grill,37,36,5.0,15.0
5948673,Pizza og grill,44,36,5.0,16.0
5948674,Pizza og grill,47,41,4.425,18.0
5948690,Pizza og grill,31,27,6.6923076923076925,26.0
5948712,Ingefærshot,1597,130,1.4031007751937985,16.0
5948720,Smoking blue,1,1,999.0,999.0
5948725,Smokers choice gold tips,1,1,999.0,999.0
5948733,Lasagne,27,15,6.428571428571429,13.0
5948745,Snack tenders,144,82,2.234567901234568,8.0
594937,Brezzer,55,18,8.235294117647058,35.0
5949486,Engelsk bøf,49,20,9.473684210526315,65.0
5949555,Müslibar,15,11,16.0,36.0
5949652,Børne pizza,13,13,13.666666666666666,75.0
5949653,Pommes Frites,24,24,6.913043478260869,39.0
5949654,Sandwich,54,49,3.7291666666666665,12.0
5949681,Unspecified,2,1,999.0,999.0
5949725,Chokoladebar,194,50,3.510204081632653,27.0
5949729,Pita frokost,738,154,1.1830065359477124,4.0
5949732,Romkugler 170g,37,17,10.9375,49.0
5949734,Småkager 100g,160,48,3.723404255319149,48.0
5949737,Unspecified,1707,147,1.2397260273972603,6.0
5949828,Kebabmix,39,17,9.125,27.0
5949903,Håndmadder Uspecificeret,16,4,40.666666666666664,82.0
5949925,Hjemmelavet Flæskesvære,1,1,999.0,999.0
5949929,Coca Cola,177,76,2.2933333333333334,10.0
5949930,Coca Cola Zero,9,8,18.571428571428573,44.0
5949931,Fanta,1,1,999.0,999.0
5949932,Pepsi,7,5,13.25,19.0
5949933,Pespi Max,184,79,2.282051282051282,7.0
5949934,Faxekondi,116,62,2.9344262295081966,15.0
5949935,Faxe Kondi o,112,74,2.410958904109589,7.0
5949936,Danskvand,15,9,16.375,45.0
5949937,Kildevand,35,19,8.61111111111111,62.0
5949947,Roasted med Remoulade og Ristede Løg,9,4,25.666666666666668,46.0
5949950,Flaæskesteg med Surt - Frikadelle med Surt,12,5,24.5,40.0
5949952,Kylling med Karry Dressing og Bacon,2,2,28.0,28.0
5949993,Grøntsalat med Kylling eller Rejer,1,1,999.0,999.0
5949994,"Pastasalat med Tun, Kalkun eller Skinke",1,1,999.0,999.0
5950099,Fransk Hotdog,617,36,4.9714285714285715,19.0
5950100,Pølse,87,29,6.25,20.0
5950101,Pølsebrød,76,29,6.25,21.0
5950102,Toast,300,39,4.605263157894737,19.0
5950103,Pommes Frites,663,39,4.605263157894737,20.0
5950104,Pølsemix,162,35,5.117647058823529,20.0
5950105,1 Kop Te,19,16,11.2,21.0
5950107,1 Kop Kaffe,122,24,7.608695652173913,21.0
5950108,1 Kande Kaffe,33,16,11.2,21.0
5950109,Slik,650,40,4.564102564102564,19.0
5950111,Kildevand,191,34,5.363636363636363,20.0
5950112,1/2 l Sodavand,949,41,4.45,19.0
5950113,Øl,122,8,24.285714285714285,91.0
5950269,Moscow mule,35,14,13.846153846153847,36.0
5950271,White russian,15,6,31.6,71.0
5950292,Babassu Wash,4,4,55.0,105.0
5950592,Søndagsfrokost,907,14,13.461538461538462,77.0
5950596,Vin flaske,55,43,4.238095238095238,14.0
5950613,Smurt rundstykke,4007,134,1.3533834586466165,4.0
5950615,Kaffe,1377,143,1.2746478873239437,4.0
5950616,Wienerbrød små,3664,150,1.2080536912751678,4.0
5950617,Thebirkes,896,134,1.3533834586466165,6.0
5950619,Wagelsstang,350,129,1.40625,7.0
5950622,Romkugle 1 stk,613,117,1.5517241379310345,7.0
5950623,Romkugler 3 stk,674,115,1.5789473684210527,10.0
5950639,Long Drink's.  5cl. Spirit and soda or juice,98,38,3.918918918918919,26.0
5950653,"Carlsberg 0,25",124,68,2.6865671641791047,7.0
5950654,Smørrebrød,80,1,999.0,999.0
5950655,"Carlsberg 0,5",1344,161,1.13125,5.0
5950656,"Tuborg Classic 0,25",138,66,2.6769230769230767,9.0
5950657,"Tuborg Classic 0,5",1899,172,1.0526315789473684,3.0
5950659,"GRIMBERGEN 0,5",492,109,1.5740740740740742,12.0
5950665,"Soda 0,25",953,158,1.1464968152866242,4.0
5950668,"Water 0,33",806,162,1.124223602484472,4.0
5950678,Gin Hazz,106,42,4.097560975609756,23.0
5950727,Sauvignon Blanc gl.,226,80,2.278481012658228,11.0
5950729,Riesling,89,48,3.8297872340425534,14.0
5950736,Red Sicoris Tempranillo Glass,164,73,2.486111111111111,24.0
5950749,Chicken burger,176,101,1.78,7.0
5950750,Hamburger,608,154,1.1830065359477124,5.0
5950753,Salmon,180,88,2.0804597701149423,14.0
5950754,Pasta beef,220,108,1.6728971962616823,14.0
5950759,Creme bruhle,143,81,2.2,9.0
5950760,Chocolate fondant,118,65,2.78125,12.0
5950762,Carparccio,92,61,2.9166666666666665,11.0
5950766,Bacon,163,76,2.32,16.0
5950768,Cheese,179,83,2.1463414634146343,14.0
5950770,Ceasar salad with chicken,114,73,2.4583333333333335,12.0
5950862,Snacks,240,98,1.824742268041237,18.0
5950876,Andet,2565,150,1.2147651006711409,3.0
5950893,Hjemmebagt bolle m. Ost,59,42,4.2682926829268295,21.0
5950904,SANDWICH,1543,134,1.3533834586466165,6.0
5950905,LUKSUS SANDWICH,22,14,12.0,34.0
5950906,HAANDMAD,18207,129,1.40625,6.0
5950907,MELLEM SMORREBROD,1663,117,1.5517241379310345,6.0
5950908,STOR SMORREBROD,319,19,7.777777777777778,27.0
5950909,LUKSUS SMORREBROD,12,3,48.0,65.0
5950911,2 FRIKADELLER MED KARTOFFELSALAT,131,70,2.536231884057971,11.0
5950912,MIDDAGSRETTER,437,112,1.6306306306306306,7.0
5950913,FRIKADELLER,2359,122,1.487603305785124,6.0
5950914,KAGER,1650,123,1.4754098360655739,6.0
5950915,DIVERSE SALG,1525,119,1.5084745762711864,6.0
5950949,Jiwa 100,1,1,999.0,999.0
5950950,Jiwa 12,2,2,37.0,37.0
5950954,Jule kaffe,244,44,2.2093023255813953,14.0
5951195,Vegetar  nr 24,19,17,10.1875,45.0
5951206,Pose,216,65,2.71875,19.0
5951226,feallesspisning,44,14,13.076923076923077,81.0
5951268,Farmers choise chardonnay - Glas,214,68,2.701492537313433,10.0
5951314,Othello,23,9,8.75,21.0
5951321,Mix,613,134,1.3609022556390977,4.0
5951322,Mix,447,132,1.3435114503816794,3.0
5951323,Mix,154,82,2.111111111111111,6.0
5951324,Mix,270,116,1.565217391304348,6.0
5951325,Mix,69,52,3.549019607843137,17.0
5951326,Mix,276,117,1.5603448275862069,6.0
5951327,Mix,45,37,5.0,22.0
5951328,Mix,63,43,4.238095238095238,16.0
5951329,Mix,126,76,2.3333333333333335,9.0
5951330,Mix,23,20,8.526315789473685,21.0
5951331,Mix,22,19,8.666666666666666,33.0
5951332,Mix,1,1,999.0,999.0
5951333,Mix,80,57,3.2142857142857144,10.0
5951334,Mix,3,3,72.0,79.0
5951335,Mix,1,1,999.0,999.0
5951336,Mix,35,27,6.1923076923076925,27.0
5951346,Rundstykke lys,659,100,1.8080808080808082,7.0
5951480,Unspecified,609,76,2.36,6.0
5951492,Nr 1.Philadelphia Roll,4,4,39.666666666666664,57.0
5951493,Nr 2.Alska,10,8,21.285714285714285,41.0
5951494,Nr 3.California,7,5,42.25,99.0
5951495,Nr 4.Tun,5,3,59.5,104.0
5951497,Nr 6.Hawaii,14,11,15.5,42.0
5951502,Nr 11.Maki Tun,4,4,11.666666666666666,21.0
5951504,Nr 13.Grillet Laks,5,3,56.5,105.0
5951505,Nr 14.Grøn Dragon,4,2,41.0,41.0
5951507,Nr 16.Kvaerndrup Roll,10,5,28.25,56.0
5951512,Nr 25.Ebi,4,4,37.666666666666664,64.0
5951516,Nr 29.Tempurarejer,7,4,28.0,49.0
5951530,Nr 43.Laks,15,6,22.2,77.0
5951537,Nrc52Tempurarejer,24,19,9.38888888888889,35.0
5951539,Menu A,9,7,28.166666666666668,56.0
5951540,Menu B,7,7,27.166666666666668,63.0
5951541,Menu C,8,8,22.0,50.0
5951542,Menu D,15,11,15.5,30.0
5951561,Burrata,240,78,2.324675324675325,20.0
5951562,Carpaccio,126,62,2.9344262295081966,24.0
5951563,Bruschetta,317,77,2.3421052631578947,21.0
5951564,Pomodoro Linguine,654,93,1.9565217391304348,19.0
5951565,Funghi Pappardelle,809,92,1.967032967032967,21.0
5951566,Ragu,981,96,1.894736842105263,20.0
5951567,Gamberi Tagliatelle,355,57,1.4464285714285714,5.0
5951568,Tiramisu,438,86,2.1058823529411765,21.0
5951570,Aguador Lamon,119,62,2.9344262295081966,23.0
5951571,Beer,350,81,2.25,24.0
5951572,Cola,555,89,2.0454545454545454,20.0
5951576,Water,266,77,2.3552631578947367,19.0
5951577,Sparkling Water,276,75,2.418918918918919,22.0
5951578,San Pellegrino Drink,859,94,1.935483870967742,20.0
5951580,Glass of Wine,27,15,9.0,31.0
5951582,Americano,88,49,3.7291666666666665,24.0
5951584,Cappuccino,85,40,4.564102564102564,26.0
5951587,Cortado,30,21,8.35,24.0
5951588,Espresso,91,47,3.8260869565217392,25.0
5951590,Flat White,74,37,4.833333333333333,38.0
5951592,Latte,43,26,7.0,26.0
5951625,Varelotteriet,60,28,6.62962962962963,31.0
5951659,Diverse,216,45,3.9545454545454546,21.0
5951848,"Strammer Max (m. Franskbrød, skinke, 2 spejlœg, bacon, tomat & agurk)",86,51,3.62,24.0
5951850,Håndmadder,1312,115,1.587719298245614,17.0
5951854,"Kage (kanelsnegl, spandau & hjemmebag)",364,107,1.7075471698113207,17.0
5951856,Dåse sodavand (330 ml),217,90,2.033707865168539,17.0
5951857,"Vand (0,5l)",80,55,3.2777777777777777,24.0
5951858,Saftevand Stor,315,111,1.6454545454545455,17.0
5951859,Saftevand Lille \ Genopfyld,69,50,3.5918367346938775,21.0
5951860,Kaffe,2173,118,1.547008547008547,17.0
5951864,"Cocio 0,25-varm",144,70,2.608695652173913,17.0
5951866,"Cocio 0,6 L",111,63,2.8870967741935485,17.0
5951868,Rød pølse \ Ristet grillpølse,391,91,1.9777777777777779,17.0
5951869,Ristet Grillpølse,146,39,1.605263157894737,4.0
5951870,"Medister, Frankfurter el. Rød knæk",515,111,1.6363636363636365,17.0
5951871,Rød/Ristet  Hotdog,581,110,1.6605504587155964,17.0
5951873,Fransk Hotdog,324,109,1.6759259259259258,17.0
5951875,Pølsebrød,732,115,1.587719298245614,17.0
5951876,Bacon,232,106,1.723809523809524,17.0
5951878,Kradser,54,22,7.285714285714286,25.0
5951879,Pølsemix (karry ketchup og rå løg),71,42,4.365853658536586,19.0
5951883,Pomfritter (Stor),79,45,4.113636363636363,18.0
5951884,Pomfritter (Lille),120,65,2.828125,18.0
5951888,Husets Burger (2 skiver ost og bacon),127,58,3.1403508771929824,20.0
5951891,Bøfsandwich,261,94,1.946236559139785,18.0
5951892,Ribben Sandwich,117,67,2.6515151515151514,17.0
5951922,Unspecified,2520,150,1.2147651006711409,6.0
5951960,"Chili, hvidløg, tomat, iceberg salat og dressing",766,128,1.4173228346456692,5.0
5951961,Ekstra kød,44,28,6.555555555555555,23.0
5951996,Sma juice/Matilde/Tee/corny,888,23,7.7272727272727275,35.0
5952145,Pitza,189,13,7.25,23.0
5952198,Nr 54.veganske forårsruller,14,9,19.25,63.0
5952721,Unspecified,597,79,2.3076923076923075,13.0
5952746,Wasabi,11,6,25.0,56.0
5952747,Chili mayo,37,14,13.538461538461538,37.0
5952750,Ingefær,7,4,39.666666666666664,64.0
5952754,Hata,23,13,14.583333333333334,43.0
5952871,Unspecified,3,3,3.0,4.0
5953011,1. Margherita,26,15,6.642857142857143,26.0
5953012,2. Cotto,22,15,5.5,37.0
5953013,3. Prosciutto e Funghi,19,15,5.785714285714286,29.0
5953014,4. Capricciosa,30,20,4.578947368421052,26.0
5953015,5. Quattro Stagioni,5,4,28.666666666666668,47.0
5953016,6. Napoletana,6,5,7.75,20.0
5953017,7. Americana,6,6,14.2,36.0
5953018,8. Pugliese,10,9,6.75,34.0
5953019,9. Diavola,50,27,3.6923076923076925,29.0
5953021,11. Vegetariana,6,5,17.25,41.0
5953023,13. Nostalgia,6,6,16.6,43.0
5953024,14. Quattro Formaggi,6,5,16.5,33.0
5953025,15. Contadino,4,4,24.666666666666668,62.0
5953026,16. Gustosa,41,20,5.052631578947368,31.0
5953027,17. Genovese,8,6,13.2,36.0
5953028,18. Regina,21,15,6.642857142857143,31.0
5953031,21. Salamini,16,10,9.777777777777779,29.0
5953033,NR. 100,9,6,12.8,35.0
5953035,NR. 102,5,4,22.666666666666668,34.0
5953036,NR. 103,9,5,19.25,36.0
5953037,NR. 50,3,3,15.0,27.0
5953039,200. Boscaiola,4,4,8.333333333333334,12.0
5953040,201. Portofino,9,9,12.0,46.0
5953041,202. Cartoccio,3,3,40.5,42.0
5953042,203. Bolognese,11,9,11.875,32.0
5953044,Tiramisu,17,8,11.0,34.0
5953045,Pannacotta,8,5,20.75,37.0
5953046,"Sodavand 0,33cl",23,11,7.4,34.0
5953047,Vand,5,3,9.5,16.0
5953145,Unspecified,9,2,105.0,105.0
5953437,Bøfsandwich Med Sovs,139,75,2.445945945945946,22.0
5953452,Ipren 200 mg,1,1,999.0,999.0
5953716,D11 sparkling apple \ sparkling ginger,155,60,2.4915254237288136,48.0
5953717,Special beers,73,41,4.4,16.0
5953780,Nr 56. Crazy roll,5,4,30.666666666666668,72.0
5953785,Menu G,10,8,15.857142857142858,57.0
5953895,Nr 21.Ebi laks,5,5,33.25,64.0
5953898,Nr 55. Tangsalat,20,12,15.363636363636363,42.0
5953969,Prøvebehandling Bækkenbund,1,1,999.0,999.0
5954041,Alleenberg Øl,1263,115,1.5789473684210527,6.0
5954042,"Øl 40,-",12447,145,1.2638888888888888,4.0
5954043,"Øl 46,-",855,111,1.6454545454545455,6.0
5954044,"Øl 53,-",890,101,1.82,6.0
5954046,Stor Alm.,164,43,4.142857142857143,13.0
5954047,Stor Lux,72,32,5.67741935483871,28.0
5954050,"Special pris 0,5L.",46,3,70.0,107.0
5954053,Sodavand,1779,131,1.3923076923076922,5.0
5954054,Red Bull,366,74,2.493150684931507,12.0
5954057,Lille vin,129,51,3.6,17.0
5954059,Lille Prosecco,22,10,16.444444444444443,42.0
5954064,Alléenberg øl,1200,94,1.946236559139785,6.0
5954097,Guld Øl,510,99,1.8571428571428572,7.0
5954100,"Sjusser 110,-",935,97,1.8958333333333333,8.0
5954101,"Drinks 115,-",165,43,4.142857142857143,14.0
5954102,Spritz,34,17,10.3125,21.0
5954103,Irsk/Fransk Kaffe,116,28,6.2592592592592595,21.0
5954105,"Sprit 37,-",1545,108,1.7009345794392523,7.0
5954106,"Sprit 42,-",3048,121,1.5166666666666666,6.0
5954107,"Sprit 54,-",151,41,4.275,19.0
5954108,"Shot 35,-",2804,114,1.6106194690265487,6.0
5954110,Bitter,78,21,8.95,20.0
5954111,Snaps,72,14,8.384615384615385,33.0
5954112,Arne/Starka/Underberg,134,30,5.482758620689655,15.0
5954113,Glidende Brystvorte,185,31,5.733333333333333,26.0
5954114,Hotshot,784,58,3.175438596491228,9.0
5954115,Chips/nød,96,38,4.864864864864865,15.0
5954119,Kaffe,63,30,6.241379310344827,25.0
5954121,Cigaretter/snus,263,94,1.946236559139785,6.0
5954127,Depositum 100,299,71,2.585714285714286,7.0
5954129,Depositum 200,85,46,3.888888888888889,14.0
5954158,Shots,1,1,999.0,999.0
5954163,Diverse,44,20,9.578947368421053,28.0
5954166,Cigaretter/Snus,8,7,24.333333333333332,76.0
5954169,Chips/nød,12,6,31.8,60.0
5954171,"Underberg, Arne & Starka",4,3,43.0,83.0
5954172,"Shots 35,-",3335,86,2.1411764705882352,6.0
5954173,Bitter,10,3,51.0,60.0
5954174,Snaps,23,2,2.0,2.0
5954175,Glidende Brystvorte,7,1,999.0,999.0
5954177,"Sprit 37,-",1929,81,2.275,6.0
5954179,"Sprit 42,-",2067,92,2.0,6.0
5954180,"Sprit 54,-",17,2,28.0,28.0
5954182,"Sjusser 110,-",17,10,14.222222222222221,37.0
5954185,Irsk/Fransk Kaffe,38,3,37.0,42.0
5954186,Stor Vin,11,3,52.0,101.0
5954187,Lille Vin,179,57,3.1964285714285716,9.0
5954191,Sodavand,2065,109,1.6759259259259258,6.0
5954192,Red Bull,508,72,2.563380281690141,9.0
5954193,Stor Alm.,8105,141,1.3,4.0
5954194,Stor Lux.,5557,133,1.378787878787879,6.0
5954195,Lille Alm.,144,48,3.723404255319149,14.0
5954196,Lille Lux.,184,60,2.983050847457627,13.0
5954197,"Special Pris 0,5L.",1214,63,2.903225806451613,12.0
5954198,"Special Pris 0,25L",52,7,22.666666666666668,53.0
5954199,"Øl 40,-",12013,128,1.4330708661417322,5.0
5954200,Guldøl,600,79,2.3333333333333335,8.0
5954203,"Øl 46,-",1019,101,1.81,6.0
5954204,"Øl 53,-",673,88,2.0689655172413794,7.0
5954217,Vand,1031,160,1.1320754716981132,3.0
5954224,Unspecified,2691,152,1.1920529801324504,4.0
5954520,T162 Stor fest,43,31,5.466666666666667,13.0
5954551,33. Alice Unbehaun,36,25,6.75,26.0
5954648,1. Noodle soup w. Beef,1683,181,1.0055555555555555,2.0
5954649,2. Dry noodles w. beef,300,143,1.267605633802817,3.0
5954650,3. Rice noodles w. Beef & oyster sauce,282,123,1.4836065573770492,5.0
5954651,4. Rice noodles W. Vegetable,202,102,1.7920792079207921,10.0
5954652,5. Teriyaki rice w. Chicken,664,173,1.052325581395349,3.0
5954653,6. Rice w. Beef & oyster sauce,217,112,1.6126126126126126,6.0
5954654,7. Fried rice w. Egg,221,112,1.6216216216216217,5.0
5954655,8. Shrimp Fried rice,373,146,1.2482758620689656,5.0
5954656,9. Homemade spring rolls,398,147,1.2191780821917808,3.0
5954657,10. Fried chicken dumplings,463,151,1.2,4.0
5954658,11. Fried chicken breast,161,91,1.9666666666666666,7.0
5954659,12. Chicken Wings,172,97,1.8541666666666667,7.0
5954661,Juice,318,130,1.4031007751937985,6.0
5955597,Margarita 1,73,53,3.3461538461538463,20.0
5955600,Safari 4,315,120,1.4621848739495797,7.0
5955601,Skinke 5,242,110,1.6605504587155964,6.0
5955602,Gorgonzela 6,77,58,3.1578947368421053,11.0
5955603,Hawaii 7,121,71,2.585714285714286,8.0
5955604,Nabel 8,145,80,2.2911392405063293,6.0
5955605,Viking 9,169,91,1.988888888888889,6.0
5955606,ørsted 10,88,57,3.2142857142857144,17.0
5955607,Meat Lover 11,318,124,1.4715447154471544,5.0
5955608,Taxa Pizza 12,112,67,2.742424242424242,14.0
5955612,Salat Pizza 1 16,381,126,1.448,5.0
5955615,Pommes Frites Pizza 19,74,52,3.549019607843137,12.0
5955616,Feta Pizza 20,64,49,3.7708333333333335,13.0
5955617,Rhodos 21,102,70,2.5942028985507246,9.0
5955619,Amigo 23,104,62,2.918032786885246,10.0
5955625,Mexicano 29,83,58,3.1578947368421053,9.0
5955628,Calzone 32,99,73,2.486111111111111,8.0
5955635,Bambino 39,74,50,3.693877551020408,27.0
5955638,Alm,375,111,1.6090909090909091,5.0
5955641,Rullekebab 42,436,129,1.4140625,5.0
5955645,Pita Kebab 45,83,55,3.3518518518518516,14.0
5955654,Grill Kylling 54,345,111,1.6454545454545455,20.0
5955656,Nuggets 56,61,48,3.8085106382978724,14.0
5955657,Kebabmix 57,115,68,2.626865671641791,15.0
5955661,Plankebøf 61,197,89,2.0454545454545454,9.0
5955662,Pommes 62,513,137,1.3308823529411764,5.0
5955665,Bacon Cheese 65,166,78,2.3506493506493507,7.0
5955678,Sodavand 330mL,66,36,5.0,30.0
5955683,Hvidløg bager,309,94,1.946236559139785,5.0
5955684,Dressing i Bæger,126,74,2.4794520547945207,14.0
5955712,Rom nation,38,14,11.692307692307692,35.0
5956058,Chips,115,17,10.4375,31.0
5956077,Hjemmelavet kage,103,35,1.7058823529411764,5.0
5956093,Unspecified,2,2,61.0,61.0
5956137,Kylling,4,4,39.333333333333336,75.0
5956207,1  COCIO,44,13,12.833333333333334,49.0
5956555,Unspecified,757,52,3.450980392156863,20.0
5956808,Store Donut,457,107,1.6981132075471699,7.0
5956820,34. Galleri,12,11,13.3,27.0
5956862,Tuborg classic 25 cl.,29,21,8.65,33.0
5956921,Buffet fødselaren,162,103,1.7745098039215685,7.0
5956929,mad badminton,27,3,38.5,56.0
5956947,Dagens ret,259,77,2.3026315789473686,7.0
5956948,Dessert,113,23,7.454545454545454,17.0
5957219,Sukker,1,1,999.0,999.0
5957221,Lux Øl kort,45,41,4.375,11.0
5957222,Klidevand,112,46,3.8444444444444446,13.0
5957294,TB Mazarinkage,13,2,13.0,13.0
5957323,Unspecified,58,28,6.222222222222222,28.0
5957416,Julefrokost,143,12,8.181818181818182,42.0
5957425,Unspecified,247,116,1.5739130434782609,26.0
5957429,Hancock sodavand,172,80,2.1645569620253164,18.0
5957430,Hancock sport-cola,87,52,3.3529411764705883,21.0
5957452,Pølse Brød,709,148,1.2312925170068028,25.0
5957457,Rød Pølse,130,67,2.696969696969697,25.0
5957458,Ristet Pølse,503,137,1.3308823529411764,25.0
5957459,Frankfurter,160,89,1.9886363636363635,26.0
5957462,Alm/rød Hotdog,283,107,1.669811320754717,26.0
5957463,Ristet Hotdog,1556,152,1.1986754966887416,25.0
5957464,Fransk Hotdog,365,121,1.5083333333333333,25.0
5957467,Big Burger,219,107,1.6981132075471699,30.0
5957468,Chesse Burger,368,130,1.4031007751937985,28.0
5957473,Jumbo burger + ost & bacon,121,61,2.9166666666666665,30.0
5957474,Baconchess,341,120,1.5210084033613445,25.0
5957477,Bøf Sandwich med Sovs,161,86,2.0941176470588236,33.0
5957478,Ribben Sandwich,111,71,2.585714285714286,28.0
5957481,Lille Pomfrit,452,145,1.2569444444444444,25.0
5957483,Alm. Pølsemix,491,137,1.3308823529411764,26.0
5957485,Alm Kebab Mix,141,74,2.4246575342465753,25.0
5957487,Kylling Mix,108,72,2.4507042253521125,28.0
5957490,Halv Grill Kylling med Pommes,326,108,1.691588785046729,26.0
5957494,China Box Lille,218,76,2.4133333333333336,33.0
5957495,China Box Stor,634,99,1.846938775510204,31.0
5957502,Poser,417,137,1.3308823529411764,25.0
5957512,Lille Sodavand,247,109,1.6759259259259258,26.0
5957513,Mellem Sodavand,152,79,2.2564102564102564,26.0
5957516,Stor Cocio,232,98,1.8350515463917525,25.0
5957517,0.5 L Sodavand,108,62,2.9344262295081966,25.0
5957524,Stor Box Menu,155,91,2.0,27.0
5957539,Chinaboks Lille,405,111,1.6272727272727272,25.0
5957540,Chinaboks Stor,870,136,1.3407407407407408,25.0
5957546,Drinks,60,8,20.428571428571427,48.0
5957679,Stegt flæsk,124,10,12.666666666666666,50.0
5957712,"KiWa Foto, Print",56,30,6.0344827586206895,39.0
5957713,"KiWa Foto, Postkort",16,13,8.833333333333334,21.0
5957714,"KiWa Foto, Portrætfoto Studie og Udendørs",12,8,4.285714285714286,10.0
5957720,"Pernille G, Stearinlys",31,26,7.2,30.0
5957933,Squeezy,13,9,12.0,43.0
5957985,Klejner,12,3,14.0,21.0
5958024,Pepperoni,59,32,5.0,14.0
5958028,Pølsehorn,2,2,1.0,1.0
5958029,Honningkage bomber,134,14,2.769230769230769,7.0
5958041,FLØDEBOLLER,1618,156,1.1612903225806452,4.0
5958105,Unspecified,1369,106,1.723809523809524,14.0
5958237,Alfredo,29,21,8.35,34.0
5958240,Toscana Laks,232,75,2.4324324324324325,20.0
5958264,Pizza pepperoni,241,67,2.6515151515151514,18.0
5958265,EXTRA FLØDEBOLLE,122,21,7.8,38.0
5958271,Dagens ret,505,60,2.8813559322033897,21.0
5958280,Dagens kage,37,17,10.3125,54.0
5958282,Sodavand,195,65,2.609375,20.0
5958283,Kildevand,4,4,42.666666666666664,78.0
5958345,Unspecified,92,49,3.7083333333333335,26.0
5958373,STÆNGER,1245,155,1.1688311688311688,4.0
5958465,DIN Upcycling,88,43,3.7857142857142856,22.0
5958631,Unspecified,26,14,12.538461538461538,47.0
5958664,EXTRA STÆNGER,107,48,3.382978723404255,13.0
5958680,TUNGER,383,128,1.4173228346456692,5.0
5958682,DESSERTYKKER,175,95,1.9042553191489362,8.0
5958684,GAVEÆSKE CA. 110 GR.,159,62,2.901639344262295,12.0
5958685,GAVEÆSKER CA. 150 GR.,186,64,2.8412698412698414,14.0
5958686,GAVEÆSKE CA. 250 GR.,122,59,3.103448275862069,14.0
5958699,ØL,37761,181,1.0055555555555555,2.0
5958700,LUX,5082,178,1.0225988700564972,3.0
5958701,VAND,3712,181,1.0055555555555555,2.0
5958702,FAD 1,15550,181,1.0055555555555555,2.0
5958703,FAD 2,654,80,2.2151898734177213,6.0
5958704,FAD 3,2297,155,1.1753246753246753,4.0
5958706,UNDERBERG,1733,168,1.0778443113772456,3.0
5958707,VIN 40,744,152,1.1986754966887416,3.0
5958708,SHOT 1,1824,164,1.1104294478527608,3.0
5958709,SHOT 2,7120,155,1.1753246753246753,3.0
5958710,ICE,1563,146,1.2482758620689656,5.0
5958711,MANGO,37,17,7.4375,27.0
5958712,SPRUT 1,830,118,1.5384615384615385,6.0
5958713,SPRUT 2,3775,158,1.1528662420382165,4.0
5958714,DIV SPRUT,162,57,2.9642857142857144,12.0
5958715,KAFFE,170,78,2.3506493506493507,7.0
5958716,LILLE FAD 1,363,110,1.6605504587155964,5.0
5958717,LILLE FAD 2,401,104,1.7572815533980584,11.0
5958718,SPILLEMØNT,26,16,10.0,49.0
5960245,Pastasalat,15,8,19.857142857142858,46.0
5960284,Jule pizza,89,20,1.9473684210526316,5.0
5960296,Søndagsjulefrokost,300,4,7.0,7.0
5960297,Julefrokost 2. Juledag,122,1,999.0,999.0
5960400,Glean Træstamme,66,17,8.8125,35.0
5960412,19. Nachos,187,70,2.6231884057971016,12.0
5960424,Mortens aften menu,32,1,999.0,999.0
5960438,Sodavand,26,3,11.5,12.0
5960439,ol,44,4,18.333333333333332,32.0
5960442,Saft,5,3,11.5,12.0
5960452,Glas vin,7,3,11.5,12.0
5960453,Mortensaften,142,1,999.0,999.0
5960525,DAGENS,242,23,8.0,29.0
5960526,KAFFE,1371,149,1.222972972972973,8.0
5960527,ESPRESSO,94,66,2.707692307692308,14.0
5960528,AMERICANO,146,76,2.4133333333333336,10.0
5960529,FLAT WHITE & CORTADO,482,138,1.3211678832116789,5.0
5960530,CAPPUCCINO & LATTE,1417,164,1.1104294478527608,5.0
5960531,TE,393,151,1.2066666666666668,5.0
5960532,VARM KAKAO,614,137,1.3308823529411764,5.0
5960533,CHAI LATTE,104,61,2.9833333333333334,9.0
5960535,REFILL,258,107,1.7075471698113207,16.0
5960538,FAD lille,479,118,1.547008547008547,6.0
5960539,FAD stor,924,131,1.3923076923076922,5.0
5960540,FLASKE,285,91,2.011111111111111,6.0
5960541,SAFT / JUICE,370,110,1.6605504587155964,7.0
5960542,VIN glas,407,96,1.9052631578947368,7.0
5960545,BOLLE m. ost,482,136,1.3333333333333333,6.0
5960547,MORGENPLATTE,199,76,2.3733333333333335,10.0
5960548,SANDWICH & PANINO,943,151,1.2,5.0
5960549,KAGE,1566,166,1.096969696969697,5.0
5960550,CROISSANT & COOKIE,743,157,1.1602564102564104,5.0
5960554,BILLET,145,62,2.80327868852459,15.0
5960663,Stor Fadøl,15823,140,1.3021582733812949,7.0
5960664,Lille Fadøl,722,109,1.6759259259259258,9.0
5960665,Stor Lux Fadøl,7105,136,1.3407407407407408,7.0
5960666,Lille Lux Fadøl,475,101,1.8,9.0
5960667,Tips,69,40,4.153846153846154,14.0
5960668,Flaske vand,161,51,3.6,18.0
5960669,Flaske Øl,5591,136,1.3407407407407408,7.0
5960670,Guinness fad,1799,118,1.547008547008547,8.0
5960672,Sodavand,2255,128,1.4251968503937007,10.0
5960673,Glas pinot Noir / Rosé,332,93,1.9565217391304348,10.0
5960674,Fevertree,212,40,4.512820512820513,21.0
5960675,Redbull,397,58,3.175438596491228,10.0
5960676,Corona,169,51,3.52,10.0
5960677,Somersby,181,63,2.8870967741935485,10.0
5960678,Glas Vin sauvignon,803,116,1.5739130434782609,8.0
5960680,Cocktail,3250,125,1.4596774193548387,8.0
5960686,Spiritus (40),2582,111,1.6454545454545455,8.0
5960689,Spiritus (55),478,82,2.234567901234568,7.0
5960691,Flaske Spiritus (650),84,39,4.526315789473684,13.0
5960694,Shot,2160,108,1.691588785046729,10.0
5960695,5x Shots,714,89,2.0568181818181817,10.0
5960698,Gl. Cremant / Cava,149,49,3.375,11.0
5960746,Overlæbe,2,2,16.0,16.0
5960750,Næse og øre mand,1,1,999.0,999.0
5960754,Næse,1,1,999.0,999.0
5960768,Manicure,3,3,14.0,14.0
5960774,TO GO KOP,230,80,2.2911392405063293,15.0
5960804,Stor Slush Ice,399,96,1.894736842105263,8.0
5960823,Julefrokost,8,1,999.0,999.0
5960877,Jule menu 1 Catering,201,7,6.5,10.0
5961039,CHIPS,649,140,1.3021582733812949,11.0
5961306,Rugbrød,54,29,6.107142857142857,20.0
5961332,Klejner,248,14,3.0,6.0
5961333,Klejner 3 stk,248,14,3.0,6.0
5961435,Smørrebrød,90,9,18.375,42.0
5961488,Stor Slush Ice,293,69,2.661764705882353,14.0
5961499,Frubt,113,41,4.275,92.0
5961500,Bl Brød,29,19,8.777777777777779,98.0
5961501,Brød med Ost,316,47,3.739130434782609,92.0
5961502,Pirog Sandwich,465,59,2.9655172413793105,92.0
5961503,Var me Drikke,1227,60,2.9152542372881354,92.0
5961504,Kolde Drikke,4,2,98.0,98.0
5961505,Div. Drikke,55,28,6.296296296296297,98.0
5961506,Dasen Ret,448,58,3.017543859649123,92.0
5961507,3 stk Smarebød,1,1,999.0,999.0
5961514,1 fl. Vin,11,2,11.0,11.0
5961518,Kringel 1/2 tilbud,5,3,70.0,126.0
5961520,Boller,7,2,14.0,14.0
5961528,Jule Brownie,60,11,2.8,6.0
5961531,Tangsalat 100g,9,9,18.25,63.0
5961532,Snack box,4,4,46.666666666666664,111.0
5961539,Brød og smør,38,3,11.0,21.0
5961548,Bærepose,24,10,3.3333333333333335,7.0
5961549,Bounty kugler,36,5,3.75,7.0
5961550,Brunch,34,2,7.0,7.0
5961561,Unspecified,132,42,4.365853658536586,20.0
5961580,Unspecified,73,28,1.4814814814814814,3.0
5961597,Unspecified,124,69,2.6176470588235294,20.0
5961653,MUFFIN/SNEGL/SNICKERS,125,42,4.2682926829268295,40.0
5961677,Capri-sun Multivitamin,249,90,2.0224719101123596,7.0
5961721,Amacord fadøl,148,58,2.982456140350877,15.0
5961744,Unspecified,443,121,1.5083333333333333,5.0
5961971,F4 Pizza,1490,168,1.0838323353293413,4.0
5961972,F5 Pizza,62,34,4.878787878787879,29.0
5961985,Kylling,226,104,1.7378640776699028,6.0
5961990,Shawarma,227,118,1.4786324786324787,6.0
5961994,Kylling og Bacon,147,93,1.826086956521739,7.0
5962008,cola 500 ML,65,48,3.595744680851064,17.0
5962009,cola 330 ML,372,130,1.3953488372093024,7.0
5962011,1. Margherita,345,137,1.3308823529411764,4.0
5962012,2. Capricciosa,259,125,1.4596774193548387,5.0
5962013,3. Hawaii,175,98,1.8556701030927836,7.0
5962014,4. Calzone,62,46,4.022222222222222,12.0
5962016,6. Pepperoni,637,160,1.1383647798742138,5.0
5962017,8. Italian,53,44,3.953488372093023,19.0
5962018,9. Shawarma,88,56,3.1272727272727274,13.0
5962019,10. Bianca,154,88,2.0804597701149423,7.0
5962020,12. Quattro Formaggi,55,41,4.525,15.0
5962021,13. Diavola,55,43,4.119047619047619,20.0
5962023,15. Gorgonzola,67,57,3.125,10.0
5962024,11. Tartufo e Patate,83,56,3.1636363636363636,13.0
5962026,17. Pollo,68,48,3.6595744680851063,12.0
5962029,30. Pizza Con Insalata,297,141,1.2857142857142858,4.0
5962030,31. Pollo og Pesto,116,76,2.36,9.0
5962034,35. Casereccia,74,59,3.0517241379310347,11.0
5962036,37. Vegetariana,58,45,3.909090909090909,16.0
5962121,Gloegg,47,15,2.2857142857142856,7.0
5962136,julepils,151,15,8.285714285714286,38.0
5962159,Smørrebrød,2051,108,1.691588785046729,17.0
5962160,Smørrebrød fisk,390,87,2.0930232558139537,17.0
5962161,Lux. Smørrebrød,66,10,2.3333333333333335,7.0
5962162,Lux. Fisk,9,8,2.5714285714285716,6.0
5962164,Luksus rejemad,16,8,22.571428571428573,77.0
5962165,Stjerneskud,154,42,4.2682926829268295,20.0
5962166,Luksus fiskefilet med rejer,17,11,14.1,38.0
5962168,Frikadeller,4,1,999.0,999.0
5962169,Gammeldags æblekage,5,2,157.0,157.0
5962172,2 stk. Fiskefilet,7,6,30.6,60.0
5962173,2 stk. Frikadeller,1,1,999.0,999.0
5962174,Sodavand,36,24,7.043478260869565,35.0
5962175,Saft,17,13,12.166666666666666,34.0
5962176,Øl,2,1,999.0,999.0
5962177,Vand,9,6,29.6,54.0
5962241,Gebyr,37,4,25.0,32.0
5962265,Juleknas,41,10,2.5555555555555554,6.0
5962271,En ekstra pose / Bestik,11,5,36.75,101.0
5962317,RYSBJERG SMYKKER,23,11,5.2,10.0
5962336,Lovpligtig bæreposeafgift,3854,141,1.0642857142857143,3.0
5962363,Mad,135,4,18.333333333333332,32.0
5962373,Unspecified,90,53,3.3653846153846154,17.0
5962384,Unspecified,452,143,1.2746478873239437,4.0
5962452,Diverse,52,31,5.966666666666667,49.0
5962471,Unspecified,9,7,23.166666666666668,109.0
5962790,Personale sodavand,74,48,3.127659574468085,18.0
5962858,Tomatsauce og Ost,9,8,15.714285714285714,62.0
5962859,"Tomatsauce, Ost og Skinke",11,10,11.666666666666666,34.0
5962860,"Tomatsauce, Ost og Hakket Oksekød",9,6,14.0,29.0
5962861,"Tomatsauce, Ost og Pepperoni",56,40,3.7948717948717947,14.0
5962864,"Tomatsauce, Ost, Champignon",6,6,9.6,29.0
5962865,"Tomatsauce, Ost og Hylling",17,15,8.785714285714286,25.0
5962867,"Tomatsauce, Ost, Skinke og Champignon.",12,12,10.272727272727273,25.0
5962869,"Tomatsauce, Ost, Skinke og Ananas.",6,5,26.5,37.0
5962870,"Tomatsauce, Ost og Kebab.",7,7,12.333333333333334,28.0
5962893,"Tomatsauce, Ost, Kebab, Kylling",9,9,11.5,25.0
5962899,"Tomatsauce, Ost, Kebab, Salat",40,27,5.0,18.0
5962901,"Tomatsauce, Ost, Kylling, Salat, Tomat i Skiver",8,8,20.571428571428573,37.0
5962922,Durum,37,30,5.0344827586206895,21.0
5962925,Pitabrød,45,39,3.236842105263158,16.0
5962927,Hjemmelavet Cheddar Grillburger Menu,34,24,6.0,17.0
5962938,Nachos (V),9,7,15.5,41.0
5962942,"Pommes Frites (V, VG)",20,17,9.125,30.0
5962943,"Håndskårne Fritter (V, VG)",18,16,8.933333333333334,30.0
5962944,Kebabmix,9,7,20.5,51.0
5962945,Kyllingmix,8,8,13.714285714285714,31.0
5962946,Halv Grillkylling,9,8,9.714285714285714,18.0
5962951,Remoulade,11,4,20.0,31.0
5962952,Mayonnaise,155,51,2.84,14.0
5962953,"Kildevand 0,5 l",8,7,23.166666666666668,56.0
5962957,"Faxe Kondi 1,5 l",9,8,14.428571428571429,43.0
5962960,"Gazoz 0,33 l",22,17,3.5,8.0
5962961,"Redbull 0,25 l",10,8,17.285714285714285,42.0
5962963,"Cocio 0,4 l",7,7,9.0,16.0
5962976,Alm øl,7509,177,1.0340909090909092,2.0
5962977,Lux øl,690,119,1.5254237288135593,6.0
5962978,Sodavand,636,132,1.3893129770992367,4.0
5962986,Bager hv\chili,125,68,2.701492537313433,21.0
5963044,Tom stænger,14,6,12.2,32.0
5963121,Shaker/Breezer,349,77,2.3815789473684212,7.0
5963123,Redbull,130,41,4.525,25.0
5963124,Flaske Vand,61,39,4.7105263157894735,13.0
5963126,Alm Fadøl Stor,650,124,1.4715447154471544,6.0
5963127,Alm Fadøl Lille,93,43,4.238095238095238,20.0
5963128,Lux Fadøl Stor,524,105,1.7403846153846154,5.0
5963129,Lux Fadøl Lille,197,69,2.588235294117647,12.0
5963130,Tuborg guld Stor,105,29,4.821428571428571,28.0
5963132,Klippekort,378,129,1.4140625,6.0
5963133,Tobak,160,80,2.2911392405063293,12.0
5963134,Chips,58,34,5.090909090909091,18.0
5963136,Drinks 2 cl spiritus m/sodavand,253,60,3.0677966101694913,14.0
5963137,Drinks 4 cl spiritus m/sodavand,506,80,2.3037974683544302,9.0
5963167,Kaffe,253,98,1.8453608247422681,7.0
5963168,Dobbelt Irish Coffee,383,77,2.3947368421052633,8.0
5963173,Tilbud på kander,56,25,7.041666666666667,27.0
5963175,2cl Spiritus,491,79,2.3205128205128207,10.0
5963176,2cl Shots,1174,121,1.5083333333333333,5.0
5963177,4cl Shots,573,97,1.8854166666666667,7.0
5963178,10 stk Små Sure (2 cl),49,28,6.703703703703703,34.0
5963213,Oksefilet med Kartofler og Dagens Garniture,37,26,7.24,18.0
5963215,Biskemed med Spejlæg Rødbeder og Engelsk/ Brun Sovs,82,52,3.549019607843137,16.0
5963216,Flæskesteg,103,58,3.087719298245614,12.0
5963217,Stegt Flæsk Sprøde Svær kartofler og Persillesovs,176,73,2.513888888888889,11.0
5963218,Flæskestegs-Sandwich med eller uden Bacon,185,77,2.3815789473684212,8.0
5963219,Flæskestegs-Sandwich med Pommes Frites,98,48,3.851063829787234,12.0
5963220,Pommes Frittes Salatmanaise,38,29,6.464285714285714,19.0
5963221,Hjemmelavet Asiatisk Forårsruller med Soya 4 stk,46,32,5.806451612903226,16.0
5963222,Fiskefilet (af Rødspætte),47,34,5.393939393939394,17.0
5963225,"Pandekage med Bacon, Skinke og Ost",71,43,4.285714285714286,13.0
5963227,Pandekage med Syltetøj og Flødeskum,38,25,6.583333333333333,23.0
5963228,Pandekage med Vanilje is og Flødeskum,110,50,3.6122448979591835,15.0
5963232,Frisk Hjemmelavet Smørrebrød,198,69,2.661764705882353,12.0
5963234,Luksus Stjernskud af 2 stk Rødspætte Filet,64,38,4.783783783783784,19.0
5963235,Almindelig Vand På Flaske 1 Liter,51,40,4.641025641025641,16.0
5963236,Kildevand med eller Uden Brus,134,75,2.445945945945946,10.0
5963237,"Coaca-Cola, Coca-Cola Zero",400,106,1.723809523809524,7.0
5963238,"Schweppes, Lemon",82,50,3.4489795918367347,16.0
5963239,Tuborg Squash,94,65,2.828125,8.0
5963241,Craft Lemonade Rhubarb Heaven - Rabarbersmag,38,26,7.0,32.0
5963245,Tuborg - Flaske,80,29,5.642857142857143,35.0
5963247,Tuborg/ Carlsberg Fadøl/ Draft Beer,351,112,1.6306306306306306,5.0
5963248,"Grimbergen Fadøl - Double Ambree, Blonde",264,100,1.8282828282828283,7.0
5963250,Et Glas Vin/ A Glass of Wine,133,61,3.0,14.0
5963254,Varm Chokolade med Flødeskum - Hot Chocolate with Cream,76,45,4.090909090909091,18.0
5963255,Cappucino,36,22,8.571428571428571,39.0
5963256,Coffe Latte,49,38,4.72972972972973,18.0
5963257,Kaffs/ Coffee,81,47,3.9130434782608696,28.0
5963282,Carambar 5 stk,77,46,3.7333333333333334,21.0
5963288,Småkager,27,3,41.5,82.0
5963332,Unspecified,57,29,6.0,28.0
5963344,Frikadeller 3 stk. kold,108,42,4.2926829268292686,31.0
5963345,Middagsretter - varm selv,472,103,1.7647058823529411,26.0
5963356,Mad ud af huset,518,33,5.5,34.0
5963358,Håndmadder,2677,110,1.6422018348623852,12.0
5963360,Højtbelagt smørrebrød,1682,81,2.2375,22.0
5963361,Stjernekaster,498,105,1.7307692307692308,12.0
5963362,Madpakke,413,99,1.8265306122448979,24.0
5963363,Croissant,350,86,2.1058823529411765,27.0
5963364,Sandwich,1583,116,1.565217391304348,20.0
5963430,"Biavler Joergensen, varesalg",16,13,14.416666666666666,28.0
5963549,Håndmadder,147,11,2.1,5.0
5963611,Frikadeller m. kartoffelsalat,64,32,5.225806451612903,34.0
5963613,Sodavand,133,66,2.753846153846154,26.0
5963621,FF/Porter,26,14,12.307692307692308,42.0
5963622,Gamle regninger,29,22,8.19047619047619,28.0
5963628,Sport cola,10,7,26.166666666666668,53.0
5963636,Vin,179,38,1.837837837837838,6.0
5963651,Julefrokost,714,18,2.1176470588235294,5.0
5963812,Amigo BIG BITE,194,72,2.4788732394366195,12.0
5963816,Mega works BIG BIG BIG,104,45,4.113636363636363,14.0
5963821,CX BIG,95,40,4.641025641025641,19.0
5963838,Hoker MELLEM,885,85,2.1547619047619047,7.0
5963839,Classic MELLEM,657,83,2.1951219512195124,7.0
5963844,"Sodavand 0,25 cl",612,88,2.0804597701149423,8.0
5963854,STEMPELKANDE KAFFE MELLEM,88,44,4.209302325581396,14.0
5964210,4 æbleskiver og kakao,58,9,8.375,45.0
5964257,Spiritus variabel,92,27,5.884615384615385,19.0
5964291,F1 Pizza,526,113,1.6160714285714286,7.0
5964298,KH —— kirsten,15,12,6.363636363636363,20.0
5964340,"Lotte Lindvig, strik, varesalg",17,14,11.384615384615385,35.0
5964341,Vand 500 ML,99,61,2.8833333333333333,11.0
5964343,Lux fisk med rejer,2,2,2.0,2.0
5964344,Gløgg,615,44,3.2325581395348837,20.0
5964345,5. K2 Pizza,232,116,1.5739130434782609,5.0
5964346,Coffee,62,32,5.838709677419355,16.0
5964355,Øl og Vand,3,1,999.0,999.0
5964362,Brød og smør,75,6,27.6,54.0
5964578,Durum med kebab,205,96,1.9052631578947368,24.0
596462,Alt mælk,944,55,1.7592592592592593,14.0
5964830,Kridts Morgenbolle,610,131,1.376923076923077,5.0
5964831,Kridts Brunch,625,118,1.547008547008547,5.0
5964845,Snackkurv,382,133,1.3333333333333333,4.0
5964846,Nachos,520,139,1.3115942028985508,4.0
5964847,Nachos med Kylling,998,148,1.2312925170068028,4.0
5964848,French Fries,1124,153,1.1907894736842106,4.0
5964855,Kridts stjernekaster,467,123,1.4672131147540983,5.0
5964863,Sandwich Kylling,462,134,1.3458646616541354,4.0
5964868,Oksekodsburger,1792,155,1.1753246753246753,4.0
5964869,Mexicansk burger,410,133,1.356060606060606,4.0
5964870,Kylling burger,910,145,1.25,4.0
5964874,Bøfsandwich,682,136,1.325925925925926,4.0
5964883,Belgisk vaffel,341,107,1.7075471698113207,5.0
5964894,Kykkeliky menu,487,121,1.5,6.0
5964899,Alm kaffe,2014,155,1.1753246753246753,4.0
5964904,Cappuccino,475,137,1.3308823529411764,4.0
5964914,Varm chokolade,1181,147,1.2328767123287672,5.0
5964931,Isthe med Hyldeblomst,872,144,1.2657342657342658,4.0
5964932,Juice,484,135,1.3507462686567164,4.0
5964934,Isvand,1366,155,1.1753246753246753,4.0
5964935,ROYAL CLASSIC LILLE,311,107,1.7075471698113207,6.0
5964936,ROYAL CLASSIC STOR,359,111,1.6272727272727272,5.0
5965028,Unspecified,3,3,59.0,105.0
5965120,Latte single,417,129,1.4140625,5.0
5965126,PEPSI MAX LILLE,433,99,1.316326530612245,4.0
5965128,Franskbrød m. ost,76,10,18.77777777777778,37.0
5965133,PEPSI MAX MELLEM,1512,154,1.1830065359477124,4.0
5965134,PEPSI MAX STOR,561,137,1.3235294117647058,5.0
5965135,PEPSI LILLE,300,86,1.5176470588235293,4.0
5965136,PEPSI MELLEM,688,143,1.2746478873239437,4.0
5965137,PEPSI STOR,329,120,1.5210084033613445,5.0
5965142,FAXE KONDI FREE MELLEM,563,139,1.3115942028985508,4.0
5965149,cookie,58,31,5.0,23.0
5965207,Gavekort 100 kr.,4,3,29.5,58.0
5965208,Gavekort 200 kr.,3,3,3.0,5.0
5965228,Lux shot,322,44,4.093023255813954,14.0
5965300,VALPOLICELLA RIPASSO Glass,96,44,3.883720930232558,24.0
5965407,2.Adur,235,114,1.584070796460177,6.0
5965408,A. Alexander,225,110,1.651376146788991,5.0
5965411,5.Anne Rosa,87,67,2.6818181818181817,15.0
5965414,8.Hawaii,127,70,2.550724637681159,13.0
5965416,10.Newroz,206,93,1.9021739130434783,11.0
5965422,16.Marmaris,79,63,2.7580645161290325,8.0
5965435,29-Husets Speciale,136,86,2.070588235294118,6.0
5965447,39-Mexico City,75,57,3.125,12.0
5965451,"43-Tomatsauce, Ost, Pepperoni",80,56,3.0545454545454547,10.0
5965454,46-Pommes Frites Pizza,194,99,1.846938775510204,6.0
5965455,"47-Tomatsauce, Ost, Kebab, Pepperoni",309,125,1.4435483870967742,10.0
5965456,"Tomatsauce, Ost, Skinke",84,57,3.1607142857142856,8.0
5965457,"Tomatsauce, Ost, Oksefars",120,79,2.3205128205128207,8.0
5965458,"Tomatsauce, Ost, Kylling",75,59,3.103448275862069,14.0
5965489,Mickey,86,58,3.0526315789473686,12.0
5965496,A. Kylling Nuggets 6 stk,79,64,2.7301587301587302,10.0
5965510,Pommes Frites – Lille,270,126,1.448,4.0
5965511,Pommes Frites – Stor,268,130,1.3953488372093024,6.0
5965513,Græsk Bøf,83,49,3.75,14.0
5965518,½ Kylling,142,83,2.0853658536585367,7.0
5965520,Stjerneskud,76,33,5.46875,22.0
5965523,Kebab Mix,106,63,2.838709677419355,9.0
5965526,Durum Kebab,281,114,1.584070796460177,7.0
5965527,Durum Kylling,94,60,2.9661016949152543,12.0
5965534,Hjemmelavet Pita med Kebab,158,87,2.0348837209302326,7.0
5965535,Hjemmelavet Pita med  Kylling,102,51,3.32,16.0
5965550,"0,33 l Sodavand",80,40,4.512820512820513,18.0
5965554,Husets Burger,75,45,3.8863636363636362,17.0
5965707,Dagens Hovedret,25,9,9.0,43.0
5965737,Unspecified,203,50,3.5918367346938775,14.0
5965754,Pølsemix,9,4,42.0,88.0
5965781,Sodavand 50 cl,3443,143,1.2746478873239437,12.0
5965782,Vand 50 cl,507,99,1.7959183673469388,19.0
5965784,San Pellegrino 50 cl,131,59,3.0172413793103448,16.0
5965785,Witamin Well 50 cl,142,47,3.8260869565217392,26.0
5965788,Juice 20 cl,379,67,2.6666666666666665,17.0
5965790,Slush Ice 30 cl.,1816,86,2.0823529411764707,17.0
5965791,Sports Shake,1548,121,1.475,17.0
5965793,Energi Juice,284,71,2.5142857142857142,19.0
5965798,Chokoladebolle,1091,44,4.093023255813954,21.0
5965799,Gulerodsbolle,399,43,4.190476190476191,21.0
5965801,Kage,198,23,7.818181818181818,28.0
5965806,Cafe Latte,417,71,2.5142857142857142,18.0
5965808,Flat White,189,45,4.0,18.0
5965809,Cappuccino,321,64,2.7936507936507935,20.0
5965814,Filter Kaffe (Lille),789,89,2.0,20.0
5965819,Panini med kylling,709,103,1.7352941176470589,17.0
5965820,Panini med Serano,262,71,2.5142857142857142,20.0
5965822,Panini med Tun,252,68,2.6417910447761193,26.0
5965830,Burger med pomfritter,709,97,1.84375,15.0
5965833,Luksus Toast Foccia,420,73,2.4583333333333335,18.0
5965835,"Toast Skinke, Ost",370,80,2.240506329113924,16.0
5965836,Fransk Hotdog,529,74,2.410958904109589,25.0
5965839,Pomfritter,1278,121,1.475,16.0
5965843,Stang,601,93,1.9130434782608696,21.0
5965876,Barn,9,8,20.0,46.0
5966157,Unspecified,1,1,999.0,999.0
5966211,Chokoladebar,494,90,1.9775280898876404,16.0
5966212,Silkpose,792,114,1.5663716814159292,16.0
5966368,Hoeker LILLE,202,57,3.232142857142857,19.0
5966369,Classic LILLE,114,48,3.8297872340425534,14.0
5966437,Pose,37,29,5.035714285714286,19.0
5966449,Nytårsmenu A,4,1,999.0,999.0
5966452,GLØGG,143,32,5.741935483870968,25.0
5966645,"VAND, filtreret",149,68,2.626865671641791,19.0
5966683,HUSETS RODVIN GLAS primitivo,117,41,4.5,29.0
5966697,Kransekage stænger,235,4,3.0,7.0
5966703,Vesterhavsost,113,22,8.333333333333334,22.0
5966815,Kaffe lille,167,51,3.52,22.0
5966816,Kaffe stor,269,124,1.4715447154471544,5.0
5966821,Tempura rejer,350,133,1.371212121212121,6.0
5966840,Servicegebyr,678,171,1.0647058823529412,2.0
5966856,4cl Spiritus,220,59,3.1206896551724137,10.0
5966865,Sodavand/Øl,171,67,2.727272727272727,13.0
5966897,Pålægsplade 1/1,54,38,4.405405405405405,23.0
5966900,Stjerneskud,61,15,11.428571428571429,32.0
5966904,Tapas platte - 2 pers.,62,17,10.8125,37.0
5966905,Landgangsbrød,235,59,2.9655172413793105,25.0
5966912,Klassisk frokost platte,58,9,16.625,41.0
5966927,cola zero 330 ML,55,39,3.8421052631578947,26.0
5966928,Faxe kondi 330 ML,71,41,4.425,22.0
5966953,Kande saft,839,159,1.1455696202531647,4.0
5966966,Vin GLAS,68,18,9.411764705882353,22.0
5966967,Vin - FLASKE,1,1,999.0,999.0
5966969,Kaffe - KRUS,275,97,1.8229166666666667,6.0
5966970,Kaffe - KANDE,51,28,6.185185185185185,21.0
5966971,Te - KRUS,17,16,9.8,42.0
5966973,Kage stk.,8,2,49.0,49.0
5966974,Småkager i skål,12,5,16.0,23.0
5966976,Ostemad,235,87,2.0813953488372094,7.0
5966977,Smørrebrød 1 stk.,119,36,4.828571428571428,21.0
5967012,Kow Udon Teriyaki - Oksemørbrad,134,87,2.104651162790698,6.0
5967013,Kow Udon Teriyaki - Kylling,204,108,1.6822429906542056,7.0
5967021,Pad Kra Pow - Hakket Oksekød,201,113,1.5982142857142858,5.0
5967425,Øl,194,22,8.142857142857142,28.0
5967507,Dagens Ret,887,32,3.7096774193548385,39.0
5967509,Soda/øl/snaps,1407,43,4.214285714285714,33.0
5967510,Snitter,73,28,4.222222222222222,39.0
5967525,ToGo- dagens ret,113,14,5.0,14.0
5967618,Pant (fad) nr 37,154,81,2.2,10.0
5967624,Coca-Cola,66,19,3.888888888888889,13.0
5967625,Faxe-Kondi,65,23,3.227272727272727,7.0
5967634,Oprettelsesgebyr,1,1,999.0,999.0
5967655,Romkugle,29,7,25.166666666666668,66.0
5967675,Menu H 24 stk,6,5,33.5,85.0
5967681,Cocio,26,13,13.833333333333334,50.0
5967682,Holdvand dåser,21,3,57.5,68.0
5967706,Enkelt Drink,648,73,2.513888888888889,7.0
5967707,Flaske øl,3085,113,1.6160714285714286,5.0
5967712,Flugel,350,23,6.7272727272727275,22.0
5967730,Lille Fadøl (25 cl),34,18,9.941176470588236,40.0
5967731,"Stor Fadøl (0,4)",447,60,3.0,12.0
5967732,RTD 1 Flaske,598,69,2.6029411764705883,8.0
5967734,RTD 3 Flasker,262,49,3.6875,13.0
5967735,Dobbelt Drink,293,57,3.1607142857142856,13.0
5967737,Kasse RTD,105,41,4.325,21.0
5967742,Enkelt Shot,558,66,2.7846153846153845,13.0
5967743,10 Shots,85,38,4.405405405405405,15.0
5967744,1 Special Shot,51,14,11.76923076923077,28.0
5967745,10 Shots Kinderæg/Æblekage/Lyserøde Elefanter,256,49,3.5416666666666665,13.0
5967747,1 stk. Jägerbomb / Neger Patter,88,24,7.608695652173913,21.0
5967749,1 stk. Sodavand / alkoholfri øl,305,66,2.7846153846153845,8.0
5967750,1 Dåse Energidrik,54,28,6.555555555555555,27.0
5967752,10 Jägerbombs / Neger Patter,47,22,8.047619047619047,28.0
5967767,Chips/Nødder,72,35,5.176470588235294,21.0
5967769,THEA LOZ DRÅBER,62,42,4.097560975609756,22.0
5967770,THEA LOZ GEL,5,5,38.0,92.0
5967771,HYLO DUAL INTENSE,105,60,2.610169491525424,18.0
5967772,HYLO NIGHT (SALVE),4,2,8.0,8.0
5967773,ZALISPRAY,2,2,79.0,79.0
5967774,BLEPHA EYEBAG (ANSIGTSMASKE),2,2,45.0,45.0
5967776,BLEPHACLEAN,2,2,98.0,98.0
5967780,OPHTAMIN,5,4,21.666666666666668,35.0
5967796,"Variable Pris Dame, Vask, Klip og Føn",256,92,1.978021978021978,7.0
5967797,"Variable pris Dame Pensionist, Vask, Klip",303,82,2.1604938271604937,7.0
5967798,VO+ klip,3,3,68.0,135.0
5967799,Permanent Med klip – Kort Hår,5,5,28.75,64.0
5967800,Permanent Med klip – Langt Hår,2,2,1.0,1.0
5967801,Permanent U. klip – Kort hår,2,2,56.0,56.0
5967803,Bundfarve Indenfor,27,22,7.904761904761905,20.0
5967804,Toning – Kort Hår,7,7,23.166666666666668,53.0
5967805,Toning – Langt Hår,2,2,5.0,5.0
5967806,Farving – Kort Hår,10,9,17.375,47.0
5967808,Ekstra refleksfarve,2,2,3.0,3.0
5967809,Pandehår,5,5,19.5,28.0
5967811,Variable Pris Studs (hver 4. uge),344,93,1.9565217391304348,7.0
5967812,Let Føntørring,53,35,5.294117647058823,10.0
5967815,Bryn,27,26,7.0,26.0
5967816,Vipper,5,5,21.0,59.0
5967817,Bryn & Vipper TILBUD,41,35,5.147058823529412,13.0
5967819,Variable Pris Herreklip,79,52,3.5098039215686274,11.0
5967820,Årskort,10,10,18.0,55.0
5967821,Variable Pris Herre Farve,12,11,16.4,28.0
5967822,Variable Pris Striber med Folie Kort Hår,11,10,16.333333333333332,29.0
5967823,Variable Pris Striber med Langt Hår,2,1,999.0,999.0
5967824,Variable Pris Striber med Hætte – Kort Hår,20,17,10.0625,36.0
5967825,Variable Pris Striber med Hætte – Langt Hår,1,1,999.0,999.0
5967826,Variable Pris Børneklipning ( til og med 11 år),32,25,7.416666666666667,16.0
5967964,Flaske øl (35),4430,81,2.275,6.0
5967965,Fadøl Lille (35),756,81,2.275,6.0
5967966,Fadøl Stor (50),4218,82,2.246913580246914,6.0
5967968,Sprit (30),5370,81,2.275,6.0
5967969,Sodavand (30),1142,80,2.3037974683544302,6.0
5967971,Ice/Shaker/Breezer (50),1777,79,2.3333333333333335,6.0
5967972,Red Bull (35),796,76,2.4266666666666667,7.0
5967973,10 stk. Blå Bolller/Pink Pussy/Kinderæg/Æblekage,618,76,2.4266666666666667,8.0
5967974,Irish Coffee (50),176,41,4.225,14.0
5967975,Toast (30),525,61,3.033333333333333,7.0
5967983,Cigaretter (100),362,77,2.3947368421052633,7.0
5967984,1 stk. Flügel,102,21,8.05,30.0
5967986,Kande,139,47,3.760869565217391,11.0
5968326,Kaffe/Te,2,1,999.0,999.0
5968355,Karen Lisbeth pileflet,11,9,18.25,55.0
5968360,Dagens ret,523,57,3.0357142857142856,19.0
5968380,AMBER MINIATURE,178,78,2.324675324675325,14.0
5968381,COLLECTION 9,296,106,1.7142857142857142,11.0
5968382,COLLECTION 18,119,77,2.3552631578947367,9.0
5968386,PETIT FOUR 4,107,53,3.4615384615384617,14.0
5968388,TAPAS,234,87,2.0930232558139537,6.0
5968429,Bagsværd lakrids classic,150,68,2.6865671641791047,11.0
5968440,Bagsværd lakrids classic mini,100,50,3.510204081632653,13.0
5968470,Mandler/lakrids 100 gr.,466,104,1.7281553398058251,6.0
5968471,Slik,661,125,1.4516129032258065,6.0
5968472,Softice,3264,154,1.1764705882352942,4.0
5968479,Drys,347,128,1.4173228346456692,4.0
5968483,Bravissimo Is,193,25,1.2083333333333333,3.0
5968493,Tsingtao,232,102,1.7920792079207921,7.0
5968495,Redbull,93,70,2.550724637681159,14.0
5968496,Øl,44,31,5.4,41.0
5968507,Filter Kaffe (Stor),670,87,2.046511627906977,18.0
5968540,Stor Fadøl,169,29,5.892857142857143,42.0
5968583,Gajol,56,17,7.5625,71.0
5968594,Lille fad,235,35,4.882352941176471,41.0
5968625,Smøger,124,54,3.2641509433962264,13.0
5968638,Passion pineapple martini,221,45,4.0,14.0
5968806,Poser (take away),238,98,1.8144329896907216,11.0
5968910,Tebirkes,402,121,1.5083333333333333,17.0
5968918,Heineken 0.0 ALKOHOLFRI,184,60,3.0508474576271185,13.0
5968919,Pant A,313,100,1.8282828282828283,6.0
5968920,Pant C,24,14,12.23076923076923,27.0
5969025,Sommerbird - Pure Amande,282,44,3.9069767441860463,21.0
5969026,Summerbird - amber,183,53,3.3846153846153846,21.0
5969027,Te i løs vægt,459,119,1.2881355932203389,4.0
5969028,Kusmi Tea i løs vægt,162,84,1.819277108433735,6.0
5969117,Pitabrød med kebab,75,31,5.133333333333334,19.0
5969163,Aqua d’or,36,26,6.96,49.0
5969329,Glas vin riesling / chardonnay,393,88,2.0804597701149423,7.0
5969342,HUSETS HVIDVIN GLAS chardonnay,130,42,4.146341463414634,27.0
5969346,HUSETS HVIDVIN GLAS riesling,107,44,4.186046511627907,14.0
5969352,Øl Kort,157,64,2.873015873015873,8.0
5969378,Salgsvarer,258,88,2.0689655172413794,7.0
5969405,Cocio,55,23,7.136363636363637,22.0
5969431,Unspecified,838,169,1.0773809523809523,4.0
5969456,Odense Pilsner,331,81,2.25,11.0
5969459,Odense pilsner,154,55,3.3333333333333335,14.0
5969460,Albani Odense Classic,352,105,1.7307692307692308,8.0
5969469,Coca-cola,59,44,4.069767441860465,20.0
5969507,Velo freeze 5,61,40,3.948717948717949,15.0
5969512,Kage,68,28,5.703703703703703,44.0
5969515,Bread,28,20,6.157894736842105,31.0
5969569,Hårfjerning ansigt,17,16,10.4,27.0
5969581,Sandwich,416,57,2.9642857142857144,26.0
5969706,Knækbrød 100 g,5,3,14.0,22.0
5969857,Middagstilbud Tuborg/Hof,1706,58,3.087719298245614,6.0
5969869,Munken Classic (stor),703,76,2.4133333333333336,9.0
5969871,Munken pilsner (stor),533,80,2.2911392405063293,7.0
5969886,Tuborg,4874,145,1.2569444444444444,3.0
5969887,Tuborg classic,4013,142,1.2836879432624113,3.0
5969889,Tuborg guld,565,75,2.3783783783783785,14.0
5969890,Carlsberg,538,101,1.81,6.0
5969891,Thor pilsner,484,90,2.0224719101123596,8.0
5969892,Thor classic,1414,133,1.371212121212121,3.0
5969893,Blå Thor,245,49,3.7708333333333335,10.0
5969897,Thy Classic,974,110,1.651376146788991,5.0
5969928,RTD (Ready to drink),308,59,3.103448275862069,8.0
5969930,25 cl Hancock sodavand,665,119,1.5338983050847457,5.0
5969941,Kaffe,231,85,2.130952380952381,6.0
5969957,Vodka,256,48,3.8297872340425534,14.0
5969961,Fireball,499,75,2.2837837837837838,7.0
5969963,Små shots,496,66,2.7846153846153845,15.0
5969966,Rød Aalborg,793,112,1.6306306306306306,8.0
5969968,Baileys,291,70,2.550724637681159,8.0
5969972,Pure lakrids,269,64,2.8412698412698414,9.0
5969976,Fernet menta,289,45,4.068181818181818,16.0
5969977,Fernet branca,234,49,3.75,13.0
5969980,Sambuca,414,57,3.1964285714285716,11.0
5969986,Nordsø olie,286,46,4.022222222222222,8.0
5969988,Underberg,225,44,3.9767441860465116,21.0
5969989,Lucky shots,307,64,2.873015873015873,11.0
5970041,Prince,300,117,1.5517241379310345,5.0
5970049,Øl klippekort,219,102,1.7920792079207921,7.0
5970070,Studie øl,821,94,1.935483870967742,7.0
5970071,Fodbold øl,246,5,36.75,97.0
5970139,Unspecified,436,55,1.3518518518518519,4.0
5970151,Gel nails for a month,11,10,13.222222222222221,38.0
5970153,Teeth whitening session,14,8,7.142857142857143,32.0
5970155,Eyelash lift,1,1,999.0,999.0
5970158,eyebrow cleaning,1,1,999.0,999.0
5970159,Eyebrow dye,10,5,16.25,35.0
5970160,Nails course,3,2,12.0,12.0
5970796,Redbul,43,35,5.176470588235294,16.0
5970797,Kebab red,8,8,18.428571428571427,63.0
5970811,Alm pizza,123,70,2.536231884057971,10.0
5970812,Fam pizza,14,13,13.833333333333334,24.0
5970814,Alm pizza,20,16,12.066666666666666,46.0
5970816,Fam,16,12,13.909090909090908,27.0
5970825,Kande vand,269,112,1.6216216216216217,6.0
5970832,Pellegrino,37,33,5.53125,38.0
5970836,Dagens Desert,53,26,6.68,25.0
5970837,Fadøl carlsberg,321,68,1.492537313432836,5.0
5970838,Fadøl classic,721,96,1.063157894736842,4.0
5970839,Fadøl Grimbergen,122,56,1.7818181818181817,6.0
5970840,Lille fadøl Carlsberg,13,11,8.4,18.0
5970841,Lille fadøl Classic,132,59,1.5862068965517242,4.0
5970842,Lille Grimbergen,31,20,4.842105263157895,13.0
5970856,Unspecified,116,52,1.196078431372549,2.0
5970871,Faxe Kondi Pro,5,5,25.0,43.0
5970872,Tilbud Øl,1300,130,1.4031007751937985,7.0
5970876,Alm. Øl,7782,181,1.0055555555555555,2.0
5970877,Lux Øl,953,137,1.3235294117647058,4.0
5970878,Vand,1926,180,1.011173184357542,2.0
5970879,Under,984,150,1.2080536912751678,5.0
5970880,Aml. Sprut,1780,143,1.2746478873239437,4.0
5970977,Gavekort,2,2,11.0,11.0
5970990,Unspecified,90,15,12.071428571428571,51.0
5971019,Kanelsnegl,41,31,1.9,6.0
5971040,Kyllinge Panini,32,23,7.181818181818182,31.0
5971041,Caféburger (Kyliingebøf),29,20,8.631578947368421,59.0
5971044,2 stk smørrebrød,42,17,10.0625,28.0
5971069,Ekstra ret,25,4,41.666666666666664,69.0
5971082,Mars,53,37,4.805555555555555,23.0
5971135,Sodavand,45,13,10.583333333333334,112.0
5971136,Glas saft,10,4,41.666666666666664,120.0
5971137,Kaffe,58,9,15.125,112.0
5971138,Drinks,33,8,17.428571428571427,112.0
5971161,Prosecco GLAS,4,3,60.5,120.0
5971164,Cafe de paris GLAS,7,2,41.0,41.0
5971166,Sauvignon Blanc GLAS,35,10,14.11111111111111,112.0
5971167,Sauvignon Blanc FLASKE,20,9,15.625,112.0
5971168,Riesling GLAS,73,11,16.7,112.0
5971169,Riesling FLASKE,32,12,15.181818181818182,112.0
5971171,Chardonnay FLASKE,16,6,1.6,3.0
5971172,Bourgogne Glas,20,6,1.4,3.0
5971173,Bourgogne FLASKE,8,3,3.0,5.0
5971174,Chablis GLAS,12,4,1.6666666666666667,3.0
5971175,Chablis FLASKE,6,4,2.3333333333333335,5.0
5971176,Chateau Martillac - dessert - GLAS,12,3,59.5,114.0
5971187,Snacks,20,7,21.166666666666668,66.0
5971199,Smoking brown king size,50,43,4.023809523809524,21.0
5971211,VIN menu DiningWeek,198,13,10.583333333333334,112.0
5971212,Vand KANDE,249,13,10.583333333333334,112.0
5971222,FadØL,152,16,11.133333333333333,60.0
5971287,Underberg 44 % Vol.,69,21,8.7,32.0
5971423,Lunch Pomodoro,208,72,2.140845070422535,19.0
5971457,Smørrebrødbuffe alm,124,9,20.25,83.0
5971462,Biksemad,118,66,2.723076923076923,21.0
5971489,Lunch Funghi,307,72,2.140845070422535,19.0
5971510,Refill gel eller akryl,31,20,5.421052631578948,21.0
5971729,Unspecified,25,15,10.214285714285714,69.0
5971772,Tebirkes,129,65,2.140625,18.0
5971848,Margherita,362,130,1.3953488372093024,6.0
5971849,Al Prosciutto,212,95,1.8936170212765957,9.0
5971850,Hawaii,146,88,2.0689655172413794,7.0
5971851,Capricciosa,258,129,1.4140625,7.0
5971852,Peperoni,532,159,1.1455696202531647,3.0
5971857,Italian,122,82,2.2098765432098766,7.0
5971858,Vikinga,155,92,1.967032967032967,6.0
5971869,Al Parma,205,113,1.6071428571428572,6.0
5971871,Diavola,229,114,1.592920353982301,6.0
5971872,Contadina,145,85,2.142857142857143,6.0
5971876,Pollo,159,94,1.924731182795699,8.0
5971877,Bacone,156,84,2.1566265060240966,7.0
5971878,Pizza Salat,243,110,1.6605504587155964,6.0
5971881,Kartofel,185,98,1.8041237113402062,6.0
5971884,Kylling,504,155,1.1688311688311688,4.0
5971887,Et Glas Van,145,63,2.806451612903226,22.0
5971888,Drinks,1719,176,1.0342857142857143,3.0
5971889,San Pelegrino,307,131,1.3846153846153846,8.0
5971891,San Pelegrino Granatæble/appelsin,263,114,1.592920353982301,10.0
5971892,Fadøl Lille,214,61,1.85,37.0
5971893,Fadøl Stor,487,79,1.7179487179487178,23.0
5971912,Bruschetta,178,86,2.1058823529411765,8.0
5971916,Lasagna,138,80,2.2911392405063293,7.0
5971917,Rigatoni Bolognese,205,103,1.7450980392156863,5.0
5971918,Rigatoni Carnonara,278,120,1.5210084033613445,6.0
5971921,Rigatoni Norcina,245,112,1.6306306306306306,6.0
5971944,Varm cacao m/rom,70,13,13.666666666666666,52.0
5971946,Faxe Kondi dåse,102,75,2.364864864864865,12.0
5971948,Svinekam stegt som vildt,41,2,33.0,33.0
5972112,Fastelavnsbolle,17,8,10.857142857142858,65.0
5972141,Pandekage,324,80,2.2911392405063293,6.0
5972142,Vin glas LOGE,136,23,5.590909090909091,30.0
5972249,Juice,24,18,4.176470588235294,20.0
5972261,Beer Happy Hour,2536,176,1.0342857142857143,2.0
5972281,Mørbradgryde,29,1,999.0,999.0
5972303,Badminton,4,2,66.0,66.0
5972314,Slush Ice,201,5,12.25,27.0
5972318,Unspecified,741,141,1.292857142857143,5.0
5972478,Byg selv pizza,3,3,66.0,66.0
5972486,Gorgonzola Delux,1,1,999.0,999.0
5972488,Mario,1,1,999.0,999.0
5972492,Fabiola,2,1,999.0,999.0
5972542,Kebab,2,1,999.0,999.0
5972543,Skinke og ost,1,1,999.0,999.0
5972589,Embalage,239,94,1.946236559139785,20.0
5972623,Slagtervarer,12400,65,2.828125,36.0
5972663,Prine orginal,109,47,1.6956521739130435,6.0
5972677,Kradser,28,22,7.714285714285714,49.0
5972687,PIL   Pia's haekel,34,25,6.875,25.0
5972716,Unspecified,119,23,6.909090909090909,29.0
5972750,Kings blå,90,47,1.5,3.0
5972752,Take Away,64,47,3.891304347826087,48.0
5972759,Nuggets m/ pommes frites,115,28,6.37037037037037,21.0
5972779,"Dagens ret "" ja tak """,53,8,19.0,56.0
5972872,Erdinger,116,43,4.071428571428571,18.0
5972936,Unspecified,234,56,1.4727272727272727,5.0
5973045,Kanelsnegl,65,8,16.142857142857142,36.0
5973062,Kreamotten,49,30,6.206896551724138,25.0
5973084,Wienersnitzel,268,47,3.9347826086956523,34.0
5973515,Margherita,12,7,6.0,14.0
5973516,Pepperoni,54,24,1.565217391304348,5.0
5973517,"Pepperoni, Løg, Cocktailpølser",3,3,15.5,20.0
5973518,"Skinke, Ananas",11,7,6.0,12.0
5973519,"Kebab, Løg, Pepperoni, Jalapenos",18,13,3.0,7.0
5973520,"Skinke, Champignon",7,4,10.0,20.0
5973521,"Skinke, Cocktailpølser, Bacon",15,9,4.5,13.0
5973522,"Skinke, Løg, Pepperoni",4,3,14.5,26.0
5973524,"Oksekød, Bacon, Skinke",6,5,7.25,12.0
5973525,"Oksekød, Champignon, Løg, Chili, Hvidløg",12,9,4.5,8.0
5973526,"Oksekød, Løg, Pepperoni",4,4,10.666666666666666,18.0
5973527,"Kebab, Champignon, Løg, Gorgonzola",8,7,6.0,10.0
5973529,Salat Pizza,58,23,1.6363636363636365,4.0
5973530,"Kylling, Bacon, Ananas, Karry",3,2,17.0,17.0
5973535,"Spaghetti, Kødsauce",6,5,6.75,16.0
5973536,"Kebab, Champignon, Løg, Jalapenos, Chili, Hvidløg Og Dressing.",6,5,7.25,14.0
5973546,Durum Rulle,58,23,1.6363636363636365,5.0
5973547,Pitabrød,10,3,9.0,17.0
5973548,Big Burger,10,8,2.142857142857143,5.0
5973549,Cheese Burger,11,7,4.5,8.0
5973552,Huset Burger,6,4,8.666666666666666,13.0
5973553,Stor Pommes Frites,51,22,1.7142857142857142,5.0
5973554,Kebabmix,6,5,8.75,15.0
5973555,Kyllingemix,6,4,10.666666666666666,20.0
5973557,Kyllingenuggets,8,5,9.0,15.0
5973558,½ Grill Kylling,11,7,5.166666666666667,15.0
5973559,Hakket Bøf,6,3,5.5,9.0
5973564,"Sodavand (0,33 L)",6,4,6.0,9.0
5973565,"Sodavand (1,5 L)",4,4,2.6666666666666665,6.0
5973570,Pall mall red 100,75,41,3.825,14.0
5973574,Unspecified,498,139,1.173913043478261,4.0
5973596,Pariserbøf,47,16,12.066666666666666,121.0
5973599,Okseburger,66,24,7.6521739130434785,119.0
5973604,Okseburger,79,30,6.0,78.0
5973608,Fritter,50,27,6.961538461538462,87.0
5973625,San Pellegrino,368,98,1.5876288659793814,6.0
5973719,Espresso martini,25,14,12.692307692307692,54.0
5973762,Blå skjold 100,163,61,2.8833333333333333,8.0
5973767,Unspecified,1975,44,1.0,1.0
5973824,Banh mi Pate Thit Cha - Saigonese Banh Mi,100,37,2.888888888888889,21.0
5973825,Banh mi Ga  - grilled Chicken,66,34,2.9393939393939394,23.0
5973827,Cha Gio - Crispy Spring Roll,220,64,1.7142857142857142,16.0
5973829,Goi Cuon Tom - Shrimp In Sommer Roll,101,43,2.5714285714285716,19.0
5973833,Bun Thit Nuong - Noodles Salad,272,67,1.696969696969697,16.0
5973855,Lemonade,149,49,1.625,6.0
5973899,Bitter/Shots,125,42,4.195121951219512,24.0
5974021,Middag for 2,486,145,1.25,6.0
5974065,Øl,438,69,2.588235294117647,25.0
5974074,Tyggegummi,607,87,2.0348837209302326,9.0
5974078,Gyros PITA,722,42,1.0,1.0
5974079,Kalamaki PITA,18,13,3.0,7.0
5974080,Sis Tawok PITA,27,19,2.2777777777777777,8.0
5974081,Bifteki PITA,40,21,2.05,6.0
5974082,KALAMARI LA GREECE,12,8,4.428571428571429,10.0
5974083,Halloumi PITA,151,41,1.025,2.0
5974085,Gyros. RET,58,27,1.5,4.0
5974086,Kalamaki RET,8,7,4.0,7.0
5974087,Sis Tawok RET,5,4,8.0,11.0
5974088,Bifteki RET,9,9,4.125,9.0
5974089,Kylling Filet RET,23,14,2.6923076923076925,10.0
5974090,Halloumi RET,15,13,2.8333333333333335,8.0
5974092,Gyros BOX,157,38,1.1081081081081081,2.0
5974093,Kyllingen filet BOX,61,29,1.4642857142857142,3.0
5974094,Halloumi BOX,41,25,1.4583333333333333,3.0
5974102,Moussaka,16,12,3.3636363636363638,7.0
5974103,Spanakopita,4,4,10.666666666666666,16.0
5974108,Feta Pseti (stegt feta),12,11,3.2,12.0
5974109,Dolmades (fyldte vinedruesblade)Med BRØD,16,12,3.272727272727273,8.0
5974110,Græsk Salat Med BRØD,21,14,3.1538461538461537,7.0
5974112,Tzatziki Med BØRD,7,7,6.0,15.0
5974113,Pommes Frites,43,24,1.7826086956521738,5.0
5974115,Sodavand,275,42,1.0,1.0
5974116,Kildevand,59,30,1.4137931034482758,3.0
5974117,Græsk øl,80,23,1.8636363636363635,6.0
5974118,"Carlsberg ,Classic",16,8,4.714285714285714,13.0
5974123,Vin (25),95,20,8.631578947368421,27.0
5974137,Stor pommes,1,1,999.0,999.0
5974315,Unspecified,523,34,5.363636363636363,15.0
5974363,Unspecified,109,69,2.5588235294117645,9.0
5974383,Dose sodavand,937,141,1.2857142857142858,10.0
5974384,"Eks,kød",205,101,1.79,10.0
5974385,"Eks, dresing",19,13,13.083333333333334,94.0
5974390,Chicken burger,21,21,7.85,34.0
5974391,Nuggets,131,76,2.4133333333333336,8.0
5974393,Chili mayo,1,1,999.0,999.0
5974447,Doner Kebab,236,58,2.754385964912281,21.0
5974448,Kebab Pita Lille,114,51,3.14,23.0
5974449,Kebab Pita Stor,92,41,3.9,21.0
5974450,Kebab Box,228,55,2.888888888888889,20.0
5974451,Vege Box,15,13,11.916666666666666,42.0
5974452,Tortilla Lille,125,52,3.0784313725490198,21.0
5974453,Tortilla Stor,247,57,2.8035714285714284,20.0
5974454,Tortilla Giga,113,48,3.3404255319148937,20.0
5974455,Tortilla Falafel,13,11,12.7,43.0
5974456,Kebab Burger,62,34,4.363636363636363,21.0
5974457,Tortilla Kebab & Frites,91,45,3.5681818181818183,20.0
5974458,Kebab Ret Lille,66,33,4.84375,21.0
5974459,Kebab Ret Stor,144,57,2.7857142857142856,20.0
5974460,Børne Menu,114,44,3.627906976744186,20.0
5974461,Onion Rings 6,47,32,5.032258064516129,20.0
5974462,Nuggets 6,20,19,8.722222222222221,30.0
5974467,Ekstra Dressing,31,16,9.8,28.0
5974470,Ost,10,6,25.4,56.0
5974471,Pose,335,63,2.532258064516129,20.0
5974494,Gambrinus MELLEM,125,42,4.414634146341464,14.0
5974495,kaffe STEMPELKANDE LILLE,105,55,3.259259259259259,14.0
5974496,Irish Coffee,156,33,5.625,21.0
5974694,Nuggets menu,118,78,2.3506493506493507,9.0
5974708,Ostemad 3 skiver ost,148,5,38.5,56.0
5974757,Kørsel pr km,30,1,999.0,999.0
5974766,Unspecified,11,6,33.6,91.0
5974914,Pant,257,54,3.339622641509434,17.0
5975025,Bakkens Hummerpizza,10,7,22.166666666666668,66.0
5975026,Signatur,6,6,31.0,60.0
5975027,Lav Selv Pizza,297,52,3.392156862745098,19.0
5975028,Mississippi Burger,18,12,14.0,42.0
5975029,Bacon Cheese Burger,135,37,4.666666666666667,21.0
5975030,Kylling Burger,21,15,11.928571428571429,41.0
5975031,Bøf Bearnaise Burger,21,11,15.2,48.0
5975032,Snackkurv,12,10,13.222222222222221,35.0
5975033,1/2 Grillkylling,63,30,5.827586206896552,21.0
5975034,Pommes Frites,37,22,7.714285714285714,40.0
5975038,Læsø Schnitzel (min. 2 pers.),2,1,999.0,999.0
5975055,Læsø Chokolade,4,2,76.0,76.0
5975056,Rom/Orangekugler,11,4,5.333333333333333,13.0
5975057,Cookies,10,2,57.0,57.0
5975058,Coca Cola,6,5,17.25,29.0
5975059,Pepsi Max,5,4,28.333333333333332,35.0
5975060,Squash,7,1,999.0,999.0
5975061,Faxe Kondi,2,2,106.0,106.0
5975062,Vand med Brus,4,3,62.5,90.0
5975068,Betty Lemonade Lime\mynte,2,1,999.0,999.0
5975079,Belhaven Black Scottish Stout,11,5,40.5,85.0
5975083,Tuborg,34,14,8.692307692307692,34.0
5975091,Why Not Primitivo,5,4,54.0,78.0
5975116,Quintado Do Vallado 20-Year-old Tawny Port,3,1,999.0,999.0
5975122,Kaffe,4,2,77.0,77.0
5975131,Dug 1 Meter,120,5,21.25,63.0
5975133,Brunch Luksus,179,4,30.333333333333332,70.0
5975274,Efterårsmenu 1,145,78,2.324675324675325,9.0
5975276,Efterårsmenu 2,146,94,1.924731182795699,9.0
5975285,pool/bokse,258,68,2.5223880597014925,7.0
5975314,Wiibroe Pilsner,689,63,2.6451612903225805,34.0
5975315,Specialøl,745,69,2.411764705882353,34.0
5975316,Alkoholfri øl,296,61,2.683333333333333,34.0
5975317,Sodavand,770,67,2.484848484848485,27.0
5975318,Lemonade,441,64,2.6031746031746033,34.0
5975319,Økosaft,334,62,2.6885245901639343,27.0
5975320,Kildevand,502,63,2.6451612903225805,34.0
5975321,Glas Vin,651,35,3.0,27.0
5975322,Flaske Vin,41,21,5.1,27.0
5975324,Café Latte,386,62,2.6885245901639343,34.0
5975325,Cappuccino,341,59,2.8275862068965516,34.0
5975326,Espresso,48,29,5.857142857142857,54.0
5975327,Americano,255,63,2.6129032258064515,34.0
5975328,Te,266,61,2.7,34.0
5975329,Varm Chokolade,134,40,4.205128205128205,45.0
5975331,Chokobar,301,57,2.9285714285714284,35.0
5975332,Chokokube,294,51,3.2,56.0
5975333,Kolsvart Slikpose,301,55,2.962962962962963,35.0
5975334,Chips,224,54,3.056603773584906,27.0
5975335,Menu,112,27,5.8076923076923075,51.0
5975336,Menu med årskort,100,21,7.5,41.0
5975337,Årskort,42,26,6.16,65.0
5975508,Halv bolle m ost,91,30,5.793103448275862,35.0
5975516,Doner Kebab & Frites,153,48,3.3191489361702127,21.0
5975517,Onion Rings 9,18,13,8.333333333333334,35.0
5975518,Onion Rings 12,18,15,11.071428571428571,33.0
5975519,Nuggets 9,13,12,11.636363636363637,69.0
5975520,Nuggets 9 + Frites,22,17,8.0625,27.0
5975527,Pommes Frites stor,115,52,3.0784313725490198,21.0
5975589,33 cl øl,658,129,1.40625,4.0
5975591,"50 cl eller  56,8 cl alm øl",661,123,1.4754098360655739,6.0
5975592,"50 eller 56,8 stærk øl",439,130,1.3953488372093024,4.0
5975599,Unspecified,634,168,1.0838323353293413,3.0
5975638,Unspecified,1076,174,1.046242774566474,3.0
5975675,Unspecified,6,4,55.333333333333336,157.0
5975711,Unspecified,25,19,5.0,24.0
5975725,Unspecified,430,122,1.5041322314049588,4.0
5975755,Unspecified,6,6,21.0,56.0
5975800,Banankage,1,1,999.0,999.0
5976026,1 stk. Jægerbombs,280,51,3.62,13.0
5976027,5 stk. Jægerbombs,104,45,4.090909090909091,14.0
5976033,Velo 3,167,86,1.7294117647058824,6.0
5976156,Morgen tallerken m Gammel Knas ost,631,52,1.8627450980392157,14.0
5976230,Sodavandsis,67,18,9.705882352941176,25.0
5976306,Skjold rød 100,69,43,3.857142857142857,21.0
5976314,Diverse,12,9,16.5,90.0
5976315,Div. lammekød,36,17,10.6875,51.0
5976355,Øl,11192,173,1.058139534883721,4.0
5976356,Lux Øl,59,33,5.65625,26.0
5976357,Pers Øl,101,27,6.384615384615385,75.0
5976358,Pilsner,904,107,1.6981132075471699,6.0
5976360,IPA,390,80,2.2911392405063293,11.0
5976361,Husets,131,43,4.166666666666667,12.0
5976363,Irish Coffee 3 cl,17,9,22.0,57.0
5976364,Irish Coffee 6 cl,8,7,17.0,38.0
5976365,Blå/Gul Kings,4,3,28.5,49.0
5976366,Orange/Grøn Kings,26,16,10.266666666666667,39.0
5976367,Chips,6,6,18.2,52.0
5976368,Shots: 25,1010,121,1.5166666666666666,6.0
5976369,Sprut: 30,1208,130,1.4031007751937985,6.0
5976370,Sprut: 35,590,79,2.282051282051282,9.0
5976371,Sprut: 40,92,32,5.419354838709677,24.0
5976372,Sprut: 45,130,43,4.238095238095238,20.0
5976373,Sprut: 50,50,24,7.304347826086956,45.0
5976374,Sprut: 55,43,18,10.705882352941176,50.0
5976375,Sprut: 60,35,13,14.75,49.0
5976528,Heineken Original,20,7,28.833333333333332,118.0
5976529,"Heineken Alkoholfri 0,0",4,2,173.0,173.0
5976530,"Royal Classic Alkoholfri 0,0",18,7,25.0,108.0
5976538,Early Bird,792,105,1.7307692307692308,12.0
5976571,Frokost Stor Pizza Wrap,1202,61,1.0166666666666666,2.0
5976573,Frokost Wrap Students Bag special,109,42,1.4878048780487805,8.0
5976574,Margherita Bufalina,297,59,1.0517241379310345,3.0
5976575,Skinke & Svampe,168,56,1.1090909090909091,2.0
5976576,Kartofler & Rodlog,147,52,1.1764705882352942,3.0
5976579,"Parma, Rucola, Grana",135,48,1.297872340425532,4.0
5976581,Diavola,182,56,1.1090909090909091,3.0
5976583,Salame,131,51,1.22,3.0
5976584,Meatballs,107,49,1.2708333333333333,3.0
5976590,Mickey Mouse Børne Pizza,213,48,1.297872340425532,3.0
5976593,Panino Parmaskinke & Rucola,113,45,1.3636363636363635,3.0
5976595,Pasta Fresca Carbonara,158,48,1.2553191489361701,3.0
5976596,Pasta Fresca Bolognese,116,47,1.326086956521739,4.0
5976597,Pasta Fresca Boscaiola,103,44,1.4186046511627908,3.0
5976598,Lasagna Bolognese,157,52,1.196078431372549,4.0
5976600,Espresso,104,45,1.3409090909090908,4.0
5976603,Cappuccino,207,55,1.1296296296296295,3.0
5976604,Latte Macchiato,231,57,1.0892857142857142,2.0
5976610,Americano,138,48,1.297872340425532,3.0
5976643,KNYTTE JYTTE,10,7,12.833333333333334,35.0
5976793,Tuborg grøn,1,1,999.0,999.0
5976797,Wiibroe,1,1,999.0,999.0
5976809,Ramlösa citrus,1,1,999.0,999.0
5976842,beer,221,52,1.5294117647058822,6.0
5977058,Margarita,48,36,4.742857142857143,15.0
5977059,Vesuvio,93,67,2.606060606060606,13.0
5977060,Mario,127,74,2.410958904109589,11.0
5977061,Hawaii,70,56,3.2,11.0
5977062,Pizza bella,186,97,1.8854166666666667,6.0
5977063,Taxi pizza,263,129,1.375,4.0
5977064,meat lover,79,59,2.9827586206896552,13.0
5977066,Ayaz,85,60,3.0,9.0
5977067,mamma mia,45,34,5.151515151515151,31.0
5977069,Milano,58,53,3.3461538461538463,12.0
5977074,Spaghetti pizza,74,54,3.30188679245283,13.0
5977079,Bologna,58,45,3.659090909090909,12.0
5977089,Pommes Pizza,79,56,3.2363636363636363,10.0
5977092,Kurdisk pizza,336,137,1.3308823529411764,4.0
5977102,Tvis Speciel,44,35,4.970588235294118,24.0
5977103,Tvis mølle,77,50,3.5714285714285716,13.0
5977104,Sams speciel,44,36,5.114285714285714,13.0
5977105,Ufo,68,48,3.574468085106383,23.0
5977110,Durum,382,138,1.3211678832116789,6.0
5977111,Pita,74,49,3.5,21.0
5977141,Dressing,107,59,2.896551724137931,14.0
5977146,1/2 Kylling,121,72,2.535211267605634,8.0
5977147,Pommes Frites,229,110,1.6605504587155964,6.0
5977149,Kebabmix,110,69,2.5,12.0
5977151,Pølsemix,52,44,4.023255813953488,13.0
5977154,Cheeseburger,56,36,4.9714285714285715,20.0
5977162,Pizza Pepperoni,55,46,3.911111111111111,15.0
5977163,Pizza Bambino,61,39,4.578947368421052,18.0
5977164,børne Nuggets,49,37,4.888888888888889,13.0
5977223,Unspecified,134,88,2.0344827586206895,11.0
5977267,Diverse,1312,152,1.1986754966887416,3.0
5977268,Tobak,5138,156,1.167741935483871,3.0
5977269,Taletidskort,83,45,4.113636363636363,13.0
5977270,Aviser,148,101,1.8,8.0
5977271,Blade,478,129,1.390625,3.0
5977272,Slik,679,147,1.2397260273972603,3.0
5977273,Chokolade,1061,149,1.222972972972973,4.0
5977274,Vand,1483,154,1.1830065359477124,3.0
5977276,Is,170,81,2.2625,12.0
5977282,Espresso,236,115,1.5263157894736843,7.0
5977283,Americano,1031,160,1.1257861635220126,6.0
5977284,Cappuccino,1278,167,1.0903614457831325,6.0
5977285,Cafe Latte,1117,164,1.1104294478527608,6.0
5977286,Cortado,291,130,1.3875968992248062,8.0
5977287,Flat White,754,156,1.167741935483871,6.0
5977288,Long Black,112,75,2.418918918918919,8.0
5977289,Iced latte,188,98,1.8144329896907216,11.0
5977291,Appelsin Juice,115,78,2.3376623376623376,12.0
5977626,Unspecified,276,92,1.989010989010989,8.0
5977646,Soya,20,5,21.5,55.0
5977703,Baconcheese,220,88,2.0229885057471266,19.0
5977801,SMYDI,10,8,20.857142857142858,67.0
5977869,Sandwich,40,1,999.0,999.0
5977882,Franskbrød (m. Ost eller pålœg),1742,118,1.547008547008547,17.0
5977901,1 Kugle,138,15,12.357142857142858,153.0
5977902,2 Kugle,224,18,10.176470588235293,153.0
5977903,3 Kugle,14,6,34.2,162.0
5977907,Haribo Push-up,12,7,27.666666666666668,150.0
5977909,"Twister, Mallow",6,6,34.2,162.0
5977912,Kung Fu,9,7,3.1666666666666665,6.0
5977913,Solbær Stang,7,6,35.0,166.0
5977917,Daim,26,11,18.0,161.0
5977921,Magnum,18,8,25.857142857142858,157.0
5977922,"Magnum, Mandel",15,7,27.833333333333332,161.0
5977923,"Magnum, Double Hazelnut",7,5,45.25,171.0
5977925,Sanpellegrino sodavand,7,4,57.0,162.0
5977926,Vand,11,8,25.285714285714285,156.0
5977930,Sodavand,8,5,3.75,9.0
5977931,Naturfrisk øko drikke,7,2,5.0,5.0
5977933,Kaffe,102,20,9.526315789473685,153.0
5977940,Bolle med smør og ost,8,5,2.75,5.0
5977941,Dagens Kage,6,5,2.75,6.0
5977952,"Strøm, Per KwH",900,6,34.8,163.0
5977953,Andet,83,1,999.0,999.0
5977994,Unspecified,1,1,999.0,999.0
5978095,Unspecified,11,10,12.333333333333334,23.0
5978105,Unspecified,11,10,13.444444444444445,51.0
5978115,Unspecified,36,27,6.769230769230769,36.0
5978222,Gratineret Tigerrejer,61,32,5.838709677419355,21.0
5978229,Entrecote 200g,71,35,5.294117647058823,16.0
5978230,Oksemørbrad 200g,199,61,2.933333333333333,14.0
5978231,Ribeye 300g,108,50,3.6122448979591835,14.0
5978232,Kalve Entrecote 200g,54,26,6.56,31.0
5978233,Lammeculotte,65,34,5.484848484848484,26.0
5978234,Perlehøne,59,37,4.833333333333333,18.0
5978239,Fransk Citron Tærte,51,30,5.896551724137931,23.0
5978254,Irsk Kaffe,56,18,9.705882352941176,28.0
5978256,Stempel Kaffe Kande,51,22,7.761904761904762,28.0
5978264,Sodavand Lille,143,45,4.0227272727272725,14.0
5978265,Sodavand Stor,182,66,2.769230769230769,13.0
5978267,Isvand,94,61,3.0,13.0
5978268,Lille vand med brus,90,49,3.6666666666666665,30.0
5978273,Tuborg Classic Lille,69,37,4.722222222222222,13.0
5978274,Tuborg Classic Stor,101,45,4.0,13.0
5978276,Grimbergen Double stor,81,36,4.685714285714286,13.0
5978284,Smørrebrøds Platte,58,25,7.0,23.0
5978297,Pariserbøf,59,36,4.914285714285715,11.0
5978330,Vine & Dine Menu Maj,659,77,2.3815789473684212,11.0
5978366,Mix,249,102,1.7524752475247525,10.0
5978381,Unspecified,204,61,2.816666666666667,31.0
5978452,Forårsruller (5 stk.),221,98,1.8350515463917525,8.0
5978453,Wonton (6 stk.),57,39,4.473684210526316,16.0
5978455,Store Kyllingelår (4 stk.),14,14,13.384615384615385,67.0
5978456,Tempura Rejer (6 stk.),58,47,3.847826086956522,14.0
5978457,Tod Man (5 stk.),10,9,19.625,47.0
5978458,Satay (4 stk.),38,28,6.518518518518518,24.0
5978459,Tum Yam,32,28,6.111111111111111,14.0
5978460,Tum Kha,27,23,7.7727272727272725,21.0
5978461,Wonton Suppe,13,13,14.166666666666666,53.0
5978462,Khao Pad (Stegte Ris),81,56,3.0727272727272728,9.0
5978463,Pad See Ew (Stegte Risnudler),125,73,2.4027777777777777,8.0
5978464,Pad Thai,188,89,1.9659090909090908,9.0
5978465,Pad Ba Mee (Stegte Ægnudler),44,34,5.0,25.0
5978466,Pad Kee Maow (Stegte Risnudler),40,33,5.15625,29.0
5978467,Pad Jae (Vegetar),9,9,15.375,31.0
5978468,Pad Namman Hoi,79,44,4.023255813953488,23.0
5978470,Pad Met Mamuarg (Stegt Cashewnød),38,32,5.483870967741935,15.0
5978471,Pad Krapaw,62,53,3.3653846153846154,11.0
5978473,Gaung Dang (Rød Karry),105,76,2.3466666666666667,12.0
5978474,Gaung Galé (Gul Karry),33,29,6.107142857142857,42.0
5978475,Gaung Kiew Wan (Grøn Karry),66,44,4.0,15.0
5978476,Panang,103,64,2.5873015873015874,16.0
5978477,Massaman,143,68,2.6417910447761193,14.0
5978478,Gaung Baa (Jungle Karry),16,13,14.25,29.0
5978479,Rejechips,53,40,4.333333333333333,24.0
5978481,Ris,34,28,6.074074074074074,18.0
5978557,Margherita,510,140,1.3021582733812949,4.0
5978559,Vegetariana (V),106,72,2.492957746478873,9.0
5978560,Parma,261,106,1.723809523809524,6.0
5978562,Caprese (V),296,123,1.4836065573770492,4.0
5978563,Funghi (V),138,80,2.2658227848101267,10.0
5978564,Capricciosa,243,111,1.6363636363636365,5.0
5978565,Bresaola,159,93,1.9673913043478262,7.0
5978567,Gorgonzola,142,89,2.0568181818181817,6.0
5978568,Quattro Stagioni,111,69,2.588235294117647,10.0
5978569,Salame,334,123,1.4754098360655739,5.0
5978570,Pepperoni,636,146,1.2482758620689656,3.0
5978571,Quattro Formaggi (V) (D.O.C),99,71,2.5714285714285716,9.0
5978574,Bella,117,79,2.2948717948717947,7.0
5978575,N'Duja,159,96,1.9052631578947368,7.0
5978577,Patatina,213,109,1.6759259259259258,10.0
5978579,Mascarpone (V),162,97,1.84375,5.0
5978583,Rustica,168,90,2.0224719101123596,9.0
5978585,Panino Parma,149,72,2.5492957746478875,16.0
5978591,Carbonara,142,73,2.4583333333333335,9.0
5978593,Lasagna Homemade,126,67,2.6818181818181817,18.0
5978601,Tiramisu,118,70,2.5652173913043477,9.0
5978603,Italian Bottled Beer,351,110,1.6605504587155964,5.0
5978604,Italian Red wine Primitivo di Manduria [D.O.C. Riserva] (Glass),113,65,2.796875,7.0
5978611,"Coca Cola 0,33 l",238,101,1.81,10.0
5978612,"Coca Cola Zero 0,33 l",126,73,2.4444444444444446,7.0
5978613,"San Pellegrino 0,33 l",505,140,1.2949640287769784,3.0
5978632,"Odense classic  0,5 liter",265,66,2.7384615384615385,13.0
5978641,Freddysburger,51,34,5.303030303030303,24.0
5978794,Fredagsøl 12-15,64,10,7.888888888888889,14.0
5978798,EYZ Protect,45,28,5.666666666666667,26.0
5978799,EYZ NIGHT,24,20,8.210526315789474,24.0
5978801,1. Rist med brød,88,49,3.75,19.0
5978823,3. Ristpøsesvøb m.brød,29,24,7.739130434782608,36.0
5978824,4. Kæmpe medister m.brød,55,42,4.219512195121951,17.0
5978840,5. Stor Klaus med brød,54,41,4.45,16.0
5978841,6. Ristet Hotdog,212,89,2.0454545454545454,16.0
5978844,9. Fransk Hotdog,69,49,3.75,18.0
5978845,10. Fransk Hotdog med pølsesvøb,17,12,11.454545454545455,40.0
5978846,11. Fransk Hotdog med stor Klaus,52,43,3.9047619047619047,17.0
5978849,15. Brød,44,34,5.454545454545454,19.0
5978854,18. Pølse Mix,38,31,5.433333333333334,15.0
5978855,19. STORE Pølse Mix,88,60,2.9491525423728815,16.0
5978871,27. Big Burger,30,23,7.909090909090909,24.0
5978874,28. CheeseBurger,42,32,5.709677419354839,26.0
5978875,29. Dobbelt Burger,30,20,9.157894736842104,44.0
5978878,31. Kylling burger med Bacon,15,13,14.666666666666666,38.0
5978881,33. Huset Burger (Gigantburger med 100%Oksekød),14,10,14.555555555555555,39.0
5978883,35. Huset Burger med Ost og Bacon,19,12,13.909090909090908,45.0
5978885,37. Dobbelt Huset Burger med ost og bacon,21,16,10.933333333333334,45.0
5978887,39. Bacon cheese Burger,81,43,4.119047619047619,14.0
5978895,49. B'f Sandwich,25,20,9.052631578947368,30.0
5978896,50. Ribben Sandwich,14,10,19.11111111111111,58.0
5978897,52. Store Bøf Sandwich,26,24,7.782608695652174,28.0
5978898,Stor Ribben Sandwich,37,31,5.833333333333333,21.0
5978900,55. kylling med pommes frites,189,85,2.119047619047619,8.0
5978902,57.  Kylling nugget (8 stk) m.pommes frites,32,27,6.8076923076923075,22.0
5978908,61. Store Pommes Frites,118,72,2.492957746478873,13.0
5978909,62. Lille pommes frites,67,55,3.314814814814815,12.0
5978952,(1) Sodavand /Øl,147,87,2.0930232558139537,8.0
5978962,MAD,135,81,2.25,9.0
5978979,Pepperoni,105,45,3.659090909090909,10.0
5978982,Panino Caprese(v),99,52,3.2941176470588234,13.0
5978983,Panino Parma,109,57,3.1964285714285716,11.0
5978986,Panino Salami,102,56,3.272727272727273,10.0
5979005,10 sma,97,38,4.756756756756757,16.0
5979007,1 sma,160,25,7.333333333333333,29.0
5979022,durum medpommes,69,40,4.538461538461538,13.0
5979257,Unspecified,41,25,6.458333333333333,36.0
5979333,Billet (indtast selv pris),53,21,7.95,49.0
5979338,Fisk,96,51,3.5,15.0
5979800,Øl,212,98,1.8556701030927836,12.0
5979822,Emballageafgift,99,34,2.242424242424242,25.0
5979837,Sandwich,230,94,1.935483870967742,6.0
5979970,Haribo push up,341,112,1.6216216216216217,5.0
5980036,Unspecified,24,18,3.3529411764705883,14.0
5980216,Unspecified,150,66,2.707692307692308,21.0
5980236,Unspecified,58,50,3.489795918367347,13.0
5980289,Unspecified,763,134,1.3082706766917294,11.0
5980309,Pariser Toast,135,68,2.6865671641791047,8.0
5980310,Pommes Frites med Dip,194,89,2.0568181818181817,11.0
5980312,Sandwich,138,63,2.903225806451613,15.0
5980313,Pølse Mix,59,39,4.578947368421052,19.0
5980314,Lune Frikadeller m. Kartoffel Salat,61,43,4.214285714285714,15.0
5980315,Kaffe & Kage,76,43,2.9047619047619047,22.0
5980316,Kage,122,66,2.7846153846153845,12.0
5980317,Softice m. Drys (Lille),198,61,3.0166666666666666,27.0
5980318,Softice m. Drys (Stor),54,32,5.806451612903226,30.0
5980321,1 Kugle,189,76,2.4133333333333336,17.0
5980322,2 Kugle,245,71,2.585714285714286,17.0
5980329,Milkshake (0.5 Liter),76,38,4.891891891891892,51.0
5980331,Belgisk Vaffel med Is,136,60,3.0677966101694913,15.0
5980333,Pandekager med Is,78,43,4.166666666666667,17.0
5980335,The,64,44,3.883720930232558,13.0
5980336,Alm Kaffe,359,118,1.547008547008547,7.0
5980337,Americano,54,37,4.888888888888889,16.0
5980340,Cafe Latte,153,76,2.4,17.0
5980341,Cappuccino,224,109,1.6759259259259258,5.0
5980347,Varm Kakao med Flødeskum,380,123,1.4836065573770492,5.0
5980352,Sodavand,327,114,1.6017699115044248,7.0
5980353,Kildevæld & Ramløsa,67,42,4.170731707317073,16.0
5980441,Udvalgt af køkkenchefen. 2 halv smørrebrød,211,84,2.180722891566265,8.0
5980484,Anker Isflødebolle Æble,20,13,12.666666666666666,34.0
5980485,Anker Isflødebolle Jordbær,23,16,9.8,42.0
5980487,Anker Isflødebolle Solbær Chokolade,8,7,7.0,20.0
5980488,Anker Isflødebolle Chokolade,14,9,15.75,69.0
5980489,Anker Isflødebolle Nougat,11,9,7.125,27.0
5980518,PHO BO,261,63,1.596774193548387,16.0
5981223,Velo freeze 4,156,88,1.6666666666666667,7.0
5981245,Unspecified,2,1,999.0,999.0
5981291,Kage,64,8,21.857142857142858,93.0
5981382,Sanpellegrino sodavand,399,60,1.0338983050847457,2.0
5981383,Sanpellegrino vand med brus,185,54,1.150943396226415,3.0
5981414,Diesel salg,6,5,1.25,2.0
5981431,Dagens Dessert,23,12,6.454545454545454,26.0
5981488,Varm Kakao med Flødeskum,287,66,2.7846153846153845,8.0
5981489,12. Smørrebrød,417,79,2.3076923076923075,6.0
5981500,18. Dagens Gryde,244,77,2.3815789473684212,7.0
5981505,Glas Rababersaft Økologisk,286,73,2.513888888888889,9.0
5981507,Isvand Kande,183,64,2.873015873015873,12.0
5981548,Coconut Jollof Rice with Chicken,81,31,6.033333333333333,93.0
5981550,Chicken Stew & White Rice,41,19,10.055555555555555,93.0
5981552,Banga Soup with Lamb & White Rice,12,7,21.833333333333332,115.0
5981553,Fried Rice with Chicken,12,8,25.428571428571427,104.0
5981699,"stegt kammusling med hokkaidopure, syltet hokkaido, ristede græskarkerner og brunet smør",111,42,4.073170731707317,30.0
5981701,”Favoritten”,109,36,4.857142857142857,54.0
5981702,”Le Saint Jaques”,162,50,3.5714285714285716,37.0
5981704,”Steak frites”,392,66,2.6923076923076925,24.0
5981705,Confit de canard,163,48,3.723404255319149,30.0
5981706,”Svømmeren”,464,68,2.611940298507463,24.0
5981708,"""Crepe suzette""",142,41,4.2,34.0
5981710,”Overraskelsen”,145,44,3.9069767441860463,32.0
5981718,Stjerneskud med et Pift,355,71,2.5428571428571427,24.0
5981719,Blåmuslinger,135,53,3.3653846153846154,34.0
5981728,Luksus Rejemad,169,56,3.2,32.0
5981729,Roedspaettefilet,226,62,2.9344262295081966,29.0
5981730,Sol over fjord,129,46,3.911111111111111,34.0
5981736,"Royal Pilsner 4,6%",135,56,3.2545454545454544,26.0
5981737,"Royal Classic 4,6%",392,82,2.2098765432098766,24.0
5981746,sodavand 25 cl,314,83,2.182926829268293,24.0
5981750,Americano,321,73,2.4305555555555554,26.0
5981762,"Prosecco Chicchirichí, GABE Italy",297,44,3.813953488372093,36.0
5981770,"2023 Sauvignon Blanc, Bodegas Remediadora",129,60,2.9491525423728815,26.0
5981771,"2024 Soave, Vicentini Agostino Italy",136,44,3.8372093023255816,32.0
5981870,Tuborg,2971,145,1.2569444444444444,4.0
5981871,Classis,1440,115,1.5789473684210527,6.0
5981872,IPA,938,137,1.3308823529411764,4.0
5981873,Blanc,889,126,1.448,7.0
5981874,Tuborg,1562,138,1.3211678832116789,4.0
5981875,Classic,800,119,1.5084745762711864,5.0
5981878,Thy Humle,138,50,3.5714285714285716,13.0
5981879,Boli,978,112,1.6216216216216217,5.0
5981880,Gull Lite,212,67,2.727272727272727,20.0
5981883,Bara,108,38,4.594594594594595,18.0
5981884,Føroya Pils,198,66,2.6769230769230767,14.0
5981885,Føroya Gull,120,35,5.294117647058823,20.0
5981886,Slupp,240,71,2.4,10.0
5981888,Magners Cider,138,54,3.3962264150943398,14.0
5981890,Brooklyn Alcohol Fri,136,48,3.6382978723404253,20.0
5981891,Øl,6840,165,1.103658536585366,3.0
5981892,Long Drinks,913,123,1.4672131147540983,5.0
5981894,Kristall,160,62,2.8524590163934427,14.0
5981896,Cola,170,75,2.4324324324324325,9.0
5981900,Glas,416,109,1.6666666666666667,6.0
5981903,Gin og Tonic,395,79,2.3076923076923075,12.0
5981904,Cuba Libre,107,41,4.525,11.0
5981906,Moscow Mule,100,37,4.861111111111111,14.0
5981913,Extra Shot,134,20,8.052631578947368,22.0
5981917,Shots,575,56,3.272727272727273,10.0
5981928,Nachos,125,56,3.290909090909091,30.0
5981929,Nødder,256,87,2.104651162790698,6.0
5981930,Chili Nødder,184,86,2.1294117647058823,13.0
5981931,Olivier,140,53,3.4423076923076925,13.0
5981933,Popcorn,104,47,3.8260869565217392,18.0
5981956,+Paint 3kr,17,16,11.733333333333333,51.0
5981979,Dameklip,23,21,8.5,46.0
5982017,Frokostmenu ifølge aftale,44,2,35.0,35.0
5982031,MARGHERITA,567,150,1.2080536912751678,6.0
5982032,PROSCIUTTO,253,114,1.6017699115044248,7.0
5982033,HAWAII,113,77,2.3026315789473686,11.0
5982034,CAPRICIOSSA,295,136,1.3185185185185184,7.0
5982035,QUATRO STAGIONI,100,68,2.671641791044776,17.0
5982038,PEPPERONI,1456,173,1.052325581395349,7.0
5982039,STÆRK SALAMI PIZZA,199,107,1.6886792452830188,9.0
5982042,RUCOLA,157,87,2.0697674418604652,10.0
5982043,VEGETARIANA,92,61,2.9166666666666665,11.0
5982047,BRESAOLA 1,90,64,2.6984126984126986,11.0
5982048,DIAVOLA,259,117,1.5603448275862069,8.0
5982049,PAVESE,80,54,3.339622641509434,18.0
5982050,BIANCA I,247,111,1.5909090909090908,7.0
5982051,BIANCA II,200,89,2.022727272727273,9.0
5982056,MARI MONTI,137,91,1.9555555555555555,10.0
5982057,BIANCA III,130,93,1.891304347826087,7.0
5982063,DAGENS PIZZA,86,62,2.8852459016393444,11.0
5982074,5 L. æblemost - ERHVERV,2,1,999.0,999.0
5982075,5 L. æblemost,1,1,999.0,999.0
5982078,KYLLING,339,127,1.4365079365079365,7.0
5982090,LASAGNE,293,128,1.4251968503937007,8.0
5982123,Herreklip,8,8,11.714285714285714,26.0
5982124,Farve,16,14,5.230769230769231,23.0
5982294,Pose,84,45,3.522727272727273,12.0
5982423,Pad King,23,16,10.533333333333333,30.0
5982427,Juice og iste,47,26,5.68,25.0
5982456,Sodavand,25,16,10.066666666666666,42.0
5982463,Pose,37,25,7.25,26.0
5982532,Jolly Cola,180,45,1.3636363636363635,4.0
5982535,"Kød 10,-",499,49,3.6041666666666665,20.0
5982569,Acqua,400,61,1.0166666666666666,2.0
5982584,HOTdog,52,1,999.0,999.0
5982585,Fransk HOTDOK,34,1,999.0,999.0
5982597,Lille,11,5,1.25,2.0
5982598,Stor,4,4,2.0,4.0
5982599,Chokolade Dyp,2,1,999.0,999.0
5982600,Topping,21,6,1.2,2.0
5982601,1 Kugle,28,7,1.0,1.0
5982602,2 Kugler,99,7,1.0,1.0
5982603,3 Kugler,30,7,1.0,1.0
5982606,Hammel Vaffel,15,5,1.5,3.0
5982610,Flødebolle,1,1,999.0,999.0
5982613,Drys,1,1,999.0,999.0
5982614,Ekstra Guf,3,1,999.0,999.0
5982619,Sodavand,90,24,7.0,95.0
5982620,Deltagergebyr,348,35,4.470588235294118,95.0
5982621,Chokolade,432,41,3.8,90.0
5982622,Emballage,53,26,1.72,4.0
5982623,Diverse,21,4,13.333333333333334,31.0
5982666,Bag,53,24,7.869565217391305,93.0
5982682,Medlemskab,3,3,6.5,10.0
5982729,Mellem smørrebrød,752,10,19.11111111111111,49.0
5982756,Menu,186,5,32.0,100.0
5982764,Plantain,16,12,15.454545454545455,95.0
5982779,Flaske øl (25),11780,182,1.0,1.0
5982780,Fadøl lille (25),4340,180,1.011173184357542,2.0
5982781,Fadøl Stor (40),4311,180,1.011173184357542,2.0
5982782,Ice/Shaker/Breezer (40),163,42,4.439024390243903,15.0
5982783,Sprit (22),4852,169,1.0773809523809523,3.0
5982784,Bitter (20),744,42,2.1707317073170733,6.0
5982785,Sprit (25),1788,171,1.0647058823529412,2.0
5982786,Sodavand (25),947,169,1.0773809523809523,2.0
5982787,Red Bull (30),102,38,4.837837837837838,18.0
5982789,Toast (30),103,72,2.5492957746478875,9.0
5982790,Cigaretter (90),108,74,2.4657534246575343,7.0
5982819,Rasmus fadøl,317,95,1.925531914893617,12.0
5982977,Cookies,133,51,1.22,3.0
5983037,Sodavand (ansat),110,48,3.851063829787234,12.0
5983117,Dameklip med Vask,4,4,14.333333333333334,23.0
5983118,Dameklip UDEN vask,7,7,21.333333333333332,37.0
5983119,Herreklip uden Vask,9,9,19.625,42.0
5983120,Pensionistklip uden vask,1,1,999.0,999.0
5983121,Børneklip under 10 år,5,5,25.0,42.0
5983151,Ret Bryn,1,1,999.0,999.0
5983185,Pizza,178,93,1.9565217391304348,10.0
5983186,Pizza 25,998,168,1.0838323353293413,5.0
5983187,Pizza 30,2164,138,1.3065693430656935,5.0
5983188,Pizza 35,4079,139,1.3043478260869565,6.0
5983189,Pizza 40,250,80,1.8227848101265822,16.0
5983192,Frokost Tilbud 3x90-,370,70,2.6231884057971016,24.0
5983193,Parma,659,160,1.1383647798742138,6.0
5983194,Caprese,506,142,1.2836879432624113,6.0
5983195,Pepper Brie,486,149,1.222972972972973,6.0
5983196,Spicy Salami,548,149,1.222972972972973,7.0
5983199,Parma Pesto,303,92,1.989010989010989,13.0
5983200,Ham and Cheese,628,152,1.1986754966887416,6.0
5983201,Spinach Ricotta,143,60,3.0338983050847457,17.0
5983202,Ham and Cheese,3157,174,1.046242774566474,5.0
5983203,Potatoes,984,167,1.0843373493975903,5.0
5983204,Sausages,636,148,1.2312925170068028,5.0
5983205,Mixed Cheese,452,144,1.2657342657342658,5.0
5983206,Margherita,2557,171,1.0647058823529412,5.0
5983207,Pepperoni,4005,173,1.052325581395349,5.0
5983208,Bomb,372,119,1.5338983050847457,8.0
5983209,Cherry BøQel,599,151,1.2066666666666668,5.0
5983210,Potatoe Trufle,756,161,1.13125,5.0
5983211,Potatoe Salsiccia,802,161,1.13125,5.0
5983212,Champ Salsiccia,544,146,1.2482758620689656,6.0
5983213,Pepper Salsiccia,325,118,1.547008547008547,7.0
5983214,Champ Trufle,698,159,1.1455696202531647,5.0
5983215,Carbonara,725,143,1.2746478873239437,7.0
5983216,Potatoe Pesto,90,36,5.114285714285714,27.0
5983217,Champ Ham,636,154,1.1699346405228759,5.0
5983229,Unspecified,9,7,24.833333333333332,79.0
5983247,Caprisun,121,36,1.7142857142857142,4.0
5983251,Haribo Push Up,599,137,1.3308823529411764,13.0
5983295,Lovpligtig bæreposeafgift,9104,179,1.0168539325842696,3.0
5983342,3-RETTERS Forret Koldrøget laks,157,26,2.8,11.0
5983345,3-RETTERS Hovedret Fisk,151,26,2.8,11.0
5983346,3-RETTERS Dessert Choux,152,26,2.8,11.0
5983489,Bukser,512,136,1.3333333333333333,6.0
5983490,Trøje,116,74,2.4657534246575343,12.0
5983491,Kjole,36,31,5.733333333333333,32.0
5983492,Jakke,168,94,1.89247311827957,9.0
5984833,Batch brew,179,84,2.1325301204819276,17.0
5984836,Chai latte,278,122,1.4958677685950412,8.0
5984837,Hot chocolate,240,107,1.6603773584905661,6.0
5984838,Tea,239,110,1.614678899082569,7.0
5984839,Matcha latte,250,118,1.547008547008547,7.0
5984842,Bread & cheese,458,150,1.2147651006711409,6.0
5984905,Sliders 2 stk,292,50,3.489795918367347,22.0
5984959,Mammis Gelato,34,15,12.5,28.0
5985050,Menu,62,2,20.0,20.0
5985087,Voksenbillet,205,43,4.309523809523809,67.0
5985093,Kaffe/Te (kop),79,15,1.6428571428571428,4.0
5985095,Varm Kakao,98,12,2.090909090909091,5.0
5985096,Irish Coffee,121,43,4.285714285714286,67.0
5985100,Sodavand,60,13,1.9166666666666667,5.0
5985101,Fadøl lille,29,6,2.8,7.0
5985102,Fadøl stor,41,11,2.3,5.0
5985103,Specialøl,28,11,2.3,6.0
5985108,Drinks,39,17,10.9375,89.0
5985168,7. Crispy Chicken,19,7,4.833333333333333,8.0
5985209,pink guava lemonade,99,42,1.9024390243902438,6.0
5985262,chardonay villa Mansay,116,57,3.232142857142857,11.0
5985265,Syrah/Cabernet Sauvignon Villa Manzay,97,47,3.760869565217391,18.0
5985354,Unspecified,85,52,3.0784313725490198,13.0
5985377,Romkugle,117,7,27.166666666666668,113.0
5985392,Hot Dog,1030,164,1.1104294478527608,5.0
5985421,Kyllingefilet med pikantost svøbt i bacon,17,1,999.0,999.0
5985435,"Svinekam stegt som vildt m. waldorfsalat, 1/2 æble med ribsgele, kartofler, sauce og franske kartofler",145,8,23.142857142857142,114.0
5985449,Hønsefad m. ananas og bacon,16,1,999.0,999.0
5985451,Tarteletter m. høns i asparges,23,1,999.0,999.0
5985475,Lune pølsehorn,49,1,999.0,999.0
5985491,Unspecified,304,58,2.456140350877193,25.0
5985528,Alm øl 20 kr,3686,174,1.046242774566474,2.0
5985539,Tiramisu,399,145,1.2569444444444444,9.0
5985541,Pelligrino dåse,2745,176,1.0342857142857143,6.0
5985542,Icetea flsske,960,163,1.117283950617284,8.0
5985543,Øl,510,129,1.4140625,9.0
5985554,Vand,157,54,3.358490566037736,29.0
5985564,Frokost pizza,725,144,1.2657342657342658,7.0
5985565,Frokost slice,7486,175,1.0402298850574712,7.0
5985566,Frokost sandwich,1666,159,1.1455696202531647,6.0
5985611,Unspecified,25,22,4.380952380952381,14.0
5985620,Hår klipning,178,71,1.7142857142857142,7.0
5985621,Børn klipning,27,22,5.190476190476191,26.0
5985622,Skæg,37,29,4.285714285714286,14.0
5985625,Sodavand,1,1,999.0,999.0
5985627,Voks af næse,3,2,44.0,44.0
5985637,Oluf's Pistacie,7,5,30.25,98.0
5985642,Brugt dæk,21,17,9.125,36.0
5985643,Nyt dæk,60,37,4.138888888888889,16.0
5985644,Brugt dæk,493,110,1.3669724770642202,4.0
5985647,Lapning,76,48,3.0851063829787235,15.0
5985692,Unspecified,224,95,1.851063829787234,7.0
5985715,1 pandekage,374,74,2.4246575342465753,39.0
5985761,Nr. 1 Panang karry oksekød,20,17,9.25,43.0
5985762,Nr. 2 Grøn karry oksekød,25,23,7.7727272727272725,26.0
5985763,Nr. 4 Pad Kra POW oksekød,48,38,4.72972972972973,17.0
5985764,Nr. 10 Tom yum kylling,10,10,16.666666666666668,67.0
5985765,Nr. 10 Tom yum rejer,20,17,10.125,55.0
5985766,Nr. 11 Forårsruller 4 Stk,89,54,3.150943396226415,18.0
5985767,Nr. 12 gyoza 5 stk.,59,43,4.166666666666667,19.0
5985768,Nr. 13 paneret kyllinge filet 4 stk.,17,14,12.384615384615385,46.0
5985774,Oksekød,2,2,89.0,89.0
5985859,nugget,62,5,43.5,64.0
5985963,Unspecified,1,1,999.0,999.0
5985989,Ice tea,131,75,2.310810810810811,9.0
5985993,Take away drink,220,94,1.946236559139785,7.0
5985995,Nr. 7 pad prik Gaeng  Oksekød,13,11,13.6,45.0
5986055,Sobygaard SAFT,137,56,3.1636363636363636,28.0
5986177,Fufu and Banga Soup,33,18,10.647058823529411,90.0
5986212,Unspecified,12,7,12.0,28.0
5986228,Lille med drys,19,6,1.2,2.0
5986234,Stor med drys,7,4,2.0,4.0
5986235,Drys,14,5,1.5,3.0
5986282,Bord,932,79,2.3205128205128207,7.0
5986327,Unspecified,592,148,1.2312925170068028,4.0
5986345,Unspecified,8,8,16.285714285714285,45.0
5986393,Unspecified,254,79,2.3205128205128207,16.0
5986397,L.pommes,143,90,2.0112359550561796,10.0
5986402,S.pommes,203,104,1.7475728155339805,10.0
5986404,Dyppelse i bæger,145,89,2.022727272727273,11.0
5986408,Chiken dippers,20,18,9.647058823529411,28.0
5986457,Ekstra ris,106,65,2.734375,19.0
5986466,Bærepose,187,95,1.8829787234042554,18.0
5986470,Indbagt kylling pr. stk.,87,12,10.181818181818182,26.0
5986510,Buketter,1036,134,1.3458646616541354,7.0
5986511,Planter,125,54,3.2264150943396226,18.0
5986514,Krukker,7,7,11.0,26.0
5986515,Blomster,1922,159,1.1455696202531647,2.0
5986598,Americano,316,120,1.5210084033613445,6.0
5986602,Latte,336,125,1.4435483870967742,5.0
5986605,Cappuccino,496,145,1.2569444444444444,4.0
5986609,Carlsberg Pilsner,285,119,1.5338983050847457,6.0
5986611,Mikkeller Burst IPA,272,110,1.6605504587155964,7.0
5986613,Still Water,679,162,1.124223602484472,4.0
5986614,Sparkling Water,737,167,1.0903614457831325,6.0
5986615,Sparkling Water Bottle,288,110,1.6605504587155964,7.0
5986617,Depanneur Sparkling Apple Øko,261,120,1.5210084033613445,5.0
5986618,Depanneur Sparkling rhubarb Øko,304,108,1.691588785046729,11.0
5986621,Depanneur organic Limonata,392,140,1.3021582733812949,6.0
5986623,Depanneur organic Aranciata Rossa,279,125,1.4435483870967742,10.0
5986625,Østergaard organic elderflower juice,356,133,1.371212121212121,7.0
5986641,Smag Salad,5962,178,1.0225988700564972,4.0
5986642,Smag salad menu,3442,179,1.0168539325842696,4.0
5986651,Chicken Satay,668,156,1.167741935483871,4.0
5986656,Chicken Sandwich,713,163,1.117283950617284,4.0
5986659,Steak Sandwich,478,148,1.2244897959183674,4.0
5986660,Hot Dish of the Week,660,165,1.103658536585366,4.0
5986663,Kids Menu,255,112,1.6306306306306306,7.0
5986664,Tiramisu,487,153,1.1842105263157894,5.0
5986699,"Blanc, Château de Ricaud Frankrig, Bordeaux, Côtes de Bordeaux",186,67,2.696969696969697,12.0
5986700,"Riesling, Villa Huesgen Tyskland, Mosel",388,106,1.7142857142857142,7.0
5986701,"Coteaux Bourguignons Blanc, Maison Louis Jadot Frankrig, Bourgogne",164,57,3.232142857142857,13.0
5986708,"Pinot Noir, Vieilles Vignes, La Grande Colombe Frankrig, Pays d’Oc",188,68,2.626865671641791,18.0
5986725,Mojito,21,12,13.272727272727273,115.0
5986726,Gin and Tonic,25,7,22.5,90.0
5986728,Aperol Spritz,51,20,7.631578947368421,73.0
5986731,Gammel Dansk,21,13,13.916666666666666,61.0
5986733,Espresso,144,68,2.701492537313433,20.0
5986734,Americano,281,96,1.8631578947368421,17.0
5986735,Dobbelt Espresso,36,25,7.5,36.0
5986736,Cappuccino,409,112,1.6306306306306306,15.0
5986737,Cafe Latte,221,82,2.2222222222222223,19.0
5986738,Macchiato,18,15,12.0,38.0
5986739,Tea,101,56,3.290909090909091,34.0
5986740,Hot Chocolate,110,54,2.7547169811320753,26.0
5986741,Cointreau with Hot Chocolate,23,15,5.0,19.0
5986742,Irish Coffee with Tullamore,45,25,7.291666666666667,33.0
5986744,Cola,53,27,6.8076923076923075,37.0
5986745,Cola Zero,36,22,8.19047619047619,74.0
5986746,Carlsberg,214,46,4.0,62.0
5986747,Tuborg Classic,308,45,4.090909090909091,41.0
5986749,Peanuts,26,15,12.5,71.0
5986862,Ingefær lemonade,359,127,1.4047619047619047,15.0
5986897,SMØRREBRØD,1285,90,1.651685393258427,7.0
5986937,Surdejsbolle,255,71,2.2857142857142856,16.0
5986939,Pandekager,133,42,1.9268292682926829,6.0
5986943,Eggs Benedict,117,47,3.9347826086956523,82.0
5986944,Surdejs Toast,140,49,3.7708333333333335,82.0
5986945,Hønsesalat,271,64,2.873015873015873,82.0
5986952,Americano,393,112,1.6306306306306306,15.0
5986953,Flat White,605,126,1.448,15.0
5986954,Latte,584,126,1.448,15.0
5986955,Cappuccino,796,131,1.3923076923076922,15.0
5986956,Cortado,214,93,1.9673913043478262,15.0
5986959,Varm Chokolade,207,82,2.234567901234568,15.0
5986961,Naturfrisk,209,52,3.549019607843137,81.0
5986962,Sport Cola,140,56,3.290909090909091,82.0
5986963,Hjemmelavet Lemonade,137,55,3.3518518518518516,81.0
5986964,Lokal æblemost,131,45,4.113636363636363,83.0
5986965,Friskpresset Juice,110,38,2.081081081081081,6.0
5986968,Fadøl,143,26,3.12,13.0
5987069,Genbrug,911,122,1.487603305785124,6.0
5987079,The able,6,5,18.75,24.0
5987086,Egekilde danskvand,168,68,2.626865671641791,28.0
5987154,Craft lemonade,77,36,5.0285714285714285,29.0
5987155,Ɓirra moretti Originale 33 cl.,51,24,6.739130434782608,27.0
5987156,Birra moretti la rossa 33 cl.,26,18,10.176470588235293,33.0
5987168,Milkshake,14,5,1.5,3.0
5987278,Kylling & Bacon,665,166,1.096969696969697,3.0
5987279,Kebab,321,134,1.3609022556390977,5.0
5987280,Okse,195,107,1.7075471698113207,6.0
5987281,Kylling,295,139,1.3115942028985508,4.0
5987282,Tyrkisk Salami,204,112,1.6216216216216217,10.0
5987283,Æg & Rejer,56,37,4.611111111111111,22.0
5987284,Falaffel,97,43,4.119047619047619,18.0
5987285,Tun,112,70,2.536231884057971,10.0
5987286,Roastbeef,39,26,6.36,15.0
5987287,Laks,62,44,4.046511627906977,16.0
5987288,Kalkun & Bacon,65,38,4.864864864864865,15.0
5987289,Crispy Chicken,52,38,4.891891891891892,27.0
5987291,Buffalo Cheese Burger,72,46,3.7777777777777777,12.0
5987292,Buffalo Bacon Cheese,78,51,3.5,14.0
5987293,Caesar,35,25,6.708333333333333,18.0
5987294,Veggie,17,15,8.5,21.0
5987295,Ceres,52,39,4.7368421052631575,16.0
5987297,Kebab Wrap,146,76,2.2666666666666666,11.0
5987299,Falafel Wrap,27,21,8.2,17.0
5987300,Chili Cheese (4 stk.),21,16,11.266666666666667,34.0
5987301,Pommes,88,52,3.3529411764705883,12.0
5987302,"6 Nuggets & Pommes, Valgfri Dyppelse",17,11,8.1,20.0
5987303,Kebabmix,80,51,3.56,16.0
5987304,Kylligemix,20,19,8.0,23.0
5987308,Vand,109,61,2.8333333333333335,12.0
5987310,Frem,79,54,3.30188679245283,11.0
5987313,"Sodavand 0,5",203,91,1.9333333333333333,18.0
5987384,Affogato,26,9,21.25,154.0
5987385,Guf,37,4,1.6666666666666667,3.0
5987406,Chokolade,99,58,2.719298245614035,20.0
5987427,Glean Trøffelkugler,34,25,5.875,34.0
5987440,3 - Brooklyn alcohol free,382,123,1.4836065573770492,9.0
5987441,4 - THY ØKO PILS,1346,157,1.1602564102564104,5.0
5987444,5 - Herslev Hvede,454,126,1.448,7.0
5987445,6 - Solstrejf,1654,152,1.1986754966887416,7.0
5987451,9 - Herslev Kastanje,432,127,1.4365079365079365,6.0
5987455,10 - Girl from IPA-nema,915,141,1.2857142857142858,7.0
5987583,Margherita,94,63,2.9193548387096775,9.0
5987584,Moro,369,131,1.3923076923076922,5.0
5987585,Jerry,224,118,1.547008547008547,5.0
5987587,Hawaii,145,86,2.1294117647058823,9.0
5987588,Vesuvio,90,63,2.9193548387096775,18.0
5987589,A. Viola,102,70,2.536231884057971,12.0
5987591,Amerikaner,98,70,2.6231884057971016,8.0
5987606,Mavi Mavi,148,87,2.104651162790698,7.0
5987609,Lav Selv Pizza,101,67,2.742424242424242,10.0
5987611,🔺A. Meatlover🔺,112,67,2.727272727272727,8.0
598763,Unspecified,2992,153,1.1907894736842106,4.0
5987657,67. Salat pizza,94,68,2.6417910447761193,9.0
5987658,68. Salat pizza,93,65,2.828125,12.0
5987661,71. Salat pizza,184,100,1.8181818181818181,5.0
5987697,Kebab Special,125,72,2.4225352112676055,12.0
5987739,½ Kylling,141,86,2.1294117647058823,8.0
5987741,Plankebøf,89,47,3.8043478260869565,13.0
5987745,Pommes Frites (Lille),160,99,1.846938775510204,7.0
5987746,Pommes Frites (Stor),232,112,1.5945945945945945,6.0
5987790,ØL,195,91,2.0,9.0
5987794,Kød,342,135,1.3432835820895523,6.0
5987795,Grønt,125,80,2.2278481012658227,7.0
5987796,Chili og Hvidløg i Bæger,151,75,2.3783783783783785,14.0
5987804,Pose,515,154,1.1830065359477124,5.0
5988080,Fadøl,108,1,999.0,999.0
5988081,Pølser med brød,142,1,999.0,999.0
5988091,"Kød 20,-",631,50,3.5306122448979593,20.0
5988142,Lemoniade,103,64,2.857142857142857,11.0
5988247,Chips,112,39,4.7105263157894735,75.0
5988248,Nødder,27,15,12.0,81.0
5988249,Muffin,26,8,2.857142857142857,5.0
5988280,Organic brown eggs (price per piece),216,23,5.2272727272727275,19.0
5988381,Panino Kylling & Bacon,190,54,1.150943396226415,3.0
5988570,Cookie,112,37,2.0,13.0
5988573,Blomster 1,4405,150,1.2080536912751678,6.0
5988581,Tilbehør,143,60,1.7118644067796611,6.0
5988582,Pansglass,218,75,1.364864864864865,4.0
5988583,Cover,250,76,1.3466666666666667,4.0
5988584,Reparation,55,31,3.2666666666666666,15.0
5988628,Croissant,234,129,1.4140625,7.0
5988643,Skistøvler U Boa,27,21,6.85,30.0
5988644,Skistøver m Boa,23,21,7.1,21.0
5988645,Ski m Binding,47,29,5.071428571428571,20.0
5988647,Binding,1,1,999.0,999.0
5988648,Skibukser,4,2,6.0,6.0
5988649,Skijakke,1,1,999.0,999.0
5988650,Skinneben Pads,7,7,17.833333333333332,38.0
5988651,Skistrømpe,12,11,9.5,19.0
5988653,Leki Skistave,4,3,12.0,14.0
5988654,Leki Skihandske,3,3,19.5,29.0
5988655,Composite Skistav,8,8,11.285714285714286,27.0
5988656,Goggles Lux,4,3,47.5,69.0
5988657,Goggle Alm,8,5,22.5,62.0
5988659,Sål Alm,8,8,11.714285714285714,38.0
5988660,Rygskjold Barn,2,2,25.0,25.0
5988661,Rygskjold Voksen,9,8,16.571428571428573,42.0
5988664,Outlet,45,24,5.913043478260869,24.0
5988666,Bindevævsbehandling,4,4,40.0,90.0
5988875,1.  The Session - any burger + fries + dip,336,43,4.0476190476190474,62.0
5988901,2. Lamb Combo,13,7,3.6666666666666665,6.0
5988909,8. Kids Beef w ketchup,19,6,26.8,70.0
5988917,Oat milk,808,158,1.1528662420382165,6.0
5988925,YAG kapsulotomi ET ØJE,2,2,95.0,95.0
5988927,Kaffe 250g,2,2,49.0,49.0
5988928,Kaffe 250g stofpose,3,3,4.0,5.0
5988929,Skihjelm,5,5,29.25,58.0
5988963,Bag,1117,176,1.0342857142857143,4.0
5989056,iPhone 16 Pro Reparation,1,1,999.0,999.0
5989058,iPhone 16 Reparation,1,1,999.0,999.0
5989065,iPhone 15 Pro Reparation,5,4,27.333333333333332,57.0
5989067,iPhone 15  Reparation,2,2,43.0,43.0
5989068,iPhone 14 Pro Max Reparation,1,1,999.0,999.0
5989069,iPhone 14 Pro Reparation,1,1,999.0,999.0
5989071,iPhone 14 Reparation,2,2,19.0,19.0
5989072,iPhone 13 Pro Max Reparation,4,4,20.333333333333332,39.0
5989073,iPhone 13 Pro Reparation,1,1,999.0,999.0
5989075,iPhone 13 Reparation,9,7,11.5,30.0
5989078,iPhone 12 Pro Reparation,4,4,14.666666666666666,31.0
5989080,iPhone 12 Mini Reparation,1,1,999.0,999.0
5989081,iPhone 12 Reparation,4,4,27.666666666666668,45.0
5989084,iPhone 11 Pro Reparation,3,2,1.0,1.0
5989085,iPhone 11  Reparation,5,5,4.75,11.0
5989087,iPhone XS Reparation,2,2,26.0,26.0
5989089,iPhone X Reparation,1,1,999.0,999.0
5989091,iPhone 8 Reparation,4,4,3.3333333333333335,7.0
5989092,iPhone 7 Plus Reparation,1,1,999.0,999.0
5989093,iPhone 7 Reparation,2,2,40.0,40.0
5989098,iPhone SE Reparation,6,5,18.25,32.0
5989104,Samsung S24 Ultra Reparation,4,4,24.0,44.0
5989148,Chips Rødder,408,133,1.371212121212121,5.0
5989149,"Mandler, peanuts, hasselnødder",275,109,1.6666666666666667,8.0
5989151,Coca Cola,154,74,2.4246575342465753,8.0
5989167,Tuborg Classic,300,76,2.4133333333333336,11.0
5989181,French 75,156,53,3.4615384615384617,18.0
5989183,Long drink,412,78,2.3376623376623376,7.0
5989287,Rejecocktail,58,35,4.9411764705882355,23.0
5989289,Carpaccio,58,35,5.176470588235294,23.0
5989300,Samsung A52 Reparation,2,2,63.0,63.0
598953,Unspecified,39,33,5.125,18.0
5989539,x 60kr,399,108,1.691588785046729,6.0
5989540,⭐️ 75,413,107,1.7075471698113207,6.0
5989547,Cola zero,182,87,2.104651162790698,9.0
5989560,Krus filter kaffe,340,135,1.3432835820895523,6.0
5989639,iPad 9 (10.2) (2021) Reparation,4,4,15.666666666666666,23.0
5989640,iPad 8 (10.2) (2020) Reparation,2,1,999.0,999.0
5989641,iPad 7 (10.2) (2019) Reparation,2,1,999.0,999.0
5989710,M 2,320,101,1.8,10.0
5989711,M3,297,99,1.836734693877551,9.0
5989712,M4,131,65,2.640625,11.0
5989715,Guacamole Con Granada,45,34,5.181818181818182,25.0
5989729,El Cazador,120,74,2.3972602739726026,12.0
5989730,Franco,70,47,3.630434782608696,12.0
5989731,Ze Industrial,78,49,3.7291666666666665,16.0
5989732,Vegan Burrito (V),41,30,6.172413793103448,21.0
5989733,Gallina,73,52,3.411764705882353,13.0
5989736,Pollo,62,38,4.864864864864865,17.0
5989739,The Real Mojito,98,44,4.093023255813954,15.0
5989740,Daiquiri De Piña,35,21,7.75,28.0
5989741,Piña Colada,79,34,4.666666666666667,23.0
5989742,Margarita Dream,81,32,5.419354838709677,14.0
5989744,Citros Sodas 330cl,90,52,3.3137254901960786,15.0
5989745,Huset Vand,215,100,1.8080808080808082,10.0
5989746,Mango Sodas 37 cl,74,43,4.142857142857143,12.0
5989748,"SOL, 33 CL",96,47,3.5652173913043477,11.0
5989749,Corona 335cl,347,84,2.1566265060240966,11.0
5989751,Modelo,66,28,4.518518518518518,14.0
5989752,San Miguel 33cl,55,32,5.806451612903226,15.0
5989754,Brewmaster IpA 33 cl,44,27,6.230769230769231,22.0
5989865,"Tang-duo, 20 gr.",5,4,56.666666666666664,105.0
5989866,"Tang-duo, 50 gr.",7,6,33.0,62.0
5989867,"Tangtrio, 20 gr.",5,4,1.6666666666666667,3.0
5989869,"Sukkertang, 20 gr",9,8,25.857142857142858,62.0
5989871,"Sukkertang, Granuleret, 20 gr.",5,4,44.666666666666664,104.0
5989873,"Blæretang, 20 gr.",8,7,24.5,49.0
5989881,"Savtang, 20 gr.",8,5,41.5,103.0
5989889,"Tangchips, Blæretang, 10 gr.",22,11,17.1,63.0
5989890,"Tangknækbrød, 6 stk",46,25,7.541666666666667,31.0
5989891,"Tangknækbrud, 60 gr.",11,7,17.5,49.0
5989893,"Syltet Blæretang, 40 gr.",6,6,28.2,71.0
5989894,Tangbrød,24,13,14.25,115.0
5989895,Tangbrød - Frosset,11,9,20.125,53.0
5989897,"Tangsalt med Blæretang, 60 gr.",12,4,44.666666666666664,94.0
5989899,"Tangolie, 250 ml.",8,8,22.285714285714285,81.0
5989902,"Stærk Tangsennep, 100 gram",27,16,12.066666666666666,41.0
5989903,"Mandeltrioer, 75 gr. Pose",5,5,28.0,73.0
5989905,"Tang-syltetøj med Blomme, 100 gr.",18,15,12.071428571428571,42.0
5989906,"Tang-syltetøj med Rabarber, 100 gr.",13,12,15.545454545454545,55.0
5989908,"Tang-syltetøj med æble, 100 gr.",11,9,21.125,36.0
5989912,Tangøl - ale,30,13,14.25,42.0
5989914,Pant,17,10,14.555555555555555,43.0
5989917,"Lynghonning, 225 gr",26,16,11.333333333333334,49.0
5989928,Vild med Viden,5,2,110.0,110.0
5989935,Tangpostkort,4,3,36.0,54.0
5989945,Bivokslys,5,2,24.0,24.0
5989949,Palmefri Sæbe,4,4,48.0,79.0
5989953,Kaffe,12,5,38.5,113.0
5989965,Pasfoto,26,20,7.2105263157894735,17.0
5990046,Pacha Litchi,388,125,1.4596774193548387,5.0
5990047,Pacha Apple,147,82,2.234567901234568,11.0
5990048,Pacha Mojito,132,73,2.513888888888889,9.0
5990049,Csss Øl,392,98,1.865979381443299,7.0
5990050,Soju Risvin 16,245,113,1.6160714285714286,7.0
5990051,Lille øl,250,97,1.84375,6.0
5990054,Mellem sodavand,2129,167,1.0903614457831325,3.0
5990055,Lille sodavand,747,155,1.1753246753246753,4.0
5990057,Vand,710,158,1.1528662420382165,3.0
5990058,En glas vand,5,5,29.25,62.0
5990064,3 Wooly Sheep,6,6,16.4,53.0
5990067,Marterey,7,5,30.75,111.0
5990144,Citronkage,44,2,28.0,28.0
5990153,Ad Libitum (Voksen) Man_torsdag,2342,113,1.6160714285714286,6.0
5990154,Slushie,49,13,5.25,17.0
5990155,Ad Libitum (+ Drikke) Fre-Søndag,541,60,3.0508474576271185,8.0
5990156,Ad Libitum Børn (6-10 år) Man-torsdag,65,41,4.325,20.0
5990158,Ad Libitum( 6-10 år) Fre-Søndag,58,32,5.580645161290323,15.0
5990189,Sodavand mellem,432,125,1.4596774193548387,5.0
5990331,Sodavand lille,230,89,2.034090909090909,12.0
5990345,DEEP-PAN,100,69,2.6470588235294117,10.0
5990347,Dressing po pizza,528,150,1.2147651006711409,3.0
5990355,Durum kebab,188,103,1.7745098039215685,7.0
5990358,The,141,83,2.0365853658536586,13.0
5990380,Chili/Cheddar fransk hotdog,67,45,3.659090909090909,20.0
5990382,Rød pølse u/brød,43,33,5.0625,20.0
5990429,Egg Florentine,110,44,4.209302325581396,83.0
5990439,Ekstra bread,313,119,1.5338983050847457,8.0
5990445,Diverse,308,105,1.7211538461538463,7.0
5990452,Unspecified,345,44,4.093023255813954,16.0
5990533,Kylling Filet  PITA,268,41,1.025,2.0
5990537,Bifteki BOX,11,9,4.125,11.0
5990548,SIS Tawok BOX,14,11,3.4,9.0
5990553,Gave ide,105,20,6.894736842105263,55.0
5990726,"Hjemmelavet fiskepate på salar,purreløg s creme",30,1,999.0,999.0
5990795,Menu,65,4,43.666666666666664,75.0
59908,Nødder,1,1,999.0,999.0
5990803,Flan,62,33,5.25,24.0
5990876,Tilbehør,19,13,2.3333333333333335,6.0
5990877,Pansglass,55,27,1.6538461538461537,10.0
5990878,Cover,90,29,1.5357142857142858,10.0
5990879,Reparation,7,7,5.166666666666667,11.0
5990887,iPhone 15 Pro Reparation,1,1,999.0,999.0
5990890,iPhone 14 Pro Max Reparation,2,2,15.0,15.0
5990891,iPhone 14 Pro Reparation,4,3,1.5,2.0
5990895,iPhone 13 Pro Reparation,1,1,999.0,999.0
5990897,iPhone 13 Reparation,1,1,999.0,999.0
5990899,iPhone 12 Pro Reparation,1,1,999.0,999.0
59909,Humus & brød,2,1,999.0,999.0
5990900,iPhone 12 Mini Reparation,1,1,999.0,999.0
5990902,iPhone 11 Pro Max Reparation,1,1,999.0,999.0
5990904,iPhone 11  Reparation,2,2,1.0,1.0
5990907,iPhone XR Reparation,1,1,999.0,999.0
5990910,iPhone 8 Reparation,2,2,10.0,10.0
5990925,"iPad Pro 12,9 1Gen (2015) Reparation",1,1,999.0,999.0
5991165,iPhone SE Reparation,15,11,7.6,25.0
5991166,iPhone 16 Pro Max Reparation,2,2,39.0,39.0
5991167,iPhone 16 Pro Reparation,5,2,3.0,3.0
5991169,iPhone 16 Reparation,2,2,17.0,17.0
5991171,iPhone 15 Pro Max Reparation,2,2,30.0,30.0
5991172,iPhone 15 Pro Reparation,4,3,32.0,60.0
5991174,iPhone 15  Reparation,3,3,7.5,11.0
5991175,iPhone 14 Pro Max Reparation,9,5,15.0,32.0
5991176,iPhone 14 Pro Reparation,2,2,48.0,48.0
5991178,iPhone 14 Reparation,8,7,15.5,36.0
5991180,iPhone 13 Pro Reparation,3,3,30.5,38.0
5991181,iPhone 13 Mini Reparation,7,7,15.833333333333334,35.0
5991182,iPhone 13 Reparation,10,8,14.428571428571429,46.0
5991184,iPhone 12 Pro Reparation,8,5,18.25,33.0
5991188,iPhone 11 Pro Reparation,6,3,14.5,17.0
5991189,iPhone 11  Reparation,16,13,7.916666666666667,25.0
5991191,iPhone XS Reparation,3,2,43.0,43.0
5991192,iPhone XR Reparation,4,3,23.5,30.0
5991193,iPhone X Reparation,5,4,13.333333333333334,18.0
5991195,iPhone 8 Reparation,3,2,94.0,94.0
5991200,iPhone 6 Plus Reparation,4,2,1.0,1.0
5991224,iPad 9 (10.2) (2021) Reparation,6,5,25.25,44.0
5991225,iPad 8 (10.2) (2020) Reparation,3,3,35.5,62.0
5991245,Samsung S24 Reparation,3,3,14.5,25.0
5991278,Samsung A52 Reparation,6,4,24.666666666666668,43.0
59913,Potatos,4,3,4.0,5.0
5991310,Samsung A05s Reparation,4,4,31.0,40.0
5991450,iPhone SE Reparation,2,1,999.0,999.0
5991452,iPhone 16 Pro Reparation,3,2,63.0,63.0
5991454,iPhone 16 Reparation,1,1,999.0,999.0
5991457,iPhone 15 Pro Reparation,2,1,999.0,999.0
5991463,iPhone 14 Reparation,3,1,999.0,999.0
5991464,iPhone 13 Pro Max Reparation,4,4,24.0,41.0
5991465,iPhone 13 Pro Reparation,1,1,999.0,999.0
5991466,iPhone 13 Mini Reparation,2,2,31.0,31.0
5991467,iPhone 13 Reparation,4,4,21.0,43.0
5991468,iPhone 12 Pro Max Reparation,1,1,999.0,999.0
5991469,iPhone 12 Pro Reparation,1,1,999.0,999.0
5991470,iPhone 12 Mini Reparation,6,5,13.5,39.0
5991471,iPhone 12 Reparation,5,5,15.25,28.0
5991472,iPhone 11 Pro Max Reparation,1,1,999.0,999.0
5991473,iPhone 11 Pro Reparation,1,1,999.0,999.0
5991474,iPhone 11  Reparation,6,6,15.0,39.0
5991476,iPhone XS Reparation,1,1,999.0,999.0
5991477,iPhone XR Reparation,1,1,999.0,999.0
5991478,iPhone X Reparation,1,1,999.0,999.0
5991479,iPhone 8 Plus Reparation,1,1,999.0,999.0
5991480,iPhone 8 Reparation,1,1,999.0,999.0
5991481,iPhone 7 Plus Reparation,1,1,999.0,999.0
5991484,iPhone 6S Reparation,2,1,999.0,999.0
5991505,"iPad Air 3Gen 10,5 (2019) Reparation",2,2,99.0,99.0
5991512,iPad 6 (9.7) (2018) Reparation,2,2,51.0,51.0
5991525,Samsung S25 Ultra Reparation,2,1,999.0,999.0
59916,Mushroom,3,2,13.0,13.0
5991736,Tilbehør,70,42,1.7804878048780488,6.0
5991737,Pansglass,120,56,1.4181818181818182,5.0
5991738,Cover,264,73,1.0833333333333333,2.0
5991739,Reparation,35,23,3.5,10.0
5991740,iPhone SE Reparation,1,1,999.0,999.0
5991751,iPhone 14 Pro Reparation,2,2,1.0,1.0
5991754,iPhone 13 Pro Max Reparation,1,1,999.0,999.0
5991757,iPhone 13 Reparation,3,3,5.0,8.0
5991760,iPhone 12 Mini Reparation,1,1,999.0,999.0
5991761,iPhone 12 Reparation,1,1,999.0,999.0
5991764,iPhone 11  Reparation,1,1,999.0,999.0
5991770,iPhone 8 Reparation,2,2,35.0,35.0
5991789,iPad Pro 11 2Gen (2020) Reparation,1,1,999.0,999.0
5991802,iPad 6 (9.7) (2018) Reparation,1,1,999.0,999.0
5992316,Tilbehør,1023,173,1.0465116279069768,4.0
5992317,Pansglass,535,160,1.1320754716981132,6.0
5992318,Cover,648,155,1.1688311688311688,11.0
5992319,Reparation,201,94,1.8602150537634408,20.0
5992320,iPhone SE Reparation,5,4,47.666666666666664,122.0
5992322,iPhone 16 Pro Reparation,2,2,70.0,70.0
5992324,iPhone 16 Reparation,6,4,17.666666666666668,36.0
5992326,iPhone 15 Pro Max Reparation,2,1,999.0,999.0
5992327,iPhone 15 Pro Reparation,5,5,41.5,118.0
5992329,iPhone 15  Reparation,1,1,999.0,999.0
5992330,iPhone 14 Pro Max Reparation,1,1,999.0,999.0
5992332,iPhone 14 Plus Reparation,1,1,999.0,999.0
5992333,iPhone 14 Reparation,4,4,47.333333333333336,74.0
5992335,iPhone 13 Pro Reparation,5,5,39.5,84.0
5992336,iPhone 13 Mini Reparation,5,5,27.5,55.0
5992337,iPhone 13 Reparation,14,13,13.333333333333334,37.0
5992338,iPhone 12 Pro Max Reparation,2,1,999.0,999.0
5992339,iPhone 12 Pro Reparation,1,1,999.0,999.0
5992340,iPhone 12 Mini Reparation,4,4,47.666666666666664,49.0
5992341,iPhone 12 Reparation,4,4,32.333333333333336,46.0
5992342,iPhone 11 Pro Max Reparation,1,1,999.0,999.0
5992343,iPhone 11 Pro Reparation,6,6,35.4,139.0
5992344,iPhone 11  Reparation,22,19,9.166666666666666,57.0
5992346,iPhone XS Reparation,2,1,999.0,999.0
5992348,iPhone X Reparation,5,5,7.25,11.0
5992350,iPhone 8 Reparation,8,8,23.714285714285715,91.0
5992379,iPad 9 (10.2) (2021) Reparation,2,2,49.0,49.0
5992380,iPad 8 (10.2) (2020) Reparation,5,4,46.666666666666664,80.0
5992398,Samsung S24 Ultra Reparation,3,1,999.0,999.0
5992606,Tilbehør,425,137,1.3235294117647058,5.0
5992607,Pansglass,655,163,1.1111111111111112,4.0
5992608,Cover,661,167,1.0843373493975903,4.0
5992609,Reparation,180,103,1.7647058823529411,9.0
5992610,iPhone SE Reparation,2,2,52.0,52.0
5992612,iPhone 16 Pro Reparation,4,3,47.0,92.0
5992616,iPhone 15 Pro Max Reparation,2,2,12.0,12.0
5992617,iPhone 15 Pro Reparation,4,4,19.666666666666668,44.0
5992618,iPhone 15 Plus Reparation,2,2,70.0,70.0
5992619,iPhone 15  Reparation,3,3,39.5,52.0
5992621,iPhone 14 Pro Reparation,3,3,31.5,54.0
5992623,iPhone 14 Reparation,8,8,16.285714285714285,27.0
5992624,iPhone 13 Pro Max Reparation,3,2,25.0,25.0
5992625,iPhone 13 Pro Reparation,4,3,73.0,112.0
5992626,iPhone 13 Mini Reparation,3,2,6.0,6.0
5992627,iPhone 13 Reparation,12,12,14.636363636363637,53.0
5992628,iPhone 12 Pro Max Reparation,6,6,22.0,39.0
5992629,iPhone 12 Pro Reparation,7,7,24.5,48.0
5992631,iPhone 12 Reparation,8,6,22.8,45.0
5992632,iPhone 11 Pro Max Reparation,2,2,38.0,38.0
5992633,iPhone 11 Pro Reparation,6,6,21.2,55.0
5992634,iPhone 11  Reparation,29,22,8.238095238095237,22.0
5992638,iPhone X Reparation,4,3,17.0,24.0
5992640,iPhone 8 Reparation,9,7,9.0,26.0
5992669,iPad 9 (10.2) (2021) Reparation,10,9,21.5,77.0
5992670,iPad 8 (10.2) (2020) Reparation,3,3,12.5,22.0
5992692,Samsung S23 Ultra Reparation,5,4,35.333333333333336,75.0
5992698,Samsung S22 Reparation,4,3,62.5,107.0
5992701,Samsung S21 Reparation,5,4,23.333333333333332,33.0
5992896,Tilbehør,878,166,1.0909090909090908,4.0
5992897,Pansglass,952,169,1.0714285714285714,4.0
5992898,Cover,1116,172,1.0526315789473684,4.0
5992899,Reparation,170,92,1.967032967032967,9.0
5992900,iPhone SE Reparation,22,17,10.9375,50.0
5992901,iPhone 16 Pro Max Reparation,4,4,28.666666666666668,59.0
5992902,iPhone 16 Pro Reparation,6,6,19.8,27.0
5992904,iPhone 16 Reparation,4,4,13.666666666666666,21.0
5992906,iPhone 15 Pro Max Reparation,6,4,32.0,52.0
5992907,iPhone 15 Pro Reparation,8,7,18.666666666666668,46.0
5992909,iPhone 15  Reparation,13,10,15.88888888888889,64.0
5992910,iPhone 14 Pro Max Reparation,5,5,23.75,43.0
5992911,iPhone 14 Pro Reparation,14,13,9.833333333333334,31.0
5992913,iPhone 14 Reparation,9,6,28.2,60.0
5992914,iPhone 13 Pro Max Reparation,8,7,22.5,63.0
5992915,iPhone 13 Pro Reparation,9,8,18.0,35.0
5992916,iPhone 13 Mini Reparation,10,9,18.0,45.0
5992917,iPhone 13 Reparation,34,30,5.724137931034483,17.0
5992918,iPhone 12 Pro Max Reparation,5,3,71.5,97.0
5992920,iPhone 12 Mini Reparation,10,10,19.22222222222222,41.0
5992921,iPhone 12 Reparation,11,10,18.77777777777778,32.0
5992923,iPhone 11 Pro Reparation,14,12,13.818181818181818,32.0
5992924,iPhone 11  Reparation,30,22,7.571428571428571,34.0
5992926,iPhone XS Reparation,7,6,24.6,47.0
5992927,iPhone XR Reparation,9,8,20.571428571428573,64.0
5992928,iPhone X Reparation,5,4,33.333333333333336,46.0
5992930,iPhone 8 Reparation,4,4,40.333333333333336,75.0
5992959,iPad 9 (10.2) (2021) Reparation,15,12,13.363636363636363,49.0
5992961,iPad 7 (10.2) (2019) Reparation,4,4,29.333333333333332,63.0
5993143,Striploin Steak,95,39,4.605263157894737,25.0
5993156,Hakkebøf,50,34,5.242424242424242,28.0
5993170,Pepsi,53,32,5.806451612903226,28.0
5993171,Pepsi Max,328,66,2.769230769230769,25.0
5993172,Faxe Kondi,37,30,6.068965517241379,41.0
5993173,Mirinda Lemon,50,35,5.147058823529412,34.0
5993176,Danskvand Citrus,57,31,5.633333333333334,32.0
5993179,Kande med Isvand,33,26,6.6,31.0
5993244,Cola,121,65,2.8125,9.0
5993245,Zero,142,77,2.3684210526315788,9.0
5993246,Faxe,74,49,3.75,18.0
5993247,Orange soda,33,25,6.916666666666667,22.0
5993248,Pineapple soda,65,36,5.114285714285714,26.0
5993254,Sufle,38,12,13.818181818181818,32.0
5993318,Danskvand lille med eller uden citrus,19,14,13.538461538461538,112.0
599372,Unspecified,136,63,2.7580645161290325,8.0
5993794,12 chokoladekugler,64,35,2.0588235294117645,6.0
5994192,WeWA,11,8,14.285714285714286,67.0
5994273,Cola-fanta-zero-sportsvand 50cl. Pepsi max - pepsi - faxe kondi 50 cl.,288,71,2.5142857142857142,20.0
5994477,Toast,1143,26,6.8,35.0
5994495,Salat bowl,33,22,6.714285714285714,37.0
5994558,Ristet pølse,39,12,14.0,69.0
5994578,Thermobox med 8 kugler,2,1,999.0,999.0
5994579,Thermoboks 10 kugler,3,3,2.0,3.0
5994629,Unspecified,510,163,1.117283950617284,4.0
5994816,Snurre,104,33,2.21875,8.0
5994834,Pass,664,105,1.7307692307692308,7.0
5994835,Legalisering/intyg,8,7,24.833333333333332,68.0
5994837,Nationellt ID-kort,128,66,2.753846153846154,14.0
5994839,Anmälan svenskt medborgarskap,1,1,999.0,999.0
5994840,Körkort,5,5,27.25,40.0
5994845,1 stk smørrebrød,25,6,26.4,124.0
5995125,Farvede Fibre,70,33,5.1875,16.0
5995126,Ufarvede Fibre,72,32,5.32258064516129,17.0
5995127,Fiberblanding,4,2,56.0,56.0
5995130,Fiberpakker,5,2,109.0,109.0
5995131,Karteplader,3,2,112.0,112.0
5995132,Håndkarter & Uldkamme,13,13,12.75,30.0
5995134,Kartetilbehør,10,8,21.0,63.0
5995135,Håndspinder,12,10,12.333333333333334,39.0
5995136,Spinderokke,10,9,17.125,64.0
5995137,Spindetilbehør,78,34,4.787878787878788,19.0
5995138,Spindereservedele,2,1,999.0,999.0
5995141,Silkegarn,12,7,26.333333333333332,43.0
5995143,Uldgarn,259,52,3.450980392156863,21.0
5995144,Bomuldsgarn,295,60,3.0338983050847457,11.0
5995145,Hørgarn,86,38,4.45945945945946,18.0
5995147,Andre Kreative Garn,44,15,11.428571428571429,35.0
5995149,Rammevæve,19,17,9.4375,28.0
5995150,Gobelinvæve,11,11,13.8,35.0
5995152,Brikvæve,9,2,7.0,7.0
5995153,Vævetilbehør,425,90,2.0112359550561796,10.0
5995154,Vævereservedele,3,2,78.0,78.0
5995155,Filtning,62,28,6.666666666666667,18.0
5995236,Klipperkort,172,73,2.513888888888889,10.0
5995237,Fadøl lille,80,30,6.206896551724138,39.0
5995244,Husets hvidvin glas,57,29,6.321428571428571,26.0
5995245,Huset hvidvin flaske,22,15,11.571428571428571,46.0
5995246,Huset rødvin glas,55,35,5.176470588235294,20.0
5995247,Huset rødvin flaske,17,12,13.363636363636363,33.0
5995248,Husets rosevin glas,13,11,15.9,37.0
5995249,Husets rose vin flaske,10,10,13.88888888888889,28.0
5995250,mellem øl,629,143,1.2746478873239437,4.0
5995270,DIVA,239,72,2.5211267605633805,13.0
5995392,Margherita,114,79,2.269230769230769,11.0
5995395,Husets Pizza,583,164,1.1104294478527608,2.0
5995397,Pepperoni,89,62,2.901639344262295,9.0
5995398,b. Pepperoni (Halal),152,100,1.8181818181818181,5.0
5995405,Venus,88,64,2.5555555555555554,7.0
5995421,Alex,74,62,2.9672131147540983,10.0
5995443,Kebab,221,110,1.6605504587155964,9.0
5995453,Kebab Almindelig Pitabrød 40,269,122,1.4545454545454546,4.0
5995454,Kebab Hjemmelavet Pitabrød 55,375,136,1.3111111111111111,3.0
5995459,Græsk Bøf,150,76,2.28,10.0
5995463,Kebab Durum Rulle,345,143,1.2605633802816902,4.0
5995500,Kylling med Salat,84,58,3.0526315789473686,10.0
5995504,Pommes Frites mellem,531,164,1.1104294478527608,2.0
5995505,Pommes Frites Stor,377,148,1.2312925170068028,4.0
5995506,a. Hotdog,571,153,1.1907894736842106,3.0
5995507,b. Kebab Box,337,132,1.381679389312977,6.0
5995526,Kylling Burger,141,65,2.8125,18.0
5995533,Cheese Okse,125,80,2.2531645569620253,9.0
5995544,Sodavand 0.5,571,143,1.2746478873239437,5.0
5995545,Sodavand 1.5,113,67,2.696969696969697,13.0
5995546,Sodavand 0.25,120,69,2.661764705882353,12.0
5995547,øl alm,518,148,1.2312925170068028,6.0
5995549,Dåseøl,1857,175,1.0402298850574712,4.0
5995557,Husets Pizza,169,99,1.846938775510204,10.0
5995570,Big Burger,115,74,2.4657534246575343,15.0
5995594,Bøger,105,54,3.30188679245283,10.0
5995618,Frokost Ad Libitum (Voksne),665,81,2.2625,7.0
5995650,Pizza og grill,15,15,12.428571428571429,56.0
5995659,Cardamom snails,202,124,1.4715447154471544,8.0
5995708,Børneis kun bæger,29,8,25.714285714285715,174.0
5995717,Lille vand,32,15,12.928571428571429,110.0
5995718,Stor vand,20,9,12.25,56.0
5995726,Unspecified,8835,181,1.0055555555555555,2.0
5995747,Refill filterkaffe,16,9,18.25,46.0
5995775,Energi,62,46,4.0,15.0
5995882,Kylling Wrap,61,40,4.615384615384615,16.0
5996020,Ad Libitum( Vosksne) Fre-Søndag,1797,65,2.546875,20.0
5996032,Ad Frokost( 6-10 år),25,18,10.294117647058824,41.0
5996078,Cottolin,198,63,2.8870967741935485,20.0
5996150,Arnoux Grenache Noir Vieilles Vignes 6 fl.,22,4,17.0,32.0
5996151,Beauvignac Chardonnay 6 fl.,22,3,11.5,22.0
5996217,Hummus med Oksefilet,11,9,12.5,36.0
5996220,"Buratta Salat med Tomat, Redlog og Frisk Oregano",13,9,15.125,43.0
5996221,"Fish & Chips, Pomfritter, Tartar Sauce",26,11,16.8,47.0
5996235,Unspecified,21,11,16.5,58.0
5996247,Espresso dobble,13,7,29.166666666666668,156.0
5996269,Æg og Rejer,233,60,2.864406779661017,28.0
5996270,Kartoffelmad,104,42,4.097560975609756,31.0
5996271,Roastbeef,71,36,4.8,34.0
5996272,Frikadelle,44,27,5.076923076923077,22.0
5996273,Fiskefilet,133,51,3.38,28.0
5996274,Hønsesalat,53,30,5.793103448275862,28.0
5996277,Fiskefrikadelle,26,21,6.25,31.0
5996281,Paneret Rødspætte med Håndpillede Rejer,23,14,6.384615384615385,15.0
5996282,Roastbeef med Ristede Løg,7,6,18.2,35.0
5996283,Laks med Håndpillede Rejer,1,1,999.0,999.0
5996284,Kartoffel med Friterede Chips,1,1,999.0,999.0
5996286,Kalkun Sandwich,16,12,10.909090909090908,37.0
5996287,Tun Sandwich,8,7,18.5,68.0
5996288,Kylling Sandwich,21,15,9.214285714285714,56.0
5996289,Æg og Rejer Sandwich,1,1,999.0,999.0
5996293,Kylling Salat Bowl,5,5,13.25,31.0
5996294,Kød Salat Bowl,2,2,28.0,28.0
5996355,1 Genstand (sprut) (30),246,51,3.62,13.0
5996356,"1 Jack D, Chivas (35)",117,20,9.526315789473685,22.0
5996426,Tilbehør,261,84,1.3132530120481927,4.0
5996427,Cover,256,83,1.329268292682927,4.0
5996428,Reperation,51,32,3.3225806451612905,10.0
5996429,Pansglass,193,77,1.4210526315789473,4.0
5996434,8 - Hazy IPA Herslev,1022,139,1.3115942028985508,9.0
5996438,Lokal øl flaske,6,5,43.25,162.0
5996440,Ad Libitum (+ Drikke) Man-Torsdag,152,34,4.484848484848484,15.0
5996442,Tilbehør,393,94,1.1505376344086022,4.0
5996443,Cover,567,98,1.1030927835051547,4.0
5996444,Panserglass,379,89,1.2159090909090908,4.0
5996445,Reperation,73,46,2.2444444444444445,8.0
5996480,Redbull,1,1,999.0,999.0
5996570,Chicken Samosa,21,17,11.25,91.0
5996594,Vegetable samosa,14,8,24.857142857142858,92.0
5996599,Spring rolls vegetable,1,1,999.0,999.0
5996694,"Sm,rm,ktc,chili,mayo",668,156,1.167741935483871,5.0
5996715,Unspecified,69,48,3.8297872340425534,26.0
5996871,0. Margherita,10,8,22.142857142857142,77.0
5996872,1. Pepperoni,20,13,14.916666666666666,85.0
5996873,2. Kundens Humør,18,14,12.76923076923077,67.0
5996874,3. Hawaii,15,12,15.181818181818182,68.0
5996876,5. Alando,9,9,21.0,72.0
5996877,6. Diavola,2,2,108.0,108.0
5996878,7. Carne,9,8,22.428571428571427,63.0
5996879,8. Contadina,3,3,39.5,76.0
5996883,12. Mix Stærk,9,8,6.571428571428571,18.0
5996884,13. Kebab Piccante,2,2,2.0,2.0
5996885,14. Carne Pepperoni,2,2,40.0,40.0
5996886,15. Milano,11,10,17.88888888888889,67.0
5996887,16. Napoli,25,18,8.941176470588236,81.0
5996888,17. Venedig,8,8,21.714285714285715,57.0
5996891,20. Bresaola Pomodo,4,3,9.5,10.0
5996893,22. Pollo Carciofi,2,2,90.0,90.0
5996897,26. Solomoi,4,4,10.333333333333334,19.0
5996904,33. Patate,2,2,35.0,35.0
5996905,34. Ortolana,2,2,7.0,7.0
5996907,36. Kartoffel Pizza,3,3,11.0,15.0
5996909,38. Odin,32,22,8.571428571428571,69.0
5996912,41. Odense,3,3,19.5,21.0
5996929,58. Carbonara,4,2,9.0,9.0
5996934,63. Pommes ret,3,2,76.0,76.0
5996944,73. Durum Rulle,28,18,8.352941176470589,48.0
5996945,74. Pitabrød,7,5,38.75,122.0
5996946,Sodavand 0.33L,12,7,21.5,72.0
5996950,1. Pepperoni,4,3,67.0,111.0
5996987,38. Odin,6,3,55.5,104.0
5997085,Unspecified,34,23,6.909090909090909,20.0
5997114,Ayran,173,90,1.9887640449438202,6.0
5997116,Kildevand,124,78,2.324675324675325,9.0
5997143,Fadøl,1020,161,1.13125,4.0
5997154,Unspecified,548,90,1.9438202247191012,6.0
5997183,Unspecified,36,26,5.8,23.0
5997265,Ubuntu kaffe,19,16,8.6,40.0
599731,Unspecified,96,32,2.5161290322580645,7.0
5997352,Shots automat,67,6,5.6,9.0
5997370,Båndvæve,23,18,10.470588235294118,38.0
5997371,Fiskegarn,27,17,10.9375,22.0
5997426,Sauce,5,2,3.0,3.0
5997466,Cocktail,32,18,9.411764705882353,28.0
5997528,Sandwich,567,12,7.909090909090909,35.0
5997706,Unspecified,1,1,999.0,999.0
5997718,Hjemmelavet isvaffelmed,1,1,999.0,999.0
5997790,Bagel,114,42,2.5853658536585367,12.0
5997791,Luksus Sandwich (Paninibrød),25,19,5.166666666666667,17.0
5997792,Stor Pastasalat,5,5,9.25,20.0
5997812,Sodavand (Flere Varianter),6,6,12.2,24.0
5997885,Unspecified,121,82,2.185185185185185,17.0
5997965,Frokost stykker,283,14,1.9230769230769231,4.0
5997968,Dœk,73,47,3.717391304347826,21.0
5997973,Service,139,75,2.364864864864865,8.0
5997988,Herreklip,551,139,1.3115942028985508,6.0
5997989,Herreklip + Skæg,183,97,1.8020833333333333,9.0
5997990,Børneklip under 12 rå,110,74,2.3835616438356166,9.0
5997991,Trimning +Retning af Skæg,30,27,6.8076923076923075,28.0
5997992,Hårfjerning med Voks/Snor,12,12,15.181818181818182,48.0
5997993,Hårvask,14,12,14.727272727272727,74.0
5997994,Luksus Behandling,10,10,16.11111111111111,28.0
5997995,Voks,17,16,10.866666666666667,53.0
5998144,Flæskestegssandwich,1117,135,1.335820895522388,6.0
5998145,Frikadellesandwich,71,39,3.026315789473684,15.0
5998156,Coca Cola,60,33,5.375,24.0
5998157,Kildevand,14,10,18.0,46.0
5998158,Æg og Tomat,17,12,9.363636363636363,26.0
5998159,Æggemad med Rejer,341,102,1.7722772277227723,6.0
5998161,Avocado med æg,49,32,5.096774193548387,20.0
5998162,Avocado med Crunch,82,41,4.15,25.0
5998163,Avocado med Rejer,51,36,4.828571428571428,17.0
5998164,Dyrlægens Natmad,65,38,4.72972972972973,20.0
5998165,Fiskefilet med Remoulade,359,88,2.057471264367816,22.0
5998166,Flæskesteg,220,82,2.1604938271604937,8.0
5998168,Frikadell,62,36,4.9714285714285715,26.0
5998170,Hønsesalat,218,77,2.3157894736842106,9.0
5998172,Kartoffel med Rødløg,17,10,14.555555555555555,56.0
5998173,Kartoffelmad med Ristede Løg,192,73,2.4444444444444446,7.0
5998175,Klassisk Tatar (venligst bestil 1.5 time før afhentning),42,20,8.842105263157896,23.0
5998176,Kryddersild,28,12,10.181818181818182,36.0
5998179,Luksusfisk,39,16,8.666666666666666,36.0
5998180,Rejemad med æg,51,27,6.269230769230769,29.0
5998181,Roastbeef med Bløde Løg,62,22,8.0,38.0
5998182,Roastbeef med Ristede Løg,175,74,2.452054794520548,12.0
5998183,Rørt Tatar (venligst bestil 1.5 time før afhentning),30,15,10.285714285714286,28.0
5998199,Anton læskedrik,170,76,2.4,7.0
5998208,Bremser,140,68,2.5970149253731343,11.0
5998216,Ladcykel,14,13,11.333333333333334,37.0
5998217,Elcykel,9,9,19.75,62.0
5998218,Børnecykel,6,6,16.8,44.0
5998219,Hjelm,7,7,16.5,28.0
5998220,Kurv,19,14,13.461538461538462,46.0
5998221,Lås,41,34,5.090909090909091,25.0
5998222,Lygte,114,58,2.912280701754386,21.0
5998223,Tilbehør,154,80,2.2658227848101267,13.0
5998224,Saddel,11,11,16.6,41.0
5998233,ABUS HUD-Y,6,6,29.2,91.0
5998234,ABUS URBAN-I 3.0,18,15,10.285714285714286,28.0
5998235,ABUS URBAN-I 3.0 MIPS,7,7,20.5,50.0
5998237,ABUS SKURB,5,5,33.0,93.0
5998238,ABUS XOXO,11,11,16.7,83.0
5998239,ABUS YOUN-I 2.0,10,10,17.555555555555557,39.0
5998240,ABUS SMILEY 3.0,9,8,18.428571428571427,38.0
5998259,ABUS CATENA 85cm,7,7,29.833333333333332,82.0
5998285,Christiania Classic,7,7,23.666666666666668,50.0
5998313,Pose,3,3,44.5,68.0
5998452,Unspecified,99,40,4.641025641025641,28.0
5998478,Lovpligtig bæreposeafgift,4509,171,1.0705882352941176,2.0
5998526,"Pinot Grigio, glas",20,9,13.0,51.0
5998550,Premium 3 cl. Incl. vand,10,5,31.75,44.0
5998552,"Gin Hass, Mojito, Cosmopolitan",19,2,113.0,113.0
5998554,Sodavand,159,44,4.116279069767442,14.0
5998555,"Søbogaard, Hyldeblomst, Æblemost eller Appelsin",19,15,12.142857142857142,35.0
5998556,"Perrier Vand m/ Bobler 0,5 L",42,24,7.434782608695652,28.0
5998557,Tuborg Classic,45,19,9.11111111111111,72.0
5998558,Grimbergen double Ambre,58,19,9.166666666666666,56.0
5998559,1664 Kronenbourg Blanc,12,5,15.75,59.0
5998560,Brooklyn IPA,21,13,14.083333333333334,75.0
5998562,Alkoholfri Øl,12,10,18.88888888888889,53.0
5998564,Tuborg Grøn,12,5,38.75,69.0
5998706,Napas fad,125,35,4.911764705882353,18.0
5998707,Napas (min. 44 stk.),100,1,999.0,999.0
5998710,Napas Kager (Min 44 stk.),13,2,65.0,65.0
5998804,Red Bull,49,25,7.416666666666667,33.0
5998805,Beef burger,675,163,1.117283950617284,4.0
5998821,Nødder,109,72,2.464788732394366,9.0
5998822,Sauce,65,38,4.513513513513513,13.0
5998841,Ege,67,28,6.407407407407407,26.0
5998862,Frokost,19,6,27.0,45.0
5998918,Voksen - EFTERAARSFERIE,334,13,15.083333333333334,165.0
5998919,Ungdom 5-12år - EFTERAARSFERIE,21,8,24.714285714285715,165.0
5998920,Barn 0-5år EFTERAARSFERIE,43,9,21.75,166.0
5998923,Slotsrundvisning  Kl.11,4,2,7.0,7.0
5998924,"Slotsrundvisning Kl.12,30",15,7,28.666666666666668,102.0
5998925,Slotsrundvisning Kl.14,7,3,35.0,61.0
5998933,Småkager & Kiks,96,13,5.75,39.0
5998934,Madtilbehør,20,4,60.0,132.0
5998941,Diverse Kurve,2,2,43.0,43.0
5998943,Kaffe,55,5,1.25,2.0
5998944,Te,5,2,4.0,4.0
5998945,Dagens kage,14,4,1.3333333333333333,2.0
5998947,LYSFEST - drink + kage,26,3,1.0,1.0
5998949,Saftevand,2,2,1.0,1.0
5998955,Is,9,2,1.0,1.0
5998957,Diverse fra Nattergalen,26,6,8.2,34.0
5998973,Tasker,3,1,999.0,999.0
5998974,Diverse Accessories,10,5,12.25,21.0
5998981,Havebøger,4,1,999.0,999.0
5998987,Glas & Porcelæn,2,2,21.0,21.0
5998989,Dekorationeselementer,21,6,7.8,22.0
5998990,Diverse Interiør,11,5,4.5,13.0
5998999,Diverse Antik,2,1,999.0,999.0
5999022,Forudbetalt bestilling,59,8,23.0,84.0
5999054,Unspecified,62,18,8.235294117647058,33.0
5999085,Puky,7,7,23.833333333333332,75.0
5999093,Christiania Bugatti-kalechebøjler XL – 2 stk,8,8,17.428571428571427,28.0
5999103,Unspecified,6899,178,1.0225988700564972,4.0
5999168,"Coca Cola, Pepsi Cola",45,24,7.608695652173913,23.0
5999206,"Tomat, Ost",25,19,5.777777777777778,14.0
5999207,"Tomato, Ost, Skinke",25,18,5.294117647058823,13.0
5999210,"Tomat, Ost, Oksekød",24,20,5.473684210526316,24.0
5999211,"Tomat, Ost, Pepperoni",88,43,2.6904761904761907,13.0
5999241,"Tomat, Ost, Kebab , Kødsauce, Salat, Dressing",61,31,3.533333333333333,12.0
5999242,"Tomat, Ost, Skinke, Pepperoni, Oksekød, Pølser",17,9,12.75,39.0
5999244,"Tomat, Ost, SKinke, Pepperoni, Oksekød",16,13,7.666666666666667,22.0
5999263,Durum med Donerkebab,218,70,1.6376811594202898,9.0
5999285,Vand,120,46,2.511111111111111,11.0
5999286,"0,5L Sodavand",115,38,2.4324324324324325,8.0
5999288,Doner Box,20,16,5.2,18.0
5999295,Kebab Mix,16,9,12.5,29.0
5999301,Pommes Frites Stor,25,17,5.75,12.0
5999387,Øl 28,932,39,1.9473684210526316,6.0
5999433,Daase,24,18,7.235294117647059,18.0
5999575,Unspecified,31,24,7.391304347826087,24.0
5999688,Bottle Water,6,5,43.0,93.0
5999850,Hyldeblomst,3,3,6.5,7.0
5999851,BundDaberg,18,12,15.0,65.0
5999852,IceTea,16,12,14.818181818181818,71.0
5999853,Mango,2,2,53.0,53.0
5999854,Kaffe,15,11,8.7,23.0
5999932,Flaske øl,119,12,1.2727272727272727,2.0
5999935,Stor fadøl,351,41,2.15,14.0
5999940,Drink 4 cl,60,12,6.363636363636363,26.0
5999941,Drink 2 cl,64,18,5.0588235294117645,16.0
5999947,Billing Shot 10 for,52,15,4.857142857142857,22.0
5999948,Sodavand,113,26,3.44,16.0
5999958,Kyllingebiryani,14,12,6.2727272727272725,27.0
5999960,Lammebiryani,12,10,4.555555555555555,17.0
5999962,Almindelig naan (1 stk.),30,17,8.75,25.0
5999963,Naan med smør (1 stk.),27,19,9.722222222222221,32.0
5999964,Garlic naan (1),78,46,3.8444444444444446,16.0
5999966,Cheese garlic Naan (1),49,33,5.625,13.0
5999968,Indisk butter chicken,67,36,1.8285714285714285,10.0
5999970,Indisk Tikka masala med lam,15,8,9.0,21.0
5999986,"Sri Lankansk Kyllingekarry med Ris, Raita & Minchi Salat",11,7,7.5,25.0
6000018,Forårsruller (3 stk.),15,9,5.5,17.0
6000023,Pad Thai,27,16,3.8,10.0
6000041,Cola,95,49,3.75,15.0
6000042,Fanta,25,20,8.947368421052632,33.0
6000043,Sprite o,17,13,14.0,75.0
6000208,Vand,11,9,9.25,23.0
6000229,Fava Beans,49,24,7.6521739130434785,21.0
6000235,Hummus 430g,57,29,6.25,23.0
6000283,Blätterteig Baklava,156,72,2.507042253521127,8.0
6000301,Zeybek Poultry Sausage With Flucky Paprika,48,30,4.482758620689655,36.0
6000302,Biberli Sigir Salam Dilimli,62,35,4.382352941176471,14.0
6000305,Menu,49,2,10.0,10.0
6000321,Isbjorn,4,3,75.5,98.0
6000324,Hugo spritz,30,11,10.6,58.0
6000325,Peach by the sea,14,8,15.142857142857142,57.0
6000349,Hummus Tahini,53,42,4.2926829268292686,16.0
6000353,Sardines,65,24,6.565217391304348,30.0
6000365,Instant Noodle Soup Vegetable Flavour,99,56,3.1454545454545455,16.0
6000393,Buldak Hot Chicken Flavour Ramen,55,21,3.85,10.0
6000399,Kycklingpastej,226,91,2.0,14.0
6000479,Slik,1270,97,1.8854166666666667,12.0
6000483,Kyllinge lever 300g,87,41,3.7,22.0
6000504,Solsikkefrø,60,36,4.314285714285714,26.0
6000531,Graines De Melon Super Grillées Et Salées,45,38,4.513513513513513,24.0
6000592,Cooked Fava Beans (foul Medammas),92,35,5.176470588235294,21.0
6000616,Almindelig øl,1973,150,1.2147651006711409,3.0
6000617,Spiritus,492,68,2.6865671641791047,11.0
6000618,Salg ølkort,1660,156,1.167741935483871,2.0
6000619,Sodavand,290,97,1.875,6.0
6000620,Vin,28,15,12.071428571428571,41.0
6000624,10 shots,1,1,999.0,999.0
6000626,Drinks,11,4,23.666666666666668,32.0
6000627,Cigaretter,105,62,2.9344262295081966,8.0
6000629,Enkelt ølkort,12,1,999.0,999.0
6000630,Pant,7,3,51.0,64.0
6000633,1 flaske sprit + 5 vand,19,14,11.538461538461538,42.0
6000635,Chips,6,6,15.4,32.0
6000699,Græskarkerner,52,40,4.102564102564102,12.0
6000705,Pintobønner,48,32,5.290322580645161,26.0
6000784,Efepaşa Di̇li̇m Sucuk,79,44,3.883720930232558,23.0
6000828,Kebabmix,82,43,4.166666666666667,14.0
6000829,Fish'nChips,163,77,2.3421052631578947,11.0
6000853,Sodavand 33cl,4,1,999.0,999.0
6000854,Odense Classic,1,1,999.0,999.0
6000855,Sol over sundet,3,1,999.0,999.0
6000857,Svendborg Sund,2,1,999.0,999.0
6000878,Æg og Rejer,1,1,999.0,999.0
6000889,Nordic soda,85,54,3.30188679245283,12.0
6000904,Unspecified,48,34,5.303030303030303,23.0
6000976,Lektioner,12,9,22.0,63.0
6000977,Accessories,107,39,4.684210526315789,35.0
6000979,Handske,42,25,7.333333333333333,30.0
6000980,Leje af udstyr,10,8,24.142857142857142,144.0
6000981,Trolleys,2,2,38.0,38.0
6000982,El-Vogn,2,2,28.0,28.0
6000983,Gavekort,17,11,16.2,44.0
6000984,Lake Bolde,21,14,13.076923076923077,77.0
6000986,Wilson Bolde,9,7,29.166666666666668,72.0
6000988,Titleist Bolde,15,12,16.09090909090909,88.0
6000989,Srixon Bolde,4,3,21.5,30.0
6000990,Taylormade Bolde,1,1,999.0,999.0
6000991,Puma Tøj,22,16,11.333333333333334,48.0
6000992,FootJoy Tøj,5,4,53.666666666666664,77.0
6000993,Abacus Tøj,10,8,24.0,82.0
6000994,Daily Sport Tøj,23,12,15.090909090909092,32.0
6000995,Andet Tøj,4,4,28.0,36.0
6000996,Puma Sko,2,2,44.0,44.0
6000997,New Balance Sko,2,2,124.0,124.0
6000998,FootJoy Sko,7,7,24.833333333333332,105.0
6000999,Wilson Hardware,4,4,59.333333333333336,107.0
6001000,Cobra Hardware,14,11,17.6,39.0
6001001,Titleist Hardware,4,4,49.0,126.0
6001003,Srixon Hardware,3,3,72.5,84.0
6001004,XXIO Hardware,1,1,999.0,999.0
6001005,Andet Hardware,1,1,999.0,999.0
6001007,Cobra Bags,4,4,52.666666666666664,75.0
6001008,Titleist Bags,3,3,78.5,112.0
6001009,Big Max Bags,3,2,84.0,84.0
6001062,Hovedret,110,6,8.8,31.0
6001063,Dessert,96,7,29.5,55.0
6001246,1 PLATE,132,62,2.9344262295081966,12.0
6001323,Valgfri cocktail,221,42,4.219512195121951,19.0
6001329,Kottu med kylling,22,14,4.076923076923077,12.0
6001331,Kottu med lam,15,14,4.6923076923076925,10.0
6001373,Oil,44,27,6.923076923076923,33.0
6001433,Chokoladeevent,3,1,999.0,999.0
6001436,Weizenmehl 405,58,27,6.1923076923076925,35.0
6001461,Kakao,118,54,3.2830188679245285,13.0
6001465,Americano,118,65,2.78125,11.0
6001466,Latte,165,82,2.1728395061728394,11.0
6001467,Cappuccino,160,69,2.588235294117647,10.0
6001470,Chai latte,124,65,2.671875,8.0
6001471,Te,53,37,4.861111111111111,21.0
6001474,Lemonade,149,62,2.9508196721311477,12.0
6001476,Iste,47,31,6.0,24.0
6001478,Sodavand,251,78,2.324675324675325,7.0
6001479,Kildevand,50,34,5.0,28.0
6001481,Odense pilsner,55,20,9.473684210526315,29.0
6001482,Odense Classic,52,16,10.333333333333334,36.0
6001484,Valgfri krea,661,75,2.418918918918919,14.0
6001485,Valgfri børnekrea,45,18,9.647058823529411,24.0
6001488,Kanelsnurre,34,21,6.25,35.0
6001545,Birria Tacos,629,100,1.7676767676767677,12.0
6001546,Birria Quesadilla,240,92,1.9230769230769231,13.0
6001547,Birria Burrito,464,107,1.650943396226415,12.0
6001549,Jarritos Sodavand,509,94,1.881720430107527,14.0
6001556,Hjemmelavet Guacamole,178,80,2.2151898734177213,12.0
6001557,Salsa Stærk,32,24,6.782608695652174,26.0
6001558,Salsa Medium,46,30,6.0344827586206895,23.0
6001559,Birria Consomme,83,52,3.4313725490196076,21.0
6001573,Alm Pita Kebab,1059,167,1.0903614457831325,2.0
6001574,Alm Pita Kylling,487,156,1.167741935483871,4.0
6001578,Kebab Durum,2928,169,1.0773809523809523,2.0
6001579,Kylling  Durum,1435,178,1.0225988700564972,2.0
6001580,Falafel  Durum,508,166,1.096969696969697,4.0
6001581,Shawarma Durum,7379,181,1.0055555555555555,2.0
6001588,Kebab Bowl,1332,163,1.117283950617284,3.0
6001589,Kylling Bowl,1371,179,1.0168539325842696,2.0
6001591,Shawarma Bowl,5107,181,1.0055555555555555,2.0
6001592,Mix Bowl,1265,178,1.0225988700564972,2.0
6001596,Shawarma Tyrkisk Brød,1326,177,1.0284090909090908,3.0
6001598,Pommes,3782,181,1.0055555555555555,2.0
6001599,Tenders,8208,181,1.0055555555555555,2.0
6001602,Falafel,1099,133,1.371212121212121,4.0
6001603,Dåsesodavand,9813,181,1.0055555555555555,2.0
6001604,Ayran,840,171,1.0647058823529412,2.0
6001779,Pizza slice,1156,61,1.8833333333333333,9.0
6001781,Nattillæg,598,57,2.017857142857143,12.0
6001870,Flødeboller,90,20,8.368421052631579,85.0
6001912,Hapser menu,300,22,6.380952380952381,28.0
6001917,Frugt og grønt,10273,177,1.0284090909090908,2.0
6002230,Chips,28,18,7.352941176470588,19.0
6002234,Neger patter,17,11,12.9,42.0
6002347,Prince Line Grey,69,24,6.521739130434782,26.0
6002727,Vand,341,62,2.8852459016393444,16.0
6002728,Sodavand,2354,94,1.946236559139785,14.0
6002729,Cocio,53,19,7.722222222222222,22.0
6002730,Juice/Kakao,298,50,3.5918367346938775,17.0
6002731,Øl,646,47,3.739130434782609,17.0
6002732,Kop Kaffe/The,585,54,3.3207547169811322,14.0
6002734,Cheeseburger,45,28,6.222222222222222,22.0
6002737,Kylling Sandwich,225,29,6.035714285714286,21.0
6002738,Fransk Hot Dog,1336,73,2.513888888888889,17.0
6002739,Pommes Frites,786,67,2.742424242424242,12.0
6002740,Toast,261,50,3.36734693877551,18.0
6002741,Pølsemix,132,37,4.722222222222222,22.0
6002742,Kebabmix,125,40,4.076923076923077,21.0
6002743,Nuggets Menu,146,46,3.911111111111111,16.0
6002744,Pølsemix,92,35,5.176470588235294,19.0
6002745,Kebabmix,56,24,6.695652173913044,26.0
6002746,Nuggets Mix,126,39,4.631578947368421,18.0
6002911,Pommes stor,298,121,1.5,25.0
6003615,Fiskesuppe,33,15,5.071428571428571,13.0
6003714,Iskaffe karamel,74,49,3.75,19.0
6003719,Valgfri krea tirs-tors,100,18,4.9411764705882355,14.0
6003752,Dagens ret,292,38,4.756756756756757,20.0
6003754,Lørdag,90,7,23.333333333333332,42.0
6003758,Dagens ret,206,20,8.842105263157896,48.0
6003773,Fiskefillet med Pommes,30,14,12.846153846153847,65.0
6003774,Fyldt Rødspættefilet med salat og pom.,27,10,18.77777777777778,65.0
6003781,Kyllinenuggets med Pommes,24,13,14.0,90.0
6003784,Stausø Schnitzel lille ca. 300gr.,134,23,7.7727272727272725,26.0
6003791,Stausø Isspecialitet,39,14,13.384615384615385,64.0
6003792,Sodavand,537,61,2.9833333333333334,13.0
6003794,Hyldeblomst/Holunderbluten,31,18,10.529411764705882,79.0
6003795,1 Kande Vand,32,16,11.2,43.0
6003796,Pilsner el. Classic (Tuborg),317,58,3.1403508771929824,13.0
6003797,Alkoholfri øl (Royal),37,17,11.1875,76.0
6003800,"Røde Vagn 0,5l Warwik (Classic)",46,21,8.95,50.0
6003805,1 Glas Vin (Rød & Hvid),33,18,10.235294117647058,26.0
6003808,Kaffe/Te,36,13,14.833333333333334,43.0
6003882,Acqua panna,20,15,11.714285714285714,67.0
6003886,Glas Red wine,17,14,13.23076923076923,70.0
6003887,Glas white wine,81,35,5.235294117647059,71.0
6003888,Glas Rose wine,16,7,27.833333333333332,82.0
600406,Unspecified,15,11,15.1,36.0
6004191,Samlet festmenu uden drikkevarer,745,40,4.615384615384615,22.0
6004216,Is latte/ice coffe,35,18,10.411764705882353,43.0
6004320,Unspecified,443,116,1.2,18.0
6004338,Cortado,72,43,4.166666666666667,24.0
6004365,Chips,107,37,4.833333333333333,19.0
6004387,Kylling i Rødkarry,231,91,2.0,22.0
6004388,Oksekød i Rødkarry,84,51,3.62,30.0
6004415,A3,54,34,5.363636363636363,12.0
6004452,Unspecified,567,51,3.52,41.0
6004510,Hvede,13,5,45.5,132.0
6004511,Lux ale/guld,196,60,3.0508474576271185,16.0
6004512,DAGENS,174,12,16.454545454545453,49.0
6004515,"Baileys. Portvin, Fiero, o.l",5,5,9.75,14.0
6005061,Kerteminde bryggeri,112,24,6.695652173913044,32.0
6005710,Weekend shots,4,3,73.5,133.0
6005768,Pilsner Fad,422,75,2.4324324324324325,11.0
6005773,Classic Fad,337,79,2.3076923076923075,7.0
6005774,IPA Fad,289,63,2.903225806451613,8.0
6005778,Lys Hvede Fad,118,46,3.8222222222222224,27.0
6005779,Hindbær Fad,33,22,7.333333333333333,31.0
6005780,"Brown ale, fad",33,19,9.777777777777779,53.0
6005784,"Albani pils, flaske",327,46,4.0,7.0
6005785,"Albani Classic,  flaske",173,41,4.4,15.0
6005786,"1859, flaske",64,26,7.2,28.0
6005787,"Carlsberg pils, flaske",198,35,5.264705882352941,8.0
6005789,"Tuborg pils, flaske",197,37,4.861111111111111,14.0
6005790,"Tuborg Classic,  flaske",69,22,8.333333333333334,37.0
6005792,"Tuborg gulddame, flaske",62,20,9.210526315789474,28.0
6005795,"Ale no. 16, flaske",44,20,8.947368421052632,22.0
6005799,"Wildflower IPA, flaske",60,27,6.461538461538462,38.0
6005803,"Sol, flaske",71,22,8.333333333333334,24.0
6005805,Marmelade(55),150,73,2.4305555555555554,7.0
6005808,"Sommerspirets lakrids stout, flaske",86,30,6.206896551724138,14.0
6005816,"Fritz,  flaske",113,46,4.0,13.0
6005817,"Frem,  flaske",55,33,5.40625,13.0
6005822,"Hvidvin, glas",160,37,5.0,14.0
6005823,"Rose, glas",41,16,11.933333333333334,44.0
6005834,"Ølkort, flaske",53,31,6.0,14.0
6006136,Juice,39,27,6.346153846153846,17.0
6006137,Slik,92,40,4.487179487179487,21.0
6006700,Skærmbeskyttelse,224,112,1.5855855855855856,5.0
6006701,Case / Cover,152,102,1.7524752475247525,6.0
6006702,Mobil Opladere,44,38,4.783783783783784,18.0
6006703,Mobil kabler,66,50,3.693877551020408,12.0
6006704,Power Bank,16,14,11.23076923076923,25.0
6006705,Hovedtelefoner,73,51,3.6,19.0
6006706,Bærbar oplader / adapter,19,19,9.38888888888889,26.0
6006707,Andet tilbehør,117,76,2.36,10.0
6006718,iPhone 8,2,2,86.0,86.0
6006721,iPhone XR,5,5,37.75,104.0
6006723,iPhone XS Max,2,2,70.0,70.0
6006724,iPhone 11,8,8,23.857142857142858,47.0
6006725,iPhone 11 Pro,5,5,19.0,29.0
6006726,iPhone 11 Pro Max,2,2,82.0,82.0
6006727,iPhone SE (2nd generation),6,6,6.6,19.0
6006729,iPhone 12,5,5,9.75,21.0
6006730,iPhone 12 Pro,2,2,13.0,13.0
6006733,iPhone 13,11,11,11.4,23.0
6006736,iPhone SE (3rd generation),2,2,62.0,62.0
6007142,iPhone 13,3,3,69.5,101.0
6007173,Orientalsk Brød,1614,169,1.0773809523809523,3.0
6007174,"Vårrullplater Ferdige Deigark, 40 Stk",45,24,4.956521739130435,22.0
6007243,Brugt Mobil,10,9,18.25,29.0
6007314,Jerk Chicken,1128,162,1.124223602484472,12.0
6007315,Jerk Pork,701,154,1.1830065359477124,13.0
6007316,Vaca Atolada,17,12,4.545454545454546,27.0
6007319,Palava Beef Stew,1003,146,1.2482758620689656,15.0
6007320,Chapati Rolex,33,16,1.9333333333333333,4.0
6007322,Vegan Delight,64,41,2.675,37.0
6007323,Meatlover,1356,160,1.1383647798742138,13.0
6007324,Chapati wrap menu,219,30,1.0344827586206897,2.0
6007326,Jerk pork small,65,23,1.3636363636363635,4.0
6007327,Jerk chicken small,15,11,2.7,7.0
6007328,Pirate burger,580,136,1.3333333333333333,14.0
6007329,Burger menu,33,18,1.588235294117647,4.0
6007331,Sweet fries + dip,27,19,1.6111111111111112,3.0
6007332,Fries + dip,6,4,2.3333333333333335,3.0
6007333,Chapati for side,149,29,1.0714285714285714,2.0
6007335,Dip,219,44,4.209302325581396,40.0
6007336,Onion rings,27,12,2.6363636363636362,9.0
6007342,Extra meat,108,69,2.014705882352941,6.0
6007343,Plantain,13,10,2.5555555555555554,6.0
6007397,GALVANINA,137,65,2.78125,12.0
6007404,Dagens kage m. Kaffe,107,33,5.03125,15.0
6007406,Vinmenu,46,18,9.176470588235293,29.0
6007540,Zinfandel,1,1,999.0,999.0
6007578,Unspecified,23,21,9.05,29.0
6007657,Unspecified,3518,179,1.0168539325842696,2.0
6007698,Sort,135,58,3.1578947368421053,9.0
6007727,Unspecified,85,58,3.1403508771929824,29.0
6007758,Smørrebrød,432,8,15.142857142857142,33.0
6007771,Unspecified,102,55,3.240740740740741,16.0
6007786,Kyllingestykker,3,2,7.0,7.0
6007816,Crispy Seaweed Snacks,13,8,21.0,75.0
6007832,QUICHE (veg/kylling),205,61,3.0,20.0
6007837,Pose,22,14,2.4615384615384617,14.0
6007866,Pollo Birria Quesadilla,232,85,2.0833333333333335,12.0
6007867,Pollo Birria Tacos,390,85,2.0833333333333335,12.0
6007870,Pollo Birria Burrito,314,93,1.9021739130434783,12.0
6007877,Reparation af iPhone,98,77,2.3421052631578947,11.0
6007878,Reparation af Samsung,15,13,10.833333333333334,44.0
6007879,Reparation af iPad,6,6,35.6,71.0
6007880,Reparation,42,34,5.454545454545454,28.0
6007901,Print Service,18,17,10.125,30.0
6007928,Kebab Pitabrød,393,83,1.3048780487804879,21.0
6007929,Kylling Pitabrød,76,36,3.057142857142857,21.0
6007930,Falafel Pitabrød,37,28,3.962962962962963,21.0
6007932,Kebab Pitabrød,79,54,3.3773584905660377,19.0
6007936,Kebab Durum,1549,159,1.1455696202531647,20.0
6007937,Kylling Durum,291,116,1.5565217391304347,21.0
6007939,Mix Durum,165,89,2.0454545454545454,22.0
6007940,Kebab Durum Menu,281,101,1.81,19.0
6007941,Kylling Durum Menu,47,39,4.657894736842105,26.0
6007943,Mix Durum Menu,39,35,5.176470588235294,30.0
6007944,Kebab Box,487,141,1.292857142857143,19.0
6007945,Kylling Box,67,45,4.113636363636363,20.0
6007947,Mix Box,80,60,3.0508474576271185,22.0
6007952,Fransk Hotdog,71,48,3.7872340425531914,19.0
6007953,Nuggets (6 stk),39,30,6.241379310344827,37.0
6007954,Lille Pommes Frites,129,87,2.046511627906977,19.0
6007955,Stor Pommes Frites,146,84,2.180722891566265,19.0
6007962,Ekstra Dip,98,59,3.0344827586206895,25.0
6007966,Alle Inkl. Pant,356,125,1.4516129032258065,19.0
6007970,Filterkaffe/te,215,56,3.1818181818181817,19.0
6007971,Cappucino,53,29,6.25,31.0
6007972,Latte,34,27,6.730769230769231,37.0
6007974,Varm kakao,133,45,3.977272727272727,17.0
6007976,"Milkshake, jordbær/banan",40,23,7.954545454545454,25.0
6007977,Juice,32,18,10.058823529411764,45.0
6007978,Sodavand,421,71,2.5,17.0
6007979,"Vand, stor flaske",21,14,12.538461538461538,72.0
6007980,Panini,37,24,7.608695652173913,21.0
6007981,Nachos,114,49,3.5416666666666665,17.0
6007983,Lasagne,221,55,3.240740740740741,17.0
6007984,Pølsehorn,32,16,11.466666666666667,33.0
6007985,Bolle,83,30,5.9655172413793105,24.0
6007986,Dagens Kage,361,65,2.734375,17.0
6007989,Cookie,102,44,4.0,21.0
6007990,Müslibar,35,21,8.15,24.0
6007991,Menu,102,27,6.846153846153846,29.0
6007996,Vin Rød/Hvid,100,8,8.0,21.0
6007998,Øl,236,15,12.785714285714286,49.0
6008000,Velkomstdrink,60,1,999.0,999.0
6008002,Kande vand,34,2,56.0,56.0
6008009,Lille fad,59,23,7.954545454545454,35.0
6008028,Dessert,1,1,999.0,999.0
6008036,Flaske øl,131,18,3.7058823529411766,17.0
6008078,Winner med ost og bacon,83,47,3.9347826086956523,29.0
6008148,RUGBROD M./ fyld,164,48,3.851063829787234,33.0
6008201,1 Glas Rødvin,106,46,3.933333333333333,13.0
6008202,1 Glas Hvidvin,284,88,2.0344827586206895,8.0
6008205,"0,5L Fadøl",334,90,1.9887640449438202,10.0
6008206,"0,25L Fadøl",316,69,2.6470588235294117,10.0
6008207,Søbogård,64,46,3.9555555555555557,16.0
6008208,Cola,95,41,4.5,19.0
6008209,Ramlosa,77,30,6.0344827586206895,17.0
6008210,Varmerøget laks,28,19,9.5,41.0
6008211,Kyllingroyal,55,33,5.625,23.0
6008212,Skinke,28,18,10.058823529411764,39.0
6008213,Nachos,42,33,5.375,30.0
6008217,Espresso,24,18,9.294117647058824,28.0
6008218,Americano,81,49,3.7083333333333335,14.0
6008219,Cappuccino,137,79,2.3076923076923075,10.0
6008220,Cafe Latte,186,87,2.0813953488372094,11.0
6008222,Filterkaffe,66,45,3.977272727272727,37.0
6008223,Chai Latte,26,21,8.85,24.0
6008224,Varm Kakao,90,50,3.63265306122449,15.0
6008225,Te,31,25,7.291666666666667,24.0
6008226,Chokolade Kage,35,27,6.923076923076923,35.0
6008227,æbletærte,66,37,4.916666666666667,23.0
6008246,klipning,337,82,2.0864197530864197,11.0
6008248,Hårb + skæg,187,66,2.4923076923076923,15.0
6008249,Børn,63,32,5.032258064516129,22.0
6008250,Skæg,32,25,6.583333333333333,29.0
6008303,Ex lino tryk,63,18,9.529411764705882,27.0
6008414,Unspecified,710,138,1.3211678832116789,7.0
6008506,Snacks,56,32,5.451612903225806,27.0
6008663,Kinderæg\æblekage shots,4,3,74.5,120.0
6008750,Unspecified,175,52,3.2941176470588234,17.0
6008790,7 - Thy Classic,222,71,1.6,9.0
6008847,La Pizza Pepperoni,180,95,1.925531914893617,7.0
6008864,La Viva Special,189,97,1.8854166666666667,7.0
6008865,Italia,181,93,1.9130434782608696,8.0
6008946,Dressing,527,145,1.2569444444444444,4.0
6008948,Med Kebab,219,107,1.7075471698113207,9.0
6008963,Kebab Special,188,104,1.7572815533980584,7.0
6008978,Med Kylling,181,95,1.9148936170212767,7.0
6008983,Lille: Pommes Frites,272,125,1.4596774193548387,5.0
6008984,Stor: Pommes Frites,302,131,1.3923076923076922,5.0
6009001,Vores Club Sandwich,171,86,2.1294117647058823,8.0
6009006,Special Burger,224,105,1.7403846153846154,12.0
6009007,La Viva Burger,645,149,1.222972972972973,4.0
6009008,XL American Classic Burger,236,106,1.723809523809524,8.0
6009009,Kimbrer Burger,181,84,2.1686746987951806,7.0
6009010,Bøfsandwich,305,113,1.6071428571428572,14.0
6009011,Burger,181,86,2.0823529411764707,9.0
6009015,Stjerneskud,276,100,1.8282828282828283,8.0
6009016,Plankebøf,165,83,2.207317073170732,7.0
6009018,Grill Kylling,300,110,1.6605504587155964,9.0
6009021,Græsk Bøf,218,85,2.130952380952381,6.0
6009030,Oksefilet,237,93,1.891304347826087,6.0
6009041,Sodavand: 32 cl,893,166,1.096969696969697,4.0
6009042,Sodavand: 50 cl,2312,176,1.0342857142857143,3.0
6009043,Sodavand: 75 cl,369,120,1.5210084033613445,4.0
6009047,Vand: 50 cl,370,136,1.3407407407407408,5.0
6009048,Danskvand,226,108,1.6822429906542056,8.0
6009075,Tuborg Classic lille,168,78,2.3376623376623376,9.0
6009089,Alle Pizzaer med x,725,126,1.448,6.0
6009091,Alle sandwich,166,62,2.8524590163934427,11.0
6009155,kaffe / te,436,81,2.2125,7.0
6009275,Tuborg classic mellem,523,139,1.3115942028985508,4.0
6009338,Frokostøl,98,49,3.6875,35.0
6009408,Tilbud 50% Nyeman's Cookie,9,1,999.0,999.0
6009542,Nr.1 Græsk salat,73,62,2.8852459016393444,23.0
6009543,Nr.2 Original Græsk Hjemmelavet Tzatziki,144,89,2.0568181818181817,22.0
6009547,Nr.6 Fetasaganaki Hjemmelavet Paneret Græsk Fetaos,130,73,2.513888888888889,20.0
6009554,Nr.16 Pita med Gyros,623,141,1.292857142857143,20.0
6009557,Nr.19 Pita med Kylling,108,54,3.4150943396226414,27.0
6009566,"Nr.40 Suvlaki, Grillspyd af svinekød) med Pommes",87,58,3.1403508771929824,27.0
6009567,"Nr.41 Kyllingespyd, med Pommes",84,54,3.4150943396226414,29.0
6009569,Nr.43 Græskbøf fyldt,135,82,2.2222222222222223,20.0
6009571,Nr.45 Lammekoteletter,123,69,2.588235294117647,20.0
6009572,Nr.46 Hjemmelavet Gyros (svinekød) med Pommes,418,122,1.487603305785124,20.0
6009573,Nr.47 Hjemmelavet Gyros med Metaxasauce Pommes,93,57,3.1607142857142856,27.0
6009577,Nr.55 Kreta Stor Grillmix,171,68,2.6865671641791047,22.0
6009578,Nr.56 Grillmix Kylling og Gyros med pommes,120,70,2.4927536231884058,19.0
6009582,Nr.60 Musaka Græsk Specialiteter,82,52,3.549019607843137,24.0
6009583,Nr.61 Græsk Buffet med 3 Slags Kød  (Pris På Per),624,110,1.651376146788991,21.0
6009610,Americano,90,41,4.4,23.0
6009617,Lille sodavand 33cl,247,96,1.8631578947368421,22.0
6009618,Stor sodavand 50cl,836,142,1.2836879432624113,19.0
6009619,Kande Vand,137,82,2.234567901234568,20.0
6009620,Glas Vand,76,55,3.3518518518518516,24.0
6009621,Fadøl mythos store,503,123,1.4836065573770492,20.0
6009627,Husets Rødvin ½ liter,88,61,2.933333333333333,20.0
6009628,Husets Rødvin et glas,72,40,4.641025641025641,27.0
6009645,Ouzo  2 cl,138,37,5.0,36.0
6009734,Pepsi Alm.,123,37,4.833333333333333,21.0
6009735,Faxe Kondi O kalorier,133,35,5.117647058823529,42.0
6009751,Øl,2,1,999.0,999.0
6009808,Øl,11428,182,1.0,1.0
6009809,Ølkort salg,571,82,2.2098765432098766,7.0
6009810,Køre øl,201,91,1.988888888888889,8.0
6009811,Afgang ølkort,567,102,1.7821782178217822,7.0
6009813,Sodavand,1140,178,1.0225988700564972,3.0
6009816,10 sure shot,66,25,6.791666666666667,21.0
6009820,4 stk Breezer/ Cult / shaker / rtd,72,35,5.088235294117647,20.0
6009823,1/2 Glass Vin,341,121,1.4916666666666667,8.0
6009826,Irish Coffee,37,7,16.0,38.0
6009827,Chips,43,34,5.393939393939394,16.0
6009828,Øl,1069,56,3.2545454545454544,8.0
6009829,Sodavand,50,28,6.555555555555555,14.0
6009843,Drinks tilbud,127,36,4.6,20.0
6009956,Kakao m skumfiduser,55,28,6.111111111111111,24.0
6010131,Unspecified,418,126,1.44,4.0
6010201,Rødvin flaske 1,1,1,999.0,999.0
6010248,Banana Berry,1,1,999.0,999.0
6010417,Unspecified,942,149,1.1756756756756757,3.0
6010480,Margherita,18,16,10.933333333333334,41.0
6010481,Vesuvio,9,9,18.5,67.0
6010482,Hawaii,19,15,12.071428571428571,78.0
6010483,Capricciosa,10,10,14.11111111111111,48.0
6010485,Tit ind Salat,75,54,2.8867924528301887,9.0
6010488,Chicago,12,10,12.0,44.0
6010493,Matador,9,9,19.25,48.0
6010497,Kessler,53,38,3.972972972972973,15.0
6010499,Napoli,7,7,23.666666666666668,45.0
6010508,Shawarma,14,10,18.555555555555557,69.0
6010516,Shawarma Hjemmelavet Pitabrød,1071,175,1.0402298850574712,3.0
6010517,Kylling Hjemmelavet Pitabrød,12,10,9.555555555555555,30.0
6010518,Mix (Shawarma og Kylling) Hjemmelavet Pitabrød,22,14,12.0,63.0
6010519,Falafel Hjemmelavet Pitabrød,10,8,9.285714285714286,30.0
6010522,Shawarma Hjemmelavet Durum,1875,177,1.0284090909090908,2.0
6010523,Kylling Hjemmelavet Durum,24,17,9.1875,24.0
6010524,Mix (Shawarma og Kylling) Hjemmelavet Durum,37,25,5.833333333333333,18.0
6010525,Falafel Hjemmelavet Durum,10,10,15.0,86.0
6010532,Kebab Box,34,24,6.956521739130435,28.0
6010533,Pommes Frites,468,147,1.2397260273972603,5.0
6010534,Chicken Dipper (Nuggets) 7 Stk,11,11,13.1,27.0
6010541,Buggi Bacon Cheese,11,9,18.25,56.0
6010543,Big Burger,9,8,10.428571428571429,38.0
6010544,Cheese Burger,19,16,6.866666666666666,28.0
6010546,Bacon Cheese Burger,15,12,12.909090909090908,33.0
6010551,1/2 Kylling Ret,7,5,21.25,41.0
6010566,"Dåser 0,33 l",468,150,1.2147651006711409,5.0
6010567,Flaske 0.5 l,15,10,17.88888888888889,45.0
6010672,Privacy Panserglas,3,3,11.5,21.0
6010685,Chicken Flavour Noodles,53,33,5.5,30.0
6010720,Underberg,57,19,8.944444444444445,27.0
6010737,Xxl pizza,15,10,18.555555555555557,51.0
6011026,Pita Gyros,373,54,1.2075471698113207,8.0
6011027,Pita Souvlaki,45,28,2.4444444444444446,17.0
6011028,Pita Bifteki,50,29,2.2857142857142856,13.0
6011029,Pita Halloumi,82,40,1.564102564102564,10.0
6011030,Gyros Bowl,40,26,2.36,10.0
6011031,Souvlaki Bowl,30,21,2.85,11.0
6011032,Bifteki Bowl,5,5,6.75,14.0
6011033,Halloumi Bowl,15,13,5.083333333333333,17.0
6011034,Greek Salad/ Græsk Salat,12,12,4.545454545454546,16.0
6011035,Gyros Plate,24,16,4.066666666666666,11.0
6011036,Souvlaki Plate,10,9,4.125,13.0
6011037,Bifteki Plate,5,5,11.75,20.0
6011038,Halloumi Plate,6,5,11.25,22.0
6011039,Mix Grill Plate,12,11,5.4,14.0
6011040,Fries/Fritter,46,25,2.4166666666666665,14.0
6011041,Feta Fries,7,7,5.666666666666667,11.0
6011042,Halloumi Fries,24,21,2.75,10.0
6011043,Souvlaki 3 pc / 3stk,5,5,9.25,21.0
6011044,Greek Kalamata Olives/ Græske kalamata oliven,4,4,7.666666666666667,8.0
6011045,Tzatziki,7,6,6.6,15.0
6011047,Dip,9,8,5.714285714285714,13.0
6011048,Water/Vand,18,15,3.857142857142857,13.0
6011049,Soda/Sodavand,63,32,2.064516129032258,13.0
6011050,Beer/Øl,2,2,13.0,13.0
6011066,Habanero Cheese,2038,158,1.1528662420382165,3.0
6011070,Signature Mayo,1692,181,1.0055555555555555,2.0
6011071,Chili Mayo,2138,181,1.0055555555555555,2.0
6011072,Mayo,1109,179,1.0168539325842696,2.0
6011074,Chili,1180,181,1.0055555555555555,2.0
6011124,Margarita,1,1,999.0,999.0
6011155,Børne Pizza 1,16,13,7.25,30.0
6011156,Børne Pizza 2,1,1,999.0,999.0
6011157,Børne Pizza 3,2,2,47.0,47.0
6011160,Kebab Durum,477,101,1.38,18.0
6011161,Kylling Durum,1,1,999.0,999.0
6011164,Kebabmix,80,43,2.857142857142857,8.0
6011165,Kyllingmix,29,21,4.45,27.0
6011166,Pølsemix,10,6,19.4,61.0
6011167,Pomfritter,120,64,1.9047619047619047,6.0
6011168,Nuggets (8),13,12,8.727272727272727,23.0
6011169,"Sodavand 0,33 cl",63,28,4.111111111111111,11.0
6011170,"Sodavand 0, 5l",1,1,999.0,999.0
6011211,Unspecified,5,5,19.25,37.0
6011323,Alm Pita Shawarma,2833,181,1.0055555555555555,2.0
6011325,Hj pita Kebab,4825,170,1.0710059171597632,2.0
6011326,Hj Pita Shawarma,21755,181,1.0055555555555555,2.0
6011327,Hj Pita Kylling,3688,180,1.011173184357542,2.0
6011328,Hj Pita Falafel,1113,179,1.0168539325842696,2.0
6011388,Nuggets menu,522,155,1.1753246753246753,3.0
6011399,Tilbud pizza,59,36,3.942857142857143,25.0
6011400,Döner,1436,119,1.1694915254237288,18.0
6011408,Bland selv,4714,180,1.011173184357542,2.0
6011643,Jiwa enkelt cone,1475,171,1.0588235294117647,2.0
6012061,Water bottle 0.5 L,12,9,5.625,10.0
6012258,Unspecified,1,1,999.0,999.0
6012360,Guld,11,10,17.88888888888889,86.0
6012361,Sølv,39,26,4.4,22.0
6012362,Smykke Rep,73,41,4.4,50.0
6012363,Unika,25,15,7.071428571428571,35.0
6012364,Diverse,43,29,6.25,35.0
6012365,Ur Rep,46,34,5.242424242424242,36.0
6012374,Coca Cola 50 cl.,2098,97,1.8333333333333333,27.0
6012375,Coca Cola Zero 50 cl.,2917,98,1.8144329896907216,27.0
6012376,Squash Sportsvand 50 cl.,635,79,2.2564102564102564,27.0
6012377,Schweppes Lemon 50 cl.,570,81,2.2,27.0
6012379,Fanta Orange 50 cl.,592,74,2.3972602739726026,27.0
6012380,Vand 50 cl.,3688,93,1.9130434782608696,27.0
6012382,Vand med brus 33 cl.,1101,82,2.1728395061728394,27.0
6012387,Sort Kaffe,1046,81,2.2,27.0
6012392,Cafe Latte,429,68,2.626865671641791,27.0
6012397,Smørrebrød 1 stk.,442,21,8.75,35.0
6012402,Grøn Tuborg 50 cl.,1497,85,2.0952380952380953,27.0
6012403,Tuborg Classic 50 cl.,4822,97,1.8333333333333333,27.0
6012404,1664 Blanc 50 cl.,873,75,2.3783783783783785,27.0
6012405,Grimbergen Double Ambre 50 cl.,2528,98,1.8144329896907216,27.0
6012406,Jacobsen Yakima 50 cl.,440,66,2.707692307692308,28.0
6012407,Alefarm 44 cl.,500,69,2.588235294117647,27.0
6012408,Carlsberg Alkoholfri flaske,584,74,2.410958904109589,28.0
6012409,Alefarm fad 50 cl.,374,61,2.933333333333333,29.0
6012410,Husets Hvidvin (glas),1242,83,2.1463414634146343,27.0
6012411,Husets Rødvin (glas),636,78,2.2857142857142856,28.0
6012417,Cuba Libre 2 cl.,505,47,3.8260869565217392,27.0
6012418,Gn Hass 2 cl.,1216,52,3.450980392156863,30.0
6012422,+ 2 cl. i Drinks,872,39,4.631578947368421,35.0
6012432,Ægg,309,109,1.6481481481481481,14.0
6012474,Tuborg claasic,9,5,35.0,74.0
6012502,Unspecified,12,11,16.5,45.0
6012530,Hj Pita Mix (sh+kyll),1122,170,1.0710059171597632,3.0
6012565,Fad Øl Stor,128,43,4.238095238095238,18.0
6012612,Fansk hotdog menu,91,63,2.8870967741935485,32.0
6012643,Blue Heat takis,28,21,6.2,51.0
6012651,Cheetos Flamming Hot Imp,59,49,3.5625,12.0
6012692,Kinder Bueno White Gaufrettes Enrobees De Chocolat Blanc X2 Barres,22,19,10.055555555555555,32.0
6012706,Faxe Kondi 0 kalorier,28,23,8.227272727272727,45.0
6012715,Faxe Kondi,94,60,3.0677966101694913,20.0
6012716,Coca-cola,26,18,8.529411764705882,31.0
6012717,Pepsi max no sugar,27,21,8.05,39.0
6012731,Fanta Berry Imp,26,22,7.666666666666667,37.0
6012736,Monster,16,11,17.3,41.0
6012759,Lighter,28,27,6.8076923076923075,31.0
6012763,Cigaretter,261,136,1.3333333333333333,3.0
6012765,Sprit,832,115,1.5789473684210527,5.0
6012768,Breezer / shaker / rtd,72,35,5.294117647058823,15.0
6012799,Margherita,34,21,7.55,24.0
6012800,Skinke,28,22,7.857142857142857,24.0
6012801,Pepperoni,44,35,4.323529411764706,15.0
6012802,Hawaii,27,24,6.6521739130434785,31.0
6012803,Rose,27,21,8.65,36.0
6012804,Padova,14,13,13.666666666666666,39.0
6012806,Pizza 2 Go,39,29,6.071428571428571,20.0
6012807,Savona,27,17,10.4375,26.0
6012809,Milan,34,28,6.148148148148148,24.0
6012811,Græsk Special,15,15,10.571428571428571,44.0
6012813,Sanremo,13,12,13.363636363636363,44.0
6012821,Salat Pizza (Kebab),89,57,3.1964285714285716,11.0
6012822,Salat Pizza (Kylling),12,10,14.88888888888889,47.0
6012823,A. Salat Pizza (Kebab/Pepperoni),24,23,7.409090909090909,23.0
6012824,P. Frites Pizza (Kebab/ Peperoni),28,23,7.636363636363637,32.0
6012826,Selvvalgt Pizza (5 Toppi),22,21,8.65,28.0
6012836,Pita Kebab,13,9,18.125,34.0
6012840,Kebab Sandwiches,12,8,21.857142857142858,49.0
6012852,Durum Kebab,80,48,3.617021276595745,15.0
6012853,Durum Kylling,15,14,13.0,40.0
6012855,Durum Mix,15,11,12.5,23.0
6012858,Luksus Durum,21,15,11.857142857142858,43.0
6012862,Cheeseburger,15,13,14.25,34.0
6012885,Halv Grillkylling (Menu),35,23,7.909090909090909,51.0
6012890,Kebab Mix,16,14,11.153846153846153,33.0
6012895,Pommes Frites (Lille),44,37,4.861111111111111,19.0
6012896,Pommes Frites (Stor),53,37,4.666666666666667,15.0
6012897,0.33L Dåse Sodavand,29,19,9.5,49.0
6012900,"Kildevand 0,4L",14,11,12.4,29.0
6012982,Fyraftens 2 øl,728,156,1.1612903225806452,4.0
6012983,Fyraftens 1øl og 1 sidevogn,119,47,3.847826086956522,14.0
6012984,Nr.14 Pita brød,101,37,5.027777777777778,22.0
6013002,Red Bull Energy Drink,30,26,6.96,20.0
6013010,Stor classic,186,76,2.36,21.0
6013023,Dips,398,127,1.4365079365079365,6.0
6013029,Frokosttilbud,109,54,3.358490566037736,12.0
6013032,1/2 glas vin,79,31,5.833333333333333,21.0
6013035,Huset,49,11,10.6,35.0
6013036,Pepsi,45,29,6.214285714285714,23.0
6013037,Fexekondi,15,11,7.9,28.0
6013057,1 pandekage,6,2,4.0,4.0
6013059,1 kugle is eller softice,21,4,1.3333333333333333,2.0
6013060,Topping,5,3,2.5,4.0
6013083,Twix,26,21,8.5,22.0
6013118,Durum Falafel,109,70,2.5942028985507246,23.0
6013219,Unspecified,137,32,5.806451612903226,51.0
6013265,Margarita,95,59,3.0172413793103448,14.0
6013276,Gear,24,21,8.8,25.0
6013277,Kæde,45,38,4.783783783783784,22.0
6013339,Kørsels penge ved hjemme behandlinger,21,16,9.333333333333334,28.0
6014080,Gyoza Dumplings,419,139,1.3115942028985508,5.0
6014082,Edamame,532,142,1.2836879432624113,5.0
6014083,Ebi Furai,591,151,1.2066666666666668,4.0
6014084,Forårsuller,690,158,1.1464968152866242,4.0
6014085,Kakiyaki,213,95,1.8936170212765957,6.0
6014086,Tangsalat,444,149,1.222972972972973,5.0
6014090,2 Stk Laks Nigiri,333,107,1.6603773584905661,5.0
6014093,2 Stk Flamberet Laks Nigiri,425,131,1.3923076923076922,5.0
6014112,Red Dragon,286,118,1.5042735042735043,4.0
6014114,Green Dragon,331,122,1.4462809917355373,7.0
6014115,Pink Fire,391,142,1.2836879432624113,4.0
6014119,Laks Roll,182,101,1.81,7.0
6014122,Chicken Panko,206,101,1.78,6.0
6014123,Ebi Roll,628,151,1.2066666666666668,5.0
6014142,Hosomaki Laks,203,89,1.9772727272727273,6.0
6014147,Hosomaki Avocado,175,86,2.070588235294118,10.0
6014152,Poke Bowl,253,101,1.8,6.0
6014153,Laks Menu,297,129,1.390625,5.0
6014165,Nakka Menu,272,137,1.3235294117647058,5.0
6014166,Biggu Menu,247,113,1.6071428571428572,7.0
6014167,Omori Menu,193,100,1.8282828282828283,6.0
6014172,Rispapir,213,100,1.797979797979798,6.0
6014184,2 Stk Yakitori Kylling Kødboller,174,77,2.3421052631578947,7.0
6014192,Rød Karry,444,144,1.2657342657342658,5.0
6014193,Udon Yakisoba,197,107,1.6981132075471699,8.0
6014194,Pad Thai Nudler,416,146,1.2482758620689656,4.0
6014197,Stegte Ris,213,107,1.6981132075471699,7.0
6014200,Chicken Cashew,172,92,1.967032967032967,9.0
6014218,Chilimayo,473,134,1.330827067669173,4.0
6014295,Økologisk Saftdrik,32,21,6.6,28.0
6014296,Æble Juice,61,22,7.666666666666667,80.0
6014297,Appelsinjuice,5,2,37.0,37.0
6014298,1/4 l. Minimælk,157,42,3.902439024390244,19.0
6014299,Kildevand med Brus,1,1,999.0,999.0
6014301,Varme Drikke,36,18,5.9411764705882355,32.0
6014302,Banan Muffin med Chokolade,17,7,5.0,21.0
6014303,Lun hjemmebagt bolle/rugbrød,7,6,29.4,77.0
6014304,1 Blødkogt æg,3,2,7.0,7.0
6014305,1 Blødkogt æg Med 1 bolle/rugbrød og smør,8,3,49.5,86.0
6014306,1 lun Hjemmebagt Bolle m. smør,1,1,999.0,999.0
6014307,1 Portion Ymer,12,9,13.5,77.0
6014309,1 stk. Frisk Frugt,4,3,50.5,75.0
6014313,Frikadeller med Rødkål,6,5,39.5,123.0
6014314,Æg og Rejer,3,2,159.0,159.0
6014315,Aspargessuppe med Kødboller,4,4,17.333333333333332,32.0
6014317,Stor Portion,16,14,12.307692307692308,28.0
6014318,Lille Portion,59,35,4.970588235294118,33.0
6014319,1 Håndmad med Lidt Gnavegrønt,87,28,6.111111111111111,22.0
6014320,"1 Frikadelle med Rugbrød, Rødkål og Gna Vegrønt",35,15,10.642857142857142,42.0
6014321,2 stk. Paneret Fiskefilet med Rugbrød og Gnavegrønt,2,2,55.0,55.0
6014322,Tunsalat med Ristet Rugbrød,48,30,5.689655172413793,27.0
6014323,Stjerneskud med 2 Stegte Fisk,12,4,31.666666666666668,90.0
6014324,Stegte Nudler med Kylling,14,12,14.454545454545455,33.0
6014402,Charcuterie,11,8,17.142857142857142,35.0
6014407,Pose,976,166,1.096969696969697,4.0
6014409,Tartar,11,8,12.142857142857142,25.0
6014415,Caesar salat,12,6,18.2,36.0
6014457,Tilbudsgarn,33,14,11.615384615384615,45.0
6014546,Slikkepind,75,21,7.5,29.0
6014551,Canada Wash,3,3,21.0,23.0
6014624,Unspecified,209,97,1.875,9.0
6014770,Strikkedamer,146,18,8.764705882352942,42.0
6014843,Sodavand pa tilbud,228,90,1.9213483146067416,7.0
6014849,Grøn Billet,335,40,4.17948717948718,19.0
6014851,Hvid Billet,1030,100,1.7676767676767677,17.0
6014852,Lyserød Billet,343,48,3.4680851063829787,18.0
6014853,Blå Billet,116,38,4.4324324324324325,19.0
6014854,Kaffebillet (Rød Billet),671,37,4.666666666666667,18.0
6014855,Julemiddag,84,11,9.4,33.0
6014856,Billet - AU,299,56,2.981818181818182,19.0
6014857,Pusterum kontingent,50,31,5.966666666666667,25.0
6014858,Gymnastik - med Lise,32,12,12.727272727272727,33.0
6014859,Julebrunch,153,11,9.3,34.0
6014860,Køkken (Diverse),179,73,2.388888888888889,17.0
6014861,Biksen,55,37,4.611111111111111,17.0
6014862,Systuen,37,25,7.291666666666667,21.0
6014863,Gran,42,20,5.947368421052632,40.0
6014913,A. Samosa (1 stk),90,43,2.4285714285714284,7.0
6014914,B. Pakoda (3 stk),74,43,2.380952380952381,12.0
6014915,C. Samosa Chaat.,41,23,4.454545454545454,14.0
6014918,F. Tandoori Chicken,53,32,2.967741935483871,10.0
6014919,G. Papadum,118,53,1.9615384615384615,7.0
6014920,Butter Chicken,271,78,1.3376623376623376,4.0
6014921,Chicken Korma,97,52,2.0,6.0
6014922,Kadhai Chicken,33,26,3.72,15.0
6014923,Tawa Chicken,35,30,3.4482758620689653,12.0
6014924,Spinach Chicken,35,26,3.76,10.0
6014925,Chicken Tikka Masala,149,70,1.4782608695652173,5.0
6014926,Saffron Special Chicken Curry,64,41,2.5,7.0
6014927,Butter Lamb,41,30,3.4827586206896552,13.0
6014928,Lamb Korma,38,31,3.433333333333333,8.0
6014929,Lamb Rogan Josh,93,56,1.8545454545454545,8.0
6014930,Spinach Lamb,44,31,3.3666666666666667,8.0
6014932,Saffron Special Lamb Curry.,65,42,2.4634146341463414,9.0
6014936,Palak Paneer,36,27,3.923076923076923,11.0
6014941,Chicken Biryani (Hyderabadi),36,29,3.642857142857143,12.0
6014944,Raita,42,33,2.78125,17.0
6014951,Tandoori Naan,253,75,1.3783783783783783,4.0
6014952,Garlic Naan,387,88,1.1724137931034482,3.0
6014955,Mild Butter Chicken,36,25,3.9166666666666665,22.0
6014962,Mango Lassi,124,56,1.8363636363636364,5.0
6014965,Danske Vand,51,33,3.21875,8.0
6014966,Sodavand,102,48,2.1702127659574466,7.0
6014967,Indisk Te,48,24,4.3478260869565215,13.0
6014974,Cobra (Indisk Øl),37,21,5.1,21.0
6015023,Unspecified,8,8,24.0,108.0
6015037,Reparation af MacBook,12,12,15.363636363636363,46.0
6015038,Reparation af laptop,8,7,18.0,35.0
6015039,Lyca Mobile,3,3,49.0,62.0
6015142,Varer til 5 kr.,493,17,1.9375,10.0
6015148,Varer til 10 kr.,1775,17,1.9375,10.0
6015149,Varer til 15 kr.,1981,17,1.9375,10.0
6015150,Varer til 20 kr.,160,17,1.9375,7.0
6015151,Varer til 25 kr.,910,16,2.066666666666667,11.0
6015152,MadVarer til 30 kr.,83,47,3.6956521739130435,23.0
6015153,MadVarer til 35 kr.,263,71,2.4285714285714284,20.0
6015154,MadVarer til 40 kr.,55,30,5.862068965517241,30.0
6015168,Vin/bobler,56,17,10.375,32.0
6015189,Toast,268,120,1.4873949579831933,8.0
6015190,Avocado,572,148,1.2312925170068028,6.0
6015191,Portobello,128,70,1.9275362318840579,10.0
6015192,Vegan,95,66,2.0615384615384613,8.0
6015206,Rose Granola,125,79,2.3205128205128207,7.0
6015210,Chocolate cake,179,83,2.207317073170732,26.0
6015243,Glean Flødebolleis 480 ml,7,7,22.166666666666668,56.0
6015268,Tapas,62,33,5.625,21.0
6015276,1 fl vin,97,8,14.857142857142858,49.0
6015277,Øl,27,1,999.0,999.0
6015278,Sodavand,785,29,6.392857142857143,23.0
6015281,Albani 1859,5,4,25.666666666666668,48.0
6015319,Beer Happy Hour,694,86,2.1294117647058823,22.0
6015320,Cocktails 69kr,136,36,5.171428571428572,34.0
6015321,irish coffe  2 for 1,39,19,7.5,29.0
6015323,Vand,65,46,4.0,20.0
6015439,Buldak Hot Chicken Flavour Ramen,56,30,5.482758620689655,22.0
6015442,MadVarer til 7 kr.,364,73,2.4305555555555554,17.0
6015443,MadVarer til 17 kr.,37,9,11.5,41.0
6015460,Root Beer,45,17,10.875,42.0
6015467,Mountain Dew Spark,34,29,4.964285714285714,18.0
6015479,Takis,33,22,5.142857142857143,42.0
6015504,Red Bull The Summer Edition,44,21,8.55,88.0
6015524,FROKOST,180,14,2.3076923076923075,6.0
6015535,Boller,17,10,13.555555555555555,50.0
6015694,"Capri-sun, Safari Fruits",184,88,2.0804597701149423,8.0
6015732,Slange,108,72,2.5211267605633805,13.0
6015792,Flæsk,94,14,13.461538461538462,35.0
6015814,tilbud,259,37,2.0555555555555554,7.0
6015839,Banko,3,1,999.0,999.0
6015840,Sense OG,76,55,3.0555555555555554,19.0
6015880,Unspecified,3,3,39.5,47.0
6015905,Carlsberg,35,16,9.8,29.0
6015943,Øl Variable,70,20,9.210526315789474,21.0
6015966,Unspecified,2963,138,1.3211678832116789,42.0
6016015,1-HOF Pilsner,895,135,1.3507462686567164,7.0
6016056,Unspecified,31,19,3.7222222222222223,9.0
6016083,Månedens drinks,157,45,3.8181818181818183,14.0
6016086,Oksekød,10144,181,1.0055555555555555,2.0
6016087,Hakket oksekød,2146,181,1.0055555555555555,2.0
6016088,Kylling,1717,179,1.0168539325842696,2.0
6016089,Lammekød,2124,179,1.0168539325842696,2.0
6016114,Takis Dragon Sweet Chilli medium,57,34,4.787878787878788,35.0
6016121,Lemonade,129,77,2.3421052631578947,17.0
6016125,Anker Isflødebolle Kokos,12,8,17.142857142857142,69.0
6016129,Ølkort 10 stk,51,27,3.3076923076923075,17.0
6016256,SKATTEKORT BILLET,32,7,1.1666666666666667,2.0
6016307,Spinach Cod,126,36,5.114285714285714,98.0
6016339,Wintercoat Øl 6 fl.,23,6,7.0,13.0
6016344,By Nett Riesling 6 fl.,22,11,6.6,16.0
6016375,Chapelle de la Bastide Chardonnay 6 fl.,25,4,10.666666666666666,17.0
6016393,Varer til 12 kr.,155,44,3.558139534883721,30.0
6016433,Ludwig Weissburgrunder Trocken 6 fl.,25,6,11.2,22.0
6016459,Fever-Tree 20 cl. 4 stk.,38,7,8.166666666666666,14.0
6016480,Schloss Bockfliess Gruner Veltlinier 6 fl.,50,12,4.181818181818182,13.0
6016489,Schloss Bockfliess Pinot Noir Klassik 6 fl.,42,8,6.428571428571429,15.0
6016497,Val de france 2 fl.,107,28,2.6296296296296298,11.0
6016572,Husets Rosë (glas),397,60,2.983050847457627,29.0
6016688,Karolina romkugle gluten fri,30,16,11.4,62.0
6016711,Vinigalicia Rías Altas 6 fl.,27,11,6.0,14.0
6016733,Red Bull Energy Drink,186,90,1.9887640449438202,9.0
6016734,Søbogaard 6 fl.,43,2,6.0,6.0
6016865,San Rocco Langhe Nebbiolo 6 fl.,36,11,6.2,11.0
6016991,Corona,19,10,13.11111111111111,50.0
6016992,Blanch 1664,65,22,7.333333333333333,22.0
6017007,Pall Mall Red,99,48,3.0851063829787235,15.0
6017011,Skjold Rød 100s,119,64,2.8253968253968256,38.0
6017013,Skjold Rød,104,66,2.6769230769230767,17.0
6017022,3-RETTERS MENU,127,21,3.3,11.0
6017047,Morgen tilbud,401,67,2.6666666666666665,31.0
6017057,Gavekort,43,24,6.956521739130435,35.0
6017061,Pita/Bread,11,8,5.142857142857143,15.0
6017079,Thai beef salad,423,147,1.2397260273972603,6.0
6017099,2 - 1664 Blanc,551,117,1.5603448275862069,22.0
6017105,Blomster,2,2,29.0,29.0
6017110,11 Ølkort,174,103,1.7647058823529411,6.0
6017144,Tt,51,26,5.64,28.0
6017167,Danskvand med citrus,4,2,51.0,51.0
6017177,Cocacola glass,449,60,1.0338983050847457,2.0
6017229,Jean Louis Grande Reserve 6 fl.,27,5,10.5,15.0
6017254,ølkort fyld op forskellig beløb,217,116,1.565217391304348,7.0
6017277,Terre Sabaude Borbonica Barbera d’Alba 6 fl.,36,13,5.916666666666667,14.0
6017298,By Nett Grauburgunder 6 fl.,29,10,7.333333333333333,21.0
6017404,Faxe Kondi Booster,279,127,1.4285714285714286,6.0
6017425,Cocio Classic Sjokomelk,137,88,2.0229885057471266,9.0
6017461,"Pepsi Max 0,5L",253,118,1.5128205128205128,7.0
6017464,Coca-cola,158,92,1.967032967032967,8.0
6017499,Smoking Deluxe,124,68,2.5970149253731343,12.0
6017501,Capri Sun,4,3,64.5,89.0
6017504,Kildevand,36,27,6.730769230769231,51.0
6017515,Blå Velo Styrke 3,109,78,2.051948051948052,10.0
6017516,Grå Velo Styrke 5,257,115,1.4210526315789473,12.0
6017517,Grå Velo Styrke 4,327,132,1.3129770992366412,21.0
6017533,Tuborg Squash (sukkerfri),1,1,999.0,999.0
6017534,Durum + Sodavand,454,126,1.432,22.0
6017535,Tuborg Squash,5,5,35.0,109.0
6017536,Pitabrød + Sodavand,338,113,1.6160714285714286,23.0
6017537,Coca-Cola,71,43,4.142857142857143,15.0
6017538,Red Bull,4,4,48.333333333333336,111.0
6017539,Tuborg Classic,10,5,26.75,33.0
6017543,Faxe Kondi,143,71,2.414285714285714,17.0
6017545,Faxe Kondi Free,21,16,11.4,51.0
6017560,homieplatter,288,61,1.65,17.0
6017565,MANGO POMELO SALAD,85,41,2.4,18.0
6017569,WONTONS,172,60,1.8305084745762712,16.0
6017580,Mars bar,3,3,40.5,75.0
6017588,Pizza Slice,685,160,1.1320754716981132,6.0
6017589,Pizzaslice i æske,825,161,1.125,6.0
6017591,Single bars,716,64,2.7936507936507935,28.0
6017592,Chips,1044,69,2.588235294117647,28.0
6017593,Haribo,1029,65,2.75,28.0
6017594,Snickers,2,2,26.0,26.0
6017596,Ramlose Danskvand,2,2,11.0,11.0
6017663,MadVarer 1 kr.,918,86,2.0588235294117645,17.0
6017692,Ribeye,53,18,10.588235294117647,70.0
6017702,Filter kaffe,172,49,1.2708333333333333,4.0
6017750,4 flaske tuborg,445,95,1.925531914893617,10.0
6017768,Børnefødselsdag,57,5,38.75,80.0
6017780,Unspecified,566,75,2.310810810810811,29.0
6017796,Mix &match,201,20,8.473684210526315,27.0
6017842,Conde de Caralt Cava Semi-Sec 6 fl.,31,6,8.4,22.0
6017927,Fiskefrikadelle – 1 stk.,2681,118,1.5384615384615385,5.0
6017928,Fiskefrikadeller – 4 stk.,3214,121,1.5,4.0
6017929,Fiskefilet – 1 stk.,327,80,2.278481012658228,14.0
6017930,Fiskefileter – 3 stk.,398,80,2.278481012658228,12.0
6017931,Remoulade – 1 stk.,1601,118,1.5384615384615385,4.0
6017932,Aioli – 1 stk.,22,13,8.0,53.0
6017933,Tangsalat – 1 stk.,66,34,5.454545454545454,40.0
6017934,Hjemmelavet Salat,867,97,1.875,11.0
6017937,Fiskefars,480,87,2.0930232558139537,14.0
6017941,Marineret Sild,159,57,2.982142857142857,26.0
6017943,HP. Rejer,159,64,2.6507936507936507,25.0
6017945,Røget Ål – pakke,23,12,10.0,35.0
6017946,Røget Makrel,97,54,3.3962264150943398,18.0
6017947,Røget Sild,55,39,4.2631578947368425,21.0
6017949,Tapasanretning – 2 personer,9,6,21.6,56.0
6018049,Unspecified,3385,177,1.0284090909090908,3.0
6018095,Entré,9372,170,1.0236686390532543,2.0
6018096,Fødselsdag,1956,70,2.3043478260869565,14.0
6018105,Margaretha,652,122,1.421487603305785,5.0
6018106,Pizza Med Kylling,409,113,1.5357142857142858,6.0
6018108,Pizza med Pepperoni halal,787,117,1.4913793103448276,6.0
6018110,Frugt & Grønt Tallerken,804,131,1.3307692307692307,5.0
6018111,Muffin/Scon/cookies,849,135,1.2835820895522387,4.0
6018122,Mini donut,2230,161,1.08125,3.0
6018146,Pølsehorn,1457,150,1.1610738255033557,4.0
6018147,Kyllingespyd,928,106,1.6476190476190475,6.0
6018150,Dagens sandwich,596,115,1.5087719298245614,6.0
6018152,Kylling Nugget 4 stk.,495,102,1.7128712871287128,6.0
6018156,Hot dog,612,117,1.4827586206896552,5.0
6018166,Iskaffe,484,127,1.3650793650793651,5.0
6018309,Alm. Kaffe/ Te,1376,148,1.1700680272108843,4.0
6018311,Kaffe Latte / Chai Latte,1878,164,1.0613496932515338,3.0
6018313,Cappuccino,498,118,1.4615384615384615,5.0
6018320,Slush Ice/ refil,6306,172,1.0116959064327486,2.0
6018322,Stor Slush Ice,2871,158,1.089171974522293,3.0
6018359,Strømper,8746,172,1.0116959064327486,2.0
6018365,Slikkepind,573,116,1.4956521739130435,7.0
6018656,TEST 1,15,7,21.666666666666668,62.0
6018664,Vand,167,70,2.536231884057971,14.0
6018681,Unspecified,2,2,4.0,4.0
6018704,Afgang ølkort 1/2 vin,35,16,10.733333333333333,21.0
6018709,Brandtex Sofie buks - Deer #40,2,2,20.0,20.0
6018711,Brandtex Sofie buks - Deer #44,2,2,7.0,7.0
6018712,Brandtex Sofie buks - Deer #46,2,2,23.0,23.0
6018764,SURDEJ BMO,215,41,4.375,34.0
6018774,SODA / BRUS,724,151,1.2066666666666668,5.0
6018798,Sunday Bluse Røde Cirkler #XL,2,1,999.0,999.0
6018801,Sunday Bluse Røde Cirkler #4XL,3,3,15.0,21.0
6018824,Signature Bluse Dyreprint #S,2,2,19.0,19.0
6018831,Signature Bluse Dyreprint #4XL,2,2,35.0,35.0
6018844,Sunday Turtleneck Bordeaux #XXL,2,2,34.0,34.0
6018894,Sunday Bluse Bark Pink #L,2,2,7.0,7.0
6018966,Pepsi Max,222,127,1.4206349206349207,7.0
6018980,Sunday Bluse leaf creme/blå #L,3,3,26.0,51.0
6019005,Sunday bluse Bark Navy #3XL,2,2,30.0,30.0
6019006,Sunday bluse Bark Navy #4XL,2,2,105.0,105.0
6019048,Tempureje,68,9,20.0,67.0
6019064,Sunday Veste Sort #L,2,2,15.0,15.0
6019089,Pølsemix-tilbud,72,30,6.0344827586206895,20.0
6019134,Melila w's alm. Jeans #40,3,3,17.0,31.0
6019135,Melila w's alm. Jeans #42,4,2,1.0,1.0
6019136,Melila w's alm. Jeans #44,4,4,7.666666666666667,14.0
6019139,Melila w's alm. Jeans #50,4,4,14.333333333333334,30.0
6019168,Klippekort — Faerdigret,303,86,2.0823529411764707,25.0
6019264,Sodavand,1221,181,1.0055555555555555,2.0
6019265,Saft,388,141,1.292857142857143,4.0
6019266,Kildevand,127,88,2.0804597701149423,12.0
6019267,Milkshake,18,16,10.533333333333333,54.0
6019268,Latte,5,3,69.5,133.0
6019271,Americano,1,1,999.0,999.0
6019338,Natkjole med Kort ærme,2,2,1.0,1.0
6019340,COCOBACI Pyjamas W's Italy,2,2,22.0,22.0
6019341,Natkjole Langt ærme,4,3,53.0,105.0
6019352,Herre Boxers Ass. farver #M,6,3,87.0,159.0
6019354,Undertrøje med Blonde Italy - Hvid #XXL,2,1,999.0,999.0
6019360,Ex linoplade,42,22,7.904761904761905,26.0
6019377,Cortado,625,164,1.1042944785276074,4.0
6019379,Flat White,2010,174,1.046242774566474,4.0
6019380,Flattado,398,148,1.2312925170068028,5.0
6019393,Signature Strik SoftBlue #M,3,2,2.0,2.0
6019411,Kebab Pita Kebab,461,151,1.2,3.0
6019412,Kylling Pita Kebab,89,62,2.901639344262295,12.0
6019415,Sharwarma Pita Kebab,253,112,1.6216216216216217,5.0
6019416,Kebab Pitabrød,476,150,1.2147651006711409,4.0
6019417,Kyling Pitabrød,143,88,2.0804597701149423,7.0
6019418,Mix Kuling og Kebab Pitabrød,88,59,3.103448275862069,9.0
6019419,Sharwarma Pitabrød,535,156,1.167741935483871,4.0
6019420,Kebab Durum,1215,177,1.0284090909090908,3.0
6019421,Kyling Durum,249,112,1.6126126126126126,6.0
6019422,Mix Kyling og Kebab Durum,202,103,1.7745098039215685,8.0
6019423,Falafel Durum,150,95,1.9148936170212767,6.0
6019424,Sharwarma Durum,910,167,1.0903614457831325,4.0
6019426,Cheeseburger,92,70,2.579710144927536,10.0
6019438,Pitabrød Menu Alm,94,61,2.933333333333333,12.0
6019439,Hjemmelavet Pita Menu,172,94,1.913978494623656,7.0
6019440,Durum Menu,441,155,1.1753246753246753,7.0
6019441,Burger Menu,76,51,3.4,24.0
6019442,Kebab Box,580,164,1.1104294478527608,3.0
6019444,Lillepommes,332,140,1.3021582733812949,4.0
6019445,Stor pommes,441,153,1.1907894736842106,4.0
6019446,Bære,548,159,1.1455696202531647,3.0
6019447,Drik,1075,175,1.0402298850574712,3.0
6019448,Fr. Alm Pitabrød og Sodavand,201,87,2.104651162790698,7.0
6019449,Fr. Hjemmelavet Durum Rulle og Sodavand,401,124,1.4715447154471544,4.0
6019450,Fr. Kebab Box og Sodavand,161,93,1.9565217391304348,8.0
6019452,Fransk Hotdog,664,66,2.723076923076923,24.0
6019453,Ristet Pølse,59,29,5.821428571428571,23.0
6019454,Pølsebrød,51,27,6.269230769230769,23.0
6019455,Flæskestegssandwich,49,5,21.0,43.0
6019456,Toast,44,10,14.777777777777779,118.0
6019457,Pomfrits - Lille,218,46,3.888888888888889,24.0
6019458,Pomfrits - Stor,199,45,3.5,35.0
6019465,Sodavand 1/2 l,1441,99,1.8265306122448979,18.0
6019466,øl  - flaske,548,48,3.6808510638297873,20.0
6019469,Alm. Kaffe/The,125,38,4.648648648648648,25.0
6019472,Kildevand,235,67,2.6363636363636362,24.0
6019474,Hverdagsmad,177,20,7.894736842105263,28.0
6019475,5 Kyllingenuggets med Pomfritter,90,39,4.552631578947368,24.0
6019479,Slushice - Alm,376,61,2.95,40.0
6019480,Slushice - Stor,66,26,7.08,42.0
6019488,Diverse,111,63,2.8225806451612905,25.0
6019491,Pølsemix,52,28,6.185185185185185,40.0
6019492,Slik,251,71,2.5,24.0
6019494,Varm Kakao med Flødeskum,48,23,6.681818181818182,33.0
6019554,Intimy Dame Trusser,3,1,999.0,999.0
6019595,Blue Heat,51,36,4.857142857142857,33.0
6019682,Kokosvand,11,7,13.833333333333334,33.0
6019686,Latte,2610,177,1.0284090909090908,4.0
6019688,Cappuccino,2729,177,1.0284090909090908,4.0
6019689,Filter kaffe,1331,176,1.0342857142857143,4.0
6019691,Americano,1572,177,1.0284090909090908,4.0
6019692,Chai,510,160,1.1383647798742138,4.0
6019694,Kakao varm,580,160,1.1320754716981132,5.0
6019695,The,479,155,1.1753246753246753,5.0
6019699,Bolle m. Ost,3674,177,1.0284090909090908,4.0
6019700,Bolle m. Smor,438,154,1.1830065359477124,4.0
6019810,Sodavand lille,39,18,9.529411764705882,57.0
6020392,Kande kaffe/te,44,19,8.555555555555555,35.0
6020403,Caffè crema,9,7,26.833333333333332,56.0
6020411,Fyldt Peberfrugt - Vegansk,16,13,12.833333333333334,56.0
6020447,Mozzarella sticks,117,48,3.3191489361702127,21.0
6020513,Bolle,792,167,1.0903614457831325,4.0
6020514,Croissant,617,163,1.117283950617284,4.0
6020515,Croissant marcipan & chokolade,361,149,1.2162162162162162,4.0
6020517,Høj kanelsnegl med creme,370,150,1.2147651006711409,4.0
6020518,Kanelsnurrer,396,148,1.2312925170068028,5.0
6020551,Fastalavnsfest,9,5,26.25,70.0
6020570,flaeskesvaer,556,129,1.4140625,6.0
6020587,2 retter menu,55,18,3.3529411764705883,11.0
6020623,Pizza,733,107,1.3018867924528301,18.0
6020671,Glass of wine,84,29,2.0357142857142856,4.0
6020672,Pinot grigio,4,3,19.0,30.0
6020673,Borgonero,5,5,11.25,23.0
6020676,sodavand,7,6,3.6,8.0
6020677,3 retter menu,41,14,3.8461538461538463,7.0
6020678,pasta,51,18,2.7058823529411766,13.0
6020733,Unspecified,179,34,4.303030303030303,22.0
6020757,Special øl,537,137,1.3308823529411764,7.0
6020776,peroni,16,7,6.166666666666667,21.0
6020797,Shot,60,5,27.25,95.0
6020842,Gaveæske 2 fl,36,25,2.6666666666666665,7.0
6020843,Iskaffe,424,141,1.292857142857143,6.0
6020870,salat med grispy kylling,68,42,4.170731707317073,17.0
6020871,Hjemmelavet boefsandwich med brun sovs og bloeg,26,18,10.176470588235293,33.0
6020937,Œg🥚,365,135,1.3432835820895523,4.0
6020947,Tebirkes,505,159,1.1455696202531647,4.0
6020963,Guldøl/Porter,923,86,2.1294117647058823,32.0
6020964,Vand,1705,90,2.033707865168539,32.0
6020965,Alt Spiritus,4709,82,2.234567901234568,32.0
6020966,Cocio,192,56,3.290909090909091,32.0
6020967,Underberg,272,55,3.2777777777777777,34.0
6020968,Månedes øl Grimbergen,27,7,9.166666666666666,19.0
6020969,Red Bull,72,38,4.891891891891892,35.0
6020970,Tomatjuice,81,30,5.379310344827586,35.0
6020971,Snacks,75,40,4.512820512820513,33.0
6020972,Toast,122,42,4.317073170731708,44.0
6020973,Popcorn,5,2,22.0,22.0
6020975,Cigaretter,45,28,6.703703703703703,39.0
6020976,Lighter/oplukker,22,12,15.909090909090908,120.0
6020977,Morgen mad,37,2,91.0,91.0
6020978,Julefrokost beboer,19,5,3.5,10.0
6020979,Julefrokost udefra,23,3,8.0,12.0
6020996,3 boller,744,148,1.2244897959183674,9.0
6020997,3 wienerbrød,360,128,1.4173228346456692,8.0
6021000,Thaisuppe,147,47,3.739130434782609,17.0
6021003,Kartoffel-porresuppe,140,54,3.30188679245283,17.0
6021007,"Øl, alkoholfri",100,30,5.862068965517241,21.0
6021011,Unspecified,97,47,3.8260869565217392,24.0
6021079,"Guld dame 0,4",122,38,4.891891891891892,19.0
6021092,Roberto M's Rio Jogginbuks - Navy #XL,3,3,79.5,123.0
6021098,Vibegaard saft,158,43,4.166666666666667,17.0
6021101,"Vand, lille flaske",103,45,3.977272727272727,17.0
6021127,Forårsruller (5 Stk) nr. 1,472,123,1.4836065573770492,4.0
6021128,Friterede Kyllingevinger (6 Stk) nr. 2,96,60,2.983050847457627,11.0
6021129,Panang Karry nr. 3,463,124,1.4634146341463414,10.0
6021130,Massaman Karry nr. 4,144,78,2.3506493506493507,9.0
6021131,Grøn Karry nr. 5,238,108,1.6822429906542056,6.0
6021132,Ande Karru nr. 6,102,56,3.290909090909091,25.0
6021133,Stegt Cashewnødder nr. 7,250,104,1.7572815533980584,7.0
6021134,Pad Ga Paw nr. 8,176,93,1.9673913043478262,8.0
6021135,Pad Thai nr. 9,366,125,1.4516129032258065,4.0
6021136,"Stegt Ris æg, Gulerødder, Løg, Tomat og Forårsløg nr. 10",163,87,2.104651162790698,8.0
6021137,Thailandsk Omelet med Ris nr. 11,35,28,5.962962962962963,18.0
6021138,Tom Yum nr. 12,67,46,3.488888888888889,11.0
6021195,Buffet Frokost,1479,109,1.6666666666666667,17.0
6021196,Buffet Aften,566,60,3.0508474576271185,20.0
6021197,Smørrebrød,866,98,1.865979381443299,17.0
6021198,Øl Pilsner/Classic 25 CL,108,44,3.9302325581395348,27.0
6021199,Øl Pilsner/Classic 40 CL,1124,99,1.846938775510204,17.0
6021200,Øl special 25 CL,75,47,3.8043478260869565,19.0
6021201,Øl special 50 CL,562,83,2.207317073170732,20.0
6021202,Øl Alkoholfri Nordic/Classic 33 Cl.,55,38,4.5675675675675675,18.0
6021203,Øl Alkoholfri Brooklyn 33 Cl,53,28,6.703703703703703,28.0
6021204,Sodavand 25 CL,1134,111,1.6454545454545455,17.0
6021205,Saft,193,70,2.608695652173913,21.0
6021206,Kildevand 50 CL,63,35,5.323529411764706,17.0
6021207,Postevand,68,41,4.5,20.0
6021208,Cafe Latte.,50,25,7.041666666666667,35.0
6021209,Cappuccino,25,21,8.85,55.0
6021211,Chardonnay Colombard,87,43,4.166666666666667,21.0
6021212,Riesling Trocken,32,20,8.789473684210526,26.0
6021220,Chardonnay Colombard,15,10,18.0,51.0
6021242,La Mousse Joint,77,50,3.3469387755102042,24.0
6021260,Hindbærsnitte,354,136,1.3407407407407408,5.0
6021264,coffe,20,9,6.875,29.0
6021266,affogato al caffe',10,4,16.0,42.0
6021270,Vingave,181,52,1.4313725490196079,3.0
6021281,Banko,19,19,9.333333333333334,21.0
6021305,Tapas,683,22,3.380952380952381,6.0
6021311,Luksus Tapas,170,14,5.538461538461538,14.0
6021315,Emballage,175,23,3.272727272727273,6.0
6021316,Ekstra brød,47,15,5.071428571428571,7.0
6021321,Corona Extra,199,65,2.734375,14.0
6021402,Div Vin,14,6,26.4,69.0
6021403,Sodavand,39,12,12.0,34.0
6021408,Tuborg Fad (Stor),17,8,18.857142857142858,88.0
6021409,HR Jessen,17,8,17.714285714285715,42.0
6021411,Skagen øl,16,6,26.2,42.0
6021414,Gin & Tonic,15,4,20.666666666666668,27.0
6021415,Husets Gin & Tonic,10,2,131.0,131.0
6021416,Aperol Spritz,10,3,31.5,50.0
6021418,Peanuts,7,5,23.75,67.0
6021419,Oliven,10,7,21.833333333333332,64.0
6021420,Salt Mandler,7,5,32.75,89.0
6021425,Jessen Tapas (2 Pers),15,7,17.0,35.0
6021440,"Maison Jaffelin, Chardonnay, Bourgogne",46,14,10.153846153846153,47.0
6021441,"P. Unger, Grüner Veltliner. Østrig",13,5,31.0,89.0
6021442,Gies-Duppel Risling 1 L Tyskland,34,15,9.428571428571429,35.0
6021463,Domaine Jaffelin Bourgogne Blanc,6,2,26.0,26.0
6021470,"Pescarpa, Primitivo. Italien",6,3,19.0,37.0
6021471,"Maison Jaffelin, Pinot Noir Bourgogne",38,15,9.428571428571429,47.0
6021472,"Alain Jaume, Côtes Du Rhône",9,5,33.0,63.0
6021473,Gies-Duppel Spätburgunder. Tyskland,7,3,19.0,31.0
6021609,Mars mm,257,49,3.6666666666666665,20.0
6021613,Guldbar,42,19,8.944444444444445,50.0
6021615,Lille Chips,122,31,5.066666666666666,17.0
6021621,Vand,344,89,2.0568181818181817,7.0
6021622,Juice,64,29,6.428571428571429,27.0
6021712,Sun top,235,71,2.4857142857142858,20.0
6021725,Rosevin,36,11,17.3,56.0
6021730,Alm. Øl,7354,95,1.925531914893617,32.0
6021747,Unspecified,2,2,31.0,31.0
6021789,Toffifee,24,19,9.722222222222221,42.0
6021794,Efterars menu,67,4,34.666666666666664,65.0
6021812,Overnattene Rum 1,37,35,5.205882352941177,32.0
6021830,Panini,98,18,9.058823529411764,35.0
6021832,Chips,55,25,7.208333333333333,33.0
6021843,Pommes,84,15,11.428571428571429,22.0
6021856,Selskabsmenu,262,13,11.916666666666666,51.0
6021857,Sodavand,393,16,9.533333333333333,28.0
6021863,Cookie,163,86,2.1294117647058823,35.0
6021866,Brugt Laptop,4,4,42.666666666666664,110.0
6021878,Quiche,250,103,1.3137254901960784,7.0
6021879,Berry granola,221,91,1.9444444444444444,10.0
6021892,Panini,368,133,1.356060606060606,5.0
6021894,Godtsæt,1681,119,1.5254237288135593,5.0
6021897,Øl,318,79,2.217948717948718,15.0
6021898,Sodavand,271,75,2.3783783783783785,12.0
6021899,Vietnamesisk boks,214,49,2.2708333333333335,12.0
6022023,Small salad,948,173,1.052325581395349,4.0
6022024,Large salad,771,165,1.103658536585366,4.0
6022035,Unspecified,1,1,999.0,999.0
6022071,Dips,12,9,22.5,97.0
6022089,Ekstra Dyp,89,23,7.636363636363637,28.0
6022090,Irish caffe,35,18,7.647058823529412,25.0
6022119,Chokolade,7691,148,1.2244897959183674,10.0
6022121,Gavekurv,394,99,1.836734693877551,13.0
6022122,Slik,895,133,1.3636363636363635,13.0
6022124,Specialiteter,910,126,1.44,13.0
6022127,Brugskunst,330,96,1.894736842105263,15.0
6022129,Chocoladeæsker,329,96,1.894736842105263,16.0
6022130,Påskeæg,645,31,1.2,2.0
6022135,Lille softice,481,115,1.5789473684210527,15.0
6022138,Drys softice,678,132,1.3740458015267176,15.0
6022170,Lille Milkshake,383,111,1.6363636363636365,13.0
6022171,Mellem milkshake,587,126,1.44,13.0
6022172,Stor milkshake,299,101,1.8,15.0
6022178,Lille filterkaffe,328,120,1.5126050420168067,13.0
6022179,Alm. filterkaffe,1249,143,1.267605633802817,13.0
6022186,Lille cappuccino,292,112,1.6216216216216217,12.0
6022187,Stor cappuccino,317,115,1.5701754385964912,12.0
6022188,Lille cafe latte,539,138,1.313868613138686,12.0
6022189,Stor cafe latte,457,131,1.3846153846153846,13.0
6022193,Cacao m. flødeskum,2324,144,1.2587412587412588,13.0
6022194,Cacao m. softice,1043,142,1.2765957446808511,13.0
6022203,Tærte m. flødeskum,319,112,1.6216216216216217,13.0
6022204,Tærte m. creme fraiche,308,117,1.5517241379310345,12.0
6022205,Tærte m. softice,361,120,1.5126050420168067,13.0
6022211,Pandekage m. softice,573,129,1.40625,13.0
6022212,Belgisk vaffel m. softice,975,140,1.2949640287769784,14.0
6022214,Bubblewaffel,319,107,1.6981132075471699,13.0
6022215,Gullerodsbolle m. smør,1085,140,1.2949640287769784,13.0
6022216,1/2 gullerodsbolle m. smør,326,115,1.5789473684210527,14.0
6022217,Ost,1923,142,1.2765957446808511,13.0
6022229,Frokost Slice,8797,155,1.1753246753246753,6.0
6022231,Slice,1909,137,1.3308823529411764,7.0
6022264,Spritz,43,11,6.2,12.0
6022320,Zaalouk,88,50,2.816326530612245,14.0
6022321,Harira,157,66,2.123076923076923,8.0
6022323,Briwat Spinat og Ost,91,51,2.76,10.0
6022325,Briwat Kefta,84,46,3.066666666666667,10.0
6022326,Maaqouda,87,48,2.8297872340425534,10.0
6022327,Baqoula,59,38,3.6216216216216215,15.0
6022328,Marrokansk Tapas Anretninger,102,52,2.6862745098039214,9.0
6022329,Tagine Kalv,106,56,2.4363636363636365,15.0
6022330,Tagine Lam (Lammeskank),217,82,1.691358024691358,6.0
6022333,Tagine Kefta,135,69,2.0294117647058822,9.0
6022334,Tagine Kylling,181,73,1.9166666666666667,8.0
6022336,Couscous Kalv,65,39,3.6052631578947367,13.0
6022337,Couscous Lam (Lammeskank),136,54,2.5283018867924527,10.0
6022338,Couscous Kylling,88,60,2.3389830508474576,10.0
6022340,Pastilla Kylling,67,44,3.116279069767442,12.0
6022342,5 Retters Menu,68,23,5.7272727272727275,16.0
6022346,Baghrir,60,33,4.15625,17.0
6022347,Cola 33 cl,110,55,2.537037037037037,9.0
6022349,"Faxe Kondi, 33 cl",83,38,3.6216216216216215,12.0
6022364,Tuborg classic 33 cl,98,39,3.3684210526315788,18.0
6022382,Bourgogne Pinot Noir Aroul Clerget,72,36,3.942857142857143,15.0
6022441,Americano,61,44,4.186046511627907,18.0
6022484,pasta to go,9,5,5.25,12.0
6022502,Avocado Shrimp Cocktail,1,1,999.0,999.0
6022503,Bruschetta,2,2,6.0,6.0
6022506,Margarita,10,8,7.428571428571429,16.0
6022507,Hawaiiana,11,10,8.666666666666666,29.0
6022508,BBQ Chicken,7,6,5.8,7.0
6022509,Calzone,2,2,12.0,12.0
6022510,Bresaola,5,5,4.0,10.0
6022511,Milano,1,1,999.0,999.0
6022512,Capricciosa,12,11,6.0,24.0
6022513,Italia,10,7,6.333333333333333,15.0
6022514,Pepperoni,16,14,5.538461538461538,25.0
6022515,Parma,15,14,5.769230769230769,19.0
6022516,Napoli,2,2,27.0,27.0
6022519,Roma,4,4,16.333333333333332,31.0
6022520,Royal Bianca,16,14,5.3076923076923075,22.0
6022523,Spaghetti Carbonnara,12,10,7.666666666666667,28.0
6022527,Chicken Fettuccine Alfredo,6,5,12.75,23.0
6022533,Pasta Salmon,3,2,2.0,2.0
6022543,Drem Burger 170g,7,6,12.8,47.0
6022549,Kylling Sandwich,4,3,2.5,3.0
6022556,Pizza Bambino,3,3,27.5,39.0
6022561,Beef Fajitas,2,1,999.0,999.0
6022562,Grillet Kylling Fajitas,3,2,7.0,7.0
6022565,Caesar Salat,3,3,4.0,6.0
6022567,Butter Chicken,11,8,7.571428571428571,26.0
6022568,Hvidløg Nann,2,2,4.0,4.0
6022569,Butter Nann,2,2,23.0,23.0
6022576,Pommes Frites Stor,5,5,11.0,25.0
6022601,Arrangement,80,6,23.2,55.0
6022638,Poli pølser,61,40,4.589743589743589,25.0
6022640,Nachos & Hjemmelavet Guacamole,171,77,2.3026315789473686,12.0
6022824,Slik+chips+redbul,155,10,5.111111111111111,20.0
6023076,Loaded Nachos,216,85,2.0833333333333335,12.0
6023103,Coca Cola,22,11,7.1,25.0
6023249,Snaps,526,61,3.0166666666666666,18.0
6023256,Drinks (50),241,54,3.3962264150943398,15.0
6023262,Drinks (60),3110,81,2.275,6.0
6023360,Fr. Alm pita,290,70,2.579710144927536,32.0
6023369,Fr. Hjemmelavet pita,139,66,2.769230769230769,16.0
6023373,Fersk fisk,10063,126,1.44,4.0
6023374,Røget Fisk,834,86,1.776470588235294,14.0
6023378,Unspecified,315,81,2.2625,17.0
6023392,Tapas - 100kr.,86,31,3.966666666666667,24.0
6023396,chips,89,8,12.428571428571429,42.0
6023524,Børnedelle,293,71,2.4571428571428573,21.0
6023565,"Jims,s tilbud",6,4,14.0,22.0
6023573,Pølsehorn,391,34,4.666666666666667,20.0
6023594,Nacho Cheese,32,27,6.346153846153846,14.0
6023596,Stegt flæsk ad libitum,666,21,8.4,35.0
6023617,ØKO Chips,34,17,10.5,56.0
6023654,Namtok nr. 14,71,54,3.3207547169811322,13.0
6023655,Peri Peri,57,14,1.6923076923076923,4.0
6023756,Unspecified,9,3,7.0,13.0
6023777,Dåseøl,8,5,34.25,64.0
6023788,Unspecified,27,25,6.541666666666667,35.0
6023810,Krydder Makrel,93,51,3.22,14.0
6023811,Ærøpandekager,70,26,6.8,29.0
6023919,Smørrebrød REST,49,6,14.2,24.0
6024002,Som Tam nr. 15,39,28,6.2592592592592595,23.0
6024301,Familiepakken,84,45,3.227272727272727,26.0
6024302,Melié Paris W's Regnfrakke Sky Blue,4,4,7.333333333333333,14.0
6024329,san pellegrino vand,3,2,9.0,9.0
6024353,Alm. Kaffe,167,43,4.285714285714286,38.0
6024356,Flødebolle,150,44,4.093023255813954,22.0
6024396,Halskæder,6,6,19.6,41.0
6024397,Armbånd,1,1,999.0,999.0
6024398,Øreringe,9,9,19.875,59.0
6024399,Små Kæder,1,1,999.0,999.0
6024404,Diverse Smykker,3,3,76.5,140.0
6024405,Ringe,50,46,3.688888888888889,14.0
6024406,My Walit,1,1,999.0,999.0
6024407,Garn,109,50,3.4285714285714284,13.0
6024409,Færdig Strik,2,2,22.0,22.0
6024411,Diverse,18,14,12.384615384615385,27.0
6024412,Manzo,96,55,3.259259259259259,14.0
6024482,Larb nr. 13,23,22,7.142857142857143,42.0
6024562,Konfektion,150,57,3.0535714285714284,26.0
6024563,Konfektion,91,28,6.074074074074074,16.0
6024581,Beuf Bourginon,10,4,44.0,101.0
6024614,Lille fad,308,97,1.8854166666666667,13.0
6024615,Stor fad,801,147,1.2397260273972603,6.0
6024616,Personale øl,170,35,4.529411764705882,18.0
6024704,LISBETH Graskar og keramik,40,22,8.523809523809524,52.0
6024706,Prince Original blood pakke,324,132,1.297709923664122,6.0
6024713,Fadøl 50cl,886,146,1.2413793103448276,4.0
6024714,Fadøl 50 cl Tilbud,76,14,7.384615384615385,51.0
6024715,Vodka abrikos,165,35,4.9411764705882355,14.0
6024758,Bailey,15,4,15.333333333333334,33.0
6024759,Øl,103,13,5.25,20.0
6024802,Øl,66,20,9.105263157894736,27.0
6024834,"5 retter, 5 gl. vin",115,14,13.0,35.0
6024861,Bagel,7423,182,1.0,1.0
6024862,Flutes,1152,179,1.0168539325842696,2.0
6024863,Lille salat,1293,177,1.0227272727272727,2.0
6024864,Stor salat,1235,179,1.0168539325842696,2.0
6024865,Luksus wrap,154,90,2.033707865168539,6.0
6024866,Tilbehør,964,175,1.0402298850574712,2.0
6024867,Feta,1257,180,1.011173184357542,2.0
6024868,Cheda,1178,180,1.011173184357542,2.0
6024869,Krebsehalesalat,67,52,3.4313725490196076,15.0
6024870,Laks,325,137,1.3308823529411764,4.0
6024871,Glutenfri,28,26,6.56,23.0
6024878,Unspecified,72,34,4.03030303030303,68.0
6024912,Chokolade bar,514,149,1.222972972972973,6.0
6024977,"Melila Sofia Buks, Bordeaux #42",3,3,10.0,14.0
6025032,Vin hel flaske,25,2,16.0,16.0
6025088,Unspecified,141,88,1.9770114942528736,10.0
6025117,Unspecified,616,146,1.2482758620689656,10.0
6025201,Popcorn skål,29,6,24.2,52.0
6025236,BMO,292,83,2.207317073170732,11.0
6025239,Brunch-Tallerken,518,77,2.3815789473684212,11.0
6025241,Americano,334,95,1.925531914893617,11.0
6025242,Cortado,113,61,3.0166666666666666,21.0
6025243,Caffé Latte,488,98,1.865979381443299,11.0
6025244,Cappuccino,540,103,1.7745098039215685,11.0
6025245,Varm Kakao,267,83,2.1951219512195124,12.0
6025246,Tekande,113,65,2.765625,11.0
6025247,Stempelkande,207,80,2.2911392405063293,14.0
6025251,Hønsesalat,168,53,3.480769230769231,62.0
6025260,Tatar,155,37,4.111111111111111,18.0
6025261,Fisk (spørg tjeneren for dagens fisk),135,19,2.0,6.0
6025262,"Gris, Langtidsstegt Nakkefilet",181,21,1.8,6.0
6025273,"GAMMA Organic Pilsner 4,8% (40cl)",223,64,2.873015873015873,13.0
6025274,"GAMMA Organic Classic 4,6% (40cl)",330,73,2.513888888888889,14.0
6025275,"GAMMA Freak Wave IPA 6,5% (40cl)",327,80,2.2911392405063293,11.0
6025280,"Møn Bryghus, Økologisk Saft (27,5cl)",415,94,1.946236559139785,13.0
6025281,Pepsi Max (33cl),324,88,2.0804597701149423,11.0
6025283,Hjemmelavet Lemonade,312,79,2.3205128205128207,18.0
6025284,Isvand med eller uden brus ad lib,1142,104,1.7572815533980584,11.0
6025366,Usb A til Usb C kabel,5,4,8.0,15.0
6025376,Stor,111,10,4.666666666666667,19.0
6025390,Unspecified,12,9,5.75,18.0
6025556,10 Kyllinge nuggets m. Pomfritter,70,38,4.702702702702703,28.0
6026094,Lovpligtig bæreposeafgift,2097,156,1.167741935483871,7.0
6026125,Garderobe,147,2,38.0,38.0
6026126,Nuggets,136,42,4.048780487804878,17.0
6026161,Pita kebab,1165,155,1.1753246753246753,9.0
6026162,Pita Kylling,92,67,2.5757575757575757,13.0
6026163,"Pita Mix (Kebab, Kylling)",69,44,3.627906976744186,12.0
6026169,Durum Kebab,1444,156,1.135483870967742,9.0
6026170,Durum Kylling,62,45,3.840909090909091,17.0
6026171,"Durum Mix (Kebab, Kylling)",130,70,2.5217391304347827,11.0
6026181,Kebab Sandwich,122,67,2.621212121212121,18.0
6026202,Kebab Box,567,142,1.2836879432624113,9.0
6026212,Kebab Ret,106,61,2.933333333333333,13.0
6026235,Lille Pommes Frits,235,124,1.4227642276422765,9.0
6026236,Stor Pommes Frites,190,99,1.7755102040816326,9.0
6026238,"Sodavand 0,5 ltr",87,63,2.693548387096774,16.0
6026240,Dåsesodavand,731,147,1.2397260273972603,9.0
6026243,Ayran,94,55,3.2037037037037037,10.0
6026246,Pita Kebab Menu,60,41,3.95,12.0
6026247,Durum Kebab Menu,69,45,3.840909090909091,21.0
6026264,Pita Kebab,726,125,1.4112903225806452,9.0
6026265,Durum Kebab,1072,132,1.3358778625954197,9.0
6026266,Pita Kylling,60,36,4.8,17.0
6026267,Dururm Kylling,70,42,4.2682926829268295,14.0
6026269,Durum Mix,118,64,2.7777777777777777,18.0
6026270,Tyrikisk Brød Kebab,74,45,3.977272727272727,16.0
6026274,Kebab Box,365,105,1.6826923076923077,10.0
6026275,Kylling eller Mix Box,53,35,4.352941176470588,26.0
6026367,Bagel aftale,3,3,22.5,31.0
6026388,Pommes frites lille,70,39,4.026315789473684,21.0
6026445,Sluch Ice,784,59,3.0344827586206895,13.0
6026471,Kardemommesnurre,249,89,2.0568181818181817,19.0
6026473,Citronbirkessnegl,188,79,2.3205128205128207,17.0
6026477,Vand,78,43,4.190476190476191,16.0
6026478,Kaffe,12,2,87.0,87.0
6026492,Classic Kebab Burger,54,39,4.552631578947368,29.0
6026496,Kaffe/the - stor,148,29,5.642857142857143,24.0
6026506,Prince Original HB,277,112,1.5405405405405406,17.0
6026507,Crunch EBI,113,70,2.579710144927536,12.0
6026536,Fadøl 25 cl,36,17,10.9375,29.0
6026544,Brunch 3 retter,71,24,5.217391304347826,15.0
6026545,Brunch 5 retter,103,32,4.129032258064516,10.0
6026552,Brunch,93,18,8.235294117647058,21.0
6026555,Thali,18,1,999.0,999.0
6026578,3 retters menu,246,47,3.8260869565217392,20.0
6026619,Ærø øl,56,32,5.67741935483871,15.0
6026635,Classic Burger,417,151,1.2066666666666668,3.0
6026638,Brunch Plate,475,135,1.3507462686567164,5.0
6026642,Acai Bowl,926,176,1.0342857142857143,2.0
6026643,Blue Bowl,250,116,1.5739130434782609,5.0
6026647,Green Poke,277,137,1.3308823529411764,4.0
6026648,Laks Poke,705,160,1.1383647798742138,3.0
6026649,Kylling Poke,515,154,1.1830065359477124,4.0
6026650,Green Bowl,340,144,1.2587412587412588,4.0
6026651,Chicken Bowl,476,158,1.1528662420382165,4.0
6026653,Avocado & Humus,331,139,1.3115942028985508,6.0
6026655,"Avocado, Pesto & Smagen af Ost",308,138,1.3211678832116789,4.0
6026656,Avocado & Kylling,678,168,1.0838323353293413,3.0
6026657,Avocado & Laks,323,133,1.371212121212121,5.0
6026658,Sweet Potato Fries,702,167,1.0903614457831325,3.0
6026886,Unspecified,1,1,999.0,999.0
6026897,Brother tilbehør,18,17,9.75,22.0
6026898,Juki tilbehør,2,2,67.0,67.0
6026899,Pfaff tilbehør,7,7,26.166666666666668,60.0
6026900,Husqvarna tilbehør,5,5,28.25,62.0
6026901,Singer tilbehør,3,3,24.0,47.0
6026902,Sytilbehør,58,42,4.2926829268292686,21.0
6026903,Folie,137,22,7.904761904761905,26.0
6026904,ScanNCut tilbehør,27,13,12.0,77.0
6026905,Brugte varer,4,4,45.333333333333336,77.0
6026906,Landbrugslotteri,46,23,6.545454545454546,26.0
6026907,Varelotteri,21,11,8.4,35.0
6026962,Reparation af symaskine/overlocker,1,1,999.0,999.0
6026967,Nordica sm boa 100,2,2,3.0,3.0
6026968,Boa 100 nordica,1,1,999.0,999.0
6026974,Nordica hf 85,3,3,41.5,58.0
6026984,Bollé mips,2,1,999.0,999.0
6027034,Vand (med/uden brus),712,156,1.167741935483871,3.0
6027035,Caffe Latte,716,170,1.0710059171597632,3.0
6027036,Cappuccino,977,171,1.0647058823529412,3.0
6027038,Americano,494,154,1.1830065359477124,4.0
6027043,Chai Latte,347,148,1.2244897959183674,4.0
6027044,Matcha Latte,841,177,1.0284090909090908,2.0
6027045,Golden Latte,294,135,1.3059701492537314,6.0
6027046,"The (Pebermynte, Gunpower, Cool mint, Lakrids, Chai)",340,133,1.371212121212121,5.0
6027054,Milkshake med Protein,532,164,1.1104294478527608,3.0
6027059,Lemonade Ingefær & Citron,406,134,1.3609022556390977,5.0
6027062,Juice New York,379,142,1.2836879432624113,4.0
6027065,Juice Barcelona,489,157,1.1602564102564104,3.0
6027067,Signature Juice Easy Green,295,136,1.3407407407407408,6.0
6027086,Fur pilsner,61,27,6.269230769230769,20.0
6027087,"Pilsner 0,5l",172,40,4.384615384615385,23.0
6027088,"Sodavand 0,25l",310,56,3.0727272727272728,9.0
6027113,Unspecified,192,85,2.119047619047619,9.0
6027134,Øl,4193,68,1.328358208955224,3.0
6027135,Ølkort 10 turs,457,66,1.353846153846154,4.0
6027136,Øl Tilbud,2,1,999.0,999.0
6027137,Sodavand,875,61,1.4666666666666666,4.0
6027141,Sprit,1434,52,1.7254901960784315,5.0
6027145,10 shots,82,23,3.909090909090909,19.0
6027147,1/1 Flasker med Vand,15,9,7.125,20.0
6027149,Rtd (Stk),142,25,3.5833333333333335,8.0
6027150,Rtd (3 Stk),48,13,7.166666666666667,22.0
6027151,Tobak,111,46,1.9777777777777779,7.0
6027154,Entre,2,1,999.0,999.0
6027169,Anna's Panermix,43,26,6.96,57.0
6027176,Sprit lux(jack d),58,10,6.111111111111111,14.0
6027177,Underberg,12,3,24.0,34.0
6027178,Chips,6,2,7.0,7.0
6027187,Tasting Menu,157,54,3.4150943396226414,11.0
6027197,Serlig tilbud til elever,120,29,5.357142857142857,29.0
6027212,Roser,11,9,6.0,10.0
6027216,Buket,101,47,1.673913043478261,6.0
6027217,Buket,1364,152,1.1986754966887416,2.0
6027225,Små kort,9,8,2.857142857142857,6.0
6027226,Store kort,2,2,7.0,7.0
6027228,Fyldte chokolader i rødt m/metalhjerte,9,8,18.428571428571427,62.0
6027253,Raw Snicker,359,137,1.3308823529411764,5.0
6027281,3 Cake deal,294,129,1.3828125,4.0
6027307,Tilbud,16,7,6.166666666666667,14.0
6027316,Flæskesvær,8,7,2.6666666666666665,7.0
6027330,Sodavand,4,2,6.0,6.0
6027331,Hot chocolate w. Cream,263,109,1.6296296296296295,7.0
6027332,Soup w bread & butter,444,111,1.1090909090909091,4.0
6027334,Sodavand glas,11,5,12.25,28.0
6027341,Hvidvin glas,77,31,5.366666666666666,70.0
6027346,Gammel ost,24,12,14.727272727272727,76.0
6027347,Flaske øl,189,38,4.891891891891892,76.0
6027348,Lille mumme,44,25,6.708333333333333,86.0
6027349,Kartoffel mad,22,16,11.2,84.0
6027350,Redbull Ice,25,20,8.210526315789474,29.0
6027354,Stor mumme,78,23,8.181818181818182,76.0
6027355,Lille fadøl,61,29,5.428571428571429,82.0
6027356,Stor fadøl,279,45,4.113636363636363,70.0
6027388,Viking rød hb,93,44,3.558139534883721,36.0
6027419,Cola Zero 33 cl,141,54,2.5849056603773586,9.0
6027423,Menu,50,4,5.666666666666667,11.0
6027426,"Glas Terre di Kama, Nero",25,6,3.0,7.0
6027428,Correcto,25,7,3.0,7.0
6027431,Bornholmsk kildevand,36,19,8.61111111111111,45.0
6027432,Kande med vand,26,16,10.066666666666666,43.0
6027433,Saft,66,34,5.0,20.0
6027438,Order indland,18,15,10.428571428571429,27.0
6027439,Order udland,1,1,999.0,999.0
6027441,vin,10,7,24.5,36.0
6027442,Dahlia,5,4,10.666666666666666,25.0
6027458,K2 110 recon BOA,2,2,50.0,50.0
6027459,K2 Anthem 95 BOA,2,2,51.0,51.0
6027511,Tilbudt buffet,404,75,2.445945945945946,31.0
6027538,Rødspættefilet,64,24,7.304347826086956,70.0
6027539,Hønsesalat,45,24,7.869565217391305,78.0
6027541,Trio af Hapsere,33,15,12.571428571428571,75.0
6027542,Æg og Håndpillede Rejer,42,21,8.05,70.0
6027547,Tarteletter,37,17,8.75,76.0
6027550,Frit valg tre smørrebrød,45,13,13.416666666666666,75.0
6027556,Flaskesodavand,323,48,3.5319148936170213,70.0
6027559,Friteret Camembert,37,14,12.461538461538462,92.0
6027564,Rødvin glas,54,20,8.421052631578947,98.0
6027565,Vin hel flaske rød/hvid,32,13,12.666666666666666,91.0
6027566,Kaffe Stempelkande,26,22,3.619047619047619,11.0
6027569,Snaps,93,25,7.541666666666667,105.0
6027578,Durum kebab frokost,142,60,3.0508474576271185,14.0
6027583,Michael,32,27,5.923076923076923,25.0
6027604,Sidas merino,2,1,999.0,999.0
6027610,Sidas performance merino,2,2,27.0,27.0
6027640,Unspecified,204,55,1.0740740740740742,2.0
6027680,Pita,259,36,1.6,4.0
6027681,Durum,313,39,1.4736842105263157,3.0
6027682,Bowls,509,40,1.435897435897436,3.0
6027683,Durum Pulled Chicken,896,59,1.0,1.0
6027684,Durum Kofte,207,54,1.0754716981132075,3.0
6027686,Durum Falafel,107,44,1.3488372093023255,5.0
6027687,Durum Halloumi,200,52,1.0980392156862746,3.0
6027688,Durum Mix,161,53,1.1153846153846154,3.0
6027689,Pulled Chicken Durum Menu,118,45,1.2954545454545454,3.0
6027695,"Coca Cola (0,33l)",1169,59,1.0,1.0
6027696,"Caca Cola Zero (0, 33l)",403,56,1.0363636363636364,2.0
6027697,"Faxe Kondi (0, 33l)",79,35,1.6764705882352942,6.0
6027700,"Gazoz (0, 33l)",178,45,1.2954545454545454,3.0
6027704,"Ayran (0, 25 l)",84,40,1.4871794871794872,4.0
6027705,Pita Kylling,330,57,1.0357142857142858,2.0
6027706,Pita Kofte,100,48,1.2127659574468086,4.0
6027708,Pita Halloumi,76,40,1.435897435897436,3.0
6027709,Pita Falafel,45,28,2.1481481481481484,6.0
6027712,Pulled Kylling Bowl,1812,59,1.0,1.0
6027713,Kofte Bowl,261,57,1.0357142857142858,2.0
6027715,Falafel Bowl,84,42,1.4146341463414633,4.0
6027716,Halloumi Bowl,168,50,1.183673469387755,3.0
6027717,Mix Bowl,585,58,1.0175438596491229,2.0
6027724,1/2 Grillkylling & Salat,44,24,2.1739130434782608,8.0
6027726,1/2 Grillkylling & Pommes Frites,61,36,1.542857142857143,6.0
6027728,1/2 Grillkylling Menu,51,28,2.074074074074074,7.0
6027730,Pommes Frites,333,58,1.0175438596491229,2.0
6027736,Hel Grillkylling,85,30,1.8620689655172413,5.0
6027738,Salatmayonnaise,125,51,1.14,2.0
6027818,Afgang spillekort,240,44,4.069767441860465,24.0
6027837,Plante,375,131,1.3923076923076922,5.0
6027839,2 øl 8-18,4511,141,1.0,1.0
6027840,Crabbies,59,20,5.631578947368421,12.0
6027841,6-pak øl,110,69,2.0294117647058822,7.0
6027842,Red Bull,52,28,4.962962962962963,27.0
6027843,Luksus øl,83,36,3.8285714285714287,19.0
6027844,øl Aften,2745,80,1.7848101265822784,6.0
6027845,øl Dag,6246,140,1.0071942446043165,2.0
6027846,Sodavand,2419,142,1.0,1.0
6027847,Vand,170,83,1.6341463414634145,5.0
6027848,Irisk Kaffe,43,20,7.157894736842105,27.0
6027849,Bailey Dag,210,64,2.0793650793650795,7.0
6027850,Kaffe,808,137,1.0294117647058822,2.0
6027851,Papir,126,79,1.7820512820512822,8.0
6027852,Tilbud,4826,142,1.0,1.0
6027853,Cigaretter,537,133,1.0681818181818181,2.0
6027855,Tallisker / JD,51,18,6.411764705882353,21.0
6027856,Spiritus,691,74,1.8493150684931507,11.0
6027857,ølkort,269,48,2.893617021276596,11.0
6027858,4 cl Bitter Tilbud,1216,137,1.0220588235294117,2.0
6027860,Enkeit,155,45,2.8636363636363638,13.0
6027861,Baileys Aften,18,8,16.142857142857142,41.0
6027862,Galiano,37,9,15.125,50.0
6027863,Gl. Dansk,62,25,5.333333333333333,15.0
6027864,Shots,623,99,1.3979591836734695,4.0
6027866,Snaps,43,19,5.888888888888889,21.0
6027867,Underberg,386,74,1.8767123287671232,6.0
6027868,Underberg aften,50,12,10.818181818181818,42.0
6027874,1-Lammespyd+Tilbehør.,32,27,6.346153846153846,30.0
6027875,"2-Kylling, Kebab og Kyllingevinger+Tilbehø",32,25,7.0,22.0
6027878,5-Kebab og Kyllingespyd +Tilbehør,44,30,5.9655172413793105,28.0
6027879,6-Lammekoteletter +Tilbehør,34,29,6.142857142857143,38.0
6027880,7-Syrisk kebab +Tilbehør,41,30,5.931034482758621,17.0
6027881,8-Kylling og Kalv+Tilbehør,24,21,8.95,33.0
6027882,9-Syriske Retter +Tilbehør,157,56,3.2,13.0
6027888,"15-Kebab, Kalve,Lammes Spyd+Tilbehør",46,29,6.321428571428571,23.0
6027892,"19-Lam, Kebab og Kylling Espyd+ Tilbehør",57,36,5.057142857142857,14.0
6027893,20-Forårsruller Kød/Grøntsager,23,16,8.133333333333333,22.0
6027894,21-Crispykylling,44,28,6.111111111111111,37.0
6027896,23- Vegetar Tallerken,30,26,7.0,26.0
6027900,26-Syrisk Sambusak Kød/grønsager,31,23,8.045454545454545,42.0
6027901,27- Syrisk Kibbeh Kød/grønsager,37,29,6.107142857142857,21.0
6027902,28-Syrisk Yabrak,29,24,7.434782608695652,21.0
6027907,34-Pommes Frites,31,24,7.043478260869565,40.0
6027909,Sodavand,251,68,2.582089552238806,14.0
6027910,Alm. Vand,57,26,6.32,23.0
6027913,Alkoholfri øl,24,15,10.214285714285714,26.0
6027943,Robinhood,78,56,3.2545454545454544,10.0
6027944,Hawaii,163,92,1.989010989010989,8.0
6027946,Bella Napoli,138,86,2.0823529411764707,6.0
6027949,Antalya,107,71,2.5714285714285716,8.0
6027951,Mamma Mia,111,74,2.4383561643835616,7.0
6027952,New York,393,129,1.3984375,5.0
6027954,Kødbombe,229,108,1.6542056074766356,7.0
6027956,Sultan,85,58,2.9473684210526314,11.0
6027958,Beverly Hills,119,70,2.608695652173913,10.0
6027968,Alisa,94,69,2.661764705882353,9.0
6027973,Mix Selv,305,116,1.5739130434782609,6.0
6027974,Kurdisk Pizza,342,133,1.371212121212121,4.0
6027976,Pitabrød,136,80,2.2278481012658227,7.0
6027978,Durum,456,141,1.2857142857142858,7.0
6028086,1/2 Kylling 450gr,215,88,2.0804597701149423,7.0
6028089,Kebab Mix,144,73,2.5,8.0
6028104,Pommes Frites,350,127,1.4206349206349207,5.0
6028106,Mørbrad Steak,90,44,3.627906976744186,11.0
6028124,Kibæk Burger,198,89,2.034090909090909,7.0
6028145,Sodavand Lille,190,81,2.25,14.0
6028149,Kildevand,137,61,2.8833333333333333,16.0
6028255,Dumblings med grøntsager og kylling,7,4,46.666666666666664,91.0
6028277,Alm ølkort,51,12,7.090909090909091,18.0
6028278,Søndag mad,1,1,999.0,999.0
6028288,Tuborg Classic Mellem,296,89,1.9772727272727273,10.0
6028289,Tuborg Classic Stor,83,40,4.512820512820513,16.0
6028290,Sodavand Mellem,507,130,1.3953488372093024,6.0
6028291,Sodavand Stor,155,75,2.3513513513513513,11.0
6028294,Glas Vin,100,50,3.4081632653061225,16.0
6028308,Marinello let kort Cardigan Beige mel. #L,3,2,55.0,55.0
6028313,Reparation,60,49,3.6666666666666665,17.0
6028317,Kylling,145,69,2.5588235294117645,7.0
6028327,Banko plade,85,9,8.75,14.0
6028329,Fyraftens 50cl fadøl og 1 shot,134,38,4.891891891891892,26.0
6028338,BREEZER,8,1,999.0,999.0
6028341,Hævning af penge,9,3,1.0,1.0
6028355,Is,118,9,10.625,42.0
6028356,Frøsnapper,363,140,1.2589928057553956,6.0
6028359,Spild,7,4,8.0,14.0
6028364,60\60,82,39,4.605263157894737,21.0
6028366,40\40,189,85,2.107142857142857,7.0
6028368,Børne pizza,164,77,2.276315789473684,8.0
6028371,2 retters laks+flæskesteg,50,10,5.333333333333333,13.0
6028385,Fritz drik,76,52,3.392156862745098,19.0
6028387,Cocio halv,65,40,4.051282051282051,24.0
6028398,Tagine Mrouzia Lam,58,38,3.5405405405405403,18.0
6029352,Kogt laks på salat med purløg dressing,32,1,999.0,999.0
6029355,Rosé Flaske,4,3,60.0,114.0
6029356,Pinot Noir Flaske,4,4,40.666666666666664,116.0
6029357,Pinot Noir Glas,27,9,20.875,112.0
6029394,Krydderi,564,146,1.2275862068965517,5.0
6029408,"Smørrebrød 25,-",78,3,38.5,43.0
6029412,3 æbleskiver,36,2,4.0,4.0
6029468,Ayran,41,20,8.0,21.0
6029470,V6,9,3,10.5,20.0
6029474,HEIDE SUTSKO,13,9,14.875,38.0
6029478,"Latte, havre",404,143,1.1971830985915493,4.0
6029505,Pulled pork,155,12,12.727272727272727,64.0
6029547,Pant,55,46,3.7333333333333334,14.0
6029559,Mobilholder til bil,2,1,999.0,999.0
6029570,Roed viking 100s,158,74,2.3698630136986303,14.0
6029573,Kaffe,133,35,5.0,17.0
6029612,Musik Banko,4,1,999.0,999.0
6029636,Mad billeter,18,2,6.0,6.0
6029668,Shots,73,16,10.733333333333333,39.0
6029684,Unspecified,64,29,1.6785714285714286,5.0
6029710,BB Burger,69,33,5.46875,20.0
6029714,Julebord,131,7,4.333333333333333,7.0
6029718,Stor isvand,53,35,4.9411764705882355,14.0
6029719,Teater menu,134,37,4.694444444444445,21.0
6029726,Dessertvin,171,31,5.566666666666666,14.0
6029727,Mango Nectar,20,14,8.0,27.0
6029744,Julefrokost,76,3,20.5,21.0
6029785,Snaps,53,1,999.0,999.0
6029838,Unspecified,34,14,4.076923076923077,17.0
6029863,Irsk kaffe,119,24,3.130434782608696,11.0
6029898,Strawberry smoothie,4,4,6.0,8.0
6029899,Mango smoothie,2,2,5.0,5.0
6029900,Exotic smoothie,4,4,10.0,16.0
6029901,Tropical Twist Smoothie,2,2,1.0,1.0
6029902,Strawberry Smoothie,2,2,3.0,3.0
6029906,Vanille,5,5,6.0,12.0
6029907,Chokolade,7,7,5.833333333333333,11.0
6029909,Pistacie,3,3,4.5,8.0
6029911,Hindbær Sorbet,2,2,24.0,24.0
6029912,Jordbær,7,5,5.0,9.0
6029914,Oreo,29,16,2.6666666666666665,9.0
6029918,Espresso,7,5,9.0,13.0
6029919,Cappuccino,6,4,9.0,15.0
6029920,Spacy chai latte,4,3,6.0,8.0
6029925,"Coca - Cola 0,33 l",17,9,4.375,14.0
6029926,"Faxe Kondi 0,33 l",10,7,4.833333333333333,7.0
6029927,"Fanta Orange 0,33 l",3,3,9.5,18.0
6029928,Gazoz,3,3,9.5,17.0
6029931,"Pepsi Max 0,33 l",12,6,4.8,11.0
6030192,Vegetar,38,32,5.193548387096774,39.0
6030193,Tofu,20,19,9.11111111111111,19.0
6030194,Kylling,563,146,1.2,4.0
6030195,Oksekød,166,97,1.8125,6.0
6030196,Rejer,49,35,4.970588235294118,15.0
6030197,And,26,23,7.181818181818182,17.0
6030198,Lam,1,1,999.0,999.0
6030199,Autentiske Retter,54,35,4.588235294117647,16.0
6030200,Poser,224,121,1.45,6.0
6030201,"Forret, Sup & Børn",238,106,1.6571428571428573,6.0
6030202,Frokost Tilbud,23,15,11.428571428571429,51.0
6030204,Rejechips,34,32,4.935483870967742,17.0
6030205,Poser,3,3,23.5,32.0
6030206,Ekstra Kød,39,35,4.970588235294118,21.0
6030207,Jasminris,21,20,8.842105263157896,27.0
6030208,Ekstra Gronsager,36,18,9.647058823529411,28.0
6030209,Forarsuller,2,1,999.0,999.0
6030210,StegteRis,4,4,38.0,45.0
6030211,Cashew,9,8,13.0,44.0
6030213,StegteNudler,1,1,999.0,999.0
6030215,Ekstra æg,1,1,999.0,999.0
6030216,Ekstra Topping,2,2,69.0,69.0
6030220,Dåse Sodavand,41,26,6.64,31.0
6030221,Vand,3,3,34.0,49.0
6030222,Personale Drikkevarer,1,1,999.0,999.0
6030229,Studenterøl,140,28,6.333333333333333,21.0
6030248,Æblekage,49,15,6.857142857142857,30.0
6030263,Pino Dolcel 2023,25,18,9.411764705882353,42.0
6030280,GRAESKAR,13,5,1.25,2.0
6030281,BLYANT (depositum),23,6,1.0,1.0
6030283,Vand,3919,163,1.0679012345679013,4.0
6030286,Pepsi Max,793,123,1.4098360655737705,8.0
6030287,Faxe Kondi,707,134,1.300751879699248,6.0
6030292,"Kakao Skummetmælk 0,5%",689,142,1.2198581560283688,3.0
6030321,Pringles Sour Cream,400,106,1.6285714285714286,6.0
6030340,Mayo,494,147,1.1849315068493151,3.0
6030370,Valby,4,4,31.333333333333332,44.0
6030371,KBH og omegn,11,10,16.666666666666668,89.0
6030377,KOMBI-BILLET - unge+skat+graeskar,10,5,1.25,2.0
6030378,KOMBI-BILLET - barn+skat,33,7,1.0,1.0
6030381,DIVERSE genstande,73,6,9.6,40.0
6030386,1 liter alm øl,44,1,999.0,999.0
6030389,Sodavand,426,9,5.125,34.0
6030405,Winston Red 100s,220,86,1.8588235294117648,13.0
6030473,Prince Rod,208,94,1.7634408602150538,7.0
6030494,Fersk Fisk,6609,105,1.5576923076923077,17.0
6030495,Røget Fisk,1502,105,1.5576923076923077,17.0
6030496,Salater,3360,105,1.5576923076923077,17.0
6030497,Diverse,3402,105,1.6346153846153846,17.0
6030498,Selskabspakke,90,2,4.0,4.0
6030552,Winston Blue 100s,127,67,2.4545454545454546,9.0
6030614,Oksekød el. Kylling,114,69,2.2941176470588234,11.0
6030621,Taqultos med Kylling 2 stk,9,7,17.666666666666668,28.0
6030625,Oksekød / Kylling,500,135,1.2014925373134329,4.0
6030626,Vegatar,48,33,4.59375,20.0
6030627,Chilli Verde (Kalvekød),53,39,4.157894736842105,18.0
6030628,Burrito Chill Con Carne,29,26,6.08,27.0
6030629,"Få Din Burrito ""Smothered""",262,103,1.5784313725490196,5.0
6030633,Taco Tuesday,20,17,8.75,21.0
6030634,Okekød el. Kylling,86,45,3.477272727272727,11.0
6030639,Oksekød el Kylling,22,16,8.8,43.0
6030640,Tortilla Chips,40,30,5.241379310344827,22.0
6030641,Cheddar Chili Cheese Tops (5 stk),9,9,18.875,47.0
6030645,Chili Con Carne,40,31,5.366666666666666,24.0
6030647,Mix Box,11,11,13.3,41.0
6030648,Gucamole,304,109,1.462962962962963,5.0
6030649,Pico de Gallo,16,15,7.5,13.0
6030650,Alm Tomatsauce,25,20,8.157894736842104,26.0
6030651,Steak Salsa,21,17,8.5,36.0
6030652,Crme Fraiche,68,49,3.0208333333333335,12.0
6030654,The Taco Shops - Oksekød el. Kylling,148,79,2.076923076923077,7.0
6030655,The Taco Shops - Vegatar,11,11,13.9,23.0
6030658,Original Quesadilla Oksekød el. Kylling,34,26,5.88,18.0
6030660,Nachos med Ost,38,29,5.607142857142857,25.0
6030661,Super Nachos,57,42,3.8048780487804876,12.0
6030662,Nachos med Oksekød el Kylling,187,104,1.5728155339805825,7.0
6030664,Roast Chunk Beef,36,29,5.285714285714286,18.0
6030665,Anbefalet af The Taco Shop,19,14,10.384615384615385,31.0
6030666,Mix & Match,30,21,7.7,31.0
6030678,Scott Free Vest,3,3,29.5,58.0
6030685,Indgang sjov,43,3,13.0,20.0
6030686,Winston red,274,87,1.930232558139535,34.0
6030879,Haribo Push Up,706,131,1.3,6.0
6030882,Gajol,148,31,5.566666666666666,28.0
6030949,Unspecified,657,117,1.3793103448275863,26.0
6030986,M1,280,94,1.7956989247311828,6.0
6031001,Pommes Frites (V),1967,88,1.528735632183908,46.0
6031020,Kings Gul,103,60,2.7966101694915255,15.0
6031027,Camel shift,180,77,2.210526315789474,28.0
6031059,Pepsi max glass,352,48,1.0212765957446808,2.0
6031080,Med vin,4,3,31.5,50.0
6031091,Uden vin,5,4,28.333333333333332,77.0
6031200,Amigo 2/3,435,75,2.27027027027027,14.0
6031204,Laks 2/3,94,41,4.075,15.0
6031206,Potato 2/3,82,42,4.097560975609756,19.0
6031207,Kingfisher Draft Beer (indisk beer) Lille,39,22,3.6666666666666665,13.0
6031208,Spansk Serano 2/3,157,61,2.8,26.0
6031209,Kingfisher Draft Beer (indisk beer) Stor,51,23,3.8636363636363638,15.0
6031210,Sjus,3518,118,1.435897435897436,9.0
6031211,Ham 2/3,77,34,5.0606060606060606,21.0
6031212,Chicken 2/3,210,53,3.2115384615384617,13.0
6031213,Kebab 2/3,70,31,5.566666666666666,21.0
6031214,Veggie 2/3,99,42,4.073170731707317,20.0
6031215,Laks 2/3,101,40,4.128205128205129,14.0
6031219,3 stk. MINIPANDEKAGER - 1,93,32,5.193548387096774,19.0
6031226,1/1 terra kama,31,20,7.7894736842105265,27.0
6031228,Diverse,38,19,4.222222222222222,14.0
6031286,Kyllingeomelet,103,54,2.509433962264151,16.0
6031295,Mild Ost,99,46,3.3777777777777778,28.0
6031299,Æg og Rejer,172,67,2.015151515151515,10.0
6031301,Høns,115,56,2.418181818181818,19.0
6031303,Fiskefilet,160,67,2.015151515151515,12.0
6031305,Kartoffel,95,47,2.8260869565217392,35.0
6031306,Roastbeef🥩,106,50,2.5918367346938775,23.0
6031308,Laks og Avocado,128,66,2.046153846153846,19.0
6031338,Crossant,111,65,1.734375,5.0
6031344,Æble TÆrte,93,51,2.64,19.0
6031354,Sodavand🥤,866,120,1.1176470588235294,3.0
6031355,Hyldeblomt,106,62,2.1475409836065573,7.0
6031357,Hyldeblomt med Brus,101,63,2.1129032258064515,6.0
6031363,Egekilde med Brus & Citron,114,63,2.1451612903225805,8.0
6031373,Juice 50cl,135,68,1.9253731343283582,6.0
6031376,Filterkaffe,362,104,1.2912621359223302,6.0
6031377,Americano,142,67,2.0,9.0
6031379,Cafe Latte,433,119,1.1271186440677967,3.0
6031381,Cappuccino,333,108,1.2429906542056075,3.0
6031388,Chai Latte,111,70,1.9275362318840579,9.0
6031390,Varm Kakao m/u Fløde,135,56,1.3818181818181818,4.0
6031407,Royal Classic👑🍺,414,98,1.3711340206185567,6.0
6031409,Schiøtz Mørk Mumme⚫🍺,245,74,1.8082191780821917,14.0
6031447,Chardonnay Casa Myor🥂,176,65,2.078125,10.0
6031514,Bread & Cheese,82,55,2.8333333333333335,11.0
6031559,Espresso,221,85,1.880952380952381,9.0
6031560,Americano,404,126,1.256,4.0
6031561,Latte,488,136,1.1703703703703703,3.0
6031562,Cappuccino,709,142,1.1205673758865249,3.0
6031565,Herbal Tea,61,38,4.108108108108108,15.0
6031566,Matcha Latte,129,74,2.095890410958904,12.0
6031568,Hot Chocolate,385,109,1.4259259259259258,5.0
6031573,Diverse,128,38,4.378378378378378,35.0
6031574,Smagstallerken,38,6,28.2,107.0
6031579,Vin,43,23,7.2727272727272725,39.0
6031582,Marmelade,74,29,5.714285714285714,49.0
6031583,"Vinaigrette, Olie",33,17,9.125,84.0
6031584,Diverse Madvarer,34,14,12.307692307692308,50.0
6031585,Pate,26,13,11.583333333333334,76.0
6031586,Tapenade,29,17,9.625,50.0
6031587,Hudpleje,7,4,14.0,14.0
6031588,Sæbe,28,17,9.1875,41.0
6031589,Glas,4,2,43.0,43.0
6031590,Keramik,33,11,14.0,84.0
6031591,Krukker,12,7,21.166666666666668,111.0
6031592,"Kager, Småkager",14,7,27.0,112.0
6031594,Jernvarer,8,6,12.4,27.0
6031595,Julevarer,109,23,2.3181818181818183,6.0
6031596,Puder,6,4,9.666666666666666,22.0
6031758,Blaa kings,208,83,2.024390243902439,15.0
6031766,Dr Pepper Original vanilla,45,17,9.6875,28.0
6031767,Takis Fuego,44,35,4.323529411764706,17.0
6031769,Prince org 100,70,30,4.896551724137931,24.0
6031780,10 Slush ice shots,2,1,999.0,999.0
6031783,Fransk nougat,7,6,9.8,26.0
6031784,Calisson,4,4,13.333333333333334,33.0
6031785,Montdorines,5,5,34.75,117.0
6031787,Frugtkugler,34,21,7.45,39.0
6031788,Frugtkugler glutenfri,4,3,20.5,28.0
6031794,Dagens Fisk,36,12,3.909090909090909,13.0
6031809,Fadøl mythos lille,109,62,2.737704918032787,26.0
6031817,Seans collins,112,35,4.764705882352941,14.0
6031823,Taquitos,180,75,2.175675675675676,14.0
6031824,Choco Diablo,40,26,5.88,41.0
6031872,Chips,23,19,9.055555555555555,50.0
6031873,Vin,45,37,4.194444444444445,14.0
6031874,Kage,8,5,22.25,74.0
6031875,Stjernekaster,18,7,26.833333333333332,120.0
6031881,Krydderier,162,87,1.8372093023255813,9.0
6031883,Drink 2 cl,173,27,2.769230769230769,12.0
6031884,10shots,67,16,4.8,11.0
6031885,Flaske øl,1021,57,1.2857142857142858,5.0
6031892,Prince rød hb,103,66,2.230769230769231,7.0
6031932,Dame Klip og Føn,9,8,17.428571428571427,46.0
6031933,Dame Klip og Let Føn,3,3,51.0,96.0
6031934,Dame Klip og Vask,1,1,999.0,999.0
6031935,Dame Vask og Føn,3,3,24.0,45.0
6031936,Herre Klip,6,6,27.4,49.0
6031937,Børne Klip,7,6,14.0,24.0
6031939,Farve Langt Hår,3,2,144.0,144.0
6031942,Bryn Farve,2,2,89.0,89.0
6031947,Manicure,1,1,999.0,999.0
6031981,Dækkeservietter,17,6,21.4,77.0
6031983,Beklædning voksne,4,3,67.0,92.0
6031984,Diverse,29,14,4.769230769230769,15.0
6031992,Mandler,8,6,9.8,14.0
6031996,Wiibroe,102,10,16.333333333333332,104.0
6032002,Alm Pepsi,93,8,4.0,7.0
6032003,Pepsi max,268,10,3.2222222222222223,6.0
6032006,Faxe Kondi,147,10,3.2222222222222223,6.0
6032008,Saft/sodavand,57,11,14.0,46.0
6032013,Småkager,15,13,12.833333333333334,75.0
6032018,Småkager 3-pak,4,4,47.333333333333336,90.0
6032024,Vin lille flaske,16,13,13.583333333333334,31.0
6032034,Popcorn,1421,33,5.0,48.0
6032040,Classic,95,10,3.2222222222222223,6.0
6032044,Gavekort,3,3,49.5,70.0
6032046,Faxe Kondi Free,419,115,1.4473684210526316,7.0
6032054,Dagens ret,111,7,23.333333333333332,63.0
6032055,Dagens ret,39,5,32.25,91.0
6032066,Unspecified,8,8,17.714285714285715,84.0
6032091,3 cones,45,32,5.161290322580645,30.0
6032113,Kulsyrepatron,591,131,1.2538461538461538,3.0
6032114,Ris,34,27,5.846153846153846,38.0
6032167,Unspecified,4,4,15.0,25.0
6032180,extra bread,1,1,999.0,999.0
6032263,Buket,506,106,1.542857142857143,5.0
6032267,Begravelse,63,45,3.5454545454545454,12.0
6032271,Brugskunst,120,49,3.3541666666666665,19.0
6032272,Chokolade,11,8,20.857142857142858,49.0
6032277,Planter,256,84,1.9518072289156627,7.0
6032311,Kort,19,17,8.875,31.0
6032312,Dekorationer,251,83,1.9634146341463414,9.0
6032313,Afskåret,82,42,3.8536585365853657,15.0
6032386,Kings gul,119,68,2.417910447761194,11.0
6032404,Hår spidser,1,1,999.0,999.0
6032423,Hår vask,7,7,23.0,50.0
6032464,Baguette Sandwich Stor Mørk,72,38,4.054054054054054,17.0
6032465,Baguette Sandwich Stor Lys,135,58,2.807017543859649,23.0
6032466,Lys eller Mørk Landstykke,77,44,3.7209302325581395,14.0
6032467,Chili eller Urtestykke Sandwich,182,84,1.8795180722891567,7.0
6032472,Pitabrød,115,59,2.7586206896551726,8.0
6032473,Shawarma Durum,147,78,2.090909090909091,13.0
6032506,Gavekort,5,5,22.75,61.0
6032515,Nødder,153,82,1.962962962962963,9.0
6032519,Unspecified,288,110,1.3761467889908257,9.0
6032542,Prince rød blød,153,64,2.5396825396825395,8.0
6032591,Negle 200,85,43,3.238095238095238,20.0
6032592,Negle 250,66,49,2.4583333333333335,13.0
6032593,Negle 300,150,75,1.7837837837837838,9.0
6032594,Negle 350,259,108,1.3644859813084111,7.0
6032595,Negle 400,88,59,2.396551724137931,7.0
6032596,Negle 450,224,108,1.4018691588785046,9.0
6032597,Negle 500,40,35,4.411764705882353,23.0
6032598,Negle 520,1,1,999.0,999.0
6032599,Negle 550,22,20,6.842105263157895,39.0
6032600,Negle 600,5,5,21.25,54.0
6032601,Pedikyr 300,2,1,999.0,999.0
6032602,Pedikyr 350,3,3,16.0,21.0
6032603,Pedikyr 400,1,1,999.0,999.0
6032604,Pedikyr 420,1,1,999.0,999.0
6032605,Pedikyr 450,2,2,107.0,107.0
6032609,Diverse 50,3,3,34.0,45.0
6032610,Diverse 100,3,3,25.0,28.0
6032612,Diverse 180,3,3,62.0,68.0
6032613,Diverse 200,1,1,999.0,999.0
6032624,Broderi,8,8,16.285714285714285,43.0
6032630,Spirens signatur brød,3,1,999.0,999.0
6032663,French Fries,53,43,3.1904761904761907,17.0
6032664,Chili Cheese Loaded Fries,11,10,11.777777777777779,34.0
6032668,Mayo,14,9,12.875,41.0
6032675,Basilico Dip,15,11,10.4,46.0
6032677,Classic Cheese Burger,11,10,15.11111111111111,36.0
6032679,Bacon Crisp Double Cheese Cheddar Melt Burger,18,12,9.818181818181818,29.0
6032683,Margherita,29,22,5.238095238095238,19.0
6032684,Prosciutto,23,22,5.809523809523809,23.0
6032685,Cotto e Funghi,16,14,10.0,59.0
6032686,Calabrese,18,15,9.071428571428571,21.0
6032687,Hawaii,11,11,11.2,27.0
6032688,Calzone,16,14,8.23076923076923,24.0
6032689,Capricciose,21,20,6.473684210526316,28.0
6032693,Parma,19,18,8.235294117647058,32.0
6032694,Nduja,12,12,11.454545454545455,46.0
6032697,Patate,12,11,12.3,34.0
6032700,Patate e Salsiccia,18,15,9.5,36.0
6032704,Pepperoni,53,39,3.473684210526316,17.0
6032709,Kebabpizza,43,36,3.8285714285714287,17.0
6032710,Italiana,13,13,9.583333333333334,20.0
6032711,Kylling e Bacon,28,24,5.6521739130434785,32.0
6032712,Fantastica,13,11,11.4,38.0
6032713,Meat Lovers,25,22,6.285714285714286,21.0
6032720,b. Durum Kebab,21,16,8.333333333333334,49.0
6032726,Nuggets (5 stk.),12,9,7.75,19.0
6032727,Børnepizza,15,11,9.8,32.0
6032728,"Sodavand (0,33 l)",73,44,3.2790697674418605,19.0
6032859,Tilbud drinks enkelt,36,6,6.0,15.0
6032862,Tilbud drinks Double,28,6,3.0,7.0
6032886,Vinmenu,111,42,3.6097560975609757,14.0
6032888,Marcipan juletræ,17,7,14.166666666666666,56.0
6032889,Æblekage,26,15,10.428571428571429,34.0
6032901,Sartoris Marani Bianco Veronese 6 fl.,80,15,3.357142857142857,7.0
6032905,Chips Lille,55,29,2.107142857142857,5.0
6032908,"Breezer, mokai, Smirnoff",48,4,39.666666666666664,56.0
6032909,Øl - dåse -  HKL/SIF,117,5,29.75,63.0
6032996,Unspecified,39,24,6.521739130434782,82.0
6033021,Jule Te 100g,104,27,2.423076923076923,11.0
6033060,Château Lacroix Cuvée Tradition Organic 6 fl.,36,8,4.285714285714286,12.0
6033090,Farvekort,6,3,17.5,28.0
6033104,Unspecified,743,66,1.0307692307692307,2.0
6033135,Unspecified,1,1,999.0,999.0
6033152,Durum Mix(Sh+kyll),545,146,1.103448275862069,2.0
6033182,Sodavand/Øl/Cider,15,4,51.666666666666664,84.0
6033185,10 tur øl,4,1,999.0,999.0
6033186,10 tur cider/sodavand,7,2,84.0,84.0
6033197,10 shots,4,1,999.0,999.0
6033199,Kaffe,224,3,50.0,99.0
6033206,Rød viking 100s,108,53,2.923076923076923,11.0
6033210,Æske med 4 romkugler,15,13,10.833333333333334,35.0
6033219,Indpakning,1046,65,2.328125,20.0
6033221,"Flora & Evergreen, lakridspibe sød",7,6,25.2,63.0
6033222,Store kort,25,24,6.695652173913044,32.0
6033223,Små kort,86,58,2.7017543859649122,18.0
6033224,Karameller Brombær,1,1,999.0,999.0
6033226,Flødechokolademandler i grøn karton,1,1,999.0,999.0
6033228,Bårebuket,108,69,2.25,9.0
6033229,Hjerte,5,5,20.0,37.0
6033230,Bånd med tekst,3,2,32.0,32.0
6033231,Irsk kaffe,61,12,14.363636363636363,43.0
6033237,Tyrisk,95,44,3.6744186046511627,13.0
6033240,Croissant,134,66,2.0153846153846153,18.0
6033241,Croissant chokolade,95,43,2.3333333333333335,12.0
6033247,Kanelsnegl,124,61,2.6333333333333333,22.0
6033248,Kardemommesnurre,88,43,2.1666666666666665,19.0
6033249,Spandauer m. Vanilje,94,52,3.0784313725490198,40.0
6033252,Muffin,76,41,3.9,26.0
6033261,Coffee black,77,7,2.3333333333333335,4.0
6033262,Coffee w milk,73,9,1.875,4.0
6033263,Chai,14,5,22.75,83.0
6033266,Nr. 11 Pad Pak Ruam kylling (Stegte grøntsager),18,13,6.0,13.0
6033267,Nr. 11 Pad Pak Ruam Rejer (Stegte grøntsager),15,13,4.916666666666667,13.0
6033270,Kinder Bueno,38,35,4.588235294117647,21.0
6033282,Flat white,317,110,1.4495412844036697,7.0
6033325,2 Vesuvip,118,52,1.3137254901960784,4.0
6033326,3 Hawaii,105,51,1.34,3.0
6033330,7 Lazio,187,58,1.1754385964912282,3.0
6033331,7A Arda,335,63,1.0806451612903225,2.0
6033342,17. Bon Apetit,83,42,1.6341463414634145,5.0
6033346,21. Neptun,108,51,1.32,3.0
6033347,22. Margherita,123,52,1.3137254901960784,3.0
6033355,135. Søren,128,56,1.2181818181818183,3.0
6033360,24. Calzone,83,45,1.5,4.0
6033373,35. Kebab,491,65,1.046875,2.0
6033377,39. Kylling,102,48,1.425531914893617,5.0
6033393,41. Kebab Pizza Sandwich,97,41,1.65,5.0
6033401,48 Kebab Durum Rulle,407,64,1.0634920634920635,3.0
6033402,48 A. Kebab & Kylling Durum Rulle,122,58,1.1578947368421053,2.0
6033406,52 Kylling Durum Rulle,73,40,1.6923076923076923,5.0
6033409,56 Kylling Pitabrød,116,48,1.425531914893617,5.0
6033410,57 Falafel Pitabrød,90,46,1.4666666666666666,5.0
6033412,60 Kebab Pitabrød,689,66,1.0307692307692307,2.0
6033413,60A  Kebab & Kylling Pitabrød,101,49,1.3958333333333333,5.0
6033420,74. Cheese Okse Burger,120,48,1.4042553191489362,5.0
6033421,75. Bacon Cheese Okse Burger,131,45,1.5,7.0
6033422,76. Lille Pommes frites,382,65,1.046875,2.0
6033423,77. Stor Pommes Frites,491,63,1.0806451612903225,2.0
6033426,80. Kebab Box,143,59,1.1551724137931034,3.0
6033435,89. Pizza,87,45,1.5,4.0
6033444,103. 1/2 Kylling,97,48,1.4042553191489362,4.0
6033462,3. Dåse,418,63,1.0806451612903225,2.0
6033467,3. Okse Burger Menu,93,45,1.4772727272727273,4.0
603347,Sandwich,562,86,2.0588235294117645,18.0
603350,Bagel Sandwich,1614,95,1.8191489361702127,18.0
603353,Tyggegummi,901,93,1.8478260869565217,17.0
603354,Slushice Lille,8155,101,1.75,17.0
6033561,Lovpligtig bæreposeafgift,930,57,2.25,49.0
6033566,2 Smørbrød tilbud,243,52,1.411764705882353,14.0
603357,Bolle med smør,1801,88,1.7011494252873562,18.0
6033570,Kage + kaffe tilbud,307,79,1.3333333333333333,7.0
603358,Frugt,479,80,2.1645569620253164,18.0
603359,Dagens Ret,252,44,3.744186046511628,42.0
6033597,Unspecified,2,2,7.0,7.0
603361,Focaccia,335,53,3.2115384615384617,20.0
603362,Kage/Choko Bar,226,53,3.25,21.0
603363,Sodavand,1055,67,2.4696969696969697,33.0
603366,Vitamin Drik,122,46,3.8,27.0
6033667,Herreklip,778,130,1.2015503875968991,4.0
6033668,Dameklip,7,7,21.833333333333332,47.0
6033669,Pensionistklip,10,10,16.333333333333332,42.0
6033670,Børneklip,16,12,12.181818181818182,51.0
6033672,Farve bryn/vipper,2,2,3.0,3.0
6033673,Produkt,10,10,11.222222222222221,42.0
603368,Ice Tea,542,69,2.3970588235294117,25.0
6033686,Unspecified,90,40,3.6153846153846154,18.0
603369,Scones,308,57,3.0357142857142856,25.0
6033694,Herreklip,674,119,1.3135593220338984,12.0
6033695,Dameklip,19,14,9.615384615384615,19.0
6033702,Bolle m. smør og ost,18,6,22.4,56.0
603371,Kaffe,90,35,4.588235294117647,35.0
603372,Te,185,61,2.8,41.0
603373,Slikkepind,226,57,3.0535714285714284,20.0
6033735,Æbleskiver,696,50,1.183673469387755,5.0
6033736,Julekager,56,25,1.8333333333333333,7.0
6033737,Chokoladecookie,26,15,3.5,12.0
603374,Kiks,78,35,4.352941176470588,26.0
6033742,Gløgg,945,50,1.0816326530612246,4.0
6033753,Kildevand,125,40,3.9743589743589745,67.0
6033754,Juice,45,24,6.565217391304348,81.0
6033755,Fadøl,141,26,5.8,92.0
6033756,Specialøl,130,27,5.0,76.0
6033757,Alkoholfri øl,22,15,11.071428571428571,84.0
6033758,Vin Glas,35,20,7.842105263157895,83.0
6033765,Varm Kakao,934,59,2.689655172413793,67.0
6033766,Kaffe/Te Kop,195,51,3.04,59.0
603377,Bagels,61,32,4.935483870967742,27.0
6033773,Sodavand,251,55,2.888888888888889,59.0
6033774,Sodavand 2 stk.,53,25,6.416666666666667,82.0
6033779,Risalamande,55,21,2.15,7.0
603378,Bagels med Creme,415,78,2.220779220779221,18.0
6033787,Toast,182,66,2.353846153846154,7.0
6033796,Levering,3,3,28.0,42.0
603380,Tattoo,22,21,8.65,28.0
6033803,Prince ORG Blød,151,59,2.5689655172413794,26.0
603381,Tattoo (Uden Moms),15,14,13.461538461538462,48.0
6033812,Flying Zebra glas,38,20,7.105263157894737,27.0
6033814,Hvidvin Correcto glas,36,17,8.5625,27.0
6033815,Haut Marin glas,77,27,5.461538461538462,25.0
6033816,Horgelus glas,23,9,15.0,42.0
6033819,2 retter,297,57,2.6964285714285716,11.0
603382,Piercing,9,9,17.75,46.0
6033828,EYZ Protect,85,38,2.675675675675676,18.0
603383,Deposit,1,1,999.0,999.0
603384,Jewelry (Smykker),3,3,56.0,96.0
603385,Gift Card,5,5,11.5,29.0
603386,Artwork (Merchandise),1,1,999.0,999.0
6033956,Hylo Dual Intense,42,26,3.96,18.0
6033957,Hylo EvoTears,5,4,24.333333333333332,40.0
6033958,Hylo Night,16,16,7.533333333333333,26.0
6033960,MediPearl øjenmaske,99,51,2.32,17.0
6033961,EYZ Clean,128,56,2.1818181818181817,17.0
6033962,Prince org hård,91,52,2.7058823529411766,13.0
6033978,Frokost stykker,1337,90,1.7415730337078652,18.0
6033981,Frokost stykker fisk,160,50,3.1020408163265305,26.0
6033982,Luksus smørrebrød,160,37,4.25,19.0
6033984,Luksus smørrebrød fisk,51,21,7.15,21.0
6033997,EYZ Protect,82,41,3.025,18.0
6033998,Hylo Dual Intense,17,13,9.583333333333334,29.0
6034000,Udeblivelsesgebyr,1,1,999.0,999.0
6034001,Kørekortsudtalelse,2,2,7.0,7.0
6034004,Konsultation,1,1,999.0,999.0
6034006,Tillæg for scanning,1,1,999.0,999.0
6034010,Baconburger,33,26,6.16,20.0
6034013,Bagel,207,28,5.37037037037037,39.0
6034014,Cheeseburger,48,32,4.741935483870968,24.0
6034015,Bagel 15,2062,85,1.7738095238095237,18.0
6034016,Dagens ret,1016,57,2.642857142857143,25.0
6034017,Dobbelt Cheeseburger,35,26,5.8,14.0
6034018,Bacon Cheeseburger,46,35,4.352941176470588,13.0
6034019,a. Kylling Burger,40,25,6.375,20.0
6034020,Dobbel Bacon Cheeseburger,33,23,6.7727272727272725,27.0
6034022,Katoffel kop,2993,83,1.8170731707317074,18.0
6034029,Vitamin well,670,84,1.783132530120482,18.0
6034041,Kebab / Pepperoni Salat Pizza 1,35,29,5.25,25.0
6034042,Focaccia,1172,74,2.041095890410959,19.0
6034044,Kebab Salat Pizza,154,74,2.095890410958904,11.0
6034051,Capri-sun,389,79,1.8846153846153846,18.0
6034052,Suntop,187,58,2.56140350877193,18.0
6034077,Varersalg,7,3,3.5,5.0
6034084,1 kop kaffe,154,56,2.709090909090909,17.0
6034085,EVENTPRIS 1 kop kaffe,22,9,18.875,84.0
6034089,1 kop kakao,62,32,3.3225806451612905,14.0
6034129,Ayran,7,5,7.5,12.0
6034279,Juleplatte,473,27,2.576923076923077,9.0
6034286,Efterårs æblekage,17,1,999.0,999.0
6034299,Permanent,20,19,6.777777777777778,21.0
6034301,Børneklip,11,11,12.2,54.0
6034302,Salg,14,13,6.75,22.0
6034303,Herreklip,141,67,1.8484848484848484,7.0
6034304,Dameklip,213,73,1.7083333333333333,6.0
6034305,Farve,47,36,3.4,14.0
6034375,Glas vand,12,9,18.375,35.0
6034377,Flaske vand,1,1,999.0,999.0
6034379,Terre di kame glas,48,20,7.473684210526316,21.0
6034397,"Mynthethe Lille Kande, 1 Person",74,35,3.2058823529411766,7.0
6034398,Mynthethe Stor Kande,64,36,3.085714285714286,8.0
6034413,Personalevand,34,15,3.0,5.0
6034416,Behandling,34,7,1.3333333333333333,2.0
6034419,Bagel,58,13,7.833333333333333,33.0
6034424,Durum kebab,215,2,1.0,1.0
6034425,Pitabrød kebab,108,2,1.0,1.0
6034430,Durum kylling,43,2,1.0,1.0
6034443,"Spilleje, Pr. Dag",2373,120,1.218487394957983,3.0
6034444,"Spilleje, årskort",99,47,2.9130434782608696,10.0
6034445,"Entre, Event",80,5,31.5,70.0
6034447,Americano,271,92,1.5934065934065933,4.0
6034448,Cafe Latte,300,106,1.380952380952381,4.0
6034449,Cappuccino,264,90,1.6292134831460674,5.0
6034450,Varm Chocolade,587,109,1.3425925925925926,3.0
6034451,Chai Latte,148,67,2.1666666666666665,6.0
6034452,Te,93,54,2.7358490566037736,12.0
6034453,Mirinda Lemon 40cl,140,58,2.543859649122807,9.0
6034455,Hancock Sportcola,183,66,2.2153846153846155,6.0
6034466,Odense Classic,571,96,1.5368421052631578,5.0
6034467,Royal Blanche,230,64,2.3015873015873014,7.0
6034468,Schiøtz Mørk Mumme,149,61,2.4166666666666665,12.0
6034469,Anarkist IPA,201,65,2.25,6.0
6034470,Anarkist BLW,142,61,2.4166666666666665,8.0
6034471,Albani Rødhætte,78,38,3.8378378378378377,24.0
6034472,Pommes Frites m. Dip,304,90,1.6292134831460674,5.0
6034473,Snack Kurv m. Dip,167,76,1.9333333333333333,9.0
6034475,Nachos m. Kylling & Dip,156,72,2.0422535211267605,6.0
6034476,Parisertoast,164,69,2.1323529411764706,13.0
6034483,Popcorn,225,86,1.7058823529411764,5.0
6034488,Pomfritter,1131,124,1.2357723577235773,4.0
6034507,Buket,911,88,1.4482758620689655,12.0
6034511,Vin Glas,43,23,6.636363636363637,28.0
6034552,Kande vand,160,62,1.7868852459016393,7.0
6034556,Cortado,92,48,3.106382978723404,12.0
6034557,Haut Marin,31,20,7.157894736842105,54.0
6034560,Portvin,27,10,13.11111111111111,28.0
6034622,Caffe Latte,6,5,9.0,24.0
6034624,Kildevand 0.5l,13,9,4.375,17.0
6034626,Dubai Strawberry,98,30,1.4137931034482758,5.0
6034681,Klassiske Pandekager,3,2,21.0,21.0
6034682,MiniPandekager (15 stk.),24,15,2.4285714285714284,7.0
6034689,Alm vand,104,9,3.625,7.0
6034691,Æbleskiver,661,10,3.2222222222222223,6.0
6034692,Gløgg,322,10,3.2222222222222223,6.0
6034693,Jordbærkage,104,10,3.2222222222222223,6.0
6034694,Chokolade kage,120,10,3.2222222222222223,6.0
6034696,Varm kakao MED FLØDESKUM,448,10,3.2222222222222223,6.0
6034697,Kaffe,321,10,3.2222222222222223,6.0
6034700,PG julepynt,69,30,4.827586206896552,25.0
6034719,Tex Mex Oksekød Taco,144,53,2.8076923076923075,15.0
6034720,Tex Mex Chili Taco,72,36,4.171428571428572,18.0
6034721,Underberg,92,16,3.3333333333333335,8.0
6034722,Tex Mex Kylling Taco,135,56,2.618181818181818,14.0
6034724,Pink Oksekød Taco,65,33,4.03125,25.0
6034726,Pink Kylling Taco,44,32,4.580645161290323,16.0
6034727,Tex Mex Oksekød Quesadilla,82,49,3.0416666666666665,13.0
6034729,Tex Mex Kylling Quesadilla,68,42,3.5609756097560976,15.0
6034730,Tex Mex Oksekød Burrito,106,55,2.6296296296296298,12.0
6034731,Tex Mex Chili Burrito,28,23,6.545454545454546,19.0
6034732,Tex Mex Kylling Burrito,89,55,2.7037037037037037,13.0
6034733,Mex Churros,40,22,6.904761904761905,29.0
6034742,Glög,327,46,1.288888888888889,4.0
6034743,Julebordet,42,8,4.285714285714286,7.0
6034747,Februar tilbudt lam,121,49,3.1666666666666665,24.0
6034750,Cocio,2,1,999.0,999.0
6034752,Toast m. skinke og ost,10,1,999.0,999.0
6034753,Fransk Hotdog,15,1,999.0,999.0
6034754,Pommes,2,2,139.0,139.0
6034755,Jumbotoast m. Kylling og pesto,2,1,999.0,999.0
6034757,Vand,100,56,2.5454545454545454,13.0
6034758,Kombucha,83,53,2.923076923076923,14.0
6034803,Bagel,254,36,1.1714285714285715,2.0
6034804,Bagel,127,30,1.3448275862068966,3.0
6034806,Sandwich,8,4,9.0,23.0
6034807,Sandwich,62,24,1.7826086956521738,4.0
6034819,Yacout Sardines,62,21,7.0,22.0
6034921,Herreklip,232,51,2.96,38.0
6034922,Dameklip,211,50,3.0408163265306123,70.0
6034923,Børneklipning,15,13,5.5,23.0
6034924,Skin Fade,1,1,999.0,999.0
6034925,Produkter,30,20,3.210526315789474,14.0
6034929,Choko,495,73,2.0,31.0
6034933,Pølser horn,896,74,1.9726027397260273,31.0
6034964,Drikkevare 5 kr.,1774,87,1.6627906976744187,17.0
6034974,Brunch m. Æblejuice,382,100,1.4444444444444444,6.0
6034975,Brunch med æg,466,99,1.3979591836734695,11.0
6034976,Brunch m. Appelsinjuice,483,118,1.2307692307692308,4.0
6034978,Asiatisk nudelsalat,13,2,7.0,7.0
6035002,"Le Plan des Moines Côtes du Rhône Villages, Le Pré des Suves 6 fl.",29,3,4.0,4.0
6035003,Øl kort,48,28,1.8148148148148149,6.0
6035009,Chokoladekurv,479,106,1.4190476190476191,13.0
6035027,Stor fad blanch,62,17,3.4375,7.0
6035052,Margherita,101,40,2.8461538461538463,13.0
6035053,Prosciutto,211,64,1.7619047619047619,13.0
6035054,a. Prosciutto Funghi - Svampe,196,61,1.85,13.0
6035055,Salami/Peperoni,186,59,1.9137931034482758,11.0
6035056,Pepperoni,320,64,1.7619047619047619,13.0
6035057,Huspizza,369,71,1.5857142857142856,13.0
6035058,Parma,258,70,1.608695652173913,13.0
6035059,BBQ Pulled Pork,156,61,1.85,13.0
6035060,Vasea Speciale,164,62,1.819672131147541,13.0
6035061,Patata Bacon,184,65,1.734375,13.0
6035062,Caesar,211,62,1.819672131147541,13.0
6035063,Bøf Bearnaise,168,58,1.9473684210526316,20.0
6035064,Margherita,15,12,7.7272727272727275,22.0
6035065,Peperoni,38,23,4.863636363636363,20.0
6035066,Skinke,54,34,3.3636363636363638,19.0
6035067,Parma Skinke,26,19,4.777777777777778,23.0
6035068,Kylling,44,23,4.7727272727272725,19.0
6035069,Cotto,16,13,7.416666666666667,15.0
6035070,Kyllingenuggets Pommes med Dip,59,29,3.9642857142857144,19.0
6035071,Pommes Frites med Dip,64,36,2.6,7.0
6035072,Drikkevarer Sodavan-Kaffe,294,46,2.022222222222222,6.0
6035079,Drikkevare 10 kr.,6108,89,1.625,17.0
6035080,Drikkevare 15 kr.,2678,90,1.6067415730337078,17.0
6035082,Buffet,49,14,6.923076923076923,18.0
6035083,MadVarer 5 kr.,962,85,1.7023809523809523,17.0
6035084,MadVarer 10 kr.,1740,83,1.7439024390243902,18.0
6035086,Champagnetrøfler i cremefarvet æske,1,1,999.0,999.0
6035087,MadVarer 15 kr.,5692,87,1.6627906976744187,17.0
6035088,MadVarer 20 kr.,715,83,1.7439024390243902,18.0
6035089,MadVarer 25 kr.,4020,83,1.7439024390243902,18.0
6035090,3 stk. Marcipanhjerter i æske,7,5,21.5,53.0
6035091,Flora & Evergreen eksotisk vingummi,2,1,999.0,999.0
6035104,Buketter,881,120,1.2521008403361344,3.0
6035110,ASK øl Juleurt🍺,2,1,999.0,999.0
6035111,Begravelse,179,76,1.96,10.0
6035112,Brugskunst,373,83,1.7926829268292683,11.0
6035114,Planter,249,82,1.8148148148148149,5.0
6035115,Kort,5,4,44.333333333333336,77.0
6035116,Dekorationer,189,53,2.8461538461538463,15.0
6035117,Afskåret,3,2,32.0,32.0
6035118,Gavekort,2,1,999.0,999.0
6035119,Levering,1,1,999.0,999.0
6035126,Jule Tuborg,73,15,1.6428571428571428,7.0
6035170,Krukke,59,27,3.076923076923077,11.0
6035172,Brugskunst,27,8,2.5714285714285716,7.0
6035173,Lys,29,14,6.153846153846154,26.0
6035174,Gron plante,168,47,2.1956521739130435,8.0
6035175,Blomstrende plante,390,71,1.7428571428571429,13.0
6035176,Jul,261,40,1.435897435897436,6.0
6035178,Diverse,41,23,4.318181818181818,13.0
6035207,Unspecified,1565,138,1.0145985401459854,2.0
6035217,Denice Kildevand,465,50,1.7959183673469388,39.0
6035228,Unspecified,2,2,71.0,71.0
6035237,Chilimajo,1026,73,1.9861111111111112,31.0
6035238,Redbull,602,25,5.333333333333333,51.0
6035240,Ice tea,164,55,2.537037037037037,31.0
6035263,Kort,41,21,5.1,17.0
6035325,Stegte Sild,55,25,5.833333333333333,54.0
6035343,Jule øl,145,39,3.8421052631578947,25.0
6035358,mg,40,26,5.44,29.0
6035408,Jakker,65,49,2.5208333333333335,13.0
6035409,Veste,28,21,6.25,17.0
6035410,Bukser,165,77,1.5921052631578947,8.0
6035411,Tørklæder,34,26,4.68,25.0
6035412,Bluser,331,90,1.4157303370786516,4.0
6035413,Diverse,155,68,1.8059701492537314,6.0
6035414,Kjoler,23,22,5.523809523809524,23.0
6035415,Nederdele,10,10,11.88888888888889,30.0
6035416,Fodtøj,50,38,3.3783783783783785,16.0
6035417,Bælter,7,6,19.4,50.0
6035418,Tasker,24,19,6.611111111111111,23.0
6035419,Jul,159,28,2.259259259259259,24.0
6035424,Weekend buket,4,4,18.0,33.0
6035448,Slik 3,221,63,2.2580645161290325,18.0
6035455,140. Bærer,240,61,1.1166666666666667,3.0
6035459,Redbull,205,94,1.4731182795698925,5.0
6035493,"Pepsi Max 1,5l",121,80,1.7088607594936709,9.0
6035495,"Faxe Kondi 1,5l",141,78,1.7532467532467533,8.0
6035497,Julebryg,65,19,2.611111111111111,6.0
6035504,R9 SMYKKER,16,7,13.0,28.0
6035521,Mediterranean 2.prs,33,22,5.285714285714286,21.0
6035524,Salat bar lille,153,39,3.6052631578947367,22.0
6035541,Ramlosa,104,52,2.8823529411764706,19.0
6035546,Kande vand,71,23,5.7727272727272725,21.0
6035547,Store vaniljekranse,48,10,3.111111111111111,6.0
6035550,Juleøl,12,6,10.0,19.0
6035557,"Coca-Cola Original 1,5l",117,75,1.8243243243243243,6.0
6035560,Faxe Kondi 0 Kalorier,160,81,1.7,9.0
6035561,Faxe kondi,191,93,1.4565217391304348,7.0
6035678,Red Bull,125,79,1.7564102564102564,6.0
603575,"Sodavand (Dåse) 0,33",1,1,999.0,999.0
6035757,Pepsi Max,171,84,1.6385542168674698,5.0
603576,Kildevand,1,1,999.0,999.0
6035760,Coca-Cola Original,327,111,1.2363636363636363,6.0
6035772,Store pose kokoskranse,31,7,3.6666666666666665,13.0
6035774,Bærepose,10,6,7.4,21.0
6035781,Pebernødder,64,13,2.4166666666666665,6.0
603579,Husets vin - 1 Glas,2,1,999.0,999.0
6035835,"MadVarer 7,5 kr",778,71,1.957142857142857,17.0
6035836,"MadVarer 12,5 kr.",281,63,2.193548387096774,17.0
6035849,Unspecified,111,21,3.3,8.0
6035862,Hjul,14,12,12.818181818181818,74.0
6035872,slikkepinde,28,8,18.428571428571427,29.0
6035888,Julebryg,576,23,1.5,4.0
6035890,Julebryg,45,28,4.888888888888889,21.0
6035891,Gløgg og æbleskiver,33,15,3.5714285714285716,10.0
6035896,Fadøl 80,4272,132,1.1068702290076335,3.0
6035923,BMO,195,27,5.423076923076923,21.0
6035924,Lys jule hvede,52,15,9.928571428571429,35.0
6035925,Mørk julehvede,65,25,4.916666666666667,23.0
6035931,Gløg,206,19,2.0,5.0
6035932,Sammenplantning,137,47,1.9565217391304348,10.0
6035933,Hatteaeske,5,4,3.0,5.0
6035940,Kylling panini,62,29,3.392857142857143,16.0
6035941,Ham&cheese panini,76,46,2.911111111111111,10.0
6035942,Vegetarian panini,87,44,3.0697674418604652,10.0
6035957,Flaske øl,64,7,14.0,27.0
6035969,Mortensaften and,47,2,1.0,1.0
6035979,Grimbergen1/4,2,1,999.0,999.0
6035980,Grimbergen 1/2,3,2,92.0,92.0
6035987,Andesteg og ris a la mande,58,1,999.0,999.0
6035988,Sandwich,234,10,3.2222222222222223,6.0
6035989,Croissant,387,11,3.0,6.0
6035991,Merry christmas lille,20,10,16.0,89.0
6035992,Merry chrismas stor,104,28,5.333333333333333,86.0
6035993,Gløgg,103,23,2.1818181818181817,7.0
6035994,Græsk buffet fredage og lørdage,104,23,5.7727272727272725,20.0
6035995,Vand,88,51,2.82,14.0
6036005,Larg Portion,379,86,1.6470588235294117,7.0
6036006,Small Portion,76,44,2.953488372093023,12.0
6036007,Vand,48,23,5.363636363636363,15.0
6036008,Coconut Vand small,10,8,14.142857142857142,60.0
6036009,Salad Only,3,2,1.0,1.0
6036011,Meat,111,27,3.230769230769231,14.0
6036012,Tilbehor,50,18,4.705882352941177,14.0
6036015,Pleje Produkter,19,15,8.0,24.0
6036016,Styling Produkter,13,13,9.416666666666666,20.0
6036017,Dameklip,204,81,1.775,7.0
6036018,Dameklip Gammel,39,30,4.862068965517241,16.0
6036019,Herreklip,94,57,2.517857142857143,9.0
6036020,Børneklip,53,37,3.9444444444444446,19.0
6036021,Voks Bryn,68,44,3.302325581395349,15.0
6036022,Bryn Farve,35,29,5.071428571428571,21.0
6036024,Bryn og Vipper,16,15,9.428571428571429,44.0
6036025,Farve,34,28,5.185185185185185,20.0
6036026,Reflekser,34,29,4.857142857142857,14.0
6036027,Special Farve,2,2,20.0,20.0
6036028,Permanent,8,8,14.0,27.0
6036029,pH,5,5,21.75,41.0
6036444,Tokai lighter,234,93,1.4891304347826086,4.0
6036457,Smoking Brown king size,153,84,1.6506024096385543,7.0
603659,2. Spinattærte,106,49,3.6458333333333335,22.0
603661,4. Stor Bruchetta,107,66,2.7846153846153845,9.0
603664,64. Sandwich,640,131,1.3923076923076922,8.0
603668,16. Tortellini Alla Panna,60,44,3.9302325581395348,14.0
603669,18. Lasagne,109,63,2.8225806451612905,10.0
603673,34. Margherita,164,89,2.0568181818181817,8.0
603674,35. Hawaii Pizza,60,46,4.022222222222222,14.0
603675,36. Prosciutti,99,65,2.765625,10.0
603676,37. Italiana,66,50,3.693877551020408,11.0
603677,38. Quatro Stagioni,62,49,3.6458333333333335,29.0
603679,40. Sicilliana,58,43,3.9047619047619047,9.0
603680,41. Capricciosa,171,93,1.9673913043478262,8.0
603681,42. Pizza Con Patate,118,78,2.324675324675325,9.0
603683,44. Parmesan Pizza,58,45,4.090909090909091,13.0
603684,45. Husets Pizza,99,61,2.933333333333333,11.0
603685,46. Danese (Krydret Pizza),75,59,3.086206896551724,11.0
603686,47. Vichinga,144,85,2.1547619047619047,8.0
603687,48. Cacciatore,83,63,2.9193548387096775,8.0
603688,49. Mascarpone,75,54,3.30188679245283,23.0
603689,50. Pepperoni,336,119,1.5338983050847457,8.0
6036896,Nordic Soda,120,65,2.125,9.0
603691,52. Cardinale,57,47,3.9347826086956523,15.0
6036930,Jiwa 4 Cones,125,80,1.7215189873417722,6.0
603695,56. Salumeria Pizza,77,48,3.723404255319149,15.0
603698,59. Salat Pizza,103,61,2.9833333333333334,13.0
603701,62. Carpaccio Pizza,60,49,3.6458333333333335,19.0
603702,63. Frokost Tilbud,125,46,3.977777777777778,16.0
6037194,Grilled chicken salad,324,111,1.3,6.0
6037259,Unspecified,349,94,1.4838709677419355,8.0
6037484,Levering,1,1,999.0,999.0
603771,Rød Pølse,318,76,2.4,20.0
603772,Ristet Pølse,279,80,2.278481012658228,20.0
603773,Ristet med Svøb,159,61,2.933333333333333,21.0
603774,Knæk Pølse,210,65,2.8125,19.0
603775,Medister,106,50,3.510204081632653,22.0
603776,Markedsgriller,61,39,4.605263157894737,20.0
603777,Pølsebrød,1050,86,2.1176470588235294,19.0
603778,Kradser,9,9,20.0,44.0
603779,Rød Hotdog,164,73,2.5,19.0
603780,Ristet Hotdog,219,72,2.535211267605634,19.0
603785,Fransk Hotdog med Ristet,182,68,2.6865671641791047,20.0
603786,Fransk Hotdog med Svøb,44,28,6.222222222222222,24.0
603789,Lille Frikadelle,13,10,17.333333333333332,88.0
603790,Stor Frikadelle,9,6,32.4,67.0
603791,Lille Ribben/Bøf,435,85,2.142857142857143,19.0
603792,Stor Ribben/Bøf,390,85,2.142857142857143,19.0
603793,Burger Bøf/Kylling,43,34,5.121212121212121,26.0
603794,Burger Cheese/Bacon,51,39,4.578947368421052,48.0
603795,Burger Cheese og Bacon,30,23,7.818181818181818,45.0
603800,Pommes Frites Lille,141,68,2.6865671641791047,20.0
603801,Pommes Frites Stor,32,29,6.0,22.0
603802,Dressing,176,66,2.646153846153846,20.0
603803,Pølsemix,33,29,6.428571428571429,28.0
603808,Toast,165,66,2.723076923076923,19.0
603809,Foråsruller,22,14,13.0,28.0
603810,Cheese/Bacon,21,11,15.2,28.0
603817,25 cl. Sodavand/cocio - 50 cl vand,520,87,2.0930232558139537,19.0
603818,50 cl. Sodavand/cocio,413,84,2.1686746987951806,19.0
603819,Kaffe,84,59,2.9655172413793105,22.0
6038478,Unspecified,26,15,8.357142857142858,19.0
6038509,Sartori Oméro Rosso Verona 6 fl.,29,8,1.7142857142857142,3.0
6038541,Unspecified,48,13,5.0,31.0
6038596,Gullasch suppe,165,32,4.354838709677419,45.0
6038598,Hokkaido suppe,7,6,16.8,56.0
6038604,Gløgg HVID,336,47,1.1956521739130435,6.0
6038606,Romrosiner,408,49,1.375,7.0
6038801,Kartofler,865,71,1.9428571428571428,31.0
6038802,Pepsi Cola 40cl,229,81,1.7375,6.0
6038827,Stegt torskerogn,31,9,16.375,77.0
6038828,Salat med røget andebryst,29,10,15.555555555555555,77.0
6038829,Kalvekotelet,26,10,15.0,77.0
6038830,Bagt fisk,32,10,14.666666666666666,85.0
6038832,Pepsi Max 40cl,442,104,1.3786407766990292,3.0
6038836,Faxe Kondi 40 cl,184,74,1.904109589041096,6.0
6038839,Odense Pilsner,259,70,2.0579710144927534,7.0
6038845,Gin og tonic,18,5,20.25,37.0
6038886,Snaps hjemmelavet 3cl,24,2,98.0,98.0
6038901,På glas-Blanc de Blanc,42,10,12.666666666666666,31.0
6038929,"Chardonnay, Darling River, Australien 2024",38,10,10.444444444444445,33.0
6038933,På glas-Pouilly Fumé,21,10,10.11111111111111,43.0
6038935,På glas-Chardonnay,34,12,11.909090909090908,56.0
6038983,Luma Rosso Terre Siciliane 2023,31,7,13.666666666666666,31.0
6039066,Sandwich,64,1,999.0,999.0
6039068,Velkomstdrink,33,2,7.0,7.0
6039069,Kaffe,118,5,14.75,22.0
6039077,Wienerbrød,30,1,999.0,999.0
6039109,Danskvand,350,51,2.7,34.0
6039110,Cortado,77,31,4.366666666666666,35.0
6039111,Sambuca,28,24,5.608695652173913,16.0
6039450,Jule øl,168,9,3.5,6.0
6039453,Mælk,93,10,3.2222222222222223,6.0
603996,Brunch,234,73,2.4583333333333335,11.0
6040032,Gløgg RØD,580,56,1.2181818181818183,5.0
6040040,Ebeltoft Gårdbryggeri brus,230,66,2.1384615384615384,13.0
6040043,Juleplatte,125,21,2.15,7.0
6040045,"Æg & Håndpillede rejer, smørrebrød",200,56,2.5636363636363635,13.0
6040046,"Roastbeef, smørrebrød",125,51,2.82,14.0
6040069,Ft,112,55,2.5,17.0
6040071,Ft,12,11,13.2,26.0
6040080,Flügel,10,1,999.0,999.0
6040088,X-mas Flaske øl,7,4,29.666666666666668,72.0
6040093,Albani Juleøl Flaske,22,10,13.444444444444445,78.0
6040099,Kaffe og 2cl sp,62,26,5.48,27.0
6040129,Unspecified,35,27,4.461538461538462,11.0
6040138,Hævegebyr,600,119,1.1610169491525424,4.0
6040147,Rød/Ristet Pølse,1414,79,1.5512820512820513,6.0
6040148,Ostepølse,204,71,1.7285714285714286,6.0
6040149,Rød Knækpølse,198,70,1.7536231884057971,6.0
6040150,Ristet Pølse i Svøb,375,75,1.6216216216216217,6.0
6040151,Frankfurter,381,77,1.5921052631578947,6.0
6040152,Chili/Cheddarpølse,121,63,1.935483870967742,7.0
6040153,Medisterpølse,447,78,1.5714285714285714,6.0
6040154,Frankfurter i Svøb,696,80,1.5316455696202531,6.0
6040155,Pølsebrød,3721,80,1.5316455696202531,6.0
6040157,Andre Brød,78,36,3.142857142857143,11.0
6040158,Hotdog,1522,80,1.5316455696202531,6.0
6040159,Hotdog Ostepølse,66,37,3.3333333333333335,8.0
6040160,Ristet Hotdog Ristet i Svøb,122,53,2.230769230769231,6.0
6040163,Fransk,641,80,1.5316455696202531,6.0
6040164,Fransk Ost,150,60,2.0338983050847457,9.0
6040165,Fransk Ristet i Svøb,177,62,1.9672131147540983,7.0
6040166,Stor Fransk,89,50,2.4285714285714284,10.0
6040167,Stor Fransk i Svøb,59,32,3.5806451612903225,13.0
6040168,Frikadellesandwich,353,77,1.5921052631578947,6.0
6040169,Mørbradsandwich,217,69,1.7647058823529411,6.0
6040170,Bøfsandwich,1611,80,1.5316455696202531,6.0
6040171,Flæskestegssandwich,1624,80,1.5316455696202531,6.0
6040172,Ost/Bacon,275,66,1.7846153846153847,6.0
6040173,Toast med Skinke & Ost,97,51,2.38,7.0
6040181,Juice Brik,95,49,2.4166666666666665,11.0
6040182,Kildevand,118,53,2.230769230769231,7.0
6040183,Sodavand,1983,80,1.5316455696202531,6.0
6040184,Cocio Lille,741,78,1.5714285714285714,6.0
6040185,Cocio Stor,577,78,1.5714285714285714,6.0
6040204,"Special øl 0,5l",38,11,11.1,42.0
6040206,Oestergade kaffe,17,11,7.7,19.0
6040316,Julefrokost,392,21,3.2,18.0
6040333,Unspecified,1235,109,1.1666666666666667,3.0
604035,Okseburger,205,98,1.8041237113402062,7.0
6040351,Kaffe,49,36,3.5714285714285716,17.0
6040352,Æbleskive tilbud 12 stk.,104,28,1.7037037037037037,6.0
6040356,Unspecified,1373,131,1.0153846153846153,2.0
6040388,1 stk.,393,12,2.727272727272727,6.0
6040389,2 stk.,447,10,3.2222222222222223,6.0
6040397,Hotdog,95,64,2.2063492063492065,10.0
6040398,2 Hotdog,111,77,1.8289473684210527,7.0
604040,Bruschetta,251,119,1.5254237288135593,4.0
6040407,Julebuffet,56,5,7.0,12.0
6040431,3retters menu,19,5,7.75,16.0
6040432,3 retters menu m. Kalv,26,7,21.0,101.0
6040436,Hjerte med mintchokolade,2,2,4.0,4.0
6040450,Nordic Star,1609,121,1.05,3.0
6040451,Triple Dock,274,100,1.2626262626262625,5.0
6040452,Fire Smash,422,106,1.2,3.0
6040453,Onion Royale,265,94,1.3440860215053763,5.0
6040454,Truffle Double,431,111,1.1454545454545455,3.0
6040455,Potato Smash,102,53,2.230769230769231,11.0
6040456,Truffle Goaty,130,69,1.8088235294117647,6.0
6040457,Bearnaise Prime,139,78,1.6233766233766234,5.0
6040458,Klassikeren,132,74,1.7123287671232876,8.0
6040459,Cheddar King,277,98,1.2989690721649485,3.0
6040460,Crispy Chicken,214,89,1.4318181818181819,4.0
6040461,Green (Vegansk),139,68,1.791044776119403,9.0
6040462,Kiddy Burger,87,55,2.259259259259259,12.0
6040463,To af Hver Snack,26,25,5.25,16.0
6040464,Nordic Urtemayo,18,12,8.545454545454545,22.0
6040466,Chili Mayo,11,8,12.428571428571429,27.0
6040476,Bacon,20,14,7.076923076923077,28.0
6040479,Fries,295,96,1.305263157894737,4.0
6040480,Onion Rings (6 stk),61,39,3.210526315789474,11.0
6040481,Nuggets (6 stk),59,42,2.951219512195122,10.0
6040482,Mac & Cheese Tops (6 stk),64,44,2.744186046511628,7.0
6040483,Habanero Tops (6 stk),41,35,3.588235294117647,13.0
6040484,Charcoal Cheddar Tops (6 stk),27,23,5.0,14.0
6040485,Kyllingestrips (6 stk),62,42,3.048780487804878,10.0
6040486,Sprøde Wings (6 stk),26,25,4.791666666666667,14.0
6040487,Cold Drinks,310,96,1.305263157894737,4.0
604049,Pommes frites,287,123,1.4836065573770492,6.0
604051,Fettucine con Porcini e Filetto,352,128,1.4173228346456692,9.0
604052,Fettuccine al Salmone Affumicato,218,112,1.6216216216216217,5.0
604054,Spaghetti Carbonara,255,124,1.4552845528455285,4.0
604058,Okseburger,963,166,1.096969696969697,3.0
604059,Southern fried chicken burger,208,108,1.6822429906542056,7.0
604070,Wienersnitzel,265,96,1.8631578947368421,11.0
604076,Pizza ai Pepperoni,202,104,1.7281553398058251,9.0
604088,Dagens Kage,339,121,1.4916666666666667,6.0
604090,"Doriac d’Oc, Frankrig",195,91,1.988888888888889,9.0
604092,"Luccarelli Bianco Salento Puglia, Italien",694,162,1.124223602484472,4.0
604097,"Luccarelli Negroamaro Puglia, Italien",884,165,1.103658536585366,3.0
604098,"Ripasso Superiore Semprebon Valpolicella Classico, Italien",284,110,1.6422018348623852,8.0
604108,Americano,403,137,1.3235294117647058,5.0
604109,Cafe Latte,510,149,1.2094594594594594,3.0
6041091,Jule øl,146,51,2.08,16.0
6041093,Frokost tilbud,3,2,2.0,2.0
6041094,Familietilbud,30,23,6.0,22.0
6041099,Blå Viking 100s,70,33,3.46875,12.0
604110,Cappuccino,592,158,1.1528662420382165,4.0
604112,Te,276,138,1.3065693430656935,5.0
6041121,Gyros PITA,1014,134,1.0451127819548873,2.0
6041122,Kalamaki PITA,46,34,4.03030303030303,22.0
6041123,Sis Tawok PITA,55,41,3.45,9.0
6041124,Bifteki PITA,59,44,3.2093023255813953,25.0
6041125,KALAMARI LA GREECE,10,9,12.25,49.0
6041126,Halloumi PITA,264,107,1.3018867924528301,5.0
6041127,Kylling Filet  PITA,496,125,1.1209677419354838,2.0
6041128,Gyros. RET,87,48,2.893617021276596,12.0
6041129,Kalamaki RET,14,10,12.444444444444445,30.0
6041130,Sis Tawok RET,12,11,12.9,40.0
6041131,Bifteki RET,16,13,8.666666666666666,20.0
6041132,Kylling Filet RET,22,18,7.823529411764706,31.0
6041133,Halloumi RET,11,10,15.0,47.0
6041134,Gyros BOX,201,84,1.6626506024096386,6.0
6041135,Kyllingen filet BOX,103,63,2.2419354838709675,11.0
6041136,Halloumi BOX,51,40,3.5384615384615383,13.0
6041138,Bifteki BOX,19,16,9.133333333333333,31.0
6041139,SIS Tawok BOX,14,11,13.2,43.0
6041145,Moussaka,26,23,6.045454545454546,25.0
6041150,Feta Pseti (stegt feta),10,10,13.555555555555555,43.0
6041151,Dolmades (fyldte vinedruesblade)Med BRØD,24,23,6.181818181818182,18.0
6041152,Græsk Salat Med BRØD,35,30,4.517241379310345,22.0
6041155,Pommes Frites,61,45,3.1363636363636362,11.0
6041156,Sodavand,199,75,1.8783783783783783,12.0
6041157,Kildevand,50,33,4.3125,20.0
6041158,Græsk øl,64,33,4.28125,37.0
6041163,Sukker kringler,13,6,5.8,20.0
6041167,Tart,67,25,4.958333333333333,28.0
604118,Isvand Juice,614,159,1.1329113924050633,3.0
6041180,Græskarsuppe,1,1,999.0,999.0
6041181,Jordskokkesuppe,15,5,14.25,43.0
6041184,Dåse øl,162,33,4.3125,59.0
6041185,Taquits,7,5,20.75,62.0
6041186,Steak bearnaise,62,20,6.947368421052632,26.0
6041187,Brisket,6,5,6.75,19.0
6041189,Tortilla brisket,20,8,8.857142857142858,27.0
6041190,Tortilla kylling,12,9,14.625,30.0
6041191,Nuggets,3,2,29.0,29.0
6041192,Fiskefilet,3,3,24.5,43.0
6041193,Chokolade kage,3,1,999.0,999.0
6041195,Pommes frites,4,3,31.5,56.0
604120,Nicoline økojuice,490,154,1.1633986928104576,3.0
604121,La Sirena lemonade,459,135,1.3432835820895523,5.0
6041227,Extra rice or potatoes,13,12,10.181818181818182,24.0
6041229,Cowboy Beans,2,2,1.0,1.0
604123,Sodavand,2837,180,1.011173184357542,2.0
6041230,Muqueca,7,3,1.0,1.0
6041231,Wrap,3,1,999.0,999.0
6041238,Panang kylling Black month,94,14,3.6153846153846154,21.0
6041239,Lille Sluch Ice,276,35,3.9411764705882355,15.0
604124,Royal Pilsner,754,163,1.1111111111111112,2.0
6041246,Stjerneskud,35,17,7.5625,42.0
6041248,Julebryg,50,10,12.444444444444445,47.0
604125,Royal Classic,992,170,1.0710059171597632,2.0
6041259,Brezzer,64,10,14.555555555555555,42.0
604126,Sæsonens speciale øl,955,167,1.0843373493975903,4.0
6041262,Rom og Cola,42,7,18.833333333333332,42.0
6041265,Diablo,34,8,12.142857142857142,31.0
6041336,Romkugler,72,8,4.0,7.0
6041358,Æbleskiver,30,7,4.833333333333333,7.0
6041406,Glean Sixpack Jul,10,6,4.0,7.0
6041409,Gin og Tonic,34,8,16.0,42.0
6041416,Juleøl fad stor,18,6,4.2,7.0
6041456,Fine Festival,131,77,1.8026315789473684,6.0
6041462,Kings blå,414,114,1.2035398230088497,6.0
6041470,Camel blå soft,159,78,1.3896103896103895,4.0
6041471,Winston blue 100s,118,62,1.9508196721311475,6.0
6041472,Winston Red 100s,119,59,2.1724137931034484,15.0
6041475,Prince Rød HB,251,95,1.2340425531914894,5.0
6041476,Velo grå 4,242,92,1.2307692307692308,4.0
6041478,Velo blå ice cold 3,512,105,1.1730769230769231,9.0
6041481,Prince Original blød,115,74,1.7808219178082192,6.0
6041493,Prince original light,188,90,1.404494382022472,5.0
6041511,Camel Blue hard,128,58,1.7017543859649122,8.0
6041534,Carrot cake,107,51,2.74,42.0
6041544,Kaffe med tilbehør,26,2,84.0,84.0
6041590,Julefrokost - Ud af huset,100,7,4.666666666666667,12.0
6041591,Julefrokost - i huset,46,3,4.5,8.0
6041593,Rabat,19,17,7.25,22.0
6041596,Græsk aften,99,17,8.375,41.0
6041613,Ring 8k,25,6,1.2,2.0
6041615,Ring Sølv,4,4,21.0,27.0
6041625,Halskæde Sølv,9,8,16.0,41.0
6041627,Halskæde -,4,4,40.0,70.0
6041631,Armbånd Sølv,8,6,12.2,28.0
6041636,Øreringe 8k,4,4,14.666666666666666,41.0
6041638,Øreringe Sølv,23,13,8.333333333333334,23.0
6041640,Øreringe -,3,3,41.5,71.0
6041654,Ur-,5,5,14.75,31.0
6041658,Repartion af smykker,15,11,8.5,25.0
6041661,Gravering,3,3,30.5,49.0
6041664,Forkortlænke på ur,15,5,6.5,18.0
6041665,Stift /Pakning,6,6,11.8,34.0
6041667,Rem,12,10,4.444444444444445,13.0
6041669,Reaparation af ur,14,12,7.909090909090909,55.0
6041678,Batteriskift,70,37,3.4166666666666665,43.0
6041679,Batteriskift Special,47,33,2.5,7.0
6041680,Forkortlænker,6,6,13.4,57.0
6041749,Farve,191,98,1.3814432989690721,7.0
6041760,Klipning.,22,5,1.0,1.0
6041761,Bryn - vipper,5,3,1.0,1.0
6041763,Varer,2,2,1.0,1.0
6041782,Kings blå hard box,177,75,1.3783783783783783,3.0
6041851,Vaniljekranse 2 stk,13,5,3.25,5.0
6041877,Unspecified,404,101,1.22,3.0
6041989,Prince Rød soft,192,93,1.4565217391304348,6.0
6041998,Små Koshri,42,16,2.3333333333333335,6.0
6041999,Stor Koshri,49,21,4.2,21.0
6042000,Pita falafel,5,2,14.0,14.0
6042001,Durum falafel,46,19,4.444444444444445,22.0
6042002,Falafel bowl,17,11,5.0,21.0
6042003,Durum Pommes frites,1,1,999.0,999.0
6042005,Pommes frites bowl,1,1,999.0,999.0
6042052,Julefrokost med brød.,26,4,4.666666666666667,6.0
6042105,Big Burger,214,87,1.4651162790697674,6.0
6042107,Kyllinge Burger,250,98,1.3195876288659794,4.0
6042109,Cheese Burger,407,110,1.1743119266055047,4.0
6042110,Bacon/cheese Burger,573,115,1.1228070175438596,4.0
6042113,Fish and Chips,198,87,1.4883720930232558,4.0
6042114,Pølsemix,1100,125,1.0403225806451613,4.0
6042115,Kebabmix,461,111,1.1727272727272726,4.0
6042116,Kyllingemix,242,104,1.2427184466019416,5.0
6042118,1/2 Grill Kylling med Pommes Frites,440,112,1.162162162162162,4.0
6042124,Plankebøf,275,84,1.5180722891566265,5.0
6042139,Brød,1508,125,1.0403225806451613,4.0
6042140,Hotdog,3127,125,1.0403225806451613,4.0
6042141,Fransk Hotdog,1290,124,1.048780487804878,4.0
6042142,Ribdog,589,119,1.0932203389830508,4.0
6042144,Rød Gøl Pølse,185,75,1.6486486486486487,6.0
6042145,Ristet Gøl Pølse,599,115,1.131578947368421,4.0
6042146,Gøl Pølse i Svøb,245,93,1.391304347826087,4.0
6042147,Hjemmelavet Bøfsandwich,1085,124,1.048780487804878,4.0
6042148,Ribben Sandwich,855,124,1.048780487804878,4.0
6042151,Pita,372,113,1.1517857142857142,4.0
6042161,Cocio,750,121,1.075,4.0
6042162,1/2 liter Coca Cola,643,119,1.0932203389830508,4.0
6042163,Sodavand i Krus,748,120,1.084033613445378,4.0
6042185,Margherita,109,57,2.107142857142857,11.0
6042187,Hawaii,262,93,1.2826086956521738,3.0
6042188,Pepperoni,421,102,1.188118811881188,3.0
6042190,Di Patate,88,55,2.1666666666666665,8.0
6042191,Verona,202,86,1.4,5.0
6042192,Venedig,63,41,2.85,9.0
6042193,Jupiter,160,75,1.6081081081081081,4.0
6042194,Lima,53,37,3.2222222222222223,9.0
6042195,Italano,107,62,1.9180327868852458,6.0
6042196,Roma,505,105,1.1538461538461537,3.0
6042198,Pompeii,196,85,1.4285714285714286,5.0
6042201,Asperia,91,55,2.1666666666666665,6.0
6042202,Pollo,51,36,3.3714285714285714,12.0
6042203,Amigo,121,68,1.7761194029850746,5.0
6042204,Danese,237,88,1.3793103448275863,4.0
6042206,Chili Cheese Pizza,83,50,2.36734693877551,9.0
6042207,2 Slags Fyld,55,30,3.7241379310344827,12.0
6042208,4 Slags Fyld,52,37,3.1666666666666665,11.0
6042210,Bambino Uno,77,47,2.5652173913043477,12.0
6042213,Bambino Nuggets,85,55,2.1666666666666665,8.0
6042215,Calzone Capri,63,38,3.189189189189189,11.0
6042216,Mikaela,97,52,2.3137254901960786,7.0
6042218,Pommes Frites (lille),132,71,1.6857142857142857,8.0
6042219,Pommes Frites (stor),163,73,1.5833333333333333,5.0
6042223,Halv Grillkylling,136,62,1.8360655737704918,6.0
6042224,Kebab Mix,54,38,3.1621621621621623,10.0
6042229,Bacon Cheeseburger,63,38,3.135135135135135,12.0
6042238,Kebab i Pitabrød,90,46,2.6,8.0
6042243,Kebab Durum,350,96,1.2526315789473683,3.0
6042267,juledekoration,121,34,2.272727272727273,31.0
6042312,Menu,40,1,999.0,999.0
6042319,Hindbærtrifli,7,2,5.0,5.0
6042322,Ris a la mande,16,5,7.0,15.0
6042326,Chips,14,9,16.5,62.0
6042331,Unspecified,80,44,2.7906976744186047,11.0
6042369,Div vin,15,5,33.0,103.0
6042945,Nordic Star Frokost Menu,1707,118,1.0683760683760684,3.0
6042946,Potato Smash Frokost Menu,56,37,3.388888888888889,12.0
6042947,Crispy Chicken Frokost Menu,292,102,1.2277227722772277,3.0
6042956,Pinot Grigio,8,5,32.75,67.0
6043012,Klipning,752,106,1.2476190476190476,6.0
6043013,Bryn - Viper,184,90,1.4606741573033708,7.0
6043014,Permanent,8,7,18.666666666666668,31.0
6043015,Varer,115,63,1.967741935483871,9.0
6043016,Føn,25,23,4.909090909090909,10.0
6043017,Vask,3,3,61.0,104.0
604302,Irish Coffee,247,73,2.5,10.0
6043020,Skum,1,1,999.0,999.0
6043021,Flexible finish lak,2,2,10.0,10.0
6043024,Oasis lak,1,1,999.0,999.0
6043027,Neccin shampoo,1,1,999.0,999.0
6043028,Sebastian Dark Oli,1,1,999.0,999.0
6043038,Coffee 2GO,254,90,1.449438202247191,6.0
6043040,Kransekage,73,9,2.875,7.0
6043069,Julefrokost den store,77,5,7.25,14.0
6043085,Diverse,49,29,4.571428571428571,14.0
6043092,Gløgg,138,24,1.608695652173913,4.0
6043109,pommes frites lille,55,18,6.9411764705882355,19.0
6043110,thorup klim burger,70,14,9.076923076923077,30.0
6043122,Flæskestegs sandwich,1323,5,2.0,5.0
6043123,Frikadelle sandwich,252,5,2.0,5.0
6043125,Delle,455,5,2.0,5.0
6043126,Sodavand,964,5,2.0,5.0
6043133,Stempelkaffe,106,18,7.117647058823529,37.0
6043134,The,31,12,8.454545454545455,39.0
6043137,Tuborg Classic,30,8,18.714285714285715,51.0
6043151,Filterkaffe,399,47,2.6739130434782608,17.0
6043152,Specialkaffe,1254,91,1.3777777777777778,16.0
6043153,Te-vand,88,36,3.4285714285714284,22.0
6043155,Morgenbolle med Ost,170,39,3.026315789473684,21.0
6043158,Dagens Kage,75,20,6.368421052631579,31.0
6043159,"0,5 L sodavand",1165,95,1.3404255319148937,15.0
6043160,Dåsesodavand,782,85,1.4642857142857142,16.0
6043161,Sportsdrik,125,44,2.6511627906976742,16.0
6043162,Kildevand,416,77,1.631578947368421,15.0
6043163,Danskvand,124,51,2.36,16.0
6043164,Dåseøl,242,34,3.757575757575758,16.0
6043166,Specialøl Dåse,69,13,7.916666666666667,54.0
6043168,Fadøl alm Lille,124,38,3.027027027027027,23.0
6043169,Fadøl Speciel Lille,108,29,4.357142857142857,25.0
6043170,Fadøl alm Stor,326,57,2.1964285714285716,24.0
6043171,Fadøl Speciel Stor,149,17,6.75,36.0
6043177,Vin pr. glas,115,38,3.1621621621621623,15.0
6043178,Hjemmelavet Toast,496,70,1.7971014492753623,16.0
6043180,Alm. Burger,65,16,7.733333333333333,46.0
6043181,Fransk Hotdog,302,49,2.5,21.0
6043187,Pomfritter Lille,331,60,2.0338983050847457,17.0
6043188,Pomfritter Stor,431,62,2.0655737704918034,17.0
6043189,Ekstra Dip,93,27,4.5,17.0
6043198,Alm. Smørrebrød Fra,712,42,2.707317073170732,16.0
6043201,Sandwich,210,39,3.210526315789474,25.0
6043206,Selskabsmenuer,1142,45,2.6363636363636362,15.0
6043207,Chips & Slik,448,81,1.55,15.0
6043208,Diverse,386,74,1.6849315068493151,16.0
6043210,Dagens Ret,522,49,2.5208333333333335,20.0
6043211,Dagens Ret To Go,91,24,4.608695652173913,21.0
6043332,Havrekager,12,2,1.0,1.0
6043333,Havre klapper,16,2,1.0,1.0
6043334,Black Friday 4 behandlinger,2,2,3.0,3.0
6043335,Black Friday 8 behandlinger,1,1,999.0,999.0
6043379,1 Margherita,14,11,12.6,40.0
6043380,2 Hawaii,13,9,13.75,42.0
6043381,3 Pepperoni,28,17,7.875,25.0
6043382,4 Polo,7,7,20.166666666666668,76.0
6043383,5 Kyllingepizza,5,4,28.333333333333332,35.0
6043384,6 Vegetarpizza,4,4,38.333333333333336,113.0
6043386,8 Lachiano,9,8,15.428571428571429,47.0
6043387,9 Capri,8,7,17.666666666666668,48.0
6043388,10 kebab,35,24,5.391304347826087,16.0
6043389,11 Marco Polo,7,7,18.833333333333332,59.0
6043393,15 O Solo Mio,18,11,11.7,58.0
6043394,16 Super Pizza,11,2,10.0,10.0
6043407,29 Rusticana,6,6,24.4,45.0
6043410,32 Mario Fantasi,10,9,15.5,40.0
6043413,35 Calzone Pasta,7,5,23.75,86.0
6043422,97 Mario Sandwich,9,6,23.6,54.0
6043425,41 Oksekød,4,4,30.666666666666668,53.0
6043436,50 Texas,4,3,54.0,69.0
6043444,58 Kylling Rulle,17,11,11.4,40.0
6043445,59 Kebab Rulle,29,20,6.2105263157894735,34.0
6043446,60 Falafel,4,4,39.333333333333336,103.0
6043451,300 Kebab Box,10,8,4.714285714285714,11.0
6043459,70 1/2 Grill Kylling,5,5,31.25,86.0
6043463,74 Pommes-Frites (Store),18,12,10.909090909090908,30.0
6043464,75 Pommes-Frites (Lille),22,18,7.117647058823529,19.0
6043470,78 Cheese Burger,7,5,28.0,81.0
6043471,79 Bacon Cheese Burger,11,7,21.666666666666668,74.0
6043475,100 Mario Burger,5,4,34.333333333333336,97.0
6043781,Cookie,73,25,1.875,7.0
6043783,Begravelse,160,3,34.0,57.0
6043798,Glög,445,22,1.380952380952381,3.0
6043801,Napolionshatte,13,1,999.0,999.0
6043803,Slikkepind,146,20,6.105263157894737,24.0
6043816,Parma,2,2,33.0,33.0
6043838,Wings,28,13,1.6666666666666667,3.0
6043839,Ribs,657,114,1.1504424778761062,6.0
6043851,Panini,30,16,7.0,22.0
6043852,Studiemenu sw + vand,13,5,21.75,39.0
6043872,Frikadelle,13,7,20.333333333333332,70.0
6043880,Unspecified,5,2,24.0,24.0
6043903,Unspecified,2,2,7.0,7.0
6043918,Pita hjm,72,44,2.6744186046511627,12.0
6043919,Durum hjm,169,56,2.036363636363636,10.0
6043927,Box menu,58,37,3.3055555555555554,11.0
6043943,Juledekoration,26,15,8.928571428571429,54.0
6043945,Cookies,6,4,8.0,14.0
6043949,Unspecified,11,7,8.833333333333334,13.0
6043974,Skærm,22,19,7.111111111111111,23.0
6043991,Batteri tilbud,5,2,1.0,1.0
6044033,Medister,219,106,1.2095238095238094,4.0
6044053,Frankfurter,482,121,1.0666666666666667,4.0
6044054,Dåse,309,105,1.2307692307692308,4.0
6044085,Lille pommes frites,682,122,1.0578512396694215,4.0
6044086,Stor pommes frites,650,124,1.0406504065040652,4.0
6044089,Ekstra dressing,207,64,1.9841269841269842,9.0
6044098,Luksus fiskefilet med rejer,42,17,7.1875,32.0
6044108,Batteriskift,8,3,2.5,3.0
6044109,Batteriskift special,57,30,4.172413793103448,27.0
6044110,Kransekage 1 stk,5,5,5.25,9.0
6044111,Kransekage 2 stk,7,5,3.0,5.0
6044130,STJERNESKUD,36,14,6.846153846153846,18.0
6044152,Tøj/Sko,568,57,1.6607142857142858,11.0
6044153,Brugskunst,5,3,12.0,14.0
6044154,Specialiteter,2,2,14.0,14.0
6044155,Blomster,1,1,999.0,999.0
6044204,Gl. Fastelavnsbolle,424,70,1.3623188405797102,16.0
6044210,Unspecified,3,3,18.5,27.0
6044225,Gavekort,27,19,7.0,38.0
6044261,pil mandler,65,28,4.0,14.0
6044267,2 franske m.ristet/rød,408,105,1.2019230769230769,4.0
6044268,Bøf stroganoff,3,1,999.0,999.0
6044277,Test,21,9,3.25,16.0
6044354,Obelix Cesar Burger,51,32,3.5161290322580645,13.0
6044355,The Shredded,2,2,7.0,7.0
6044356,Ducky Style,4,3,3.0,3.0
6044357,Cheese Criminal,55,33,3.21875,10.0
6044358,Fuel Cheese Burger,81,33,3.25,14.0
6044359,Smash Burger,174,57,1.9464285714285714,8.0
6044360,The Grinch Veggi Burger,3,3,10.5,13.0
6044361,Pasta med paneret kylling,3,3,52.0,100.0
6044368,Salade Caesar,13,11,9.3,28.0
6044370,Loaded Pommes frites,13,11,9.3,19.0
6044371,Paneret kylling,19,15,6.214285714285714,14.0
6044373,Hot cheddar cheese jalapeños,11,9,12.625,34.0
6044374,Bacon,8,7,12.166666666666666,30.0
6044376,Chicken Tender,11,10,8.333333333333334,21.0
6044379,Mozzarella Stick,4,4,27.0,32.0
6044380,Hot Cheddar Jalapeño,4,4,29.666666666666668,65.0
6044381,Snacks Box,4,4,5.333333333333333,7.0
6044409,Coconut water,9,7,13.0,32.0
6044410,Pose,34,25,4.875,15.0
6044555,Glögg,92,12,2.8181818181818183,7.0
6044558,Glögg med æbleskiver,12,2,21.0,21.0
6044632,Forårsruller 10 stk,46,33,3.75,12.0
6044633,Edamame med Citron,17,14,8.846153846153847,30.0
6044634,Tangsalat,31,21,5.95,15.0
6044635,Rejerchips (Lys),78,41,3.05,11.0
6044636,Hjemmelavede Ebi Tempura 5 stk,23,17,7.5,24.0
6044637,Gyoza 5 stk.( 5 varianter),15,11,10.3,36.0
6044640,Miso Suppe,11,7,16.666666666666668,55.0
6044643,Kylling Popcorn (15 stk.),9,8,15.285714285714286,22.0
6044653,Menu 1 (36 stk. for 2 Personer),79,47,2.6956521739130435,8.0
6044654,36 stk. Luksus Menu B,15,14,6.923076923076923,17.0
6044655,Månedens Tilbud 24 stk,77,54,2.2641509433962264,7.0
6044658,Super Crispy Ebi Menu (33 stk),20,17,5.5,12.0
6044663,Super Single 14 stk. (1 Person),19,14,8.923076923076923,25.0
6044664,Nye!Efterårsmenu 38 stk.+Forretter 6stk,16,16,8.133333333333333,28.0
6044667,Menu 2 (68 stk. for 4 Personer),114,61,2.05,7.0
6044668,Luksus Toppede Maki Menu (48 stk) (3 Personer),20,17,7.75,31.0
6044669,Månedens Tilbud( 4 Personer),15,12,7.818181818181818,16.0
6044672,76 stk. Party Menu,15,11,10.4,24.0
6044708,Laks Nigiri,34,5,24.5,45.0
6044723,Surimi Gunkan,10,1,999.0,999.0
6044724,Agurk Hosomaki (8 stk.),15,11,11.3,33.0
6044725,Avocado Hosomaki (8 stk.),12,10,13.222222222222221,33.0
6044727,Laks Hosomaki (8 stk.),14,7,19.833333333333332,39.0
6044747,Crispy Ebi,9,7,16.833333333333332,40.0
6044779,Kyllinge Kødbolle Sticks,10,5,15.0,24.0
6044800,"Japansk øl Kirin 0,33L",11,6,23.0,72.0
6044801,"Japansk øl Sapporo 0,65L",20,4,7.666666666666667,10.0
6044808,Pose,131,70,1.6956521739130435,5.0
6044980,Unspecified,320,76,1.5866666666666667,5.0
6044995,Italia sodavand,15,12,9.181818181818182,25.0
6044997,Filter kaffe,133,21,5.7,61.0
6045035,Sodavand,63,7,13.666666666666666,33.0
6045036,Most,59,8,13.428571428571429,39.0
6045037,Øl,39,5,20.5,39.0
6045040,Sandwich Standard,1768,100,1.2222222222222223,4.0
6045041,Sandwich Mix Selv,247,85,1.4404761904761905,5.0
6045042,Sodavand,385,90,1.3595505617977528,7.0
6045043,Kildevand,116,62,1.9672131147540983,6.0
6045044,Salat,383,89,1.375,4.0
6045045,Juice,173,75,1.6081081081081081,5.0
6045046,Milkshake,163,68,1.791044776119403,7.0
6045047,Smoothie,169,75,1.635135135135135,5.0
6045048,Rice Bowl,421,87,1.3953488372093024,7.0
6045049,Ost,34,27,4.576923076923077,17.0
6045050,Kød,16,12,10.272727272727273,30.0
6045051,Kalkunbacon,6,4,34.666666666666664,41.0
6045052,Brød,15,10,5.333333333333333,20.0
6045054,Laks,9,8,12.571428571428571,19.0
6045055,Roast Beef,1,1,999.0,999.0
6045056,Lille Salat,17,13,8.916666666666666,35.0
6045057,Kaffe,68,40,2.717948717948718,10.0
6045058,Iskaffe,12,11,11.0,34.0
6045059,Espresso/Te,7,6,17.8,35.0
6045060,Glutenfri Brød,45,35,3.5,12.0
6045061,Diverse,9,9,9.75,35.0
6045069,Santa Sofia Ripasso BF,33,4,2.3333333333333335,3.0
6045074,Sølv vh/ kæde,5,5,23.25,76.0
6045100,Vegetar,4,3,18.5,31.0
6045101,Salat,24,11,11.1,45.0
6045106,Kokos toppe,19,3,1.0,1.0
6045107,Orange stænger,18,2,1.0,1.0
6045110,11 - Guiness Stout,573,95,1.297872340425532,5.0
6045115,Extra kød og grøntsager,61,37,3.3055555555555554,15.0
6045119,Unspecified,59,39,2.789473684210526,32.0
6045154,Fiskefilet,38,3,7.0,8.0
6045169,Rest beløb til barnedåb incl alt,1,1,999.0,999.0
6045174,Sirup,73,47,2.630434782608696,11.0
6045185,Drink - 1 Kande,39,3,59.5,112.0
6045200,Julesnaps,17,4,5.0,7.0
6045206,Gløgg/æbleskiver,33,1,999.0,999.0
6045216,Æbleskiver med sylt og flormelis,49,3,7.0,7.0
6045222,Burger Menu,814,113,1.0982142857142858,5.0
6045234,3 stk. Æbleskiver,65,1,999.0,999.0
6045235,Lille krus Gløgg,22,2,5.0,5.0
6045236,Stor krus Gløgg,10,1,999.0,999.0
6045237,Meat lover jr,2,2,10.0,10.0
6045238,Nr. 15 Kylling karage 6 stk.,8,6,14.0,28.0
6045288,Slikkepind,656,67,1.7575757575757576,17.0
6045303,Æbleskiver,2,1,999.0,999.0
6045314,Håndmad fødselsdag,148,1,999.0,999.0
6045324,Dameklip,166,50,2.4285714285714284,18.0
6045325,Herreklip,43,30,3.8620689655172415,21.0
6045326,Børneklip 1-3 år,2,2,84.0,84.0
6045327,Børneklip  4-7,1,1,999.0,999.0
6045328,Børneklip  8-13 år,3,3,44.5,46.0
6045329,Pandehår,4,4,39.666666666666664,57.0
6045330,Studsning,11,11,10.8,25.0
6045331,Klip,17,13,8.833333333333334,27.0
6045333,Bryn & Vipper farve,8,8,15.0,41.0
6045334,Bryn farve,25,18,6.0588235294117645,19.0
6045335,Vipper farve,1,1,999.0,999.0
6045336,Voks bryn,16,15,8.428571428571429,39.0
6045339,Farve kort,11,11,10.8,21.0
6045340,Farve mellem langt,2,2,9.0,9.0
6045342,Farve,13,13,9.333333333333334,27.0
6045344,Reflekser med folie,3,3,50.0,86.0
6045345,Reflekser med folie mellem langt,3,3,25.0,40.0
6045351,Løft,2,2,49.0,49.0
6045352,Permanent,4,4,26.666666666666668,51.0
6045353,Permanent mellem langt,1,1,999.0,999.0
6045355,Permanent,1,1,999.0,999.0
6045378,Goldwell shampoo,3,3,29.5,45.0
6045379,Goldwell hårkur,3,2,43.0,43.0
6045382,Goldwell spray wax,9,9,13.0,27.0
6045383,Goldwell skum,1,1,999.0,999.0
6045384,Goldwell hårlak Mega,4,4,26.0,61.0
6045386,Hårprodukt,7,6,18.2,64.0
6045387,Neccin shampoo,2,2,88.0,88.0
6045389,KMS saltvandspray,3,3,17.5,30.0
6045391,Diverse Hårprodukter,4,3,16.0,28.0
6045411,Øl,108,7,11.0,43.0
6045412,Snaps,78,1,999.0,999.0
6045413,Sodavand,77,6,20.4,54.0
6045420,smorbrod,104,6,22.4,84.0
6045422,Avocado,225,76,1.5866666666666667,4.0
6045486,MadVarer 12 Kr,44,18,6.529411764705882,40.0
6045487,MadVarer 24 Kr,7,4,34.666666666666664,70.0
6045516,Kartofler med chili,287,51,2.24,18.0
6045526,Batteriskift,46,23,5.090909090909091,35.0
6045537,POSTHOLDERENS STED,36,17,7.0625,25.0
6045542,Nordica HF Pro 95,2,2,110.0,110.0
6045544,Nordica The Cruise 120,2,2,4.0,4.0
6045546,Udvidet måltid,54,1,999.0,999.0
6045614,"Tomato, Ost og Skinke",12,10,8.555555555555555,29.0
6045624,"Tomat, Ost, Pepperoni, Oksekød og Rød Peber",11,10,11.0,29.0
6045626,"Tomat, Ost, Skinke og Pepperoni",8,6,23.2,99.0
6045627,"Tomat, Ost og Pepperoni",25,13,9.583333333333334,29.0
6045628,Vesuvio,8,8,15.285714285714286,30.0
6045631,Bella,23,10,13.11111111111111,43.0
6045644,Van,11,11,10.6,42.0
6045645,Diyar,10,8,16.428571428571427,40.0
6045647,Timucin,9,7,16.0,33.0
6045650,Can,9,6,20.6,45.0
6045652,Alanya,10,6,21.6,48.0
6045653,Marmaris,8,7,15.166666666666666,48.0
6045661,Alperen,9,6,22.2,38.0
6045678,Gammelby,13,12,10.636363636363637,74.0
6045679,Hannes Pizza,12,8,16.0,56.0
6045695,Bacon Cheese Burger,9,7,16.166666666666668,45.0
6045701,Pommes Frites (Stor),119,66,1.8307692307692307,6.0
6045702,Pommes Frites (Lille),123,71,1.6857142857142857,4.0
6045707,"0,5 Ltr Sodavand",74,33,3.6875,22.0
6045708,1.5 ltr Sodavand (Kun ud af Huset),24,17,6.875,26.0
6045709,Sodavdn 0.33 ltr,112,48,2.404255319148936,8.0
6045710,Sodavdn 0.5 ltr,335,97,1.2291666666666667,4.0
6045711,Sodavdn 0.75 ltr,63,38,3.054054054054054,17.0
6045716,Tuborg Fadøl (Stor),23,16,7.666666666666667,27.0
6045717,Donerkebab Pita,42,23,5.136363636363637,26.0
6045724,Donerkebab Durum,32,22,5.666666666666667,32.0
6045738,1/2 Grillkylling,11,8,11.142857142857142,26.0
6045740,Kebabmix,13,8,15.285714285714286,38.0
6045835,Bærepose,54,39,3.0789473684210527,17.0
6045884,20,30,1,999.0,999.0
6045885,15,60,1,999.0,999.0
6045888,Lille pomfrit,40,30,3.8275862068965516,16.0
6045900,"Mødepakke. Kaffe,te,vand og kage 119,-",15,1,999.0,999.0
6045902,3 RETTER MED KØD,178,35,3.4411764705882355,11.0
6045969,Pizza,5511,119,1.0084745762711864,2.0
6045997,Chocolate cookie,118,42,2.7560975609756095,17.0
6045998,Pistachio cookie,192,89,1.2840909090909092,4.0
6046012,OEKO SAFT,13,8,14.142857142857142,48.0
6046026,Sodavand,4,3,1.0,1.0
6046027,Ekstra,1,1,999.0,999.0
6046053,Unspecified,6,6,16.4,33.0
6046097,1/2 snaps,9,2,117.0,117.0
6046098,Snaps lille Johnny,1,1,999.0,999.0
6046111,Gin Hass Draft,148,2,106.0,106.0
6046113,Tilbud,2,2,17.0,17.0
6046203,Vin stor flaske,11,8,15.428571428571429,68.0
6046263,FLASKE ØL,2978,102,1.0,1.0
6046264,FLASKE SODAVAND,171,41,2.475,7.0
6046271,ANDET MAD,389,68,1.507462686567164,5.0
6046272,ANDET DRIKKE,506,82,1.2345679012345678,3.0
6046274,TOAST SKINKE,92,43,2.3095238095238093,6.0
6046277,12 TURSKORT ØL,586,100,1.02020202020202,2.0
6046296,Unspecified,2,1,999.0,999.0
6046325,Diverse,59,37,3.111111111111111,9.0
6046348,GRIMBERGEN LILLE,72,29,2.7857142857142856,10.0
6046349,GRIMBERGEN STOR,38,18,4.882352941176471,11.0
6046354,TUBORG CLASSIC STOR,262,59,1.706896551724138,6.0
6046390,DAGEN RET UD!,342,87,1.1744186046511629,4.0
6046391,DAGENS RET HUSET,169,37,2.7222222222222223,9.0
6046392,DAGENS RET WEEK UD!,233,32,2.967741935483871,6.0
6046393,DAGENS RET WEEK HUSET,52,14,7.0,15.0
6046394,"Sodavand 0,5l",31,3,18.5,30.0
6046404,Dame Klip,65,36,2.4285714285714284,6.0
6046405,Herre Klip,56,34,2.5757575757575757,13.0
6046406,Let Studs,32,20,4.0,15.0
6046407,Klip Børn 0-12,15,13,4.666666666666667,19.0
6046408,Klip Børn 12-18 år,6,6,12.2,23.0
6046409,Permanent Top,4,4,14.0,24.0
6046410,Permanent Kort Hår,6,6,11.6,29.0
6046413,Hel Farve Kort Hår,2,2,36.0,36.0
6046414,Farve mellem Lang Hår,1,1,999.0,999.0
6046416,Farve Kant,1,1,999.0,999.0
6046417,Bundfavning,4,4,22.666666666666668,54.0
6046421,Reflekser i Hætte,6,6,13.6,31.0
6046422,Vask og Føn,2,2,12.0,12.0
6046425,Produkter,37,26,3.2,11.0
6046426,Diverse,4,4,8.0,18.0
6046516,Dameklip,39,27,2.6538461538461537,7.0
6046517,Pensionsklip,14,11,5.2,21.0
6046518,Børneklip,11,9,9.0,21.0
6046519,Hårvask,2,2,4.0,4.0
6046520,Hårvask - Klip - Føn,2,2,22.0,22.0
6046550,Jule platte,18,1,999.0,999.0
6046563,Flæskesteg december tilbud,87,13,1.5,5.0
6046612,Boom bagel,5,4,33.0,54.0
6046613,2cl Sprut,59,15,7.071428571428571,22.0
6046644,Carlsberg 6*6 33 cl,123,59,1.8103448275862069,7.0
6046854,Synvital Plus 360 stk,22,15,5.142857142857143,14.0
6046875,Unspecified,3,2,44.0,44.0
6046896,Julekurv,3,1,999.0,999.0
6046900,Ris a' la mande,4,1,999.0,999.0
6046902,Cigaretter,54,38,2.72972972972973,11.0
6046904,Fødselsdagsøl,97,8,12.857142857142858,50.0
6046909,1 Alm Shot,89,27,3.6923076923076925,14.0
6046914,Kaffe,2,2,55.0,55.0
6046924,Unspecified,32,23,3.0454545454545454,21.0
6046963,Unspecified,89,51,1.98,11.0
6047009,Samosa 2pcs,19,7,2.1666666666666665,4.0
6047014,Pappadums 3pcs,3,2,2.0,2.0
6047024,Kadak Masala Chai,22,5,3.0,9.0
6047028,Turmeric Golden Milk,3,1,999.0,999.0
6047031,Cold Drinks,2,1,999.0,999.0
6047043,Rolls 3,16,13,8.5,29.0
6047058,Chicken Biriyani,20,15,7.428571428571429,23.0
6047060,Lamb Biriyani,13,11,8.8,21.0
6047078,Chicken kottu,32,18,6.470588235294118,21.0
6047104,Water bottle,28,12,8.545454545454545,25.0
6047105,Butter chicken,43,29,3.7142857142857144,10.0
6047109,Tikka masala chicken,15,12,7.363636363636363,14.0
6047134,Thai chicken curry ( red-green-yellow),13,13,8.666666666666666,27.0
6047137,Dobbelt irish coffie,13,4,11.666666666666666,21.0
6047142,Pad Thai chicken,22,16,6.666666666666667,22.0
6047153,Mortadella,8,7,12.333333333333334,28.0
6047154,Slice 🍕,11,4,33.0,93.0
6047187,Rep. af bil jf. Faktura,255,62,1.4098360655737705,4.0
6047202,Ugens Christina,245,65,1.5,8.0
6047206,Unspecified,1,1,999.0,999.0
6047216,Buket,1128,84,1.216867469879518,6.0
6047289,Den vilde christina,65,12,6.454545454545454,20.0
6047299,Unspecified,6,4,14.666666666666666,32.0
6047303,Rød rose,68,7,16.166666666666668,34.0
6047304,Snitvare,504,60,1.8135593220338984,9.0
6047310,Bårebuket,134,60,1.6779661016949152,11.0
6047311,Krans,9,6,8.8,18.0
6047315,Begravelsesbånd,25,19,3.888888888888889,12.0
6047318,Forårsmenu 40 stk.,22,18,5.705882352941177,24.0
6047327,Julemad,46,1,999.0,999.0
6047328,Velkommedrike,46,1,999.0,999.0
6047347,Fish n' Chips,89,42,2.1951219512195124,9.0
6047358,Øl fra Børkop Bryghus,129,8,12.142857142857142,49.0
6047375,Dubai chocolate cookie,123,69,1.6029411764705883,5.0
6047376,Hazelnuts Cookie,80,39,2.736842105263158,35.0
6047418,Unspecified,439,46,1.4666666666666666,5.0
6047428,Burger,51,28,3.5555555555555554,11.0
6047486,Ass. Smørrebrød,850,17,6.5,29.0
6047667,Blå kings,91,51,2.12,6.0
6047669,Ingefærshots,2,1,999.0,999.0
6047700,Gløgg&Æbleskiver,70,1,999.0,999.0
6047749,Unspecified,253,38,2.054054054054054,25.0
6047772,Hårfarve,3,3,11.5,13.0
6047773,Bundfarve,20,15,4.571428571428571,18.0
6047775,Hårkur,2,2,56.0,56.0
6047776,Rette Øjenbryn,108,52,1.4313725490196079,5.0
6047777,Rette Øjenbryn M. Farve,16,15,4.214285714285714,13.0
6047778,Farvning Af Vipper,6,5,14.75,28.0
6047779,Hårfjerning Ansigt,22,18,4.176470588235294,14.0
6047780,Hårfjerning Af Ansigt M. Voks,12,11,6.3,17.0
6047781,Øjenbryn & Overlæbe,31,21,3.2,13.0
6047788,Ben,4,4,8.666666666666666,15.0
6047789,1/2 Ben,2,2,24.0,24.0
6047790,Ben & Bikini Line,1,1,999.0,999.0
6047791,1/2 Ben & Bikini Line,1,1,999.0,999.0
6047792,Brazillian,34,25,2.7916666666666665,16.0
6047793,Ben Brazillian,10,10,7.222222222222222,14.0
6047794,1/2 Ben Brazillian,5,5,9.25,16.0
6047795,Baller,4,4,12.666666666666666,23.0
6047796,Arm - Brazillian - Baller,2,2,34.0,34.0
6047797,Arm,2,2,8.0,8.0
6047798,Underarm,15,13,5.166666666666667,8.0
6047799,Arm - Underarm,3,3,21.0,24.0
6047830,Læn,4,4,15.0,32.0
6047867,Faxe,69,32,3.3548387096774195,11.0
6047868,Birra 2'2 stor,424,82,1.2962962962962963,8.0
6047869,"Birra 2,2 small",228,65,1.5,7.0
6047875,Unspecified,1,1,999.0,999.0
6047903,Sandwich (Lille),426,53,1.5576923076923077,10.0
6047904,Sandwich (Stor),243,51,1.62,11.0
6047905,Wrap,156,42,1.975609756097561,10.0
6047906,Bagel,27,16,5.266666666666667,11.0
6047907,Pizza,409,40,1.5384615384615385,10.0
6047908,Toast,9,7,6.166666666666667,13.0
6047909,Salat (Lille),77,33,2.4375,11.0
6047910,Salat (Stor),49,28,2.7037037037037037,11.0
6047911,Drikkevarer 0.33 cl,199,49,1.6875,10.0
6047912,Drikkevarer 0.50 cl,22,13,5.083333333333333,20.0
6047913,Vand,16,15,5.642857142857143,20.0
6047914,Booster 0.50 cl,791,55,1.5,10.0
6047916,Cocio,689,98,1.0721649484536082,6.0
6047925,Lækkerier,85,29,3.5714285714285716,13.0
6047927,Box the original,74,34,3.0606060606060606,11.0
6047928,Trøffler 3-pak,25,18,5.9411764705882355,47.0
6047929,Solrød lakrids,15,6,12.6,26.0
6047932,Potteplante,382,66,1.5538461538461539,6.0
6047933,Sammenplantning,57,33,3.125,18.0
6047934,Krukke,76,35,2.6176470588235294,12.0
6047941,Diverse,282,50,2.061224489795918,10.0
6047947,Brystbuket,12,4,17.0,22.0
6047953,Luksus dobb.kort m/konv.,31,18,5.588235294117647,16.0
6047954,Bøtte kort m. Konv.,15,11,8.0,22.0
6047956,Mini kort m.konv.,97,53,1.9038461538461537,7.0
6047957,Bundtevare,56,24,3.347826086956522,10.0
6047959,Juledekoration,55,6,1.6,3.0
6047962,Julepynt,14,6,1.6,3.0
6047964,Tekstiler,14,10,10.0,24.0
6047965,Lys,27,11,8.7,21.0
6048088,Snus,515,85,1.2142857142857142,3.0
6048089,Sense,93,49,2.1666666666666665,7.0
6048091,Grå velo,136,59,1.6206896551724137,20.0
6048104,Cafe Latte,37,18,4.352941176470588,25.0
6048106,Varm Kakao,250,44,1.7674418604651163,20.0
6048108,Kildevand,112,39,1.9473684210526316,21.0
6048109,Sodavand Dåse,445,48,1.6170212765957446,20.0
6048110,Sodavand 1/2 Liter,233,47,1.6521739130434783,20.0
6048111,Øl Dåse,83,16,4.933333333333334,25.0
6048112,Fadøl,70,16,4.466666666666667,22.0
6048113,Capri Sun,73,28,2.740740740740741,22.0
6048119,Toast med Skinke og Ost,125,30,2.4482758620689653,21.0
6048120,Fransk Hotdog,107,32,2.3548387096774195,24.0
6048121,Sandwich med Kylling,108,35,2.1470588235294117,20.0
6048122,Kyllinge Pops med Pommes,76,35,2.0588235294117645,20.0
6048123,Pomfritter,65,25,2.9583333333333335,25.0
6048126,Nachos med Kylling,32,17,4.3125,24.0
6048140,Maskinklip,37,26,1.72,4.0
6048141,Drengeklip (0-10 år),20,17,2.25,6.0
6048142,Pensionist Klip,63,24,1.826086956521739,4.0
6048143,Herreklip,242,41,1.2,2.0
6048144,Vask og Føn,1,1,999.0,999.0
6048156,Ass. Smørrebrød,312,16,6.2,15.0
6048375,Unspecified,208,57,1.3928571428571428,4.0
6048431,HAPPY HOUR ØL & VAND,1338,77,1.3157894736842106,3.0
6048486,Sølvkæde m.Vh.,4,4,16.0,28.0
6048488,Smørrebrød,4,4,27.666666666666668,42.0
6048493,Veeder house Cabernet Sauvignon napa,11,3,4.5,8.0
6048503,Vision grüner veltliner bio,9,4,34.333333333333336,89.0
6048510,Hidden potatoes,34,21,4.95,30.0
6048515,Julefrokost,20,2,5.0,5.0
6048521,Sodavand\kildevand,29,3,17.5,25.0
6048530,Garderobe,173,1,999.0,999.0
6048599,HANCOCK Sodavand,82,16,6.333333333333333,22.0
6048600,Levering alle byer,17,16,5.733333333333333,20.0
6048603,HANCOCK ØL,134,15,6.071428571428571,14.0
6048605,HANCOCK Sport Cola,37,7,14.833333333333334,42.0
6048606,SODAVAND,99,15,6.071428571428571,21.0
6048613,TUBORG CLASSIC Stor,37,15,6.785714285714286,28.0
6048629,Flaeskesteg,4,1,999.0,999.0
6048649,Bønnespirer,268,65,1.328125,4.0
6048664,Summerbird,89,40,2.5641025641025643,9.0
6048667,Trøfler 6-pak,21,16,6.666666666666667,46.0
6048669,Solrød lakrids - plade,42,25,4.166666666666667,20.0
6048671,Juleand,30,1,999.0,999.0
6048712,Potteplanter,252,58,1.5789473684210527,4.0
6048713,Afskåret blomster,938,71,1.2857142857142858,4.0
6048714,Vin,4,4,28.666666666666668,70.0
6048716,Chokolade,62,28,3.074074074074074,9.0
6048717,Specialiteter,11,7,11.333333333333334,25.0
6048718,Diverse,39,21,3.6,9.0
6048719,Interflora,9,5,15.0,27.0
6048720,Gavekort,1,1,999.0,999.0
6048721,Bolsjer,7,6,14.0,37.0
6048722,Kort,24,18,5.0588235294117645,15.0
6048723,Potter,46,20,4.2631578947368425,15.0
6048740,Chaiiii kadakkkkk,659,84,1.072289156626506,3.0
6048741,Pani pouri 8 pcs,176,69,1.4558823529411764,4.0
6048742,Dahi puri Chaat 8pcs,130,63,1.596774193548387,5.0
6048743,Samosa Chaat 2pcs,274,87,1.1627906976744187,4.0
6048749,Jhol momo 🥟,384,84,1.1927710843373494,3.0
6048750,Butter chicken 🐔,174,69,1.4705882352941178,5.0
6048751,Malai kofta,3,3,2.0,3.0
6048756,SMØRREBRØD,393,25,3.875,12.0
6048757,SMØRREBRØD LUX,629,40,2.5641025641025643,7.0
6048825,Mithai,56,41,2.475,11.0
6048826,Samosa 1,3,3,4.0,5.0
6048850,Unspecified,117,27,2.1923076923076925,31.0
6048864,Durum,418,31,3.2666666666666666,40.0
6048865,Pita,77,19,1.3888888888888888,3.0
6048866,Doner,52,19,4.111111111111111,40.0
6048878,Bacon,23,10,3.888888888888889,7.0
6048881,Div. 10 / RIS nudler,114,38,2.324324324324324,11.0
6048883,Div. 12 / Nudler,131,42,2.097560975609756,8.0
6048887,Pommes frittes,8,7,12.166666666666666,44.0
6048890,Div. 60 / Grøntsager,818,69,1.2647058823529411,4.0
6048891,Div. 70 / Frost,368,64,1.3650793650793651,5.0
6048892,Div. 80 / Krydderi,86,33,2.3125,8.0
6048894,Div. 90 / Snacks / Drink,289,57,1.5357142857142858,4.0
6048900,Dip,10,6,15.0,38.0
6048903,Pasta med paneret kylling,20,14,6.538461538461538,18.0
6048904,Pasta med svampe à la crème,11,9,9.25,22.0
6048908,Pasta ribeye,13,11,7.7,15.0
6048917,Bacon,28,14,7.3076923076923075,44.0
6048930,Dagsmedlem Hverdag + Søndag,18,11,6.9,14.0
6048931,Dagsmedlem Weekend,16,6,12.8,21.0
6048932,Variabelt Dagsmedlem Hverdag,8,5,10.5,18.0
6048933,Variabelt Dagsmedlem lørdag,1,1,999.0,999.0
6048934,Kvartal Medlem,6,4,20.666666666666668,46.0
6048942,Smil ålb/århus/Odense Fre/ Lør,10,9,4.75,14.0
6048943,Smil ålb/århus/Odense Søn/ Tor,5,5,9.75,18.0
6048944,Flaske Vand/ Sodavand,337,40,1.7692307692307692,5.0
6048945,Energidrik,23,15,4.5,14.0
6048946,øl,11,8,9.428571428571429,19.0
6048947,Glas Vin,3,1,999.0,999.0
6048948,Snacks,92,19,3.6666666666666665,9.0
6048949,Kaffe/The ad libitum,55,19,3.888888888888889,7.0
6048950,Diverse,1,1,999.0,999.0
6048951,Hot dog,241,31,3.1,16.0
6048952,Fritter,251,29,3.3214285714285716,18.0
6048953,Toast,188,25,3.125,12.0
6048954,Menu,54,2,73.0,73.0
6048955,Flutes,5,4,3.0,4.0
6048956,Tyrkisk brød,50,22,3.4285714285714284,46.0
6048965,Double Cheeseburger,2,2,10.0,10.0
6048966,Cheese Burger,3,3,12.5,20.0
6048967,Bacon Cheeseburger,2,2,4.0,4.0
6048972,KiWa Foto teknik,10,9,11.25,26.0
6048973,Kyllingburger,4,3,10.0,14.0
6048974,Shawarma ret,19,12,7.818181818181818,71.0
6048975,Kylling-ret,1,1,999.0,999.0
6048977,Doner-mix,9,7,3.3333333333333335,8.0
6048978,Arabika,2,2,18.0,18.0
6048979,Arabika Kylling,1,1,999.0,999.0
6048980,Crispy Chicken,4,4,26.0,66.0
6048981,Halv grill kylling,1,1,999.0,999.0
6048982,Chicken Tenders,1,1,999.0,999.0
6048984,Nuggets,2,2,11.0,11.0
6048985,Mozzarella Sticks,3,3,9.0,15.0
6048986,Chili Cheese tops,2,2,2.0,2.0
6048991,Børne nuggets,1,1,999.0,999.0
6049010,Sodavand,43,21,1.3,3.0
6049011,Juice,4,3,5.5,9.0
6049012,Ice tea,1,1,999.0,999.0
6049013,Ayran,9,5,4.5,8.0
6049048,2 retter menu,24,1,999.0,999.0
6049050,Nytårsaften menu+vinmenu,19,2,1.0,1.0
6049073,Kindermax,36,3,1.0,1.0
6049156,2pieces Samosa,373,83,1.146341463414634,4.0
6049157,Stor fad,393,42,1.8780487804878048,5.0
6049158,Flaske øl,1413,71,1.3714285714285714,5.0
6049160,Stor blanc,101,25,3.4583333333333335,14.0
6049161,Øl kort,61,31,3.1,9.0
6049167,Vodka m. Redbull,118,33,2.90625,8.0
6049169,Sprut m. Vand,200,46,2.111111111111111,11.0
6049173,Cocktails,156,24,3.6956521739130435,15.0
6049174,2cl shot,165,36,2.7142857142857144,11.0
6049175,4cl shot,94,27,3.6538461538461537,15.0
6049182,Breezer,58,25,4.0,10.0
6049185,Underberg,51,17,4.75,12.0
6049187,Sodavand,122,31,3.2,12.0
6049195,Lux øl,50,23,3.772727272727273,13.0
6049196,Små sure 1 shot,69,18,4.882352941176471,15.0
6049354,Unspecified,113,53,1.3461538461538463,5.0
6049407,Plast glas ud af huset,100,1,999.0,999.0
6049434,Pølse m. Brød,135,25,3.875,18.0
6049435,Åben pris,143,27,3.576923076923077,16.0
6049442,Reservedele,2,2,44.0,44.0
6049444,Milkshake,32,11,4.7,20.0
6049445,Værksted,95,49,1.875,6.0
6049446,Ebeltoft sodavand,254,30,3.206896551724138,18.0
6049447,Vand,160,28,3.4444444444444446,16.0
6049448,Dækskift,14,12,8.272727272727273,28.0
6049449,Saft,93,23,4.2272727272727275,18.0
6049450,Olie,4,4,16.0,42.0
6049452,Trailer,11,11,6.4,33.0
6049453,Diverse,45,27,3.3076923076923075,26.0
6049474,Flaske vin,4,3,29.0,45.0
6049480,Iskaffe,12,7,4.666666666666667,7.0
6049482,Cappuccino,70,21,4.65,18.0
6049483,Americano,80,22,4.428571428571429,18.0
6049484,Kakao,80,19,5.166666666666667,16.0
6049485,Kaffe latte,73,21,3.4,7.0
6049486,Espresso,9,8,9.0,28.0
6049491,Sandwich,39,15,5.357142857142857,20.0
6049492,Burger med delle,13,9,9.375,19.0
6049493,Burger med steg,66,19,5.166666666666667,24.0
6049500,Unspecified,1,1,999.0,999.0
6049518,Frikadeller med rugbrød Og surt,16,9,8.5,19.0
6049526,"Ekstra bacon, ost, flæskesvær",19,12,6.2727272727272725,21.0
6049574,Addon,60,30,2.4827586206896552,9.0
6049593,Buket,633,73,1.1944444444444444,3.0
6049594,Ugens Christina,223,58,1.5087719298245614,4.0
6049595,Den vilde christina,1,1,999.0,999.0
6049596,Snitvare,771,56,1.509090909090909,6.0
6049598,Bundtevare,60,24,3.652173913043478,17.0
6049599,Diverse,217,45,1.9545454545454546,6.0
6049607,Lækkerier,2,1,999.0,999.0
6049611,Krukke,23,14,5.923076923076923,17.0
6049613,Tekstiler,2,1,999.0,999.0
6049614,Lys,2,1,999.0,999.0
6049615,Potteplante,200,37,2.3333333333333335,6.0
6049616,Sammenplantning,2,2,44.0,44.0
6049618,Bårebuket,13,10,7.222222222222222,15.0
6049620,Hjerte,2,2,24.0,24.0
6049621,Båredekoration,1,1,999.0,999.0
6049622,Begravelsesbånd,1,1,999.0,999.0
6049625,Brudebuket,1,1,999.0,999.0
6049629,Levering alle byer,9,7,11.166666666666666,29.0
6049632,Håndmalet akv.kort,10,8,9.571428571428571,24.0
6049634,Bøtte kort m. Konv,1,1,999.0,999.0
6049653,Nytårs menu 2025,18,1,999.0,999.0
6049683,Gajar Haluwa,16,12,5.636363636363637,24.0
6049723,3 retters menu,40,5,12.0,21.0
6049737,Pensionistmad,261,45,2.0454545454545454,5.0
6049748,Tærte,64,34,2.696969696969697,18.0
6049770,Masala Chana kofta with rice,41,29,3.142857142857143,12.0
6049777,Purple/Somersby,167,25,3.7083333333333335,12.0
6049780,Cocktails Sport,49,10,9.333333333333334,15.0
6049785,Faxe Booster,3,2,52.0,52.0
6049786,Pepsi Max,6,6,11.4,18.0
6049787,Cola Zero,5,5,10.25,21.0
6049789,Croissant,124,45,1.5,5.0
6049791,Cookie,149,48,1.8297872340425532,12.0
6049793,Sandwich,280,53,1.6730769230769231,13.0
6049798,Surdejsbolle,428,60,1.11864406779661,3.0
6049806,Juice,100,37,1.7777777777777777,7.0
6049807,Frizzante,129,50,1.3265306122448979,5.0
6049830,To-go Kaffe,447,62,1.0819672131147542,2.0
6049834,Menu,64,1,999.0,999.0
6049837,Sko,140,43,2.0,10.0
6049838,Diverse,221,50,1.5918367346938775,4.0
6049839,Reparation,59,33,2.1875,7.0
6050668,Banh mi 5 SPICE,72,35,2.088235294117647,6.0
6050692,Noodles chicken,69,39,2.0,6.0
6050711,Crab spring rolls,213,59,1.4655172413793103,5.0
6050713,Summer rolls shrimp,142,58,1.4736842105263157,5.0
6050714,Summer rolls chicken,60,39,2.1315789473684212,6.0
6050716,WONTON,171,53,1.6153846153846154,6.0
6050738,Pomelo shrimp salad,59,38,2.189189189189189,7.0
6050740,Chicken rice,367,67,1.2878787878787878,3.0
6050755,Fisk,141,50,1.5714285714285714,4.0
6050756,Pho beef,201,61,1.4166666666666667,4.0
6050759,Limonade,175,56,1.5272727272727273,7.0
6050760,Pink guava,114,50,1.7142857142857142,6.0
6050761,Kumquat coco,68,32,2.7096774193548385,7.0
6050764,Iced tea passion,59,33,2.5,6.0
6050780,Sparkling,84,40,2.1538461538461537,6.0
6050782,Saigon beer,223,56,1.5454545454545454,5.0
6050815,Unspecified,53,23,3.590909090909091,23.0
6050894,Herre klip m. Skæg,4,4,7.0,12.0
6050994,Traditionel Tofu,99,36,2.2285714285714286,7.0
6050996,Stegt Tofu,226,51,1.72,7.0
6051027,Sjove sæber,27,18,4.117647058823529,9.0
6051061,Lovpligtig bæreposeafgift,1315,33,2.5625,48.0
6051088,Stimorol tyggegummi,1,1,999.0,999.0
6051089,Mars bar,2,2,14.0,14.0
6051090,Snickers,1,1,999.0,999.0
6051092,Knoppers,2,2,21.0,21.0
6051109,Laoganma Crispy Chili Oil 210g,193,57,1.5,4.0
6051117,Buket,1037,85,1.0238095238095237,2.0
6051119,Bårebuket,258,73,1.1944444444444444,3.0
6051120,Rem,13,12,7.545454545454546,27.0
6051121,Lænker,11,11,5.8,15.0
6051123,Interflora,4,4,7.0,10.0
6051126,Gavekort/tilbagegodebevis,5,2,2.0,2.0
6051128,Dekorationer,15,8,8.428571428571429,26.0
6051135,Kort,1,1,999.0,999.0
6051146,Chokolade,7,6,5.4,15.0
6051148,Kranse,4,4,21.0,38.0
6051149,Kistdekorationer,2,2,33.0,33.0
6051153,Plante,538,80,1.0886075949367089,3.0
6051154,Plastik Bag,232,58,1.4912280701754386,8.0
6051156,Redbull,29,20,4.157894736842105,17.0
6051158,Vase,1,1,999.0,999.0
6051209,Fredags tilbud,28,4,7.333333333333333,14.0
6051212,Reoaration af ur,25,23,3.772727272727273,13.0
6051219,Reaparatio af smykker,17,15,5.642857142857143,18.0
6051222,Gravering,7,7,12.833333333333334,22.0
6051277,Unspecified,1,1,999.0,999.0
6051289,Redbull,4,3,8.0,11.0
6051290,Toast,15,7,4.333333333333333,9.0
6051291,Bolle med smør & ost,2,1,999.0,999.0
6051299,Svampetoast,258,45,1.9318181818181819,5.0
6051309,Samyang  Buldak Carbonara Flavour 130g,104,47,1.7826086956521738,5.0
6051314,Spring Home Spring Roll Pastry 50 Sheets,103,47,1.826086956521739,5.0
6051321,KFT Kinesisk Vandspinat 200g,157,37,2.3055555555555554,8.0
6051323,KFT Sød Basilikum 80g,108,32,2.6451612903225805,13.0
6051330,KFT Koriander 50g,85,34,2.0,7.0
6051333,KFT Stærk Koriander,92,39,2.1315789473684212,13.0
6051335,Rafling,196,15,5.785714285714286,7.0
6051341,Ulla og Arne,53,33,2.28125,7.0
6051380,Wang Korea Seasoned Seaweed Laver 3packs,150,40,2.0,20.0
6051398,Rød Roser,5,4,10.666666666666666,21.0
6051399,Diverse,268,66,1.2923076923076924,4.0
6051482,Super Tofu,391,59,1.3620689655172413,4.0
6051491,Biscoff cookie,69,35,2.4411764705882355,23.0
6051530,Unspecified,1,1,999.0,999.0
6051648,Gavekort,9,7,10.833333333333334,30.0
6051649,2 retter,21,4,7.333333333333333,20.0
6051674,Ayran,94,50,1.6938775510204083,5.0
6051675,Caprisonne,87,40,2.0,6.0
6051676,Cola,42,24,3.347826086956522,6.0
6051678,Fanta,40,26,3.24,9.0
6051679,Faxe Kondi,137,57,1.4821428571428572,5.0
6051681,Gazoz,41,24,3.1739130434782608,14.0
6051684,Mango,99,40,2.076923076923077,9.0
6051687,Redbull,48,27,3.0,12.0
6051691,Vand,77,43,1.880952380952381,6.0
6051695,Zatar,145,44,1.813953488372093,8.0
6051696,Ost,385,68,1.2238805970149254,5.0
6051697,Kød,173,56,1.490909090909091,5.0
6051698,Kødmix,429,81,1.025,2.0
6051699,Muhammara,110,42,1.8780487804878048,7.0
6051700,Zatar Mix,245,69,1.2058823529411764,2.0
6051701,Mhamara med ost,72,40,2.1025641025641026,6.0
6051703,Sucuk,163,59,1.4310344827586208,5.0
6051704,Pepperoni,48,32,2.6774193548387095,7.0
6051716,Sucuk med æg,92,44,1.8372093023255813,6.0
6051717,Shawarma,113,52,1.588235294117647,6.0
6051736,Fatayer med Kød 1 Stk,272,34,2.484848484848485,20.0
6051737,Fatayet Med Ost 1 stk,111,27,3.1153846153846154,31.0
6051738,Fatayer med Spinat 1 stk,145,26,3.28,20.0
6051741,Ost 4 stk,53,29,2.9285714285714284,19.0
6051743,Pølsehorn 1 stk,1166,73,1.125,2.0
6051744,Pølsehorn 3 stk,109,32,2.6774193548387095,12.0
6051750,Pose,41,15,5.642857142857143,35.0
6051772,Pose,80,43,1.9285714285714286,6.0
6051799,Fløde fastelavnsbolle,1307,15,3.0714285714285716,6.0
6051802,Diverse,2145,57,1.4642857142857142,4.0
6051829,Det vaade faar. Fadoel,54,16,4.333333333333333,11.0
6051841,New York style,139,57,1.4821428571428572,5.0
6051845,Unspecified,7,6,12.8,28.0
6051852,Mobiludstyr Kobcover,22,16,5.266666666666667,14.0
6051878,Unspecified,1,1,999.0,999.0
6051975,Juice,1,1,999.0,999.0
6051991,Cover,227,55,1.4444444444444444,14.0
6051992,Pansglass,208,54,1.471698113207547,14.0
6051993,Tilbehør,204,53,1.5,13.0
6051994,Reparation,7,6,6.0,19.0
6051995,iPhone SE Reparation,4,4,19.0,26.0
6051996,iPhone 16 Pro Max Reparation,1,1,999.0,999.0
6051997,iPhone 16 Pro Reparation,1,1,999.0,999.0
6052000,iPhone 16e Reparation,1,1,999.0,999.0
6052001,iPhone 15 Pro Max Reparation,1,1,999.0,999.0
6052002,iPhone 15 Pro Reparation,3,3,14.5,25.0
6052004,iPhone 15 Reparation,3,3,6.0,7.0
6052005,iPhone 14 Pro Max Reparation,5,3,1.5,2.0
6052006,iPhone 14 Pro Reparation,3,3,27.0,42.0
6052008,iPhone 14 Reparation,3,2,53.0,53.0
6052009,iPhone 13 Pro Max Reparation,1,1,999.0,999.0
6052010,iPhone 13 Pro Reparation,3,3,8.5,15.0
6052011,iPhone 13 Mini Reparation,1,1,999.0,999.0
6052012,iPhone 13 Reparation,8,6,10.6,18.0
6052015,iPhone 12 Mini Reparation,2,2,38.0,38.0
6052016,iPhone 12 Reparation,11,11,7.5,23.0
6052017,iPhone 11 Pro Max Reparation,1,1,999.0,999.0
6052019,iPhone 11 Reparation,11,11,6.6,23.0
6052021,iPhone XS Reparation,3,3,22.5,34.0
6052023,iPhone X Reparation,4,4,20.0,33.0
6052025,iPhone 8 Reparation,1,1,999.0,999.0
6052028,iPhone 6S Plus Reparation,1,1,999.0,999.0
6052048,iPad Air 5Gen (2022) Reparation,2,2,55.0,55.0
6052054,iPad 9 (10.2) (2021) Reparation,7,7,11.0,24.0
6052055,iPad 8 (10.2) (2020) Reparation,2,2,58.0,58.0
6052274,Papirgarn,7,4,18.666666666666668,41.0
6052283,1 smørrebrød,130,23,3.6818181818181817,7.0
6052284,2 smørrebrød,268,24,3.391304347826087,6.0
6052285,3 smørrebrød,175,23,3.5,6.0
6052300,Happy Belly Gyoza Skin 300g,91,31,2.6,25.0
6052331,Kylling,3,3,7.5,11.0
6052332,Kebab,15,9,9.0,28.0
6052333,Grønt,25,16,4.466666666666667,12.0
6052334,Bacon,13,12,4.0,14.0
6052335,Ost,22,14,5.153846153846154,17.0
6052336,Dressing,19,11,6.8,18.0
6052411,Dame klip m. Vask,76,43,1.8571428571428572,5.0
6052414,Gavekort,1,1,999.0,999.0
6052425,El apparater,3,3,17.0,19.0
6052480,Workers dinner,101,38,2.108108108108108,6.0
6052483,12 - Bajeur,271,57,1.4285714285714286,3.0
6052496,Dame klip,132,30,1.9655172413793103,7.0
6052499,Herre klip,48,24,2.4782608695652173,7.0
6052507,Børneklip,5,5,6.0,10.0
6052508,Lille Herre klip,1,1,999.0,999.0
6052509,Dame klip udekørsel,5,4,17.0,23.0
6052510,Herre klip udekørsel,3,2,7.0,7.0
6052512,Permanent+klip korthår,9,8,7.142857142857143,15.0
6052517,Permanent+klip langt hår,1,1,999.0,999.0
6052522,Farve korthår,2,2,2.0,2.0
6052527,Farve+strib,1,1,999.0,999.0
6052531,Totter med hætte kort hår,11,10,4.777777777777778,13.0
6052532,Coconut Tree Lemongrass 200g,84,33,2.4375,10.0
6052534,Totter med hætte + kant farve,1,1,999.0,999.0
6052539,Striber tæt med staniol langt hår,1,1,999.0,999.0
6052547,Bryn+vipper,5,4,11.0,20.0
6052548,Vipper,4,4,11.666666666666666,13.0
6052549,Bryn farve + ret,10,9,6.0,13.0
6052550,Bryn ret,19,14,3.8461538461538463,11.0
6052552,Bryn farve+ret voks,2,2,49.0,49.0
6052554,Bryn voks+overlæbe+hage,1,1,999.0,999.0
6052557,Pandehår,2,2,29.0,29.0
6052558,Pandehår barn,1,1,999.0,999.0
6052624,Salatbar,198,27,2.6538461538461537,12.0
6052629,ÆLDRE SAGEN,126,3,31.5,35.0
6052699,Gyros+Sodavand,186,57,1.3392857142857142,5.0
6052713,Unspecified,18,15,3.7857142857142856,16.0
6052753,Fastelavnsbolle to-go,255,21,1.8,4.0
6052784,Pins,346,56,1.4,4.0
6052786,Plakat,117,46,1.6888888888888889,7.0
6052787,Bandana,59,30,2.5517241379310347,7.0
6052788,Doing Goods,76,38,1.945945945945946,6.0
6052790,Palle P,3,3,6.5,9.0
6052791,Egg back home,26,17,4.75,19.0
6052792,Postkort/magnet,120,53,1.4807692307692308,5.0
6052793,Bloomingville,92,46,1.6444444444444444,5.0
6052794,Guldhank,25,17,4.6875,26.0
6052832,Tæppe,48,26,2.92,13.0
6052833,Jette Arendal Winther,5,4,25.333333333333332,28.0
6052834,Lysestager,22,17,3.875,19.0
6052844,Smykker,41,24,3.0,10.0
6052847,Hår Dullerens,154,58,1.368421052631579,4.0
6052853,Stickers,347,68,1.1492537313432836,3.0
6052865,Fahita Sub,267,65,1.03125,2.0
6052866,Philadelphia Steak Sub,427,64,1.0476190476190477,2.0
6052867,Chicken Parmigiana Sub,43,29,2.2857142857142856,6.0
6052868,Mexicana Sub,67,41,1.7,6.0
6052869,Casablanca Sub,57,33,2.03125,6.0
6052870,Francisco Sub,49,32,2.032258064516129,10.0
6052871,Dynamite Shrimp Sub,32,23,2.9545454545454546,11.0
6052872,Crispy Zinger Sub,109,52,1.2352941176470589,3.0
6052873,Honey Mustard Crispy Sub,31,19,3.4444444444444446,16.0
6052874,Smoked BBQ Crispy Sub,18,16,4.4,13.0
6052878,Quesadilla,88,41,1.675,5.0
6052879,Crispy Zinger Wrap,29,19,3.6666666666666665,11.0
6052884,BBQ Burger,45,30,2.3448275862068964,6.0
6052885,Chili Cheese Burger,41,27,2.576923076923077,7.0
6052886,Cheesy Burger,44,32,2.161290322580645,11.0
6052891,Nashville Style Chicken Box,27,19,3.6666666666666665,16.0
6052894,Philadelphia Steak Box,23,18,3.4705882352941178,9.0
6052896,Cheesy Fries,45,32,2.193548387096774,7.0
6052897,Melt & Crunch,100,21,3.2,12.0
6052901,Crispy Strips (3 stk.),41,24,2.739130434782609,10.0
6052902,Hot Wings (4 stk.),21,15,4.285714285714286,13.0
6052906,Pommes Frites,52,26,2.56,8.0
6052910,Drikkevarer,378,67,1.0151515151515151,2.0
6052911,Dip,286,61,1.1166666666666667,3.0
6052925,Strik,199,46,1.3333333333333333,4.0
6052926,Cardigan,121,41,1.375,3.0
6052927,T-Shirts,119,37,1.5,5.0
6052928,Bluser,39,23,2.409090909090909,7.0
6052929,Skjorter,111,41,1.375,3.0
6052930,Bukser,250,47,1.1956521739130435,3.0
6052931,Stumpebukser,10,4,12.0,16.0
6052933,Nederdeler,31,21,2.45,5.0
6052934,Overtøj,11,8,4.142857142857143,15.0
6052935,Jakke,22,16,3.533333333333333,9.0
6052936,Kjoler,26,16,3.066666666666667,9.0
6052937,Bælter,11,10,5.555555555555555,15.0
6052938,Tørklæder/Huer/Vanter,56,25,1.7916666666666667,6.0
6052939,Smykker,10,7,9.166666666666666,26.0
6052940,Tasker,3,3,16.0,27.0
6052941,Strømper,64,25,2.0833333333333335,7.0
6052942,Gavekort,64,32,1.8064516129032258,4.0
6052943,Andet,49,25,2.125,6.0
6052947,Salg af Tv,7,6,6.4,11.0
6052948,Salg af Hifi,11,9,5.25,14.0
6052950,Øvrige Vare,36,22,2.6666666666666665,9.0
6052951,Værksted,35,17,3.5625,10.0
6052952,Debitor Salg,35,22,2.380952380952381,6.0
6052972,Kod,56,28,2.4074074074074074,8.0
6052990,Vand,20,11,6.6,20.0
6053037,Winston lang,58,30,2.0,6.0
6053038,Velo grå 5,35,12,3.8181818181818183,7.0
6053044,Prince light H,32,18,3.411764705882353,13.0
6053045,Prince L blød,16,6,5.8,13.0
6053046,Prince H,11,6,4.4,12.0
6053047,Prince blød,45,13,4.833333333333333,14.0
6053051,Kings blå b,22,11,4.9,16.0
6053052,Kings blå H,56,21,3.2,13.0
6053054,Pall mall 100,11,7,5.833333333333333,13.0
6053060,Sheep lighter,12,6,7.2,13.0
6053064,4 Rettes Menu,61,11,2.3,4.0
6053097,Unicurd Silken Tofu 300g,88,33,2.3125,9.0
6053142,Unspecified,4403,49,1.4375,4.0
6053199,Corny,105,46,1.6888888888888889,20.0
6053200,Slikburger,30,9,2.0,5.0
6053202,Tyggegummi 🍉,154,38,2.054054054054054,22.0
6053203,Slikkepind,83,32,2.4516129032258065,20.0
6053205,Cookie,172,44,1.7674418604651163,21.0
6053208,Croissant 🥐 Pan au chokolat,57,12,6.363636363636363,27.0
6053209,Chips,81,33,2.375,20.0
6053210,Barebell proteinbar,55,25,3.0833333333333335,24.0
6053232,Drinks kort,24,1,999.0,999.0
6053236,5. Southern Fried Chicken,66,23,3.227272727272727,14.0
6053250,7. Skinny Fries,122,25,3.0,7.0
6053251,8. Curly Fries,98,25,2.9583333333333335,14.0
6053252,9. Sweet Potato Fries,24,13,5.583333333333333,32.0
6053253,Garlic Mayo,24,11,7.1,31.0
6053254,Chili Mayo,35,15,4.714285714285714,14.0
6053256,Ketchup,40,17,4.1875,10.0
6053270,Fastelavnsbolle,167,17,1.8125,4.0
6053303,Elephant,11,4,15.0,21.0
6053313,Merguezsandwch,45,28,2.037037037037037,7.0
6053314,Shaker sport,29,8,8.142857142857142,15.0
6053316,Lever sandwiches,35,28,2.185185185185185,7.0
6053321,Stimorol 3 pak,15,11,4.9,14.0
6053324,Fastelavnsboller,767,13,2.5,6.0
6053330,Classic,23,10,5.444444444444445,12.0
6053332,Carlsberg,16,7,9.0,23.0
6053338,Grengo,19,12,5.7272727272727275,15.0
6053340,Camel shift,12,8,5.857142857142857,14.0
6053349,Marlboro One soft,33,13,4.083333333333333,14.0
6053351,Velo grå 4,69,20,2.263157894736842,6.0
6053355,Velo blå 3,46,13,3.0,8.0
6053574,Margherita,80,37,1.9444444444444444,7.0
6053581,Napoli,89,36,2.0,5.0
6053582,a. Pizza Bearnaise,18,12,4.545454545454546,13.0
6053584,a. Kartoffel Pizza,16,15,4.571428571428571,10.0
6053588,Hawaii,17,14,4.769230769230769,14.0
6053592,Pizza Kebab,130,49,1.5208333333333333,4.0
6053594,Risskov Special,27,17,3.875,17.0
6053596,Torino,19,15,4.928571428571429,26.0
6053597,Holliwood,23,19,4.055555555555555,16.0
6053599,Arresøvej Fantasy,53,29,2.4642857142857144,6.0
6053601,Gorgonzola,17,14,5.615384615384615,22.0
6053605,a. Meat Lover,31,22,3.3333333333333335,10.0
6053621,Kebabrulle,41,20,3.9473684210526314,14.0
6053628,Pommes frites - Lille,27,20,3.6842105263157894,20.0
6053629,Pommes frites - Stor,31,25,2.875,7.0
6053741,Lille klip,1,1,999.0,999.0
6053755,Webshop,63,27,2.6923076923076925,7.0
6053765,Double smash,68,27,2.6923076923076925,9.0
6053771,Zaater . mhamara,25,15,4.357142857142857,14.0
6053772,Zaaterost,51,27,2.8461538461538463,9.0
6053775,"Durum Kebab, kyling",32,19,3.611111111111111,9.0
6053782,"Kyling,kebab",51,29,2.607142857142857,7.0
6053784,pappernoi,96,32,2.2903225806451615,10.0
6053787,Diverse mad,2,1,999.0,999.0
6053806,Menu,76,1,999.0,999.0
6053811,Ekstra,44,15,4.857142857142857,13.0
6053812,Gluten brød,4,4,13.666666666666666,27.0
6053860,Nøgleringe,42,23,2.6818181818181817,10.0
6053870,Pitabrød Kebab,347,70,1.0579710144927537,2.0
6053871,Pitabrød Kylling,72,41,1.825,7.0
6053873,Pitabrød Mix,38,22,3.238095238095238,13.0
6053880,Fastelavnsbolle,129,24,1.1304347826086956,2.0
6053891,Billiard kø,1,1,999.0,999.0
6054214,Farvning af øjenbryn,7,7,11.333333333333334,18.0
6054216,Brazilian Baller,5,5,12.75,24.0
6054273,Lille slush,94,28,2.6666666666666665,34.0
6054274,Stor slush,30,15,4.5,28.0
6054275,Dagens ret,107,19,3.8333333333333335,27.0
6054276,Lille kaffe,168,42,1.7317073170731707,20.0
6054277,Stor kaffe,209,43,1.7142857142857142,21.0
6054279,Sandwich,320,6,7.6,20.0
6054549,Unspecified,3,2,16.0,16.0
6056021,2 retters frokost,13,2,39.0,39.0
605641,"LILLE 0,5",280,97,1.8854166666666667,16.0
605642,"DÅSE 0,33",359,115,1.587719298245614,9.0
6056620,9. Butter Chicken Wrap,28,14,5.153846153846154,21.0
6056700,Oksefilet🐂🥩,123,38,1.5135135135135136,4.0
6056744,Husets brunch🍳🧇,154,38,1.8108108108108107,6.0
6056884,Klip,193,52,1.2352941176470589,2.0
6056885,Hår & Skæg,26,19,3.4444444444444446,11.0
6056886,Skæg,5,4,19.333333333333332,22.0
6056887,Børne Klip,16,14,4.461538461538462,11.0
6056888,Pensionist,9,7,9.666666666666666,22.0
6056889,Voks,1,1,999.0,999.0
6056899,odense classic fadol,50,7,9.5,28.0
6056950,Brød til bakker,18,1,999.0,999.0
6056960,Dameklip,4,4,5.333333333333333,8.0
6057007,Unspecified,69,33,1.71875,6.0
6057015,3 pak cones,22,16,3.8,8.0
6057032,Mango Lassi 🥭,46,25,2.4583333333333335,10.0
6057091,King size,86,30,2.3448275862068964,7.0
6057094,Div vin,10,5,8.25,16.0
6057116,Mint,80,40,1.641025641025641,4.0
6057118,Red Chili,96,39,1.763157894736842,5.0
6057120,Koncertbuffet,37,2,56.0,56.0
6057123,Banana/Plantain,100,45,1.4772727272727273,4.0
6057128,Shanghai Pakchoi,102,42,1.5853658536585367,6.0
6057129,Papaya,82,43,1.5952380952380953,6.0
6057133,Americano,47,21,3.1,10.0
6057136,Grungejerforeninger,106,3,5.0,8.0
6057139,Sweet/Thai Basilikum,148,40,1.5897435897435896,6.0
6057144,Vand 💧,32,17,3.1875,10.0
6057145,Soda 🥤,26,15,3.142857142857143,6.0
6057164,Oklahoma Smash Menu,12,8,8.0,34.0
6057166,Kraft Smash Menu,37,8,8.0,35.0
6057167,Ost,53,21,3.25,13.0
6057168,Juice,30,17,4.0,11.0
6057170,Tilbudsmenu Philadelphia,19,1,999.0,999.0
6057208,VT Nøgle,63,26,2.6,7.0
6057209,SN Nøgle,34,15,4.642857142857143,10.0
6057211,Butiksvare,41,22,2.857142857142857,9.0
6057212,Værkstedsarbejde,12,10,6.444444444444445,16.0
6057244,HERREVÆRELSET,46,1,999.0,999.0
6057246,Glas vin,1202,38,1.5675675675675675,7.0
6057247,Flaske vin,45,20,2.736842105263158,11.0
6057256,Mælkeglas,73,20,2.4210526315789473,9.0
6057273,Loppe beer,3987,30,2.1379310344827585,6.0
6057322,Multiglas,14,6,5.0,7.0
6057327,Fællesspisning,55,9,7.0,22.0
6057330,Systemnøgle,7,5,10.25,14.0
6057331,Kopi af nøgle,31,24,2.391304347826087,7.0
6057343,4 x Loppe beers,309,26,2.48,6.0
6057344,Ale 16,184,20,3.263157894736842,13.0
6057345,"BRUTAL IPA 5,8%",207,23,2.8181818181818183,8.0
6057346,Flea Bite IPA,229,23,2.8181818181818183,7.0
6057347,Dåseøl,146,17,3.5,9.0
6057348,Hancock Guld,109,18,3.176470588235294,7.0
6057349,"Brutal IPA 0,0%",127,21,3.1,8.0
6057350,Sodavand,398,23,2.8181818181818183,8.0
6057351,Fritz Kola,147,24,2.6956521739130435,6.0
6057352,Spots-Cola,79,22,2.9523809523809526,6.0
6057353,Mate Mate,107,19,2.9444444444444446,7.0
6057357,Rødvin / Hvidvin pr. glas,89,18,3.6470588235294117,8.0
6057364,Fernet Branca,46,13,4.75,9.0
6057365,Tequila,46,9,6.75,14.0
6057373,Mango Vodka,88,18,3.411764705882353,8.0
6057375,Berliner Mate,138,18,3.588235294117647,8.0
6057377,Gin & Tonic,192,22,2.9047619047619047,8.0
6057379,Paloma,102,14,4.153846153846154,13.0
6057380,Cuba Libre,64,14,4.384615384615385,12.0
6057383,Dark & Stormy,65,16,4.133333333333334,14.0
6057385,Gajol shot,44,13,5.166666666666667,13.0
6057389,Earplugs,94,18,3.6470588235294117,8.0
6057390,Beer 35 kr.,508,44,1.441860465116279,4.0
6057394,Soda,100,33,1.875,5.0
6057399,Alcohol,101,15,3.857142857142857,7.0
6057400,Shots,118,20,3.263157894736842,13.0
6057427,Gavekort,1,1,999.0,999.0
6057584,Fastelavnsbolle,41,15,1.5,3.0
6057585,Fastelavnsbolle med kaffe,39,11,2.2,7.0
6057633,Coriander,205,51,1.26,4.0
6057653,Rainbow,133,9,7.125,21.0
6057666,Tartelet,99,2,24.0,24.0
6057679,Torsdag PAR entré IKKE MEDLEM,3,1,999.0,999.0
6057680,Torsdag PAR entré,10,3,31.0,48.0
6057681,Torsdag Mand entré IKKE MEDLEM,7,1,999.0,999.0
6057682,Torsdag Mand entré,7,3,17.5,21.0
6057683,Torsdag Kvinde entré IKKE MEDLEM,1,1,999.0,999.0
6057684,Torsdag Kvinde entré,10,2,35.0,35.0
6057685,Fredag/Lørdag PAR IKKE MEDLEM,137,18,3.3529411764705883,6.0
6057686,Fredag/Lørdag PAR MEDLEM,237,18,3.588235294117647,6.0
6057687,Fredag/Lørdag Mand IKKE MEDLEM,90,13,4.083333333333333,7.0
6057688,Fredag/Lørdag Mand MEDLEM,156,16,4.133333333333334,7.0
6057689,Fredag/Lørdag Kvinde IKKE MEDLEM,28,9,7.0,15.0
6057690,Fredag/Lørdag Kvinde MEDLEM,113,13,4.583333333333333,7.0
6057691,Søndag PAR entré IKKE MEDLEM,14,7,8.166666666666666,14.0
6057692,Søndag PAR entré MEDLEM,75,7,8.166666666666666,14.0
6057693,Søndag Mand entré IKKE MEDLEM,22,7,8.166666666666666,14.0
6057694,Søndag Mand entré MEDLEM,52,8,7.0,7.0
6057695,Søndag Kvinde entré IKKE MEDLEM,5,5,8.75,14.0
6057696,Søndag Kvinde entré MEDLEM,40,7,8.166666666666666,14.0
6057734,JOYCLUB 70 EURO,4,3,6.5,7.0
6057736,DARK DESIRE SINGLE,14,1,999.0,999.0
6057737,DARK DESIRE PAR,27,1,999.0,999.0
6057738,DARK DESIRE TRIO,4,1,999.0,999.0
6057901,Tomatsauce og Ost med Frit Valg,29,19,3.0555555555555554,10.0
6057907,"Tomatsauce, Ost, Pepperoni",120,36,1.8,6.0
6057911,"Tomatsauce, Ost, Pepperoni, Kebabm",24,15,3.2857142857142856,8.0
6057912,"Tomatsauce, Ost, Skinke, Oksekød",16,13,5.25,16.0
6057915,"Tmatsauce, Ost, Skinke, Pepperoni, Oksekød",17,13,5.166666666666667,11.0
6057916,"Tomatsauce, Ost, Kebab, Salat",40,20,2.8947368421052633,9.0
6057928,Kebab Hjemmelavet Durumbrød,181,39,1.6842105263157894,4.0
6057934,Sodavand i Dåse,138,34,1.878787878787879,7.0
6057936,Vand,98,29,2.25,6.0
6057949,Pommes Frites,36,21,2.75,7.0
6058027,Unspecified,73,41,1.375,3.0
6058113,"Tomatsauce, Ost, Oregano",21,13,3.4166666666666665,7.0
6058118,"Tomatsauce, Ost, Pepperoni",45,18,2.3529411764705883,7.0
6058203,Hot Chocolate,14,3,2.0,3.0
6058204,Pasta nduja,156,22,2.8095238095238093,12.0
6058280,Salg af CD,9,7,6.833333333333333,14.0
6058282,Strong LEAP-S3+V2,4,4,2.6666666666666665,6.0
6058285,Okra,129,38,1.6756756756756757,5.0
6058300,Kylling og bacon,86,20,3.263157894736842,7.0
6058301,Frikadelle,24,12,4.454545454545454,7.0
6058302,Flæskesteg,76,18,3.588235294117647,12.0
6058303,Okse roast,25,11,5.6,14.0
6058304,Ugens sandwich,36,14,4.769230769230769,22.0
6058315,Pizza slice,1378,37,1.75,5.0
6058320,Frokost tilbud menu,40,16,3.8,7.0
6058332,Mazza 🥭🥭,15,13,4.25,9.0
6058342,Døner box,76,23,2.8636363636363638,13.0
6058349,Indslev Ale fadol,35,6,11.2,28.0
6058429,Margherita,22,16,3.4,12.0
6058432,Hawaii,18,14,4.769230769230769,21.0
6058435,Meatlover,54,28,2.111111111111111,7.0
6058436,New York Style,54,27,2.3461538461538463,7.0
6058439,Agf,20,17,3.1875,11.0
6058443,Salat Pizza,55,31,1.9,5.0
6058461,"Rip Pepperoni, Pølser",17,13,4.666666666666667,11.0
6058474,Kebab Ruller,48,22,2.761904761904762,7.0
6058484,Pommes Frites,45,25,2.3333333333333335,6.0
6058505,"Sodavand 0,33 L",45,19,3.2222222222222223,13.0
6058581,Unspecified,62,29,1.75,5.0
6058623,Keune,15,13,4.083333333333333,13.0
6058624,Nak,7,6,10.0,21.0
6058686,Pizza,16,1,999.0,999.0
6058688,Laks,4,3,3.5,4.0
6058719,Isvand🧊,218,46,1.1333333333333333,2.0
6058738,Nutella cookie,58,33,1.84375,7.0
6058768,Vand,268,51,1.16,2.0
6058839,Sko,12,8,5.857142857142857,15.0
6058840,Tæpper,38,21,2.05,6.0
6058841,Køkken,186,34,1.2727272727272727,3.0
6058842,Belysning,133,34,1.2727272727272727,3.0
6058843,Opbevaring,52,21,2.1,6.0
6058844,Accessories,463,36,1.2,3.0
6058845,Diverse,929,37,1.1666666666666667,2.0
6058846,Toys,390,37,1.1666666666666667,2.0
6058847,Plakater,185,31,1.4,5.0
6058848,Rammer,42,27,1.5384615384615385,4.0
6058849,Spa,20,15,2.642857142857143,7.0
6058850,Bolig,38,15,2.5714285714285716,7.0
6058878,Unspecified,3,2,8.0,8.0
6058963,Unspecified,76,19,2.5,16.0
6058971,Grantæble romkugle,6,5,10.0,20.0
6058982,Black Coffee,157,20,2.8421052631578947,13.0
6058983,Black Coffee w. milk,235,19,2.7777777777777777,13.0
6058984,Street Chai,34,13,3.5,7.0
6058985,Hot Chocolate,61,15,3.5714285714285716,13.0
6059019,Lolland,21,12,2.6363636363636362,6.0
6059028,Dagens varme ret,343,22,2.4285714285714284,5.0
6059036,Herreklip med saks og maskine,659,56,1.0,1.0
6059037,Skæg,105,44,1.2790697674418605,3.0
6059038,Fyld en pose for 200'-,8,3,1.5,2.0
6059039,Børneklip op til 10 år (dreng),180,48,1.148936170212766,3.0
6059040,Herreklip kun saks inkl. vask & føn,13,12,4.7272727272727275,19.0
6059041,Dameklip inkl. vask & føn,37,25,2.2916666666666665,7.0
6059043,Pandehår,3,3,19.0,35.0
6059045,Børneklip op til 10 år (pige),11,8,7.0,12.0
6059046,Pakketilbud: Farvning af bryn & vipper inkl. retning,1,1,999.0,999.0
6059049,Retning af bryn,5,5,10.75,14.0
6059050,Bundfarve fra,1,1,999.0,999.0
6059052,Striber i top fra,1,1,999.0,999.0
6059053,Toning fra,1,1,999.0,999.0
6059087,Stænger,61,23,2.272727272727273,5.0
6059092,Irisk kaffe,37,13,4.583333333333333,10.0
6059099,Bankoplade,77,2,42.0,42.0
6059119,Chardonnay GLAS,33,6,9.6,40.0
6059121,Cremant + snack,47,7,1.3333333333333333,2.0
6059122,Kaffe + sødt,10,2,3.0,3.0
6059123,Diverse KØKKEN,16,5,2.0,4.0
6059126,Hancock Høker,1,1,999.0,999.0
6059128,Sportscola,29,10,4.666666666666667,12.0
6059129,Cola,7,6,7.2,11.0
6059130,Appelsin,8,8,6.857142857142857,13.0
6059131,Danskvand med Citrus,5,3,17.5,21.0
6059132,Abrikos,4,3,11.0,14.0
6059133,Hyldeblomst Saft med Citrus,12,9,6.375,13.0
6059134,Æblemost,8,4,11.666666666666666,28.0
6059135,Te,6,4,7.0,15.0
6059136,Sort Kaffe,37,20,2.6315789473684212,5.0
6059137,Kaffe Latte,17,10,4.555555555555555,8.0
6059138,Cappuccino,9,6,5.4,15.0
6059139,Kakao,5,5,9.25,15.0
6059140,Bolle med Ost,21,13,3.5833333333333335,10.0
6059141,Bolle med Smør,9,7,3.6666666666666665,7.0
6059143,Romkugle,34,13,4.083333333333333,14.0
6059144,Birkes,4,3,15.0,24.0
6059148,Skærekage,56,24,2.1739130434782608,6.0
6059149,Morgenmotion,46,13,4.166666666666667,10.0
6059150,Brætspil Enkelt,5,4,9.666666666666666,27.0
6059151,Brætspil Abonnement,8,3,14.0,26.0
6059157,Manicure,3,3,8.5,9.0
6059158,Nyt sæt Hel Farve,4,4,11.333333333333334,23.0
6059159,Nyt sæt Gel / Naturligt,10,9,6.125,17.0
6059160,Nyt sæt Fransk/ baby boomer,9,7,6.5,17.0
6059161,Cat Eye,12,7,8.333333333333334,23.0
6059162,Reparation af Negl,11,11,3.7,10.0
6059163,Aftagning / Akryl,2,2,28.0,28.0
6059164,Opfyldning med Fransk / Baby Boomer,63,26,1.8,5.0
6059165,Design På alle Negle,3,3,6.0,8.0
6059166,Dobbelt Fransk,11,8,4.571428571428571,10.0
6059167,Opfyldning med hel farve,45,24,2.1739130434782608,5.0
6059168,Aftagning / Gele,12,10,4.666666666666667,17.0
6059175,Opfyldning med Gel / Naturligt,117,32,1.6129032258064515,3.0
6059183,Cat Eye,1,1,999.0,999.0
6059185,Reparation af Negl,67,26,2.0,6.0
6059186,Aftagning / Akryl,2,1,999.0,999.0
6059190,Design På alle Negle,17,12,4.0,10.0
6059191,Dobbelt Fransk,16,13,3.9166666666666665,8.0
6059193,Aftagning / Gele,23,18,2.411764705882353,5.0
6059194,Shellak,10,8,7.0,21.0
6059195,Fransk Kant,4,4,12.666666666666666,21.0
6059196,Spa,17,13,4.0,10.0
6059197,Shellak med Spa,43,26,1.8,6.0
6059198,Fransk Kant med Spa,19,16,3.2666666666666666,7.0
6059241,Offer chicken Biriyani,21,7,2.3333333333333335,5.0
6059242,Entre,80,11,5.4,12.0
6059243,Wardrobe,1480,16,3.2,12.0
6059308,D.I.V Tilbud II sortering,25,16,3.1333333333333333,8.0
6059309,Snapsglas,2,1,999.0,999.0
6059310,Vaser,3,3,5.5,7.0
6059311,Unika,1,1,999.0,999.0
6059313,Øje,1,1,999.0,999.0
6059315,Oval Vase,3,2,40.0,40.0
6059316,Prasse,2,2,12.0,12.0
6059318,Sandblæst,1,1,999.0,999.0
6059319,Skovlysning,1,1,999.0,999.0
6059320,Skål,5,4,8.0,17.0
6059321,Små Nap Vaser,1,1,999.0,999.0
6059322,Demo,2,2,10.0,10.0
6059323,Objekt,1,1,999.0,999.0
6059326,Gavekort,1,1,999.0,999.0
6059327,Juiceglas,17,5,6.25,19.0
6059331,Unspecified,5,2,41.0,41.0
6059335,Kande,5,5,5.5,10.0
6059336,Lille Vase,27,11,3.5,8.0
6059337,Multi - Champangne Glas,6,4,11.0,17.0
6059342,Mælkeglas,2,1,999.0,999.0
6059344,Nisse,7,3,16.0,19.0
6060118,D1200 Nøgle,13,6,8.6,13.0
6060130,Unspecified,181,30,1.206896551724138,3.0
6060136,Klip,186,32,1.7419354838709677,3.0
6060142,Permanent,6,6,7.0,17.0
6060143,Hårfarvning,16,14,3.5384615384615383,9.0
6060144,Lysestriber,13,11,5.4,10.0
6060145,Bryn og vipper,12,10,4.777777777777778,11.0
6060146,Føn,17,14,4.076923076923077,13.0
6060150,Støtteforening børnehave,245,5,1.0,1.0
6060203,Et sæt,85,20,2.8421052631578947,7.0
6060218,Dining week almindelig,64,8,1.1428571428571428,2.0
6060229,Lava,5,4,10.0,27.0
6060230,Torpedorejer (6 stk),4,3,18.0,18.0
6060231,Vinmenu,12,4,2.6666666666666665,3.0
6060232,Vinmenu,37,5,4.0,5.0
6060234,Hotpot menu,38,6,4.4,13.0
6060265,Margherita,32,15,2.142857142857143,5.0
6060266,"Pizzasauce, Ost, Skinke, Ananas",16,12,2.6363636363636362,7.0
6060268,"Pizzasauce, Ost, Oksekød, Chili",25,16,2.1333333333333333,5.0
6060269,"Pizzasauce, Ost, Skinke, Pølser",16,12,3.090909090909091,11.0
6060270,"Pizzasauce, Ost, Skinke, Champignon",14,7,4.5,10.0
6060271,"Pizzasauce, Ost, Pepperoni",74,25,1.2916666666666667,3.0
6060272,"A. Pizzasauce, Ost, Pepperoni, Oksekød",58,25,1.4166666666666667,4.0
6060273,"B. Pizzasauce, Ost, Skinke, Pepperoni",18,15,2.2857142857142856,6.0
6060282,"Pizzasauce Ost, Løg, Skinke, Oksekød, Bacon",20,12,2.4545454545454546,6.0
6060283,"Pizzasauce, Ost, Løg, Oksekød skinke bearnaise",24,11,3.0,7.0
6060286,"(indbagt): Pizzasauce, Ost, Skinke",34,20,1.736842105263158,5.0
6060287,"(halv Indbagt): Pizzasauce, Ost, Løg",34,14,2.5384615384615383,7.0
6060288,"Pizzasauce, Ost, Skinke, Pepperoni, Pølser, Bacon",24,11,3.2,8.0
6060291,"Pizzasauce, Ost, Skinke, Pepperoni, Oksekød, Kebab",50,22,1.6666666666666667,4.0
6060294,"Pizzasauce, Ost, Bacon, Pølser",15,12,3.090909090909091,9.0
6060295,"Pizzasauce, Ost, Kebab, Salat, Dressing",80,24,1.5217391304347827,5.0
6060296,"C. Pizzasauce, Ost, Ky Ling, Oksekød, Salat",26,16,2.2,5.0
6060299,"Pizzasauce, Ost, Skinke, Pepperoni, Pølser",17,14,2.1538461538461537,4.0
6060307,Grøntsager,206,29,1.25,3.0
6060308,Kød,93,28,1.2962962962962963,3.0
6060310,Chili,20,11,2.6,6.0
6060312,Kebab Pita,61,21,1.75,5.0
6060314,Kylling Pita,18,9,4.25,6.0
6060315,Kebab Durum,76,25,1.4166666666666667,3.0
6060327,Pommes Frites,46,24,1.4782608695652173,3.0
6060330,B. Spaghetti Kylling,15,10,3.2222222222222223,13.0
6060336,"0,33 Liter Sodavand",330,30,1.206896551724138,3.0
6060353,Bresaola,26,14,2.8461538461538463,7.0
6060357,Kylling,29,19,2.2777777777777777,5.0
6060367,Hjemmelavet Tiramisu,51,25,1.7916666666666667,6.0
6060370,Bruschetta Candido,61,29,1.6785714285714286,4.0
6060373,Margherita,62,27,1.6538461538461537,5.0
6060374,Prosciutto,34,23,1.8636363636363635,6.0
6060375,Prosciutto E Funghi,34,22,1.7619047619047619,4.0
6060377,Stærk Salami,135,34,1.2727272727272727,4.0
6060378,Quattro Stagioni,23,19,2.3333333333333335,6.0
6060382,Pizza Ai Quattro Formaggi,24,16,2.8666666666666667,7.0
6060383,Pizza Della Casa,24,19,2.3333333333333335,5.0
6060384,Pizza Candido,45,26,1.68,5.0
6060388,Bianco I,33,20,2.0526315789473686,7.0
6060389,Bianco II,57,28,1.5555555555555556,3.0
6060392,Tris Alla Griglia,25,20,2.1578947368421053,5.0
6060397,Diavola,35,19,2.111111111111111,8.0
6060398,Bresaola,24,21,2.05,7.0
6060406,Pizza Salat,27,16,2.3333333333333335,5.0
6060407,Pizza Pepperoni,37,21,2.15,5.0
6060416,Spaghetti Alla Carbonara,68,34,1.4545454545454546,5.0
6060417,Fusilli Alla Bolognese,26,18,2.411764705882353,5.0
6060419,Gnocchi Alla Sorentina,23,15,3.142857142857143,9.0
6060420,Gnocchi Cadido,52,26,1.76,6.0
6060436,Tortellini Alla Panna,27,19,2.3333333333333335,9.0
6060437,Tortellini Candido,27,17,2.6875,8.0
6060443,Pizzaer,306,34,1.3636363636363635,3.0
6060444,Sandwiches,135,30,1.6206896551724137,5.0
6060445,Bolle med ost,10,4,7.0,7.0
6060452,Kamme,3,2,21.0,21.0
6060526,Jalapenos,6,6,8.0,23.0
6060560,Påskemiddag,97,12,4.454545454545454,18.0
6060674,Dessert Takeaway,20,10,5.222222222222222,11.0
6060751,Armbånd,1,1,999.0,999.0
6060754,Beauty taske,5,5,3.25,5.0
6060755,Billede,7,7,2.8333333333333335,7.0
6060756,Billede med ramme,5,5,11.0,20.0
6060757,Bøllehat,6,5,6.25,8.0
6060966,Original,12,3,19.0,33.0
6061031,Vintergetaway,15,3,20.0,22.0
6061091,Pepperoni,82,33,1.53125,4.0
6061092,Margherita,19,12,4.181818181818182,8.0
6061093,Vesuvio,58,26,1.96,6.0
6061094,World,14,8,6.714285714285714,23.0
6061096,Gorgonzola,17,8,5.571428571428571,9.0
6061097,Spejderklubbens,79,31,1.6333333333333333,4.0
6061098,Marco Polo,58,28,1.7407407407407407,3.0
6061099,Victor,18,13,3.5833333333333335,11.0
6061103,Hawaii,26,15,3.4285714285714284,13.0
6061104,Botanik,12,10,4.333333333333333,11.0
6061105,Deniz,33,21,2.45,8.0
6061112,Hopsa,14,10,5.0,11.0
6061114,Josephine,89,34,1.4848484848484849,4.0
6061121,Thommas,23,16,3.066666666666667,6.0
6061124,Mira,15,11,4.3,21.0
6061125,Din egen pizza,44,24,1.9565217391304348,7.0
6061127,Juliane,15,10,5.222222222222222,16.0
6061131,Pommes Frites Pizza,26,14,3.6923076923076925,10.0
6061132,Salat 1,55,26,1.92,5.0
6061133,Salat 2,57,28,1.7777777777777777,4.0
6061134,Salat 3,15,11,4.4,15.0
6061136,Salat 5,23,13,3.75,9.0
6061145,Strong 1,17,13,3.5833333333333335,12.0
6061166,Kylling Dürüm,19,12,4.363636363636363,8.0
6061167,Kebab Dürüm,34,22,2.3333333333333335,5.0
6061168,Kebab med Pommes Frites Dürüm,16,10,5.222222222222222,23.0
6061203,Pommes Frites,67,32,1.5483870967741935,4.0
6061205,Melissa Pizza,19,10,5.111111111111111,10.0
6061215,Coca-Cola,45,13,3.9166666666666665,12.0
6061224,Nyt sæt fransk,26,19,2.5555555555555554,12.0
6061225,Nyt sæt hel farve,15,12,3.5454545454545454,9.0
6061226,Nyt sæt gel,18,13,2.5833333333333335,5.0
6061227,Opfyldning fransk/ baby boomer,219,40,1.2820512820512822,3.0
6061228,Opfyldning hel farve,186,38,1.3513513513513513,4.0
6061229,Opfyldning med gel,165,39,1.3157894736842106,3.0
6061230,Cat eye e,30,17,2.875,6.0
6061231,Chrom,35,24,2.1739130434782608,6.0
6061329,Ny Cykel,1,1,999.0,999.0
6061330,Hjelm,2,1,999.0,999.0
6061331,Lås,2,2,5.0,5.0
6061332,Repration,104,36,1.4,4.0
6061333,Lygter,6,6,9.4,29.0
6061334,Reservedele,35,22,2.2857142857142856,6.0
6061336,Sæde,1,1,999.0,999.0
6061341,Manicure,21,14,3.6153846153846154,11.0
6061381,18,1,1,999.0,999.0
6061411,Food,53,21,1.85,4.0
6061458,Chrom,11,7,7.333333333333333,21.0
6061460,Shellak med farve,14,12,4.0,10.0
6061461,Shellak med fransk,8,6,4.8,12.0
6061530,Vin - cocktailglas,4,2,18.0,18.0
6061580,Fransk/baby boomer,38,21,2.45,6.0
6061583,Shellak med farve,47,28,1.8148148148148149,7.0
6061609,Shellak m fransk,10,9,3.0,5.0
6061612,Ch briyani,5,5,10.5,16.0
6062216,Olielampe,1,1,999.0,999.0
6062221,Unspecified,223,33,1.0625,2.0
6062398,Natkjole med kort ærme,3,1,999.0,999.0
6062447,Små design,35,22,2.2857142857142856,6.0
6062502,APPLE JUICE (BOX),32,14,2.230769230769231,5.0
6062512,ESPRESSO,57,25,1.25,4.0
6062513,AMERICANO,171,29,1.0714285714285714,2.0
6062514,CAPPUCINO,283,29,1.0714285714285714,2.0
6062515,FLAT WHITE,98,28,1.2222222222222223,4.0
6062516,LATTE,321,32,1.064516129032258,3.0
6062517,CHAI,64,24,1.2608695652173914,3.0
6062518,MATCHA (SWEET),30,16,1.8,5.0
6062520,HOT CHOCOLATE,71,27,1.1538461538461537,2.0
6062525,French Croissant,172,27,1.2692307692307692,5.0
6062526,Pain Chocolate (Chocolate Croissant),138,28,1.2222222222222223,3.0
6062527,Wiener Pecan,79,26,1.2,3.0
6062528,Pain Raisin,60,26,1.32,3.0
6062530,Cinnammon (Kanalsnegl),98,28,1.1111111111111112,2.0
6062531,Sourdough Bun (Surdejs Bolle),132,26,1.2,2.0
6062533,Sourdough With Buckwheat Loaf,30,16,2.2,5.0
6062534,Bun With Cheese,239,30,1.0344827586206897,2.0
6062538,Spot-on-Pancakes,53,14,2.0,5.0
6062543,Avocado + Ajvar On Rugbrød,30,15,2.142857142857143,7.0
6062554,Ham And Cheese Sandwhich,71,18,1.588235294117647,4.0
6062577,Lemon Merangue Pie,28,15,2.142857142857143,5.0
6062580,Mini Donuts,113,21,1.4,4.0
6062698,Valentine's menu,44,1,999.0,999.0
6062702,Zyn,17,6,2.6,5.0
6062923,Unspecified,247,30,1.0,1.0
6062980,Caps,2,1,999.0,999.0
6063018,NV Charles Bailly Blanc des Blancs - GLAS,112,17,2.625,7.0
6063096,Fahita tilbud,34,3,1.0,1.0
6063098,Soft drink,31,14,3.0,21.0
6063107,Bryn og Vipper farvning,4,4,7.666666666666667,10.0
6063133,Maskinklip,9,7,5.166666666666667,10.0
6063134,Kamme/Børster,2,2,1.0,1.0
6063203,Aftagning pedicure,2,1,999.0,999.0
6063208,Tilbud juleøl,86,20,1.4736842105263157,3.0
6063224,Lovpligtig bæreposeafgift,181,21,1.5,4.0
6063414,2.Vesuvio,41,21,1.65,4.0
6063415,3.Pepperoni,55,23,1.4545454545454546,4.0
6063417,5.Kylling,15,10,3.111111111111111,9.0
6063419,7.Mix,21,12,2.1818181818181817,5.0
6063421,9.Mexicano,13,10,3.0,6.0
6063423,11.Salat Pizza,54,18,1.9411764705882353,3.0
6063426,14. Margerita,14,10,3.4444444444444446,10.0
6063432,Komponer Selv,20,12,2.909090909090909,7.0
6063436,24. Kylling,14,9,3.625,9.0
6063437,26.Kebab,15,9,3.5,8.0
6063441,Kebab,31,18,1.8235294117647058,5.0
6063444,35. Kylling,46,20,1.631578947368421,4.0
6063445,36. Kebab,162,30,1.103448275862069,2.0
6063446,38. Falafel,29,19,1.8333333333333333,4.0
6063447,39. Durum Mix,28,16,2.066666666666667,5.0
6063448,40. Husets Durum,59,25,1.25,2.0
6063449,41. Speciel Durum,38,17,1.875,5.0
6063450,Klassisk Durum Menu,66,25,1.375,3.0
6063453,Frokost-klassisk Durum,105,21,1.55,4.0
6063454,Frokost-klasissk Durum &dåsesodavand,22,13,2.5,7.0
6063455,Frokost Husets Durum,21,12,2.8181818181818183,8.0
6063456,Frokost Speciel Durum,26,12,2.5454545454545454,7.0
6063460,51.Kylling,33,18,1.8235294117647058,5.0
6063461,52. Kebab,112,28,1.1851851851851851,3.0
6063462,53. Mellem Pommes Frites,71,26,1.32,3.0
6063463,54.Stor Pommes Frites,49,24,1.3478260869565217,4.0
6063464,Salatmayonnaise,63,26,1.32,4.0
6063468,Dåsesodavand,145,27,1.2692307692307692,3.0
6063471,0.5 L Sodavand,34,21,1.65,4.0
6063720,L&m 100,22,10,3.3333333333333335,7.0
6063816,Dåsesodavand 0.33,87,32,1.3548387096774193,5.0
6063817,Sodavand 0.5,126,31,1.3333333333333333,3.0
6063819,Italienske øl,23,13,3.4166666666666665,11.0
6063957,SPRUT 3,28,6,7.2,24.0
6063958,BOBLER,8,6,6.4,12.0
6063971,Farve langt hår +1×ex. blanding,1,1,999.0,999.0
6064120,BBQ BOSS,18,9,2.75,7.0
6064129,GRINGO,10,8,5.0,10.0
6064130,SUBMARINE,3,3,8.0,8.0
6064131,SUNSET SHORE,4,3,5.0,9.0
6064132,CRISPY WHISPER,19,11,2.2,5.0
6064133,BIG CHEESE,1,1,999.0,999.0
6064134,BUTTERFLY,3,3,7.5,8.0
6064317,Badminton voksen,23,1,999.0,999.0
6064318,Badminton børn,7,1,999.0,999.0
6064327,Farver,9,3,7.5,9.0
6064339,Normal fad. 1/2 L,25,2,1.0,1.0
6064344,Tarteletter,1,1,999.0,999.0
6064715,Pizza Margherita,63,23,1.3181818181818181,2.0
6064716,Vesuvio,46,23,1.3181818181818181,4.0
6064717,a. Pepperoni,93,24,1.2608695652173914,3.0
6064718,Hawaii,42,22,1.3333333333333333,4.0
6064723,Peppe,22,10,3.2222222222222223,8.0
6064725,Husets Pizza,28,14,2.076923076923077,5.0
6064729,Dansker,27,16,1.8666666666666667,5.0
6064738,Kebab,149,27,1.1153846153846154,2.0
6064740,Kylling,32,16,1.7333333333333334,5.0
6064748,Martin,37,19,1.5,3.0
6064772,Kebab,23,13,2.3333333333333335,5.0
6064777,Hjemmelavet Durum Rulle,175,28,1.0740740740740742,2.0
6064779,Halv Kylling,29,15,1.8571428571428572,5.0
6064806,Hjemmelavet Pitabrød,143,30,1.0,1.0
6064808,Børne Pizza,22,14,2.0,6.0
6064818,Pommes Frites - Mellem,77,26,1.12,2.0
6064819,Pommes Frites - Stor,96,29,1.0357142857142858,2.0
6064820,"a. Salatmayonnaise, Ketchup, Remoulade, Chilimayonaise, Bearnaise I bæger",214,30,1.0,1.0
6064826,"Sodavand - 0,33 l Dåse",127,27,1.0769230769230769,2.0
6064827,"Sodavand - 0,5 l",38,16,1.9333333333333333,3.0
6064829,Ayran / Vand,31,14,2.230769230769231,5.0
6064831,Pitabrød med Kylling,28,11,2.2,4.0
6064832,Pitabrød med Kebab / Falafel,95,18,1.588235294117647,4.0
6064833,Durum Rulle med Kebab,124,18,1.588235294117647,4.0
6064836,Kebab Box,44,15,1.9285714285714286,4.0
6064839,Hj. Burger Menu,33,17,1.5,3.0
6064840,Hj. Durum Menu,43,15,1.7857142857142858,4.0
6064841,Kebab Box,68,24,1.2173913043478262,2.0
6065234,SPANISH OMELETTE,50,20,1.4210526315789473,3.0
6065580,DIVERSE HOT DRINKS,32,17,1.875,6.0
6065627,Frokost Pizza,129,27,1.3461538461538463,3.0
6065632,Gin hass,105,23,1.5909090909090908,5.0
6065637,Vodka Redbull,130,23,1.5909090909090908,4.0
6065639,Mojito,35,16,2.2,6.0
6065640,3 Drinks,307,32,1.1290322580645162,3.0
6065642,Gin & Tonic,284,29,1.25,3.0
6065666,Sex On The Beach,49,18,2.0588235294117645,6.0
6065676,10 Små,40,16,2.3333333333333335,5.0
6065677,1 små,122,22,1.6666666666666667,5.0
6065678,10 Luksus,145,28,1.2962962962962963,3.0
6065686,1 Luksus,477,31,1.1666666666666667,3.0
6065688,Grøn Tuborg,501,20,1.8421052631578947,17.0
6065689,Tuborg Classic,1029,36,1.0,1.0
6065690,Grimbergen Double Ambrée,57,13,2.75,6.0
6065691,Grimbergen Blonde,50,12,2.727272727272727,6.0
6065692,1664 Blanc,216,31,1.1666666666666667,3.0
6065694,Guinness,246,28,1.3333333333333333,4.0
6065695,Jacobsen Yakima IPA,43,13,2.75,6.0
6065696,Somersby,71,22,1.6666666666666667,5.0
6065699,Corona,33,16,2.3333333333333335,6.0
6065700,Blå Thor,250,24,1.5217391304347827,5.0
6065701,Thor Pilsner,366,23,1.5909090909090908,5.0
6065702,Thor Classic,192,23,1.5909090909090908,4.0
6065707,Shaker Sport,72,20,1.8421052631578947,5.0
6065708,3 stk. RTD,61,22,1.619047619047619,4.0
6065712,Classic,15,10,3.6666666666666665,7.0
6065720,"Sodavand 0,4",251,34,1.0606060606060606,2.0
6065723,Redbull,55,18,1.8823529411764706,6.0
6065793,Faxe Kondi Booster,15,13,2.4166666666666665,5.0
6065809,Coca-cola,14,8,4.0,9.0
6065812,Pepsi Max,16,12,2.272727272727273,7.0
6065823,Prince Rød,30,18,1.4705882352941178,5.0
6065824,Winston Red,16,9,2.25,6.0
6065828,MARLBORO ONE SOFT,16,7,2.1666666666666665,4.0
6065836,WINSTIN BLUE,16,13,2.6666666666666665,11.0
6065866,Blomst,7,5,7.25,12.0
6065871,Blå kande,2,2,7.0,7.0
6065874,Blaa multiglas,1,1,999.0,999.0
6065875,Blå mælkeglas,7,3,3.0,4.0
6065953,Velo 3 blue,145,33,1.09375,4.0
6066049,2pers ramadan menu,52,17,1.1875,3.0
6066050,Vand,28,12,2.727272727272727,7.0
6066170,Brætspil+pizza,3,1,999.0,999.0
6066259,Djeep,15,15,2.357142857142857,6.0
6066340,NEGRONI,23,8,4.571428571428571,11.0
6066355,Små napvasar,17,7,3.0,7.0
6066370,Farve halvlangt hår,1,1,999.0,999.0
6066372,Fiero Tonic,1,1,999.0,999.0
6066387,sandwich m/kylling,6,2,29.0,29.0
6066427,Vanilie,3,2,13.0,13.0
6066429,Kyllinge kugler med fritter,17,7,4.666666666666667,7.0
6066435,Jordbær,4,4,4.333333333333333,6.0
6066487,1 Classic Pancakes,67,25,1.2916666666666667,2.0
6066491,5.  M&M Pancakes,19,13,2.4166666666666665,6.0
6066492,6. Kinder Pancakes,92,29,1.1071428571428572,2.0
6066493,7.   Oreo Pancakes,64,26,1.2,3.0
6066494,8.  Lotus Pancakes,22,16,2.0,6.0
6066495,9.  Ferrero Pancakes,32,17,1.9375,6.0
6066496,10.  Dubai Pancakes,51,23,1.4090909090909092,3.0
6066497,11.  Crepes Box,15,10,3.111111111111111,8.0
6066499,13.  Cookie Dough Box,68,22,1.4285714285714286,5.0
6066500,14.  Frugt Box,19,15,2.142857142857143,6.0
6066513,27.  Kinder Cup,16,10,2.7777777777777777,8.0
6066517,31.  Dubia Cup,37,15,1.8571428571428572,5.0
6066534,Poser,10,9,3.5,9.0
6066535,Paratha Combo,13,11,2.5,4.0
6066536,2pieces Paratha,7,4,9.666666666666666,11.0
6066554,Færøsk laksefilet,1,1,999.0,999.0
6066558,Blåmuslinger,14,2,1.0,1.0
6066826,Blomst,4,2,24.0,24.0
6066867,Cassiopeia,2,2,1.0,1.0
6067098,2 stk smørrebrød,13,4,2.3333333333333335,5.0
6067102,Meat Lovers Brunch 🥓 🍳,91,23,1.2272727272727273,2.0
6067111,Veggy Brunch,51,17,1.875,5.0
6067221,Plakat 2,16,10,3.111111111111111,7.0
6067227,FODBOLD KANDE,37,9,3.375,7.0
6067286,Sodavand,14,6,2.2,4.0
6067290,DIVERSE COLD DRINKS,55,20,1.5789473684210527,5.0
6067447,Levering,153,27,1.0769230769230769,2.0
6067617,Påskeæg Løsvægt - Kardinal Chokolade,114,23,1.2727272727272727,3.0
6067750,Motofliser,2,2,21.0,21.0
6067776,Grey,14,13,2.0833333333333335,9.0
6067796,Balayage langt hår,1,1,999.0,999.0
6067800,Gammeldags æblekage,2,2,9.0,9.0
6067873,Kings blå,26,15,2.0714285714285716,5.0
6067894,Red Bull Energy Drink,31,13,2.3333333333333335,8.0
6068297,Farve behandling,25,10,2.4444444444444446,4.0
6068298,Vipper/bryn,17,10,2.888888888888889,7.0
6068439,Velo 4,33,17,1.625,3.0
6068499,Slush ice,857,15,1.5,3.0
6068500,Variable,2,2,7.0,7.0
6068506,Pølsehorn eller pizzasnegl 1 stk,203,6,4.2,8.0
6068507,Pølsehorn eller pizzasnegl 2 stk,64,5,4.0,8.0
6068521,Velo 4,44,7,2.5,6.0
6068522,Velo blå,22,6,2.8,6.0
6068525,Suck med øst,44,14,1.9230769230769231,6.0
6068815,Mini French Eclair,61,13,2.0833333333333335,8.0
6068817,Brunch,15,1,999.0,999.0
6068819,Salt karamel,5,2,26.0,26.0
6068820,Stracciatella,5,4,4.666666666666667,7.0
6068825,3 stk tarteletter,50,2,1.0,1.0
6068849,Lamb Biryani,2,2,5.0,5.0
6068855,Camel,18,13,2.1666666666666665,10.0
6068857,Camel shift,16,9,3.25,11.0
6068871,Prince light,15,4,2.3333333333333335,5.0
6068873,Grå velo,26,6,2.8,6.0
6068912,Tina ko,1,1,999.0,999.0
6068946,Heineken,14,3,6.5,8.0
6069548,Velo 3,43,19,1.3333333333333333,3.0
6069749,Gazoz,3,2,1.0,1.0
6069876,Loyalitet kort,19,6,1.8,5.0
6069980,velo Grey 4,30,12,2.090909090909091,6.0
6069988,Cortado,47,18,1.2941176470588236,3.0
6070092,POSE,132,20,1.105263157894737,2.0
6070121,Pepperoni,94,20,1.0526315789473684,2.0
6070142,Ventura,63,15,1.3571428571428572,3.0
6070536,Rom & Cola,36,9,2.5,7.0
6070950,Lille Juice,5,3,2.0,3.0
6070990,Fadøl,52,4,6.333333333333333,8.0
6071404,Salmon Dream Bowl,19,10,2.0,4.0
6071618,Velo grey 5,22,12,1.9090909090909092,5.0
6071656,5 stk fiskefrikadeller,17,6,2.8,6.0
6071689,Madpakke,47,1,999.0,999.0
6071738,Mad,1,1,999.0,999.0
6071740,Maskinklip,1,1,999.0,999.0
6071743,Bundfarve,4,3,6.0,8.0
6071744,Reflekser ned hætte,1,1,999.0,999.0
6071782,Americano,20,7,2.0,5.0
6071786,Gourmet toast,15,3,2.0,3.0
6071790,Filterkaffe & dagens kage,13,5,2.75,6.0
6071796,"Frokost menu, den lille",7,3,2.0,3.0
6071798,King's Blå,29,10,2.111111111111111,5.0
6071836,Menu,170,3,7.0,7.0
6071843,Formel1,10,1,999.0,999.0
6071844,Sodavand,8,1,999.0,999.0
607196,Lime / Grenadine,34,13,10.75,53.0
607198,Cocio - Juice,124,76,2.4133333333333336,11.0
6072013,Tuborg Pilsner🥳,598,17,1.0625,2.0
6072201,Lille saet,2,1,999.0,999.0
6072426,Vegetar Rice Bowl,2,1,999.0,999.0
6072435,Spaghetti Carbonara,5,4,3.6666666666666665,5.0
6072437,Lasagna,5,4,2.6666666666666665,5.0
6072442,Vand og æblejuice,15,4,3.6666666666666665,7.0
6073332,Tapas + keramik,20,1,999.0,999.0
6073341,Pringles rør,1,1,999.0,999.0
6073343,Rødvin/hvidvin,1,1,999.0,999.0
6073495,Mælke chokolade bar med Dadler og Peanuts,7,4,4.0,6.0
6073634,Vand,7,5,2.25,4.0
6073636,Sodavand,5,4,2.6666666666666665,5.0
6074129,MARLBORO one,17,8,1.8571428571428572,6.0
6074502,Sko 2,2,1,999.0,999.0
6074503,Påskepynt,20,7,1.8333333333333333,3.0
6074518,Påskefrokost Ellemarken,3,2,5.0,5.0
6074523,Sandwich Mini,40,1,999.0,999.0
6074612,deller 10 stk,3,3,4.0,6.0
6074757,"Stegt flæsk, 4 stk flæsk, kartofler, persillesovs",17,1,999.0,999.0
6074772,Dagens ret,18,1,999.0,999.0
6074787,Kadak Chaii,83,11,1.0,1.0
6074788,Mango Lassi 🥭,12,5,2.25,4.0
6074789,Vand,6,3,5.0,5.0
6074817,Pasta Menu,23,8,1.0,1.0
6074832,Aperol Spritz,39,5,1.5,3.0
6074901,Glutenfri frokost stykke,2,1,999.0,999.0
6074968,Farve+strib,1,1,999.0,999.0
6075041,Lille klip,2,2,3.0,3.0
6075494,Kølster ØKO brus,4,1,999.0,999.0
6075504,1 kande Tuborg Tilbud🥳,79,6,1.0,1.0
6076794,"The fra Perchs, kop",9,4,1.6666666666666667,3.0
6076972,3 snacks for 95,7,2,6.0,6.0
6077004,Påskefrokost udefra,1,1,999.0,999.0
6077756,Påskejagt,1,1,999.0,999.0
6077804,Påskemiddag,6,1,999.0,999.0
6077895,Ud i det blå !!,6,1,999.0,999.0
6077903,Fruentimmertur,1,1,999.0,999.0
6078754,Hel snaps 70 cl,2,1,999.0,999.0
6079634,Påskemenu,35,1,999.0,999.0
6079635,Brød og smør,21,1,999.0,999.0
6079661,Tilbudsis,13,1,999.0,999.0
608957,Tangsalat (H),12,9,19.375,55.0
611104,Margarita,183,96,1.894736842105263,8.0
611105,Vesuvio,181,101,1.77,5.0
611107,Pepperoni,249,121,1.5083333333333333,6.0
611109,Amerikana,147,88,2.0804597701149423,9.0
611110,A. Mexicana,121,83,2.1341463414634148,10.0
611113,Hawaii,168,97,1.8645833333333333,9.0
611119,O'Sole Mio,171,89,2.0454545454545454,9.0
611132,Michaels,136,76,2.36,11.0
611135,Viking,482,146,1.2482758620689656,3.0
611137,Husets Special,116,77,2.3815789473684212,12.0
611145,Calzone (indbagt),353,137,1.3308823529411764,4.0
611152,A.Børne Pizza,120,67,2.6818181818181817,9.0
611157,Carbonara,133,83,2.1707317073170733,10.0
611167,Luccas Burger Menu,182,89,2.0454545454545454,11.0
611170,Græsk bøf (stærk),169,91,2.0,7.0
611180,Varm Pizzasandwich med Kebab,124,74,2.4657534246575343,11.0
611187,1/2 Kylling,125,79,2.2948717948717947,14.0
611197,Lille Fadøl,144,87,2.0,7.0
611198,1 Glas Vin - Rød - Hvidvin,127,69,2.6176470588235294,10.0
611205,Pizza,674,155,1.1753246753246753,4.0
611213,Hjemmelavet Durum-Ruller,178,93,1.923913043478261,7.0
611214,Pommes Frites Lille,301,139,1.3043478260869565,3.0
611215,Pommes Frites Stor,387,149,1.222972972972973,3.0
611218,Sodavand - Stor,197,98,1.8556701030927836,7.0
611219,Sodavand - Mellem,657,153,1.1907894736842106,5.0
611220,Sodavand - Lille,484,144,1.2657342657342658,5.0
611231,Tempura reje (H),7,6,29.6,90.0
611232,pose,193,103,1.7254901960784315,6.0
611233,Levering,8,6,13.4,30.0
611337,Laks box (H),9,8,20.142857142857142,76.0
611345,Ebi lover box (H),9,8,25.142857142857142,54.0
611348,Hoshi A (H),13,11,16.4,41.0
611354,Tilbudmenu 1A (H),7,7,25.333333333333332,61.0
611355,Tilbud menu 2A (H),11,8,20.428571428571427,42.0
611356,Tilbud menu 3A (H),14,13,12.833333333333334,54.0
611357,Tilbu menu 4A (H),15,14,10.923076923076923,28.0
611373,Hoshi Eco box 36stk(H),12,12,14.545454545454545,46.0
611374,Hoshi special box 38stk (H),7,7,26.833333333333332,85.0
611378,Hoshi family box 56stk (H),7,7,20.0,65.0
611397,Sodavand,66,37,5.0,14.0
611403,Thai øl,35,21,8.25,17.0
611404,Øko Hyldeblomst drik,13,8,23.142857142857142,86.0
612158,Vand,10,9,20.125,38.0
613046,Plankebøf,49,37,5.027777777777778,32.0
613047,Big Burger,61,46,3.8666666666666667,35.0
613048,Chesse Burger,67,47,3.760869565217391,33.0
613049,Bacon Burger,85,64,2.857142857142857,29.0
613050,Baconchess,120,77,2.3289473684210527,28.0
613051,Jumbo Burger,53,43,4.190476190476191,28.0
613053,Bøf med Sovs,63,37,4.666666666666667,33.0
613058,Ribben Sandwich,140,87,2.0697674418604652,28.0
613059,Pita Kebab,38,28,6.111111111111111,28.0
613062,Brød,128,73,2.4722222222222223,30.0
613064,Ristet Pølse,132,59,2.9827586206896552,38.0
613065,Medister,38,30,5.413793103448276,30.0
613066,Frankfurter,46,35,5.205882352941177,27.0
613068,Ristet Hotdog,375,112,1.6306306306306306,27.0
613070,Fransk Hotdog,106,68,2.582089552238806,32.0
613071,Lille Pommes Frites,187,105,1.7115384615384615,29.0
613072,Stor Pommes Frites,127,75,2.3513513513513513,30.0
613075,Halv Kylling med Pommes,214,97,1.875,29.0
613078,Kebabmix,99,72,2.492957746478873,28.0
613079,Pølsemix,173,103,1.7450980392156863,27.0
613080,Kylling Mix,112,79,2.3205128205128207,29.0
613086,Ciabatta Brød med Kylling og Bacon,51,34,5.121212121212121,30.0
613091,Lille Chinabox,44,36,5.0,37.0
613092,Stor Chinabox,210,106,1.7047619047619047,28.0
613096,40 cl Cocio,71,45,3.9545454545454546,29.0
613098,"0,5 l Sodavand",156,83,2.1463414634146343,31.0
613100,Tuborg,61,38,3.5405405405405403,13.0
613380,Ristet Pølse.,171,69,2.588235294117647,8.0
613381,Pølse i svøb,89,50,3.5918367346938775,11.0
613382,Frankfurter.,66,40,4.641025641025641,23.0
613384,Medister.,128,75,2.445945945945946,8.0
613386,Pølsebrød.,474,113,1.6160714285714286,6.0
613389,Ristet Hotdog.,336,104,1.7572815533980584,6.0
613390,Fransk Hotdog.,205,84,2.180722891566265,6.0
613391,Big Burger.,95,45,3.977272727272727,22.0
613392,Cheese Burger.,117,73,2.4166666666666665,19.0
613393,Bacon Burger.,57,38,4.8108108108108105,17.0
613394,Bacon Cheese Burger.,197,91,2.011111111111111,6.0
613396,Jumbo Bacon /Cheese.,65,43,4.238095238095238,18.0
613397,A. Jumbo Bacon Cheese.,134,68,2.701492537313433,11.0
613400,Ribbenssandwich.,75,46,4.022222222222222,13.0
613403,Bøfsandwich.,71,44,4.209302325581396,13.0
613405,1/2 Grillkylling med Pommes Frites.,129,67,2.6515151515151514,10.0
613406,1/2 Ovnstegt Kylling m/Pommesfrit,378,109,1.6759259259259258,8.0
613407,Pølsemix.,176,88,2.0689655172413794,10.0
613408,Kyllingemix.,47,34,5.333333333333333,22.0
613409,Kebabmix.,166,82,2.185185185185185,7.0
613412,Lille Pommes Frites.,266,127,1.4047619047619047,4.0
613413,Stor Pommes Frites.,292,121,1.5083333333333333,6.0
613414,Kylling Nugget med Pommes Frites.,113,70,2.6231884057971016,11.0
613416,Sodavand 1/2.,291,113,1.6160714285714286,6.0
613418,40. Lille Cocio.,44,33,5.4375,20.0
613480,Pita Kebab,617,119,1.0254237288135593,2.0
613481,Pita Kylling,183,76,1.6133333333333333,6.0
613482,Pita Mix,612,99,1.2244897959183674,4.0
613489,Kebab Box,271,99,1.2244897959183674,3.0
613494,Durum Kebab,130,67,1.8181818181818181,7.0
613503,Pita Kebab,628,118,1.0256410256410255,3.0
613504,Pita Kylling,246,98,1.2371134020618557,5.0
613534,Kebab//Kylling Pizza,315,106,1.1142857142857143,3.0
613560,Pepperoni Pizza,116,67,1.8181818181818181,5.0
614897,Margarita,94,69,2.661764705882353,12.0
614898,A. Pepperoni,165,87,2.0348837209302326,11.0
614899,Skinke,97,60,2.864406779661017,14.0
614900,Hawaii,92,64,2.7936507936507935,15.0
614901,Milano,48,38,4.72972972972973,18.0
614905,Polo,44,38,4.702702702702703,19.0
614911,Vera,33,29,6.178571428571429,24.0
614929,Ostekant 1,41,34,5.333333333333333,22.0
614933,Meatlover,164,84,2.108433734939759,11.0
614941,Augusternborg Slot,52,42,4.414634146341464,20.0
614952,Indbagt Skinke,37,22,8.238095238095237,33.0
614980,Kebab Pita,69,45,3.9318181818181817,16.0
614992,Rulle Kebab,267,104,1.7087378640776698,12.0
614993,Rulle Kylling,49,35,5.0,20.0
615005,Skinke Schnitzel,36,26,7.2,24.0
615006,½ Grillkylling,134,70,2.6231884057971016,11.0
615010,Pommes Frites,252,114,1.6017699115044248,10.0
615011,Pølsemix,45,31,5.4,16.0
615013,6 Stk. Nuggets,40,34,4.515151515151516,19.0
615014,Kebab Mix,98,59,3.0689655172413794,11.0
615030,"0,5L Sodavand",36,22,7.523809523809524,25.0
615183,Dåse,1149,119,1.0169491525423728,2.0
615185,"0,5 Lt",164,72,1.6901408450704225,5.0
615187,Ayran,179,81,1.5125,4.0
615188,Kildevand,97,59,2.0689655172413794,6.0
615211,Durum Kebab,1375,119,1.0169491525423728,2.0
615212,Durum Kylling,474,112,1.0810810810810811,2.0
615213,Durum Mix,393,108,1.1214953271028036,4.0
615220,Flat White,1349,160,1.1383647798742138,4.0
615221,Lille Cappuccino,274,120,1.5210084033613445,7.0
615222,Lille Latte,966,163,1.117283950617284,4.0
615223,Stor Latte,1256,163,1.117283950617284,4.0
615224,Iskaffe,203,93,1.9565217391304348,6.0
615225,Te,39,35,5.205882352941177,18.0
615226,Chai Latte,191,108,1.6542056074766356,7.0
615227,Varm Chokolade,81,52,3.4705882352941178,24.0
615229,Kaffebønner,73,50,3.693877551020408,20.0
615232,Croissant,604,152,1.1986754966887416,4.0
615233,Pain au Chocolat,321,128,1.4251968503937007,12.0
615235,Cookie,141,76,2.4133333333333336,14.0
615418,Øl Alm.,21958,175,1.0459770114942528,4.0
615419,Øl Lux,862,129,1.4140625,5.0
615420,Non Alcohol,212,76,2.4133333333333336,14.0
615421,Øl Sæson,148,21,1.95,5.0
615422,AAB Pils 33cl,140,60,3.0677966101694913,11.0
615423,AAB Pils 50cl,1427,156,1.167741935483871,4.0
615424,AAB Lux 33cl,92,48,3.425531914893617,13.0
615425,AAB Lux 50cl,431,105,1.7403846153846154,5.0
615426,Z-Tilbud,1459,136,1.3407407407407408,4.0
615428,Vand Alm,1237,166,1.096969696969697,4.0
615429,Vand Lux,105,42,4.146341463414634,16.0
615430,Vin Glas,545,129,1.40625,5.0
615431,Vin Flaske,15,11,15.6,44.0
615432,Portvin,129,7,21.5,86.0
615433,Kode 1,3107,165,1.103658536585366,4.0
615434,Kode 2,2600,154,1.1830065359477124,4.0
615435,Kode 3,753,127,1.4365079365079365,6.0
615436,Kode 4    Shots 10,75,43,4.023809523809524,18.0
615437,Kode 5,109,35,5.205882352941177,15.0
615438,Kode 6,59,24,7.173913043478261,34.0
615439,Kode 7,61,21,7.95,50.0
615440,Amarula,349,72,2.5492957746478875,8.0
615441,Nordsø,480,86,2.1176470588235294,7.0
615442,Jægermeister,42,9,17.75,36.0
615443,Branca Menta,361,78,2.3506493506493507,11.0
615444,Underberg,220,32,5.709677419354839,14.0
615448,Breaser,244,68,2.5671641791044775,7.0
615450,Kaffe Irish mfl.,146,39,4.7368421052631575,17.0
615456,20 Cigaretter,379,135,1.3507462686567164,4.0
615548,Fadøl (Stor),599,54,3.339622641509434,14.0
615551,Fadøl (Lille),107,21,7.85,28.0
615552,"Fadøl, Stor (Special øl)",245,39,4.684210526315789,23.0
615554,"Fadøl, Lille (Special øl)",45,15,10.428571428571429,51.0
615555,Special øl i Flaske,37,14,13.153846153846153,37.0
615556,"Sodavand 0,25",188,30,6.103448275862069,30.0
615557,Energidrik,9,8,25.0,54.0
615558,"Mokai, Shaker",330,10,19.22222222222222,58.0
615560,Hel flaske Rød/Hvidvin,1,1,999.0,999.0
615561,Shots,206,10,16.444444444444443,58.0
615562,Chips,6,3,8.0,14.0
615579,Alm. hotdog,1225,101,1.81,47.0
615580,Ristet Hotdog,7645,106,1.723809523809524,47.0
615581,Fransk Hotdog,4154,106,1.723809523809524,47.0
615582,Pølse med Brød,167,63,2.903225806451613,50.0
615583,Cola,49,32,5.774193548387097,48.0
615584,Cocio,104,51,3.62,48.0
615585,Kildevand,36,21,8.95,55.0
615586,Pølse Brød,55,35,5.147058823529412,57.0
615587,Pølse,82,44,4.186046511627907,48.0
616475,Espresso,161,65,2.734375,18.0
616476,Caffe Latte,453,80,2.2151898734177213,18.0
616477,Cappuccino,92,49,3.3958333333333335,19.0
616479,Chai Tea,71,48,3.723404255319149,21.0
616480,Varm Chokolade,117,57,3.0535714285714284,21.0
616481,Croissants,418,78,2.272727272727273,18.0
616482,Pain au Chocolat,145,59,3.0172413793103448,20.0
616483,Pain au Raisin,117,58,3.0701754385964914,19.0
616484,Chausson Aux Pommes,75,46,3.888888888888889,32.0
616485,"Chili Cheddar, Plain , Power",1307,85,2.0833333333333335,18.0
616488,Le Francais,53,34,5.303030303030303,20.0
616490,Blandet Salat,81,40,4.435897435897436,21.0
616496,Water (Uden eller med Brus ),68,42,4.073170731707317,27.0
616499,Sodavand,105,56,3.1818181818181817,19.0
616501,Orangina (Fransk sodavand),38,27,6.730769230769231,32.0
616502,Cookies,283,72,2.464788732394366,18.0
616503,Donuts,67,40,4.384615384615385,29.0
616505,Cannoli / Aragostine,155,58,3.0701754385964914,19.0
616720,Ølkort Ud,106,35,5.235294117647059,18.0
616803,Klippekort,444,116,1.5739130434782609,6.0
616807,Ølkort,96,28,6.037037037037037,45.0
616814,2 cl Spiritus,99,29,5.392857142857143,17.0
616821,Oel,181,47,3.130434782608696,28.0
616824,1/4 Fadøl,20,12,9.545454545454545,37.0
616825,1/2 Fadøl,146,42,4.121951219512195,14.0
616831,10 Shots,10,8,21.0,50.0
616839,Diverse,552,88,1.4367816091954022,5.0
616846,1/1 Flaske Spiritus,4,4,38.0,71.0
616852,Drinks,9,7,16.166666666666668,29.0
616853,Diverse,53,25,5.375,65.0
616854,Sodavand,133,57,2.982142857142857,15.0
616861,Alm øl,471,82,2.234567901234568,29.0
616865,Gylden dame,60,30,3.8620689655172415,10.0
617037,The Borger,1260,174,1.046242774566474,4.0
617038,Signatur,408,141,1.2857142857142858,5.0
617039,Chicky Micky,381,134,1.3533834586466165,5.0
617040,Bof Bearnaise,264,121,1.4916666666666667,5.0
617042,"2 Fisk, 1 Tatarsauce, Fritter, 1 Valgfri Dip",320,125,1.435483870967742,5.0
617043,Fritter,468,147,1.2397260273972603,5.0
617044,4 stk. Hjemmelavet Nuggets,341,126,1.448,7.0
617045,Aioli,101,63,2.9193548387096775,13.0
617046,Mayo,33,24,6.739130434782608,41.0
617047,Chilimayo,73,49,3.75,11.0
617048,Urtemayo,39,32,5.612903225806452,16.0
617049,Chunky Ketchup,19,17,9.5,55.0
617050,Sodavand,881,164,1.1104294478527608,5.0
617051,Vand,68,37,5.0,15.0
617123,Flaskeølkort,645,170,1.0710059171597632,3.0
617124,Fadølskort,40,31,5.9,40.0
617125,Torsdagsfad,137,25,7.291666666666667,14.0
617126,Flaske øl,3941,182,1.0,1.0
617127,Fredagsøl,526,28,6.481481481481482,7.0
617128,Stor Fadøl,677,167,1.0903614457831325,3.0
617129,Lille Fadøl,208,66,2.769230769230769,14.0
617130,Shots,1681,174,1.046242774566474,2.0
617131,"Ice, Shaker, Breezer eller Mokai",204,75,2.4324324324324325,9.0
617132,"3 Ice, Shaker, Breezer eller Mokai",84,55,3.3333333333333335,20.0
617133,10 Shots,192,72,2.5492957746478875,12.0
617134,Cigaretter,337,153,1.1907894736842106,5.0
617136,Sodavand eller Dansk vand,670,173,1.052325581395349,2.0
617137,1 Flaske Spiritus,32,29,6.428571428571429,21.0
617138,Lighter,27,21,7.9,24.0
617155,Flaskeølkort,563,170,1.0710059171597632,2.0
617156,Fadølskort,11,11,8.7,28.0
617157,Torsdagsfad,18,10,10.11111111111111,35.0
617158,Flaske øl,799,101,1.8,7.0
617160,Stor Fadøl,68,17,11.0,36.0
617161,Lille Fadøl,25,16,11.733333333333333,28.0
617162,Shots,246,40,4.512820512820513,19.0
617163,Ice,15,9,17.875,40.0
617164,3 Ice,15,10,17.22222222222222,49.0
617165,10 Shots,57,30,6.172413793103448,21.0
617166,Cigaretter,115,82,2.185185185185185,10.0
617168,Vand,206,124,1.4552845528455285,4.0
617169,1 Flaske Spiritus,3,3,45.5,70.0
617170,Lighter,17,15,11.857142857142858,31.0
617565,Øl/Vand krostue,547,30,6.103448275862069,28.0
617577,Øl/Vand sal,395,17,10.375,31.0
617585,Kaffe,12,3,51.5,90.0
617958,Unspecified,270,115,1.587719298245614,16.0
618898,Unspecified,748,170,1.0710059171597632,4.0
619217,Frokosttilbud/Sandwich,2536,128,1.3779527559055118,17.0
619218,Blandet sandwich,126,20,8.631578947368421,27.0
619219,Økorugbrød,9,8,24.714285714285715,104.0
619220,Grevinde Danner,27,23,7.590909090909091,27.0
619221,Miss Monroe,12,10,18.0,69.0
619222,Hillary C,13,11,14.8,29.0
619223,Jackie o,20,18,9.882352941176471,29.0
619227,Hepburn,13,13,13.25,61.0
619228,Dolly P,4,4,51.333333333333336,69.0
619231,Hjemmebagte Muffins,23,18,8.529411764705882,35.0
619232,"Sandwich / Salat, Friskbagt Muffin og Kildevand (50cl)",3,1,999.0,999.0
619233,"Sandwich / Salat, Friskbagt Muffin og Sodavand (50cl)",6,1,999.0,999.0
619234,"Æble Most, Hyleblomst (27,5cl)",57,34,5.121212121212121,21.0
619237,Care (50cl),3,3,38.0,65.0
619238,Antioxidant (50cl),27,24,6.782608695652174,35.0
619239,Defence (50cl),30,26,6.4,32.0
619240,Hydrate (50cl),24,20,8.31578947368421,35.0
619242,Well Prepared (50cl),5,5,26.0,72.0
619244,Sodavand,214,88,2.0114942528735633,17.0
619245,Kildevand,77,55,3.240740740740741,18.0
619246,Kaffe / the lille,140,69,2.514705882352941,18.0
619248,Cappuccino,567,117,1.5,18.0
619249,Cortado,49,37,4.861111111111111,26.0
619250,Espresso,24,17,10.1875,40.0
619252,Chai,26,15,11.428571428571429,39.0
619537,Salat,18,7,22.0,57.0
619538,Sandwich,180,38,4.5675675675675675,22.0
619541,Wienerschnitzel,172,41,4.525,26.0
619542,Fish&chips,27,18,8.764705882352942,26.0
619544,Steak,66,24,7.304347826086956,21.0
619546,Pose,23,18,9.823529411764707,26.0
619548,2 Retter (269),18,2,127.0,127.0
619549,3 Retter (329),28,3,70.0,121.0
619550,Buffet,93,6,20.4,46.0
619551,Mørbrad,70,4,28.333333333333332,63.0
619552,Filet,32,4,51.666666666666664,127.0
619554,Servering,41,3,60.5,85.0
619555,Suppen,20,6,33.6,127.0
619561,Krondyr,19,10,17.88888888888889,64.0
619563,Bearnaise,56,20,9.210526315789474,76.0
619572,Arrangement,52,3,76.5,97.0
619578,Bobler,40,6,21.4,56.0
619581,Villa di Mare,19,8,22.857142857142858,83.0
619582,Glas,30,14,12.461538461538462,49.0
619585,Delbeaux,22,8,22.0,71.0
619586,Glas,36,13,12.333333333333334,84.0
619590,Flaskeøl,85,24,7.3478260869565215,49.0
619592,Sodavand,28,16,11.733333333333333,63.0
619593,Cola,30,13,14.583333333333334,62.0
619594,Ramlösa,28,18,9.529411764705882,49.0
619598,Kaffe,58,14,13.461538461538462,49.0
619777,S1 Wafu Karaage (6 stk.),951,151,1.2066666666666668,4.0
619778,S2 Edamamebønner,279,125,1.4516129032258065,6.0
619779,S3 Gyoza (6 stk.),921,151,1.2066666666666668,5.0
619780,S4 Tempura rejer (2 stk.),236,109,1.6666666666666667,6.0
619781,S5 Miniforårsruller(V.VG.) (6 stk.),365,131,1.3846153846153846,5.0
619782,S6 Kimchee (ca.200g.),499,132,1.381679389312977,8.0
619783,R1 Shio Ramen,426,136,1.3185185185185184,5.0
619784,R2 Shoyu Ramen,1039,150,1.2147651006711409,4.0
619785,R3 Miso Ramen,624,143,1.2746478873239437,4.0
619786,R4 Vegan Ramen,758,148,1.2312925170068028,4.0
619787,R5 Tonkutsu Ramen,2561,153,1.1907894736842106,4.0
619788,R6 Karry Ramen,252,110,1.651376146788991,5.0
619789,R7 Wonton Ramen,590,147,1.2328767123287672,4.0
619790,R8 Maze Soba (Mixed cold ramen),100,69,2.6470588235294117,13.0
619791,R9 Børn Ramen (Ramen for child),137,78,2.2467532467532467,8.0
619792,E1 Nudler,132,91,1.9777777777777779,7.0
619796,E5 Tamago,707,146,1.2482758620689656,4.0
619798,D1 Kildevand,104,63,2.9193548387096775,14.0
619799,.D2 Danskvand,234,108,1.691588785046729,7.0
619800,.D3 Sodavand Dåse,964,148,1.2312925170068028,4.0
619801,D4 Sodavand plastik,238,113,1.5892857142857142,5.0
619802,D5 Ramune,245,105,1.7019230769230769,6.0
619803,D6 Kirin Ichiban øl,632,126,1.448,5.0
619804,D7 Tsingtao øl,255,95,1.925531914893617,6.0
619805,D8 Sapporo øl,484,131,1.3923076923076922,5.0
619806,D9 Japansk grøn te,228,95,1.9148936170212767,11.0
622060,Margherita,444,132,1.3740458015267176,5.0
622061,Margherita D.O.C,391,132,1.3740458015267176,5.0
622062,Stromboli,360,127,1.4365079365079365,8.0
622063,La pazza,305,115,1.587719298245614,7.0
622065,Capricciosa,374,133,1.371212121212121,7.0
622066,Salamino,1178,148,1.2312925170068028,6.0
622067,Amatriciana​,371,128,1.4251968503937007,6.0
622070,Diavola​,273,118,1.5384615384615385,8.0
622073,Panchovilla​,148,90,2.0112359550561796,6.0
622076,Emiliana​,210,97,1.8854166666666667,7.0
622079,Viagra​,504,133,1.371212121212121,8.0
622080,Nek,188,98,1.865979381443299,7.0
622081,Litfiba,123,74,2.452054794520548,11.0
622082,Mucca pazza,121,79,2.2948717948717947,7.0
622084,Italiana,189,96,1.894736842105263,9.0
622088,Genovese​,150,84,2.1566265060240966,9.0
622090,Ortolana,181,92,1.978021978021978,7.0
622091,Parmigiana,134,80,2.278481012658228,11.0
622094,Patacrock​,664,140,1.3021582733812949,7.0
622104,Campagnola,138,85,2.130952380952381,12.0
622122,Carbonara,120,77,2.3289473684210527,9.0
622128,Bolognese,192,89,2.034090909090909,7.0
622138,Sophie​,126,67,2.712121212121212,12.0
622140,Albano,434,124,1.4715447154471544,7.0
622145,Grottaferrata,147,67,2.6666666666666665,12.0
622151,Tiramisu,350,112,1.6126126126126126,7.0
622192,Frokost durum,345,138,1.3065693430656935,5.0
622194,Pita Menu,162,105,1.7403846153846154,8.0
622195,Durum Menu,256,124,1.4634146341463414,5.0
622196,Pitabrød med Shawarma (kalvekød),2929,179,1.0168539325842696,2.0
622199,Pitabrød med Kylling,213,110,1.651376146788991,5.0
622204,Dürüm med Shawarma (Kalvekød),4527,179,1.0168539325842696,2.0
622205,Dürüm med Falafel,126,77,2.3552631578947367,10.0
622207,Dürüm med Kylling,198,96,1.831578947368421,7.0
622211,Dürüm med Shawarma & Kylling,177,88,2.0689655172413794,8.0
622213,Herre Burger med Ost,98,70,2.6231884057971016,10.0
622218,Shawarma,2143,178,1.0225988700564972,2.0
622219,Kylling,114,83,2.0853658536585367,11.0
622220,Kylling & Shawarma,99,64,2.8412698412698414,12.0
622221,Shawarma Ret,140,78,2.3506493506493507,10.0
622228,Landgangsbrød med Shawarma,546,167,1.0903614457831325,3.0
622236,Pommes Frites - Lille Bakke,459,161,1.13125,3.0
622237,Pommes Frites - Stor Bakke,499,157,1.1602564102564104,3.0
622244,"0,5 Liter incl. Pant",272,137,1.3308823529411764,4.0
622246,"0,33 Liter incl. Pant",393,146,1.2482758620689656,4.0
622247,"0,5 Liter alm, Vand",75,55,3.259259259259259,23.0
622248,Ayran,273,119,1.5254237288135593,5.0
622249,Gazoz,250,122,1.487603305785124,5.0
622251,Buffet menu 1,22,1,999.0,999.0
622252,Buffet nr 2,10,1,999.0,999.0
622253,Buffet nr 3,21,2,14.0,14.0
622258,Smørrebrød,1078,52,3.549019607843137,18.0
622259,Snitter,91,3,22.5,32.0
622260,Pålægstærte,70,19,8.777777777777779,44.0
622261,Pålægsplade,13,9,20.375,84.0
622262,Pålægsfad,33,3,46.5,48.0
622263,Brød og smør,10,1,999.0,999.0
622267,Tapas fad,10,1,999.0,999.0
622268,Irish coffee,14,1,999.0,999.0
622339,Margherita,73,50,3.5306122448979593,13.0
622340,Vesuvio,122,73,2.4444444444444446,8.0
622344,Ciao Ciao,169,95,1.925531914893617,7.0
622345,Thomas,157,85,2.142857142857143,8.0
622348,side,55,41,4.425,18.0
622350,Hawai,85,54,3.4150943396226414,23.0
622353,Arvika,137,78,2.3506493506493507,8.0
622355,Pepperoni,141,81,2.2375,7.0
622356,Marc & Mark,55,48,3.74468085106383,14.0
622357,Special,77,55,3.185185185185185,9.0
622364,Atik,80,59,3.086206896551724,14.0
622368,Paris,234,112,1.6306306306306306,5.0
622369,Yusuf,80,60,3.0677966101694913,11.0
622371,Barbaros,49,39,4.657894736842105,22.0
622372,Mexicana,67,46,3.8666666666666667,14.0
622373,Din egen pizza,102,62,2.9672131147540983,9.0
622378,Berkant,51,35,5.088235294117647,25.0
622382,Inci,130,81,2.2625,6.0
622385,Arda,54,42,4.390243902439025,15.0
622386,Meat Lover,113,78,2.220779220779221,8.0
622391,Torp - NYT,57,43,4.095238095238095,13.0
622393,Pizza Spaghetti,75,54,3.339622641509434,12.0
622416,Durum med Kylling,62,41,4.2,16.0
622420,Durum,117,66,2.7384615384615385,8.0
622425,Grill kylling,173,81,2.2125,12.0
622429,Kebab special,51,41,4.35,17.0
622438,Pommes Frites,102,62,2.918032786885246,11.0
622441,"Sodavand, 0,5 l",50,24,7.0,49.0
622442,"øl, 33 cl",59,21,8.65,44.0
622462,Big Burger,122,80,2.2531645569620253,10.0
622463,Cheese Burger,259,116,1.565217391304348,6.0
622465,Bacon/Cheese Burger,457,140,1.2949640287769784,4.0
622467,Kong Hans Burger,563,146,1.2413793103448276,5.0
622468,Bøfsandwich med Sovs,196,107,1.7075471698113207,9.0
622469,Stor Ribben Sandwich,223,119,1.5338983050847457,5.0
622472,"Big Burger med Pommes frites og 0,50l Sodavand",155,108,1.6822429906542056,7.0
622474,Nuggets med Pommes Frites,257,118,1.5384615384615385,5.0
622475,1/2 Kylling med Pommes Frites,555,145,1.2569444444444444,5.0
622478,6 stk. Hjemmelavet Forårsruller med Sursød Sovs,128,84,2.180722891566265,10.0
622479,Stegte Nudler Delux,121,67,2.727272727272727,12.0
622480,"Stegte Nudler med Kylling, Oksekød og Grøntsager",161,84,2.108433734939759,10.0
622484,Ristet Pølser,481,133,1.371212121212121,6.0
622486,Medister,363,136,1.3407407407407408,5.0
622490,Fransk Hotdog,902,157,1.1602564102564104,5.0
622493,Brød,1017,160,1.1383647798742138,5.0
622494,Stor Pommes Frites,649,164,1.1104294478527608,4.0
622495,Lille Pommes Frites,857,163,1.117283950617284,5.0
622496,Stor Pølsemix,379,133,1.371212121212121,6.0
622497,Lille Pølsemix,146,95,1.8829787234042554,6.0
622498,Stor Kyllingemix,156,87,2.0813953488372094,8.0
622500,Stor Kebabmix,190,107,1.7075471698113207,8.0
622504,Snadwich Kylling Bacon,317,123,1.4836065573770492,7.0
622509,"Cola Stor 0,50l",278,113,1.6071428571428572,6.0
622512,Cocio Lille,125,72,2.535211267605634,9.0
622514,Srit Valg Mellem,267,118,1.547008547008547,9.0
622534,Bland selv slik,410,68,2.537313432835821,14.0
622597,Unspecified,162,65,2.734375,14.0
622798,Mini Sandwich,1880,166,1.096969696969697,14.0
622799,Alm Sandwich,14122,168,1.0838323353293413,14.0
622800,Maxi Sandwich,2955,169,1.0773809523809523,14.0
622801,Mini Mdr Sandwich,79,61,2.966666666666667,20.0
622802,Alm. Mdr Sandwich,563,147,1.2328767123287672,17.0
622803,Maxi Mdr Sandwich,87,56,3.1818181818181817,21.0
622804,Lille Salat,55,43,4.285714285714286,23.0
622805,Lille med kylling,119,79,2.3205128205128207,18.0
622806,Big Burger,36,15,11.642857142857142,37.0
622807,Cheese Burger,49,40,4.641025641025641,22.0
622808,Mexican Burger,27,23,7.818181818181818,23.0
622809,Bacon Burger,33,24,7.260869565217392,33.0
622810,Uptown Burger,229,89,2.0454545454545454,18.0
622811,Ekstra 7,1059,163,1.117283950617284,14.0
622812,Ekstra 10,678,152,1.1986754966887416,15.0
622813,Ekstra Bøf,15,15,12.5,42.0
622814,Vand/Små,590,151,1.2066666666666668,14.0
622815,Alm,1155,165,1.103658536585366,14.0
622816,Stor,16,12,9.636363636363637,34.0
622817,Cookie,503,137,1.3308823529411764,15.0
622818,Muffen,138,65,2.71875,17.0
624764,Unspecified,2631,178,1.0225988700564972,3.0
628873,ARNBITTER & BRANCA,278,51,3.56,13.0
629046,Vand,65,50,3.6122448979591835,12.0
629058,Bolle,164,79,2.269230769230769,6.0
629059,Bolle m. smør,143,91,2.011111111111111,8.0
629060,Bolle m. smør & ost,861,155,1.1753246753246753,4.0
629071,Hansens is,104,45,4.045454545454546,74.0
629335,Franskbrød med Ost,662,102,1.7821782178217822,13.0
629336,Franskbrød med Pålæg,325,94,1.935483870967742,13.0
629337,"Franskbrød med Ost, Skinke, Spejlæg og Bacon",289,101,1.8,13.0
629339,Ristet Pølse,285,90,1.9662921348314606,13.0
629340,Ristet Hotdog,152,62,2.7868852459016393,13.0
629341,Fransk Hotdog,168,75,2.3783783783783785,13.0
629342,Frankfurter,163,84,2.1686746987951806,13.0
629343,Frankfurter med Bacon,139,92,1.967032967032967,13.0
629344,Pølse i Svøb,196,88,2.057471264367816,13.0
629346,1/2 l. Sodavand,1134,120,1.5126050420168067,13.0
629348,Dåsesodavand,558,113,1.6071428571428572,13.0
629349,Klidevand,139,72,2.4788732394366195,15.0
629351,Cocio Stor,292,102,1.7722772277227723,13.0
629352,Mælk (+Pant),259,101,1.8,14.0
629353,Frikadellesandwich Stor,204,91,1.9444444444444444,13.0
629355,Flæskestegssandwich Store,380,99,1.8265306122448979,13.0
629356,Flæskestegssandwich Lille,136,76,2.2933333333333334,13.0
629357,Bøfsandwich Stor,144,77,2.3684210526315788,13.0
629361,Bacon/Cheeseburger,305,103,1.7549019607843137,14.0
629362,Truckerbrger med Spejlæg,167,66,2.646153846153846,14.0
629373,Pommes Frites Lille med Dyp,173,78,2.1948051948051948,13.0
629374,Lun Hjemmelavet Delle,4242,121,1.5,13.0
630247,Ekstra tilbehør 1,554,149,1.2094594594594594,4.0
630261,Ekstra tilbehør 2,459,139,1.289855072463768,5.0
630267,Ekstra tilbehør 3,2630,178,1.0225988700564972,3.0
630294,Best 1,1041,165,1.103658536585366,4.0
630304,Best 2,578,167,1.0903614457831325,4.0
630328,Best 3,1541,179,1.0168539325842696,3.0
630338,Best 4,8,8,20.428571428571427,37.0
630347,Best 5,805,167,1.0903614457831325,5.0
630355,Best 6,8195,179,1.0168539325842696,3.0
630375,Best 7,3483,176,1.0342857142857143,3.0
630383,Best 8,1688,178,1.0225988700564972,3.0
630392,Best 9,166,88,2.0804597701149423,9.0
630397,Best 10,4067,179,1.0168539325842696,3.0
630403,Best 11,3766,179,1.0168539325842696,3.0
630413,Best 12,5880,179,1.0168539325842696,3.0
630414,Best 13,686,161,1.13125,3.0
630418,Best 14,143,85,2.142857142857143,12.0
630423,Best 15,62,36,4.885714285714286,19.0
631943,Nr. 8 Pad Thai kylling,192,95,1.925531914893617,17.0
631975,Nr. 8 Pad Thai Rejer,52,36,4.857142857142857,17.0
633282,"Pepsi 0,5 liter",86,41,3.95,13.0
633283,"Pepsi 1,5 liter",50,37,4.305555555555555,15.0
634392,Nytårsmenu 1,14,12,13.727272727272727,37.0
634396,Nytårsmenu 2,12,8,21.857142857142858,64.0
635405,POSE,100,64,2.7301587301587302,16.0
636767,Æggekage,50,17,10.5,39.0
638259,B. Hawaii,61,42,4.2439024390243905,11.0
638262,Frederikke,42,30,5.931034482758621,18.0
638292,Shawarma,53,40,4.256410256410256,14.0
638304,Shawarma,44,32,5.806451612903226,25.0
638307,Hjemmelavet Sharwarma,169,88,2.0344827586206895,6.0
638311,Crispy Chicken,73,33,5.65625,19.0
638320,Lille Pommes frites,50,46,3.6666666666666665,21.0
638324,Cheese Burger,52,36,4.914285714285715,23.0
638346,Grillede med kylling & bacon,183,91,2.011111111111111,9.0
638350,Luksus Grillede Kapri,125,58,3.175438596491228,18.0
638352,Grillede med Kylling & Bacon,62,43,4.023809523809524,24.0
638356,Luksus Grillede Kapri,45,32,4.903225806451613,15.0
638366,Lys Baguette (Fuldkorn)/ Grovbrød (Alm),365,86,2.0588235294117645,10.0
638367,Lys Baguette (Fuldkorn)/ Grovbrød (Stor ca. 30 cm),159,67,2.590909090909091,9.0
638368,"Chilistykker, Urtestykker",193,82,2.234567901234568,7.0
638370,Landstykker (Lys/mørk),347,109,1.6666666666666667,5.0
638380,Grill Sandwich fra nr. 73-76.,326,100,1.7575757575757576,5.0
638381,Grill Luksus fra nr. 77-78.,103,51,3.2,8.0
638386,0.5L Kildevand,189,84,2.180722891566265,10.0
638388,0.5L Sodavand,623,136,1.3407407407407408,5.0
638389,0.4 L Cocio,45,31,5.7,24.0
638764,Husets Pizza,154,73,2.3194444444444446,10.0
638778,"Sodavand 0,50 L",351,135,1.335820895522388,5.0
638779,"Sodavand 1,50 L",76,54,3.3207547169811322,9.0
638784,Ayran,193,68,2.626865671641791,28.0
638787,Kebab Menu,83,54,3.30188679245283,15.0
638788,Margherita,172,99,1.8061224489795917,7.0
638789,Vesuvio,235,113,1.6071428571428572,7.0
638791,Napoli,226,109,1.6296296296296295,6.0
638793,Capricciosa,88,62,2.9672131147540983,11.0
638795,Hawaii,179,101,1.81,8.0
638800,Italiana,127,79,2.269230769230769,11.0
638806,Kylling Pizza,121,73,2.513888888888889,11.0
638807,Oriental,90,61,2.95,10.0
638815,Chefens Special,128,85,2.1547619047619047,6.0
638816,Verona,229,107,1.7075471698113207,6.0
638818,Mafioso,82,58,3.0526315789473686,9.0
638819,Husets Pizza,1411,175,1.0402298850574712,4.0
638820,Calzone,180,107,1.6981132075471699,6.0
638826,Calles Special,120,76,2.4133333333333336,9.0
638848,Durum Kebab,1131,170,1.0710059171597632,3.0
638855,Sand Kebab,81,54,3.3207547169811322,12.0
638872,1/2 Kylling - Med Tilbehører,285,118,1.5299145299145298,4.0
638890,Kebab,645,161,1.13125,3.0
638904,Lille Pommes Frites,455,163,1.1111111111111112,3.0
638905,Stor Pommes Frites,493,159,1.1455696202531647,3.0
638933,Sodavand 33cl,167,78,2.2467532467532467,8.0
638935,Vand,103,58,3.175438596491228,18.0
638950,Øl,139,62,2.901639344262295,12.0
639857,Hotdog/svob,98,53,3.3461538461538463,29.0
640478,Pariserbøf,35,20,9.526315789473685,47.0
640518,Stjerneskud,50,19,10.055555555555555,42.0
640693,Rejecocktail serveret med flute,22,11,17.9,43.0
640711,"Dansk hakkebøf med bløde løg,skysauce, agurkesalat, kartofler",26,18,9.352941176470589,26.0
640738,"Wienerschnitzel af kalvefilet,med pommes saute,ærter, smørsauce og wienerdreng",119,37,5.027777777777778,27.0
640761,"Wienerschnitzel a la Jens ,af kalvefilet,pommes frites,ærter, bearnaise sauce",22,13,13.083333333333334,41.0
641002,Hjemmebagt æbletærte serveret med kanelparfait,65,9,22.125,43.0
641052,Hjemmelavet vanilje parfait serveret med chokolade sauce,26,8,17.714285714285715,41.0
641087,Øl,279,68,2.701492537313433,19.0
641100,Ale nr 16 fra Refsvindinge,118,37,5.0,22.0
641113,Sodavand,442,72,2.5211267605633805,19.0
641139,Diverse likør/cognac i glas 2 cl,36,2,27.0,27.0
641144,Kaffe/te,317,51,3.62,22.0
641220,"Husets rødvin, Bodegas centenarias fra Chile, Cabernet Sauvignon Reservado",31,15,12.428571428571429,48.0
641475,Nachos ost (85),1,1,999.0,999.0
641476,Nachos kylling/okse (95),1,1,999.0,999.0
641478,Hyggekurv,1,1,999.0,999.0
641479,Pommes,2,2,85.0,85.0
641488,Kylling Sandwich,2,2,28.0,28.0
641492,Tun Sandwich,1,1,999.0,999.0
641498,Oksekød Huset Burger,12,8,21.285714285714285,53.0
641501,Crispy Chicken,2,2,61.0,61.0
641504,Mexican Burger,2,2,39.0,39.0
641505,Chili Burger,2,1,999.0,999.0
641507,Smoky Burger,2,1,999.0,999.0
641508,Speciel Burger,2,2,132.0,132.0
641509,Hulk Burger,1,1,999.0,999.0
641510,Grillet Steak,4,4,34.333333333333336,48.0
641520,Pasta la Filetto,1,1,999.0,999.0
641521,Pasta Rød Hav,1,1,999.0,999.0
641523,Lasagna,1,1,999.0,999.0
641524,Quesadilla,5,3,56.5,84.0
641527,Fiske Filet,1,1,999.0,999.0
641529,Børne Lasagna,1,1,999.0,999.0
641532,Cappucino,3,2,118.0,118.0
641533,Chokolade,6,3,45.5,49.0
641536,Te,2,1,999.0,999.0
641541,Lille Sodavand,10,7,22.666666666666668,50.0
641545,Vand,3,3,66.5,72.0
641547,Milkshakes,2,2,117.0,117.0
641549,Heineken,2,1,999.0,999.0
643700,Ekstra ost,52,25,7.0,28.0
645231,Bailey,7,4,3.6666666666666665,9.0
645239,Bacardi Blanca,10,9,22.375,37.0
645243,Morgan Spice Gold,4,4,18.666666666666668,39.0
645245,Smirnoff Vodka,37,33,5.53125,16.0
646437,Dagens fastsatte 2 retters menu,151,41,4.425,20.0
646446,Hovedretter selskab,30,1,999.0,999.0
646448,Desserter selskab,30,1,999.0,999.0
646457,Velkomst drinks,96,3,24.0,27.0
646609,Småkager per person,119,6,29.4,72.0
647623,Hj. Pitabroed m. Shawarma,803,166,1.096969696969697,3.0
647635,Hj. Pitabroed m. Kylling,129,79,2.3205128205128207,12.0
647638,Hj. Durum m. Shawarma,878,167,1.0903614457831325,3.0
647639,Hj. Durum m. Kylling,95,63,2.838709677419355,14.0
647643,Hel landgangsbroed,189,109,1.6759259259259258,7.0
647651,Dyppelse,438,128,1.4251968503937007,4.0
648907,Håndmadder,423,46,3.888888888888889,22.0
648908,Alm. Smørrebrød,852,53,3.423076923076923,14.0
648909,Luksus Smørrebrød,339,43,4.190476190476191,14.0
648914,Stegt Flæsk,125,27,6.730769230769231,14.0
648915,Flæskesteg,175,25,7.291666666666667,14.0
648916,Rød el Ristet Pølse,69,43,4.285714285714286,16.0
648918,Rød el. Ristet Hotdog,352,116,1.5739130434782609,5.0
648919,Fransk Hotdog,192,81,2.125,14.0
648921,Pølsebrød,85,49,3.75,16.0
648924,Chees-Burger,201,97,1.8854166666666667,6.0
648926,Bacon/Chees Burger,264,99,1.846938775510204,5.0
648927,Jumbo Burger,106,67,2.6363636363636362,7.0
648930,Ribben-Sandwich,196,99,1.836734693877551,5.0
648932,Bøfsandwich,325,120,1.504201680672269,6.0
648933,Lille Pommes,284,130,1.4031007751937985,4.0
648934,Stor Pommes,340,133,1.371212121212121,4.0
648936,Paneret Schnitzel,101,55,3.2037037037037037,14.0
648941,½ Kylling med Pommes Frittes,381,131,1.3923076923076922,5.0
648943,Stjerneskud m/ 1 Fisk,77,52,3.5098039215686274,12.0
648944,Stjerneskud m/ 2 Fisk,274,82,2.2222222222222223,7.0
648945,Stjerneskud m/ 3 Fisk,69,40,4.461538461538462,13.0
648950,Kebab Mix,93,60,2.983050847457627,10.0
648951,Pølsemix,206,107,1.7075471698113207,7.0
648967,"0,5 l Sodavand",336,113,1.6160714285714286,5.0
648968,Cocio,138,69,2.6470588235294117,9.0
648971,Flaske Øl,245,93,1.9673913043478262,9.0
648972,1 Glas Rød el. Hvid Vin,121,52,3.4705882352941178,14.0
648974,11 kg Gul,246,119,1.5338983050847457,7.0
648976,10 kg Letvægt,95,65,2.796875,10.0
648988,Mad,127,67,2.727272727272727,12.0
650357,Durum Falafel,131,67,1.7727272727272727,5.0
651064,UgensMaki,562,114,1.584070796460177,5.0
654961,Forårsruller 8 stk,223,111,1.6363636363636365,5.0
654990,Tempura Rejer 4 stk,358,119,1.5,6.0
655031,Rejechips,203,110,1.6422018348623852,6.0
655081,Gyoza 6 stk,135,80,2.2911392405063293,9.0
655140,Kyllingekødboller (3 stk),135,54,3.4150943396226414,14.0
655229,Nigiri Menu B ( 10 stk.),111,74,2.3972602739726026,13.0
655310,Star Menu 2 (32 stk.),205,113,1.6160714285714286,6.0
655320,Star Menu 3 (44 stk.),133,83,2.1219512195121952,9.0
655549,Pose,179,98,1.7938144329896908,6.0
656155,"Skinke, Pølser, Oregano",418,145,1.2569444444444444,5.0
656175,Vesuvio,1098,168,1.0838323353293413,4.0
656182,Faso,678,161,1.13125,4.0
656184,Hawaii,199,109,1.6759259259259258,6.0
656186,Tyrkisk pepperoni,173,109,1.6388888888888888,5.0
656195,Nickolaj,307,126,1.448,5.0
656204,Rhodos,379,141,1.2571428571428571,3.0
656206,Gandrup Special,203,111,1.6454545454545455,7.0
656211,Tomas,522,147,1.2397260273972603,5.0
656215,Din egen pizza,143,80,2.278481012658228,8.0
656216,Sorento,112,79,2.3205128205128207,8.0
656220,Mexicano,134,90,1.9775280898876404,8.0
656225,Italia,568,147,1.226027397260274,4.0
656231,Kurdisk Pizza,482,145,1.2569444444444444,4.0
656235,Viking,154,91,1.9666666666666666,7.0
656244,Durum med Kebab,579,152,1.1986754966887416,4.0
656245,Durum med Kylling,145,93,1.9673913043478262,10.0
656251,Nuggets,139,83,2.1463414634146343,7.0
656255,Grillkylling,495,147,1.226027397260274,4.0
656259,Kebab mix,160,87,2.104651162790698,8.0
656267,Mouse,127,80,2.240506329113924,12.0
656270,Nuggets,166,93,1.9673913043478262,6.0
656276,Pita-Kebab,265,123,1.4836065573770492,5.0
656283,Cheese Burger,207,82,2.234567901234568,7.0
656288,Lille Pommes Frites,598,163,1.117283950617284,4.0
656289,Stor Pommes Frites,785,163,1.117283950617284,4.0
656310,"0,33 liter dåse sodavand",581,137,1.3014705882352942,4.0
656366,Alm,302,125,1.4516129032258065,6.0
656367,Fam,420,142,1.2836879432624113,4.0
656426,Dagens ret,75,4,23.333333333333332,28.0
656466,Børn under 12 (Mandag – Torsdag),249,73,2.4583333333333335,18.0
656472,Børn under 12(Fredag – Søndag (Helligdag)),269,64,2.873015873015873,21.0
656476,Baby (0-2 år),21,20,8.157894736842104,25.0
656688,Morgenbolle m. Smør og syltetøj,2949,149,1.2162162162162162,6.0
656692,Morgentoast,649,127,1.4285714285714286,6.0
656698,Morgen tallerken,1143,132,1.3740458015267176,6.0
656709,Coca Cola Zero,604,137,1.3235294117647058,6.0
656713,Danskvand,466,133,1.3636363636363635,6.0
656714,Hyldeblomst lemonade,675,139,1.3043478260869565,6.0
656716,Americano,1090,145,1.25,6.0
656717,Filter,1935,149,1.2162162162162162,6.0
656720,Cortado,534,138,1.313868613138686,6.0
656721,Flat White,795,140,1.2949640287769784,6.0
656722,Cappuccino,2084,149,1.2162162162162162,6.0
656723,Latte,3336,149,1.2162162162162162,6.0
656724,Is-Latter med Karamelsirup,466,127,1.4206349206349207,7.0
656726,Chai-Latte,588,143,1.267605633802817,7.0
656728,Varm Kakao med Flødeskum,853,144,1.2587412587412588,6.0
656729,The - kop,585,139,1.3043478260869565,9.0
656731,Hønsemad,745,131,1.3846153846153846,7.0
656735,Laks/Avocado,796,136,1.3333333333333333,7.0
656739,Avocadotoast,746,133,1.3636363636363635,7.0
656740,Morgentoast,646,132,1.3740458015267176,7.0
656947,Unspecified,153,98,1.865979381443299,12.0
657204,Glas Sodavand,239,84,1.4457831325301205,6.0
657751,California Club Sandwich lille,288,103,1.696078431372549,8.0
658024,kildevand,163,79,2.2948717948717947,9.0
658044,san pellegrino,577,133,1.3636363636363635,5.0
658048,alm sodvand,734,148,1.2312925170068028,6.0
658058,italienske øl,315,105,1.7403846153846154,6.0
658171,Little Italy lille,73,35,5.147058823529412,20.0
658354,Mad ud af huset,823,83,2.1951219512195124,8.0
658363,California Club Sandwich Stor,224,98,1.8041237113402062,6.0
658447,Stor salat,428,123,1.4672131147540983,4.0
658459,Hjemmebagt bolle,315,92,1.967032967032967,6.0
658523,Ekstra 10kr,318,113,1.5625,10.0
658553,Ekstra,65,37,4.944444444444445,17.0
658614,Diverse,922,146,1.2344827586206897,4.0
658834,dressing,77,48,3.617021276595745,15.0
658842,pose,132,86,2.0588235294117645,7.0
660328,Udbringning,539,159,1.1455696202531647,4.0
660406,Pose,536,158,1.1528662420382165,4.0
662092,F4 Edamame Bønner,37,25,6.666666666666667,24.0
662094,F6 Tangsalat,78,49,3.6666666666666665,29.0
662095,F7 Mini forårsruller,65,41,4.375,13.0
662122,U4 Spicy Ebi (Uramaki),36,24,7.130434782608695,21.0
662133,G3. Chicago (Gourmet Maki),41,23,7.318181818181818,30.0
662151,H1. Laks Hoso (8 stk.),82,37,4.666666666666667,15.0
662157,H6. Avocado Hoso (8 stk.),41,28,6.518518518518518,19.0
662159,H8. Agurke Hoso (8 stk.),29,21,8.2,30.0
662177,Laks (1 stk),210,42,3.975609756097561,19.0
662180,Tun (1 stk),32,15,11.357142857142858,38.0
662185,Flamberet Laks (1 stk),63,18,9.294117647058824,31.0
662232,Øko. Hyldeblomst,42,31,5.866666666666666,29.0
662236,Kande Vand,87,58,3.175438596491228,10.0
662237,Sapporo,52,30,6.172413793103448,19.0
662258,Chili Mayo,124,63,2.838709677419355,11.0
662259,Teriaki Sovs,47,27,6.769230769230769,22.0
662266,Pose,800,164,1.1042944785276074,4.0
666034,Little Italy Stor,78,35,4.764705882352941,23.0
666056,Stor,664,154,1.1830065359477124,5.0
666091,Rister hotdog,703,154,1.1830065359477124,4.0
666136,Sandwich Menu lille ( spar 15% ),211,34,4.9393939393939394,21.0
666154,Steak`n cheese Sandwich lille,187,83,2.1341463414634148,21.0
666163,Steak`n cheese Sandwich stor,157,80,2.189873417721519,17.0
666262,Thai Crunch lille,101,50,3.5714285714285716,18.0
666264,Thai Crunch stor,95,51,3.28,12.0
666271,Grøn som bare..... lille,163,38,4.351351351351352,12.0
666272,Grøn som bare..... stor,57,31,5.733333333333333,29.0
666276,Tunsandwich lille,53,20,7.842105263157895,29.0
666283,Mexican Chipotle Grill Sandwich lille,97,48,3.617021276595745,13.0
666284,Mexican Chipotle Grill Sandwich stor,68,40,3.8974358974358974,13.0
666295,Flæskestegs Sandwich lille,331,95,1.9042553191489362,6.0
666296,Flæskestegs Sandwich stor,260,95,1.9042553191489362,9.0
666300,Galvanina Økologisk Italiensk sodavand,119,70,2.608695652173913,12.0
666305,Dåse sodavand,162,80,2.1645569620253164,17.0
666366,El Jefe - chefen lille,58,40,4.410256410256411,20.0
666368,El Jefe - chefen stor,112,72,2.3943661971830985,10.0
666388,Smørrebrødsbakke,89,18,9.529411764705882,35.0
666604,Diverse Sandwich,2116,73,2.486111111111111,13.0
666614,Diverse drikkevarer,89,7,15.166666666666666,50.0
666617,Diverse bowls,96,7,22.333333333333332,36.0
666636,Gaffel,185,40,4.461538461538462,18.0
66674,"Ship full of IPA, Alcholfri",1,1,999.0,999.0
667208,0. Margherita,48,39,4.684210526315789,25.0
667210,Skinke,71,55,3.259259259259259,14.0
667211,Pepperoni,184,101,1.81,7.0
667214,Tacha,57,44,3.86046511627907,12.0
667216,Gravens,131,83,2.158536585365854,7.0
667217,Hawail,61,51,3.62,19.0
667222,Mafioza,59,47,3.8043478260869565,12.0
667226,Half & Half,55,44,3.9302325581395348,10.0
667231,Daniel,65,41,4.375,16.0
667232,Napoli,47,36,4.914285714285715,22.0
667233,Sicilia,79,60,3.0677966101694913,18.0
667236,Barivan,48,39,4.473684210526316,16.0
667239,Bo,46,38,4.837837837837838,22.0
667240,Borsa,97,60,2.983050847457627,14.0
667245,Mutti,36,31,5.9,23.0
667246,Hajne,38,32,5.645161290322581,18.0
667254,Teenager,57,42,4.317073170731708,10.0
667255,Botan,176,95,1.9042553191489362,8.0
667258,Sofie,47,40,4.641025641025641,24.0
667275,Durum Rulle,220,96,1.8526315789473684,8.0
667285,Cheesebruger,51,33,5.65625,17.0
667286,Dobbelt Cheesebruger,40,31,5.866666666666666,16.0
667289,Husets Burger,71,42,4.414634146341464,14.0
667291,Kebab/kyllinge mix,117,77,2.3421052631578947,8.0
667296,1/2 Kylling,94,57,3.125,12.0
667299,Kyllingnuggets,43,35,5.176470588235294,13.0
667302,A. Pommes Frites (Mellem),125,79,2.2948717948717947,13.0
667303,B. Pommes Frites (Stor),146,86,2.1294117647058823,8.0
667494,California Bowl lille,61,38,4.702702702702703,20.0
667549,Unspecified,180,77,2.3552631578947367,13.0
667762,Unspecified,295,79,2.2948717948717947,8.0
667930,Unspecified,4,4,35.333333333333336,70.0
668101,Unspecified,62,46,3.7777777777777777,13.0
669006,4 smørrebrød,1333,118,1.5384615384615385,13.0
66938,Rodfritter,1,1,999.0,999.0
671392,6 stk Miniruller,69,52,3.5098039215686274,19.0
672708,Unspecified,1529,176,1.0342857142857143,3.0
672914,Margherita,15,11,8.3,29.0
672915,Sicilia,17,15,10.928571428571429,62.0
672916,Vesuvio,3,3,21.0,28.0
672917,Hawaii,5,2,106.0,106.0
672918,Bertoni,5,5,38.25,112.0
672920,Firenze,2,2,23.0,23.0
672922,Salerno,2,2,9.0,9.0
672924,Verona,4,4,27.666666666666668,45.0
672925,Bapas,5,5,19.75,48.0
672926,Brescia,3,3,11.0,18.0
672927,Egtved pizza,10,8,15.714285714285714,59.0
672928,Gorgonzola,5,5,23.5,71.0
672931,Roma,6,5,27.0,45.0
672932,Luksus,3,3,32.0,56.0
672934,Husets special,6,6,15.6,31.0
672939,Vegetarpizza,3,3,23.0,28.0
672941,Mamas,4,4,37.333333333333336,65.0
672945,Vejle,4,4,6.333333333333333,10.0
672951,Salatpizza kebab,28,20,7.684210526315789,67.0
672954,Salatpizza kebab og skinke,3,3,24.5,34.0
672956,El Paso,3,2,1.0,1.0
672962,Halv indbagt,6,6,22.8,40.0
672977,Kebab rulle,13,6,21.6,42.0
672979,Luksus Rulle,6,2,9.0,9.0
672983,Cheese burger,6,2,55.0,55.0
672984,Bacon cheese,7,4,20.666666666666668,31.0
672990,Grillkylling,10,6,10.6,21.0
672996,Pommes,3,3,9.0,14.0
673120,Mellem øl,259,117,1.5517241379310345,5.0
673995,Unspecified,877,168,1.0838323353293413,3.0
674944,Margherita,23,18,5.411764705882353,15.0
674945,Vesuvio,39,28,4.222222222222222,18.0
674946,Pepperoni pizza,90,48,2.574468085106383,9.0
674948,Hawaii,40,30,4.0344827586206895,15.0
674950,Mary,19,16,8.266666666666667,21.0
674952,Egtved,48,34,3.8484848484848486,15.0
674953,Sorento,19,15,7.428571428571429,29.0
674954,Mamma Mia,32,23,5.0,21.0
674955,Napoli,23,21,5.9,15.0
674958,Amore,21,16,8.066666666666666,44.0
674961,Papa,70,46,2.8222222222222224,9.0
674962,Tortilla,24,18,7.647058823529412,22.0
674963,Riks,28,24,4.956521739130435,15.0
674971,Kebab,90,53,2.4615384615384617,7.0
674976,Egtved special,40,30,4.379310344827586,18.0
674992,Calzone spaghetti,33,25,4.916666666666667,15.0
674993,Calzone,16,16,8.333333333333334,18.0
674994,Calzone Italia,17,16,7.2,23.0
674999,Kyllingerulle,87,45,3.1136363636363638,10.0
675004,Pita Kebab,70,35,3.176470588235294,13.0
675014,Kebabmix,54,35,3.9411764705882355,24.0
675021,Pommes,103,57,2.767857142857143,21.0
675024,Bacon cheese burger,26,20,5.842105263157895,19.0
675041,Bambino,21,20,7.2105263157894735,46.0
675044,Kyllinge nuggets,19,18,8.235294117647058,24.0
675046,Mineralvand,26,17,8.5625,44.0
675103,Vesuvio,24,5,22.25,34.0
675127,Elias,30,1,999.0,999.0
677717,Hvidlog,279,111,1.6454545454545455,6.0
677720,Chili,172,89,2.034090909090909,6.0
678701,Dàse sodavand,57,41,4.275,34.0
679276,Vand,146,80,2.278481012658228,10.0
679279,Sodavand lille,420,149,1.2094594594594594,7.0
679281,Sodavand stor,141,91,2.0,9.0
679283,5 smørrebrød,168,91,1.9444444444444444,13.0
679344,Kaffe,404,104,1.7378640776699028,14.0
682623,Unspecified,68,19,7.055555555555555,19.0
684228,Lille sandwich,2,2,20.0,20.0
684309,Bolle,686,96,1.8421052631578947,17.0
684312,Bolle m. smør,7,7,23.5,35.0
684314,Bolle m. ost/skinke,28,18,9.058823529411764,33.0
684317,Chokoladebolle,887,100,1.7676767676767677,17.0
684328,Pizzasnegl,500,90,1.9662921348314606,17.0
684347,Pølsehorn,151,36,4.685714285714286,27.0
684353,Foccacia,1025,101,1.75,17.0
684372,Toast,1951,103,1.7156862745098038,17.0
684378,Burger,950,99,1.7857142857142858,17.0
684386,Panini,421,90,1.9662921348314606,17.0
684421,Frugt,7,4,20.666666666666668,32.0
684464,Salatbar / varmbuffet,1242,104,1.6990291262135921,17.0
684871,Ebi Fry (4 stk),10,9,17.5,45.0
684872,Forårsruller (4 stk),12,11,16.6,79.0
684875,Gyoza Dumplings (4 stk),10,7,25.333333333333332,72.0
684876,Tangsalat,10,10,14.88888888888889,59.0
684878,O-Shi Månedens Menu (42 stk),79,49,3.7083333333333335,27.0
684880,Maki Menu 2 (30 stk),5,5,30.5,40.0
684884,O-Shi Menu 2 (15 stk),8,8,20.285714285714285,73.0
684885,O-Shi Menu 3 (15 stk),19,17,10.5,42.0
684888,O-Shi Menu 6 (34 stk),7,6,31.2,62.0
684889,O-Shi Menu 7 (32 stk),7,7,22.333333333333332,42.0
684897,Laks Sashimi,5,4,56.0,107.0
684901,Kylling Stick (1 stk),6,3,7.5,9.0
684902,Tigerreje Stick (1 stk),10,3,71.5,98.0
684905,Nigiri Laks (1 stk),10,3,70.0,120.0
684907,Nigiri (1 stk),8,1,999.0,999.0
684910,Nigiri Reje (1 stk),8,2,20.0,20.0
684943,Snow Ball Uramaki (8 Skiver),8,7,19.833333333333332,28.0
684946,Caterpillar Toppede Uramaki (8 Skiver),8,8,21.0,49.0
684947,Red Dragon Roll Toppede Uramaki (8 Skiver),7,7,24.5,77.0
684948,Tempura RollToppede Uramaki (8 Skiver),9,9,18.375,43.0
684949,Hells Kitchen Toppede Uramaki (8 Skiver),14,7,24.5,77.0
684967,Chillimayo (Sauce Tilbehør),6,4,35.666666666666664,46.0
684973,Soda Ramune (Japansk Sodavand),5,4,46.333333333333336,61.0
684986,Man.-tor. kl.16-21,201,60,2.983050847457627,8.0
685012,Fre.-søn.,193,51,3.62,13.0
685985,Juicebrik,27,17,7.0,25.0
686019,Kop kaffe/the/kakao,56,29,5.821428571428571,26.0
686257,Unspecified,175,41,4.3,22.0
686356,Vand / lille sodavand 25cl,209,82,2.123456790123457,17.0
686367,Vand m. brus / dåsesodavand 33cl,71,35,4.9411764705882355,26.0
686383,Harboe sodavand / ice tea / hyldeblomst,8,6,12.4,28.0
686400,"0,5L sodavand / cocio / drikkeyoghurt",29,19,8.055555555555555,43.0
686409,Redbull,50,27,6.346153846153846,35.0
686422,"0,5L Energidrik",58,25,6.166666666666667,36.0
686437,Iskaffe,1,1,999.0,999.0
686442,Kaffekort (10 kopper),1,1,999.0,999.0
686463,Kage / croissant,1,1,999.0,999.0
689412,Stor Øl,130,58,3.0701754385964914,17.0
690023,Ekstra Tilbehør,156,80,2.1139240506329116,11.0
692649,T151 Oban,32,30,6.206896551724138,25.0
692650,T152 Fukong,77,56,3.2,9.0
692666,T153 Nagano maki,205,108,1.6822429906542056,8.0
692670,T154 Nikko,134,85,2.142857142857143,8.0
692678,T158 Osaka,38,29,5.785714285714286,25.0
692679,T159 Lille Party,55,39,4.552631578947368,15.0
693329,Te (50),191,104,1.7572815533980584,8.0
693331,Te (100g)48,404,119,1.5338983050847457,6.0
693336,Te (100g) (40),266,91,1.8222222222222222,9.0
693337,Te(100g 44),580,136,1.3185185185185184,6.0
693338,Te (100g) (45),399,130,1.4031007751937985,4.0
693339,Te (100g) (49),144,70,2.536231884057971,9.0
693340,Te (100g) (50),601,161,1.13125,3.0
693341,Te (100g) (55),279,115,1.587719298245614,6.0
693349,Te (250g)110,196,84,2.1686746987951806,10.0
693413,Krydderie (10),450,138,1.3211678832116789,5.0
693418,Krydderie (20),285,122,1.4958677685950412,6.0
693421,Krydderie (25),157,85,2.142857142857143,12.0
693423,Krydderie (30),370,128,1.4251968503937007,6.0
693433,Diverse (29),139,63,2.8870967741935485,15.0
693435,Diverse (10),165,61,2.933333333333333,12.0
693439,Diverse (20),397,104,1.7475728155339805,7.0
693441,Diverse (25),151,63,2.7096774193548385,17.0
693443,Diverse (30),238,82,2.185185185185185,14.0
693446,Diverse (39),166,77,2.3552631578947367,12.0
693448,Diverse (45),152,81,2.2,12.0
693454,Diverse (69),138,64,2.7777777777777777,35.0
693594,Kage & Chokolade (18),165,68,2.5671641791044775,27.0
693595,Te(100g60),135,83,2.1951219512195124,14.0
693597,Kage & Chokolade (25),152,71,2.585714285714286,12.0
693601,Kage & Chokolade (45),377,150,1.2080536912751678,3.0
693637,Soja & Paste (40),329,131,1.3923076923076922,4.0
694016,Kapri Pris,282,117,1.4655172413793103,4.0
694776,Unspecified,85,68,2.582089552238806,13.0
694983,Margarita,77,59,3.0517241379310347,10.0
694984,Pepperoni,201,103,1.7745098039215685,6.0
694985,Skinke,73,54,3.4150943396226414,14.0
694987,Hawaii,86,65,2.71875,8.0
694988,Pizza Tropical,46,33,5.59375,28.0
694989,Pizza Pommes,54,42,4.2682926829268295,13.0
694990,Mamma Mia,213,104,1.7572815533980584,6.0
694991,Husets Pizza,46,37,4.638888888888889,18.0
694992,Mexicaneren,67,49,3.6875,11.0
694996,Dream,67,52,3.4901960784313726,13.0
694997,Batman,70,47,3.9347826086956523,23.0
695003,Byg-Selv,55,47,3.8260869565217392,14.0
695005,Bacon Special,42,31,5.666666666666667,29.0
695006,Italia,53,38,4.675675675675675,22.0
695007,Djursland,78,52,3.549019607843137,10.0
695009,Milano,49,38,4.702702702702703,26.0
695010,Kødelsker,142,86,2.0352941176470587,10.0
695023,Hvidløg i bæger,71,43,4.095238095238095,14.0
695025,Rullekebab med Kebab,194,94,1.946236559139785,10.0
695032,Pommes Frites Stor,369,129,1.40625,5.0
695033,½ Grillkylling,148,80,2.2911392405063293,8.0
695037,Kebabmix,62,48,3.851063829787234,17.0
695041,Plankebøf (Hjemmelavet Bøf),64,39,4.7631578947368425,14.0
695044,Thorsager burger,44,31,5.7,23.0
695047,Cheese Burger,70,39,4.605263157894737,13.0
695049,Bacon-cheese Burger,98,65,2.796875,15.0
695058,"0,33 Liter Sodavand",66,30,6.0,23.0
695468,Ukraino /sort kaffe,454,88,2.0689655172413794,14.0
695471,Flat White,100,54,3.2452830188679247,21.0
695472,Cappuccino,339,87,2.0930232558139537,14.0
695473,Latte,312,82,2.2222222222222223,14.0
695474,Latte Macchiato,54,31,5.566666666666666,15.0
695475,Iced Latte,52,35,5.117647058823529,16.0
695480,Te,260,82,2.2098765432098766,14.0
695481,Kakao,301,78,2.3376623376623376,15.0
695482,Chai Latte,125,62,2.9344262295081966,14.0
695483,Golden Latte,170,69,2.6470588235294117,15.0
695485,Isvand,85,42,4.390243902439025,27.0
695489,Saft/Sodavand,173,63,2.870967741935484,14.0
695493,Sandwich veggie,47,37,4.694444444444445,23.0
695494,Sandwich laks/falafel/frikadelle,339,83,2.1951219512195124,14.0
695496,Salat (139),50,27,6.923076923076923,20.0
695497,Brunch,75,33,5.4375,17.0
695498,Bolle med smoer,125,61,3.0,15.0
695499,Bolle med ost/marmelade,395,89,2.0454545454545454,14.0
695500,Kage,560,85,2.142857142857143,14.0
695501,Pandekager,86,42,4.2682926829268295,21.0
696185,1 kylling,1152,169,1.0773809523809523,4.0
696229,1/2 kylling,395,147,1.2397260273972603,5.0
696428,Fritter  med dyp,1148,166,1.096969696969697,4.0
696481,Pommesfrites,211,95,1.925531914893617,7.0
696518,Coleslow,303,124,1.4634146341463414,6.0
696553,Dyp,166,68,2.6417910447761193,18.0
696584,Agurkesalat,210,96,1.8842105263157896,6.0
696743,Familiemenu,121,78,2.2857142857142856,10.0
696983,1/2 kylling &fritter,1078,168,1.0778443113772456,4.0
697135,Poser,74,37,4.972222222222222,28.0
69792,Potato kale pesto,17,2,13.0,13.0
698702,Unspecified,2117,177,1.0284090909090908,4.0
699534,Hj. pita kebab + dåse,140,67,1.8181818181818181,7.0
699908,Div,182,86,1.8823529411764706,6.0
699918,Div,485,124,1.3008130081300813,4.0
699925,Div,232,100,1.5858585858585859,5.0
699928,Div,136,67,2.303030303030303,14.0
699972,Hj. durum kebab,563,113,1.0714285714285714,4.0
699980,Hj. durum kylling,168,78,1.5584415584415585,7.0
699986,Hj. durum mix,92,62,1.9672131147540983,8.0
700051,Hj. durum kebab + dåse,388,105,1.1442307692307692,3.0
702136,Svinekam som vildt,19,1,999.0,999.0
702150,Gammeldags oksesteg,11,1,999.0,999.0
702169,Kalvesteg som vildt,121,10,17.88888888888889,79.0
708130,Pose,136,80,2.2911392405063293,10.0
708162,Pose,152,91,2.011111111111111,10.0
708171,Pose,599,160,1.1383647798742138,4.0
708176,Pose,439,149,1.222972972972973,5.0
711431,Winston,197,77,1.8026315789473684,10.0
712119,Cocio,51,35,4.9411764705882355,22.0
712126,Vand 1/2l,623,125,1.2741935483870968,5.0
712130,Coca cola 1 1/2l,138,85,1.869047619047619,4.0
712254,Tuborg grøn,84,33,5.625,21.0
712343,Haribo,108,64,2.857142857142857,21.0
716632,Alm Øl (Fra kl12-16),4934,182,1.0,1.0
716633,Alm Øl (Fra kl16-24),5806,147,1.2397260273972603,8.0
716634,Lux Øl (Fra kl12-16),204,69,2.0,13.0
716635,Lux Øl (Fra kl16-24),615,114,1.5486725663716814,8.0
716636,Breezer (Hel Dag),6,6,20.2,38.0
716637,Somersby (Hel Dag),7,5,25.25,49.0
716638,IPA (Hel Dag),49,25,7.458333333333333,29.0
716639,Glas Vin (Hel Dag),8,7,12.166666666666666,26.0
716641,Black Coffee (Hel Dag),49,21,7.15,39.0
716642,Sodavand (Hel Dag),797,156,1.167741935483871,5.0
716643,Kildevand (Hel Dag),83,37,4.861111111111111,36.0
716644,Danskevand (Hel Dag),2,1,999.0,999.0
716645,Saft (Hel Dag),3,3,26.5,47.0
716646,Juice (Hel Dag),26,22,7.238095238095238,35.0
716647,Cocio (Hel Dag),11,8,15.857142857142858,35.0
716648,Redbull (Hel Dag),6,3,7.0,13.0
716649,Ginger Beer (Hel Dag),1,1,999.0,999.0
716655,Irish Coffee (Hel Dag),47,15,3.0,6.0
716658,Extra Shot (Hel Dag),76,20,5.052631578947368,13.0
716659,Underberg (Hel Dag),1,1,999.0,999.0
716661,Cigarretter (Hel Dag),6,4,33.666666666666664,98.0
716662,Snack (Hel Dag),60,31,4.666666666666667,19.0
716663,Små Shot (Hel Dag),103,33,4.15625,14.0
716665,Alm Spiritus 2cl (Hel Dag),535,91,1.5555555555555556,5.0
716666,Lux Spiritus 2cl (Hel Dag),33,18,7.352941176470588,37.0
716667,Alm Spiritus 4cl (Hel Dag),232,49,2.7291666666666665,8.0
716668,Lux Spiritus 4 cl (Hel Dag),1,1,999.0,999.0
716672,Fl lux Spiritus (Hel Dag),1,1,999.0,999.0
716675,Skole sandwich,828,76,2.3333333333333335,18.0
716676,Skole pasta,37,26,7.0,41.0
716677,Kaffe latte,13,9,18.375,36.0
716678,Americano,37,28,6.074074074074074,32.0
716679,Cappuccino,24,11,17.0,34.0
716680,Espresso,40,18,8.117647058823529,22.0
716681,Sodavand,57,29,5.5,30.0
716682,Sandwich,1085,87,2.0348837209302326,17.0
716683,Dagens varme ret,2,2,70.0,70.0
716684,Fredags tapas,45,9,16.375,76.0
716744,Margherita,47,35,4.9411764705882355,16.0
716745,Moro,166,101,1.81,6.0
716748,Vesuvio,67,49,3.625,15.0
716749,Venezia,30,27,6.269230769230769,22.0
716750,Amerikaner,50,42,4.121951219512195,13.0
716752,Capricciosa,57,45,3.977272727272727,14.0
716753,Husets,158,96,1.9052631578947368,9.0
716757,Pizza Kebab,102,64,2.8095238095238093,12.0
716758,Gorgonzola,30,26,6.72,20.0
716766,Maffioza,38,33,5.03125,22.0
716768,Montanara,55,44,4.093023255813954,12.0
716769,Bella Donna,61,43,4.142857142857143,13.0
716776,Din Egen Pizza,93,47,3.9347826086956523,17.0
716779,Ufo (dobbelt Indbagt),33,28,5.962962962962963,36.0
716784,Maradona,39,31,5.666666666666667,35.0
716794,Berdan,37,27,6.1923076923076925,21.0
716795,Mickey-pizza,39,30,6.068965517241379,19.0
716800,Pita-Kebab,57,42,4.048780487804878,16.0
716816,1/2 Kylling,168,87,2.046511627906977,6.0
716820,Durum,41,34,4.909090909090909,28.0
716822,Dobbeltburger,35,23,7.818181818181818,33.0
716823,Baconburger,31,25,7.0,20.0
716824,Bigburger,60,43,4.309523809523809,11.0
716825,Cheeseburger,67,49,3.6458333333333335,14.0
716827,Pommes Frites (Lille),130,92,1.901098901098901,6.0
716828,Pommes Frites (Stor),236,121,1.5083333333333333,5.0
716830,1/4 Liter,136,94,1.89247311827957,5.0
716845,Fodpleje uden håndklæde,141,90,1.9662921348314606,9.0
716846,Negleklip uden hånklæde,61,45,3.909090909090909,25.0
716847,Salg af Fodpleje Produkter,25,20,7.7368421052631575,25.0
716848,Ansigts Behandling,13,12,13.272727272727273,53.0
716849,"Ret , Farve Vip og Bryn",19,19,9.38888888888889,20.0
716850,"Salg af Make up, Creme og Neglelak",17,17,10.0625,43.0
716851,Gavekort,9,7,8.833333333333334,16.0
716852,Landbrugs Lotteri,92,31,6.0,35.0
716853,Renseri,67,43,4.023809523809524,23.0
716854,Reisenthel,8,8,11.0,37.0
716855,Festival Sokker og Strømpebukser,96,58,3.017543859649123,8.0
716856,Baby Ting,5,4,37.333333333333336,92.0
716857,Tim & Simonsen,60,30,5.724137931034483,25.0
716859,Garn & Sy Tilberhør,499,94,1.8494623655913978,7.0
716860,Zhenzi Tøj,127,63,2.8870967741935485,8.0
716861,Zoey Tøj,24,23,7.5,24.0
716862,Wasabi Tøj,211,89,1.9659090909090908,6.0
716890,1 Pølse med Brød,14,7,6.833333333333333,16.0
716891,Fransk Hotdog,57,14,3.3076923076923075,13.0
716893,Pølsemix,16,11,5.6,14.0
716894,Pommesfrites,29,15,4.928571428571429,12.0
716895,Toast,26,13,5.916666666666667,15.0
716896,1 Flaske øl,50,17,4.0625,10.0
716899,1 Kildevand,11,8,8.428571428571429,17.0
716900,1/1 l Vand,136,40,1.8717948717948718,9.0
716901,1 Kop Kaffe,149,36,2.142857142857143,6.0
716902,1 Kande Kaffe,3,1,999.0,999.0
716934,Blomster,69,14,8.076923076923077,36.0
716939,Øl (23),4145,138,1.3211678832116789,3.0
716940,Ølv(25),4255,106,1.7333333333333334,6.0
716941,Vand,468,91,2.011111111111111,10.0
716943,D.B (70),410,54,3.4339622641509435,13.0
716944,D.B (60),587,72,2.563380281690141,10.0
716946,Bitter (25),781,80,2.2911392405063293,7.0
716947,Shot (150),31,22,8.095238095238095,28.0
716948,Shot (200),23,17,10.0,21.0
716949,Shots (20),288,45,3.9545454545454546,21.0
716950,RTD (40),366,76,2.4133333333333336,8.0
716951,RTD (100),251,60,3.0847457627118646,13.0
716952,Rog,233,86,2.1294117647058823,7.0
716953,Chips (25),15,11,17.2,29.0
716954,Chips (10),25,13,14.0,36.0
716955,Flasker 500,24,18,10.588235294117647,35.0
716956,Flasker (650),7,7,23.5,55.0
716957,Flasker,23,19,8.38888888888889,25.0
716958,Energi,72,25,6.958333333333333,22.0
716959,Div,242,73,2.513888888888889,8.0
717372,Almindelig rød pølse,541,148,1.2244897959183674,6.0
717373,Ristet pølse,1442,171,1.0588235294117647,6.0
717374,Knækpølse,289,123,1.4426229508196722,6.0
717376,Frankfurter,564,159,1.139240506329114,6.0
717377,Medister,468,159,1.139240506329114,6.0
717378,Ristet med Svøb,704,160,1.1320754716981132,6.0
717379,Frankfurter med Svøb,384,143,1.267605633802817,7.0
717380,Chili frankfurter,329,148,1.2040816326530612,8.0
717392,Cheese Burger,447,152,1.1920529801324504,6.0
717396,Cheese Bacon Burger,763,166,1.0909090909090908,6.0
717398,Bo's Burger,326,124,1.4471544715447155,7.0
717410,Lille Pommes Frites,975,165,1.0975609756097562,6.0
717411,Stor Pommes Frites,683,160,1.1320754716981132,6.0
717412,Pølsemix,306,129,1.3828125,6.0
717413,Mørbradmix,577,154,1.1699346405228759,6.0
717416,Dyppelse,1568,167,1.0843373493975903,6.0
717417,Pariser Toast,362,144,1.2587412587412588,6.0
717424,Kylling/Bacon,559,141,1.2714285714285714,6.0
718523,Tangsalat,42,29,6.071428571428571,20.0
718545,Crispy Ebi (2 stk),35,17,9.25,32.0
718620,Spicy Sauce,23,11,17.5,62.0
728439,Gavekort,1,1,999.0,999.0
728441,EKSTRA TILBEHØR,231,106,1.723809523809524,10.0
739556,Tilbud Oct-Nov-Dec-Jan - Selv Henter,346,11,6.7,30.0
739562,Extra Tilbud - Selv Henter,64,3,1.0,1.0
739563,Festbuffet 1 (Afhentning),23,2,15.0,15.0
739564,Festbuffet 2 (Afhentning),35,3,10.0,14.0
739567,Festbuffet 6 (Afhentning),27,2,22.0,22.0
739569,Anretning 2 (Selv Henter),40,2,14.0,14.0
739573,Flutes (Pr. Pers),111,5,8.75,21.0
739872,A4 Heung Sai Gau (4 Stk),1,1,999.0,999.0
739878,B1 Lo Mai Gai,1,1,999.0,999.0
739886,A17 Sin Har Cheung Fun,1,1,999.0,999.0
739889,A20 Gai Dan Cheung Fun,1,1,999.0,999.0
739892,A23 Gao Zi (6 Stk),1,1,999.0,999.0
739896,A27 Spring Rolle Med Svinekød  (4 Stk),1,1,999.0,999.0
739939,Sashimi Mix (12 Stk),1,1,999.0,999.0
739946,Laks Roll  (8 Stk),1,1,999.0,999.0
739965,Sunshine (8 Stk),1,1,999.0,999.0
739978,Agurk (6stk),1,1,999.0,999.0
739980,Avokado (6stk),1,1,999.0,999.0
739981,Laks (6stk),2,1,999.0,999.0
740006,Signal Menu (17 Stk),2,2,155.0,155.0
740014,Triple Menu (56 Stk),1,1,999.0,999.0
740034,Cola,1,1,999.0,999.0
740035,Cola Zero,1,1,999.0,999.0
740037,Fanta,1,1,999.0,999.0
740041,Postvand Per.pers.,10,3,49.5,95.0
740053,Sapporo,1,1,999.0,999.0
741922,Ølkort,1195,144,1.2657342657342658,5.0
748958,Pose,237,123,1.4754098360655739,5.0
751341,Pose,282,133,1.3636363636363635,15.0
751578,Filter Kaffe,192,68,2.6865671641791047,25.0
751581,Varm Cacao,117,52,3.5294117647058822,27.0
751586,Hvidvin Glas,30,15,11.285714285714286,35.0
751588,Kylling & Bacon,46,26,6.56,28.0
751589,Tunsalat Sandwich,30,21,7.7,33.0
751598,Cafeburger (Oksekød),112,44,4.0,30.0
751704,Øl Alm,14389,181,1.0055555555555555,2.0
751705,Øl Luxuz,679,141,1.2857142857142858,5.0
751706,Lagerøl,11,2,47.0,47.0
751707,Thy Porter,43,23,7.818181818181818,28.0
751708,Sodavand,1324,161,1.125,3.0
751709,Solita / Cocio,94,64,2.7936507936507935,16.0
751710,Bitter Alm. 2 cl,1469,145,1.25,5.0
751711,Bitter Dyr 2 cl,491,88,2.057471264367816,8.0
751712,Irsk Kaffe 3 cl,322,87,2.0930232558139537,8.0
751713,"Gin, Vodka",571,71,2.5714285714285716,8.0
751714,"Rom, Whisky",508,77,2.3684210526315788,7.0
751715,Likør,448,79,2.3076923076923075,12.0
751716,Cognac Alm. 2. Cl,12,2,70.0,70.0
751718,Cognac Vsop 2 cl,87,23,8.181818181818182,38.0
751719,Portvin / Martini 3 cl,110,19,8.722222222222221,33.0
751720,1/1 Flaske Alm. Spirits,14,11,15.5,43.0
751721,Grimbergen,292,89,2.0454545454545454,7.0
751722,Kronenbourg 1664,108,41,4.5,18.0
751723,Gambrinus,85,39,4.421052631578948,22.0
751725,Breezer,76,30,6.172413793103448,26.0
751726,Red Bull,32,17,10.0625,34.0
752036,Grønlang kål,59,5,14.0,21.0
752080,Gule ærter,88,6,27.4,80.0
752717,Wiener schnitzel,57,5,28.0,42.0
754935,Unspecified,10596,182,1.0,1.0
756697,Cola M,128,58,3.0350877192982457,10.0
756724,Cola zero M,67,45,3.909090909090909,12.0
756750,Faxe kondi M,40,36,5.0285714285714285,19.0
757610,Unspecified,9618,180,1.011173184357542,3.0
758686,5 x Aragostine / cannoli,165,66,2.6923076923076925,19.0
762220,Cigaretter,159,87,2.0930232558139537,9.0
762315,Chips,54,38,4.8108108108108105,23.0
762322,Flæskesvær,102,69,2.6470588235294117,14.0
762330,Æblekage,43,14,12.692307692307692,25.0
762356,Filur,301,70,2.5652173913043477,8.0
762361,Ævle ævle,48,19,9.11111111111111,27.0
763735,Mix,99,70,2.550724637681159,9.0
763740,Mix,509,137,1.3308823529411764,5.0
763826,Mix,464,122,1.487603305785124,4.0
763828,Mix,966,144,1.2657342657342658,4.0
763829,Mix,160,88,2.0689655172413794,9.0
763903,Mix,1582,148,1.2312925170068028,3.0
763907,Mix,1495,147,1.2328767123287672,4.0
763911,Mix,30,28,6.111111111111111,22.0
763912,Mix,1613,149,1.222972972972973,3.0
764236,Øl,2026,87,2.104651162790698,7.0
764237,Fyraftens Øl 16-18,118,26,3.96,14.0
764238,Øl Efter Kl 22,4008,104,1.7378640776699028,6.0
764240,Ølkort,274,71,2.585714285714286,8.0
764243,Sodavand,307,97,1.84375,6.0
764244,Redbull,89,37,4.805555555555555,22.0
764246,1 stk RTD,480,86,2.1176470588235294,7.0
764247,4 stk RTD,305,73,2.4583333333333335,7.0
764249,Enkelt Drink,413,69,2.588235294117647,8.0
764250,Dobbelt Drink,1560,107,1.7075471698113207,6.0
764251,Tribbelt Drink,21,13,14.0,48.0
764252,Spand Drink,30,15,11.571428571428571,37.0
764253,Long Island,22,11,11.2,43.0
764254,Små Shots,336,62,2.9672131147540983,12.0
764255,Andre Shots,595,75,2.445945945945946,7.0
764256,Meter Shots,159,54,3.4150943396226414,13.0
764257,"Kinderæg, jordbær eller æblekage shot",284,67,2.6666666666666665,12.0
764258,Jagerbombs,77,10,18.88888888888889,45.0
764259,Irish Coffee,47,17,9.8125,27.0
764260,Hel Flaske Cuba med Sodavand eller 6x RedBull,20,14,9.615384615384615,36.0
769426,Vin,169,78,2.3376623376623376,13.0
769636,Cola dåse 33cl,82,43,4.309523809523809,33.0
769697,Red Bull,119,65,2.828125,23.0
769752,Frem blå,96,40,3.948717948717949,13.0
769792,Wibroe årgang dåse 50cl,199,72,2.5492957746478875,28.0
769859,Tuborg dåse 33cl,315,99,1.846938775510204,21.0
769986,Blå Gajol 10cl,90,38,4.864864864864865,23.0
770154,Smoking paper,134,66,2.7846153846153845,23.0
770180,Tokai lighter,116,59,3.1206896551724137,21.0
770235,Unspecified,58,6,10.2,43.0
770253,Rød Viking 100,285,118,1.3675213675213675,5.0
770261,Rød skjold 100,122,67,2.378787878787879,12.0
770279,Winston rød,192,92,1.989010989010989,23.0
770292,Prince original soft,182,98,1.865979381443299,21.0
770296,Prince rød soft,160,82,1.9506172839506173,10.0
770305,Camel blue soft,81,41,3.65,24.0
770311,Camel blue,219,89,1.6704545454545454,12.0
770384,Velo Ice,116,70,2.608695652173913,27.0
771218,Øl alle Typer,2,1,999.0,999.0
771224,Øl Kort,650,132,1.381679389312977,4.0
771231,Spiritus 4 cl.,208,39,4.7631578947368425,12.0
771240,Spiritus Hel Flaske,6,4,18.333333333333332,30.0
773394,Frokost pizza,491,126,1.44,6.0
781079,Latte,798,165,1.103658536585366,4.0
781080,Capp,432,151,1.2066666666666668,4.0
781083,Americano,461,152,1.1986754966887416,4.0
781085,Varm Choko,370,133,1.371212121212121,5.0
781090,Chai,182,107,1.6981132075471699,5.0
781093,Juice (50),2624,178,1.0225988700564972,4.0
781094,Juice (55),4192,178,1.0225988700564972,4.0
781095,Shakes,5750,178,1.0225988700564972,4.0
781097,Matchasmoo,152,88,2.057471264367816,8.0
781099,De'lux,206,94,1.924731182795699,10.0
781101,Soda,508,148,1.2244897959183674,4.0
781102,Kilde,125,68,2.6865671641791047,11.0
781104,Brunchtall,231,95,1.8617021276595744,7.0
781105,Frokosttall,134,69,2.5294117647058822,10.0
781106,BMO,177,88,2.045977011494253,7.0
781110,Lux Toast,252,112,1.6306306306306306,6.0
781111,Panini (70),2365,178,1.0225988700564972,4.0
781112,Panini (75),1134,171,1.0647058823529412,4.0
781113,Salat,434,141,1.2785714285714285,4.0
781114,Suppe,131,69,2.6029411764705883,10.0
781115,Keto,410,134,1.3609022556390977,6.0
781116,Nachos med,965,167,1.0903614457831325,4.0
781119,Nachos uden,375,139,1.3043478260869565,5.0
781120,Bagel med Cr,132,81,2.1375,9.0
781121,Wrap,161,90,2.0112359550561796,7.0
781126,Pølsehorn,220,108,1.6728971962616823,7.0
781128,Kage,156,69,2.6470588235294117,13.0
781129,Cookies,434,137,1.3161764705882353,4.0
786324,Hj. Durum kebab menu,189,82,1.4814814814814814,7.0
786564,3 personer,8,4,51.333333333333336,63.0
787456,Lille pommes frites,115,72,1.647887323943662,8.0
787463,Mellem pommes frites,124,67,1.8181818181818181,6.0
787482,Stor pommes frites,199,87,1.3953488372093024,5.0
788065,Pommerfrite,394,26,5.88,21.0
788070,Pølser Mix,97,7,9.166666666666666,46.0
788078,Frankhotdog,199,7,9.166666666666666,46.0
788081,Riste Pølser med Brød,1,1,999.0,999.0
788083,Øl,227,29,6.214285714285714,21.0
788094,Sodavand,585,43,4.142857142857143,21.0
788108,Vand,162,32,5.419354838709677,29.0
788113,Kaffe/ Te (kop),152,21,8.4,35.0
788121,Kaffe (kande),41,17,9.625,32.0
788130,Chip (Dåse),109,19,8.555555555555555,28.0
788150,Chip (Pose),2,1,999.0,999.0
788166,Slikposer,62,8,11.714285714285714,42.0
788171,Muslibar,63,8,9.714285714285714,49.0
788182,Tyggegummi,55,11,11.9,70.0
788382,Farve variabel pris,6,6,23.0,54.0
789218,Unspecified,1089,170,1.0710059171597632,3.0
791967,Slice,171,68,2.4776119402985075,8.0
792042,Slice med dressing,188,77,2.3815789473684212,8.0
792096,Frokost Pizzas,967,162,1.124223602484472,4.0
799847,0. Dansk Pizza,17,15,4.357142857142857,12.0
799850,Capricciosa,23,11,5.7,15.0
799852,Mamma Mia,10,9,7.625,19.0
799853,Italiana,14,12,5.363636363636363,14.0
799854,Hawaii,16,16,3.6,11.0
799855,Pepperoni,81,38,1.7837837837837838,6.0
799857,Della Casa,6,6,9.2,24.0
799859,Texas,20,17,4.0,12.0
799860,Margarita,30,22,3.1904761904761907,11.0
799865,Husets Specialitet,19,15,4.285714285714286,14.0
799866,Sicilia,7,6,11.8,18.0
799867,Matador,6,6,13.6,37.0
799868,Nick's Pizza,10,8,6.857142857142857,10.0
799869,Silkeborg Pizza,13,13,4.916666666666667,11.0
799873,Carlito,6,6,10.6,20.0
799874,Lux,10,8,6.571428571428571,12.0
799880,Kombinere Selv Din Pizza,12,9,4.625,16.0
799881,Sejs Pizza,81,39,1.736842105263158,6.0
799883,Pizza Rema,9,7,9.0,27.0
799884,Byens Pizza,7,7,7.5,17.0
799885,Daglig Pizza,8,7,8.666666666666666,29.0
799889,Rucola Special,7,7,8.0,13.0
799908,Mexicana,8,6,8.2,20.0
799952,Lille Pommes Frites,7,6,8.6,20.0
799953,Stor Pommes Frites,41,23,3.0,11.0
799965,Durum Med Kebab,45,28,2.4074074074074074,8.0
799966,Durum Med Kylling,9,6,5.4,8.0
799969,Pita Med Kebab,15,10,5.333333333333333,17.0
799982,"1,5L Sodavand",7,7,8.0,19.0
80160,Weekend Brunch,1,1,999.0,999.0
802379,Mayonnaise,218,96,1.263157894736842,3.0
804312,Fest arg,11,9,15.375,70.0
805149,Pose,273,132,1.3740458015267176,6.0
805808,Unspecified,1168,100,1.0101010101010102,2.0
806453,Lille flæskesteg,2674,173,1.0465116279069768,6.0
807120,Stor bøfsandwich,557,159,1.139240506329114,6.0
807905,Grillrt pølse 200g,51,36,5.142857142857143,30.0
808326,St pom,216,43,2.3095238095238093,18.0
808518,St pølsemix,133,39,2.5526315789473686,18.0
808954,Mozzarella Og Basilikum,373,145,1.2569444444444444,5.0
808956,Skinke Og Champignon,227,123,1.4836065573770492,6.0
808957,Skinke Og Ananas,161,104,1.7572815533980584,6.0
808958,Pepperoni,781,170,1.0650887573964498,3.0
808959,Skinke Og Pepperoni,136,86,2.0588235294117645,6.0
808960,"Skinke, Pepperoni, Oliven Chili Og Hvidløg",178,98,1.8556701030927836,7.0
808962,Pepperoni Og Bacon,174,103,1.7647058823529411,6.0
808963,Kødsauce Og Løg,161,108,1.6635514018691588,6.0
808964,Salat pizza med Shawarma,616,158,1.1464968152866242,4.0
808966,"Shawarma, Kylling, Pepperoni, Bearnaise Dressing Og Chili",336,141,1.2857142857142858,5.0
808967,"Shawarma, Kylling, Paprika, Jalapenos. Chili Og Hvidløg",171,104,1.7572815533980584,8.0
808974,Lufttørret Skinke,173,95,1.925531914893617,10.0
808979,"Kartofler, Kylling, Rosmarin Og Pesto",169,108,1.691588785046729,7.0
808983,"Kartofler, Bacon Og Rosmarin",217,119,1.5169491525423728,5.0
808987,"Champignon, Blandet Svampe Og Trøffelsauce",145,88,2.0114942528735633,7.0
808995,Kylling Sandwich,789,175,1.0402298850574712,3.0
808996,Shawarma Sandwich,383,139,1.3115942028985508,5.0
808997,Kylling og Bacon Sandwich,682,168,1.0838323353293413,3.0
809001,Kødstrimler Sandwich,386,143,1.267605633802817,4.0
809007,Carbonara,136,90,2.0,6.0
809009,Penne Al Filetto,211,115,1.5789473684210527,5.0
809011,Lasagne,141,94,1.946236559139785,6.0
809018,Durum med Shawarma,311,124,1.4715447154471544,7.0
809022,"Sodavand 0,33 L",682,170,1.0710059171597632,3.0
809023,"Italiensk sodavand 0,33 L",160,90,2.033707865168539,9.0
809636,Nyt Vinyl,297,115,1.5789473684210527,4.0
809672,Gram Mm,210,91,1.988888888888889,6.0
809745,Poser,822,149,1.2162162162162162,4.0
809764,Tuborg 6pack,285,99,1.6122448979591837,8.0
810057,Unspecified,150,66,2.753846153846154,14.0
810483,Søndags Shots,253,25,7.291666666666667,14.0
812928,Energidrik,18,6,21.2,34.0
813091,Chips,17,10,17.333333333333332,57.0
813113,Underberg,91,23,5.409090909090909,14.0
813233,Drink,49,15,10.571428571428571,30.0
813250,Dobbelt Drink,142,34,5.333333333333333,14.0
817578,Guld Øl,3,2,94.0,94.0
817617,Stor Fadølskort,30,30,6.206896551724138,16.0
821332,Boost,5,5,22.0,43.0
821773,Mommy tallerken,561,114,1.584070796460177,8.0
821859,Romkugle,533,132,1.3740458015267176,6.0
821860,Dadelkugle,422,131,1.3846153846153846,6.0
821863,Cookie,893,144,1.2587412587412588,6.0
821938,Appelsin juice,542,132,1.3740458015267176,6.0
822600,St vand,816,44,2.255813953488372,18.0
822616,Lille vand,247,44,2.255813953488372,18.0
822738,Stor sodavand,2940,175,1.0344827586206897,6.0
822767,Øl,18667,181,1.0055555555555555,2.0
822768,"Fadøl 0,50",398,100,1.8181818181818181,6.0
822769,Øl kort,2182,182,1.0,1.0
822770,Spiritus,2856,141,1.292857142857143,5.0
822771,Shot,1135,99,1.846938775510204,6.0
822772,Galliano Shot,129,19,10.055555555555555,48.0
822773,Kaffe Shot,234,80,2.2658227848101267,8.0
822774,Irish Coffee,412,62,2.8852459016393444,8.0
822775,Mokai / Ice / Breezer,438,110,1.6605504587155964,8.0
822776,Redbull,197,68,2.626865671641791,15.0
822777,Sodavand,1608,143,1.2746478873239437,4.0
822778,Kaffe,108,47,3.6956521739130435,16.0
822779,Kildevand,109,48,3.74468085106383,14.0
822780,Rød og Hvidvin 1/1 fl,22,16,11.266666666666667,34.0
822781,Rød og Hvidvin 1. Glas,46,26,6.68,22.0
822782,1/1 Fl. Spiritus med 5 Vand,59,28,6.703703703703703,21.0
822784,Underberg,172,44,4.0,15.0
822785,Cigarette,267,118,1.547008547008547,6.0
822786,Lighter,30,17,10.875,30.0
822787,Flæskesvær,69,45,4.0,14.0
822788,Chips,57,34,5.454545454545454,22.0
822789,Drinks,88,25,6.541666666666667,19.0
822790,Drinks,38,12,11.454545454545455,34.0
822925,Rabarber lemonade,546,135,1.3432835820895523,6.0
823730,Kakao med flødeskum,41,22,8.333333333333334,33.0
823812,Saft / Fritz,344,54,1.7924528301886793,14.0
824415,"Carambar,malabar",38,26,6.48,27.0
824434,Kod,297,57,3.125,18.0
824448,Fisk,79,21,8.1,21.0
824798,Glas vand,1546,146,1.2413793103448276,6.0
824808,Glas postevand,570,128,1.4173228346456692,6.0
825373,Dessert,117,44,3.9767441860465116,22.0
825474,Quiche,231,57,3.125,18.0
826291,Lille sodavand,683,160,1.1320754716981132,6.0
826454,Blendet iskaffe,228,49,1.9791666666666667,14.0
826461,Nøddekage,590,129,1.40625,7.0
826464,Iced Caffe Latte,279,55,1.7592592592592593,14.0
827735,Sodmalk,172,78,1.974025974025974,5.0
828205,Tilbud,21,8,6.857142857142857,18.0
829833,Frokost - Pizza pepperoni,137,77,2.3026315789473686,11.0
829948,Frokost - Kylling Sandwich,638,119,1.5254237288135593,6.0
829955,Frokost - Shawarma sandwich,179,85,2.130952380952381,10.0
830006,Frokost - Durum rulle,135,66,2.769230769230769,10.0
830954,Unspecified,20,20,9.210526315789474,32.0
832187,Fodpleje + eget håndklæde,302,125,1.4435483870967742,7.0
832236,Negleklip med eget håndklæde,131,82,2.1481481481481484,7.0
833474,Brød,4297,175,1.0344827586206897,6.0
834885,Fransk hotdog,970,166,1.0909090909090908,6.0
834942,Fransk hotdog m. Svøb,464,148,1.2244897959183674,6.0
835139,Hot gog,1439,23,7.318181818181818,25.0
835340,Diverse,2836,30,5.862068965517241,25.0
835612,Kage diverse+matilde,1407,26,6.76,25.0
836111,Ristet hotdog,1130,169,1.0714285714285714,6.0
837387,/twix/mars/snikers,101,10,9.666666666666666,35.0
847271,Cocio,8,4,49.666666666666664,104.0
853647,Super Stærk - Alm,1,1,999.0,999.0
859152,Nordic,57,30,5.689655172413793,16.0
861815,3  ØL,8,6,35.4,88.0
861826,2  ØL,111,60,3.0,10.0
861846,1 ØL,346,105,1.7403846153846154,7.0
861914,Ølkort,1387,180,1.011173184357542,2.0
862076,Diverse,1,1,999.0,999.0
868293,Glas vin,607,130,1.2868217054263567,5.0
878182,Spiritus,90,7,23.5,69.0
878276,Fredags tapas,4,2,7.0,7.0
893339,Alm øl,2293,100,1.0101010101010102,2.0
893340,Classic,1046,96,1.0526315789473684,2.0
893341,Lux øl,100,42,2.3902439024390243,6.0
893342,Breezer,47,11,9.7,28.0
893343,Sodavand,861,97,1.0416666666666667,2.0
893344,Redbull,105,32,3.193548387096774,14.0
893345,Lille Vin,43,27,3.769230769230769,13.0
893346,Portvin,4,2,56.0,56.0
893348,Shot 2cl,875,89,1.1363636363636365,3.0
893349,Bitter 2cl,39,17,5.3125,20.0
893350,Spiritus 2cl,103,16,5.6,20.0
893353,Linie/o.p. 3 cl,3,2,74.0,74.0
893356,Alm. Whisky,24,4,7.0,15.0
893359,Underberg,46,17,5.9375,19.0
893363,Jack Daniels,50,16,5.8,20.0
893366,Arn Bitter,12,5,10.75,18.0
893368,Chips,9,7,13.0,25.0
893369,Peanuts,9,3,41.5,66.0
893370,Isbjørn,3,2,57.0,57.0
893371,Champagnebrus,43,17,5.6875,20.0
893372,Tequila Sunrice,6,5,25.0,76.0
893374,Gin Hass,63,19,5.5,23.0
893375,Coktails,62,28,3.6666666666666665,8.0
893685,Dagens filter,1358,55,1.7592592592592593,14.0
893908,toilet besøg ikke gæst,5,2,49.0,49.0
894123,Unspecified,77,34,5.484848484848484,69.0
894243,3 smørrebrød,883,116,1.565217391304348,13.0
894490,Pacha drink,8,5,39.25,63.0
894512,Pose,113,70,2.536231884057971,25.0
894531,Spisepind,8,5,20.25,44.0
894679,Varm Valrhona chokolade,636,55,1.7592592592592593,14.0
896825,Americano,676,55,1.7592592592592593,14.0
897886,Øl,170,62,2.80327868852459,19.0
897914,Madpakke,617,111,1.6272727272727272,17.0
898358,Pitabrød hjm,127,60,3.0677966101694913,13.0
898367,Durum,61,37,4.611111111111111,25.0
898387,Frokost pizza,172,66,2.723076923076923,13.0
899545,Fodpleje egen betaling kommune tilskud,26,23,8.181818181818182,19.0
907146,Sprit,111,42,4.341463414634147,25.0
907147,Irsk kaffe,3,3,52.0,96.0
907148,Vand,27,19,8.0,29.0
908792,Margherita,47,27,4.5,14.0
908794,Hawaii,23,15,8.285714285714286,24.0
908795,Student,32,20,6.2105263157894735,23.0
908796,Rosa,39,20,5.684210526315789,23.0
908797,Meatlover,83,54,2.150943396226415,12.0
908798,New York Style,113,60,2.0,10.0
908799,La Fiesta,21,20,5.526315789473684,15.0
908800,AGF,41,28,4.111111111111111,13.0
908801,Bella Mafia,17,16,7.133333333333334,21.0
908804,Mexico,18,15,6.571428571428571,17.0
908806,Salat Pizza,113,57,2.0714285714285716,13.0
908811,Mr. Arloquino,23,20,5.0,14.0
908833,Bacon Cheeseburger,26,22,4.809523809523809,17.0
908844,Pommes Frites,122,60,2.0,10.0
908855,Ruller Kebab,88,49,2.4375,10.0
908870,"Sodavand 0,33 L",131,42,2.8292682926829267,13.0
909102,Pommes Frites med Aïoli,218,94,1.946236559139785,17.0
909103,Smørrebrød med æg og Rejer,139,58,3.0701754385964914,17.0
909114,Stjerneskud,400,107,1.7075471698113207,17.0
909115,Pariserbøf,282,98,1.8453608247422681,18.0
909116,Byens Burger,683,129,1.4140625,16.0
909122,Wienerschnitzel,252,74,2.4657534246575343,22.0
909129,Gâteau Marcel,130,53,3.480769230769231,20.0
909160,Filterkaffe,835,132,1.381679389312977,11.0
909162,Caffe Latte,195,77,2.3552631578947367,17.0
909163,Cappuccino,181,80,2.2911392405063293,21.0
909167,Varm Kakao med Flødeskum,259,89,2.0568181818181817,9.0
909169,Fadøl Fra Jelling Bryggeri 25 cl,542,127,1.4365079365079365,9.0
909171,Fadøl Fra Jelling Bryggeri 40 cl,1819,127,1.4365079365079365,9.0
909173,Fadøl Fra Jelling Bryggeri 50 cl,562,116,1.5739130434782609,11.0
909174,Unspecified,208,65,2.734375,19.0
909175,Flaske 50 Cl,259,77,2.3815789473684212,9.0
909181,Fadøl Fra Royal 40 cl,274,48,3.851063829787234,14.0
909182,Fadøl Fra Royal 50 cl,130,40,4.512820512820513,16.0
909184,Koldpresset æblesaft,132,67,2.742424242424242,14.0
909185,Sodavand,1503,141,1.292857142857143,9.0
909186,Økologisk Saft,284,91,2.0,9.0
909187,Kande Vand med Isterninger,226,105,1.7403846153846154,14.0
909190,"Happy Hour, Jelling Bryggeri",752,24,7.608695652173913,21.0
909191,"Chantenais, Sydfrankrig, Chardonnay",261,91,2.011111111111111,9.0
909197,"Chantenais, Sydfrankrig, Cabernet Sauvignon",139,59,3.0172413793103448,13.0
909691,Bridgewater Candle Company,3,1,999.0,999.0
910614,Bolle m. Smør & gammel knas,1717,55,1.7592592592592593,14.0
912691,Stor flæskesteg,5793,174,1.0404624277456647,6.0
913677,Franskbrød med pålæg el. Ost,387,102,1.7722772277227723,17.0
916524,Grimbergen,383,118,1.4188034188034189,4.0
916724,Tuborg classic,1044,146,1.1379310344827587,3.0
916889,Kaffe,633,140,1.1942446043165467,5.0
916908,Caffe lattte,97,58,2.8947368421052633,17.0
917130,Kaffe med spiritus,111,41,3.775,16.0
917859,Dessert,164,69,2.6470588235294117,10.0
917864,Side,75,51,3.52,17.0
917870,Side,148,60,2.9322033898305087,21.0
917916,Brød,225,105,1.7019230769230769,11.0
917926,Øl,1038,148,1.217687074829932,10.0
918099,Vand/Sodavand,944,142,1.2695035460992907,10.0
918119,Læskedrik,527,132,1.3740458015267176,11.0
918166,Vin,9,7,24.333333333333332,68.0
919558,Lille bøf,523,162,1.1180124223602483,6.0
928584,Mad,207,85,2.142857142857143,14.0
930341,Fastelavns bolle med creme,175,21,1.85,4.0
931541,Citronkage,701,139,1.3043478260869565,6.0
932300,Saltkaramel Cheesecake,36,16,11.533333333333333,31.0
936302,Floedeskum,139,60,2.9661016949152543,15.0
936628,Underberg,214,74,2.4794520547945207,8.0
945684,Margerita,555,118,1.547008547008547,8.0
945685,Vesuvio,156,84,2.180722891566265,17.0
945688,Hawaii,176,92,1.989010989010989,21.0
945689,Marmaris,51,38,4.648648648648648,22.0
945690,Princess,93,30,5.655172413793103,50.0
945692,Pepperoni,994,149,1.222972972972973,10.0
945693,Italian,89,56,3.2545454545454544,11.0
945694,Vegetriana,58,43,4.285714285714286,20.0
945695,Torino,57,44,4.186046511627907,21.0
945696,Fantasi,240,112,1.6216216216216217,19.0
945697,Bellas Pizza,127,73,2.5,11.0
945700,Copenhagen,263,123,1.4836065573770492,17.0
945703,Mozaik,58,48,3.8297872340425534,22.0
945705,Bella Luna,111,71,2.4857142857142858,20.0
945706,Milano,53,39,4.7368421052631575,25.0
945708,Atlanta,297,120,1.5210084033613445,9.0
945709,Viking,57,47,3.869565217391304,16.0
945713,Allans Special,77,59,3.0172413793103448,22.0
945725,Skinke,80,55,3.259259259259259,12.0
945726,Kebab,794,157,1.1538461538461537,8.0
945731,Bolognese,82,56,3.2,16.0
945740,Mickey Mouse,90,64,2.873015873015873,12.0
945742,Phineas & Ferb,70,52,3.5294117647058822,11.0
945750,Kebab Pitabrød,106,60,3.0338983050847457,10.0
945754,Kebab Durum,587,137,1.3308823529411764,8.0
945757,Kylling Durum,68,49,3.5625,20.0
945765,Bacon Cheeseburger,81,43,4.119047619047619,20.0
945773,"Sodavand 0,25 l",107,51,3.52,17.0
951741,Pose,1,1,999.0,999.0
954187,Snaps 2 cl,22,2,9.0,9.0
954739,Jack D / Cognac,33,16,11.4,51.0
955429,ALM PIZZA \ DURUM \ PITA,880,166,1.096969696969697,3.0
955441,ALM PIZZA,221,103,1.7647058823529411,6.0
955457,ALM PIZZA / DURUM \ PITA,240,118,1.547008547008547,4.0
955476,ALM PIZZA / Grillret,822,158,1.1464968152866242,4.0
955484,ALM PIZZA,49,37,4.777777777777778,17.0
955492,ALM PIZZA,260,113,1.6071428571428572,7.0
955502,ALM PIZZA,52,37,4.138888888888889,12.0
955543,BØRNE PIZZA,19,15,10.785714285714286,30.0
955548,BØRNE PIZZA,49,37,4.611111111111111,19.0
955554,BØRNE PIZZA,88,58,3.0526315789473686,8.0
955570,BØRNE PIZZA,72,44,4.046511627906977,14.0
968963,Kaffe/te/kakao,229,72,2.535211267605634,14.0
968971,1 bolle,69,41,4.475,29.0
969004,Kage,208,63,2.8225806451612905,14.0
975828,Kings 6 pack,96,49,2.9791666666666665,19.0
976515,0-5km,387,127,1.4285714285714286,8.0
977026,Enkelt Drink,128,39,4.7631578947368425,18.0
977040,Dobbelt Drink,389,97,1.8854166666666667,6.0
