item_id,shelf_life_days,perishability,confidence,storage_type,notes,avg_gap_days
1005090,30,low,medium,dry,pastries shelf-stable,999.0
1006969,365,low,high,dry,coffee/tea/hot drinks,30.666666666666668
1010586,180,low,high,ambient,shelf-stable snacks,1.083832335329341
1020519,1,high,medium,refrigerated,ready-to-eat meals,7.0
1046543,365,low,high,dry,coffee/tea/hot drinks,1.3587786259541983
1050652,365,low,high,ambient,alcoholic beverages,3.617021276595745
1050661,365,low,high,ambient,alcoholic beverages,3.3653846153846154
1050690,14,medium,high,refrigerated,cheese,7.7
1061417,365,low,high,ambient,soft drinks,1.7745098039215683
1063877,365,low,high,dry,coffee/tea/hot drinks,5.580645161290323
1065348,365,low,high,ambient,soft drinks,7.130434782608695
1070380,365,low,high,ambient,alcoholic beverages,1.3161764705882353
1070400,365,low,high,ambient,alcoholic beverages,1.978021978021978
1074249,365,low,high,dry,coffee/tea/hot drinks,12.0
1074362,30,low,medium,dry,pastries shelf-stable,23.33333333333333
1074373,365,low,high,dry,coffee/tea/hot drinks,33.0
1074541,3,high,high,refrigerated,fresh salads/vegetables,20.25
1075025,14,medium,high,refrigerated,cheese,13.11111111111111
1075309,7,low,high,dry,bread products,15.0
1080675,90,medium,high,frozen,pizza (frozen/long shelf),7.454545454545454
1080679,90,medium,high,frozen,pizza (frozen/long shelf),8.352941176470589
1080689,90,medium,high,frozen,pizza (frozen/long shelf),4.852941176470588
1080700,90,medium,high,frozen,pizza (frozen/long shelf),10.583333333333334
1088169,60,medium,medium,frozen,pasta/rice frozen,59.5
1100698,365,low,high,ambient,alcoholic beverages,9.210526315789474
1100763,365,low,high,ambient,soft drinks,10.294117647058824
1100797,90,medium,high,frozen,meat frozen,46.66666666666666
1112320,2,high,high,refrigerated,meat fresh,3.2
1112338,90,medium,high,frozen,meat frozen,999.0
1112355,14,medium,high,refrigerated,cheese,10.714285714285714
1112367,60,medium,high,frozen,seafood frozen,77.0
1112443,1,high,medium,refrigerated,ready-to-eat meals,1.0402298850574712
1112466,1,high,medium,refrigerated,ready-to-eat meals,1.0342857142857145
1132989,14,medium,high,refrigerated,sauces/condiments,10.0625
1139475,365,low,high,ambient,alcoholic beverages,15.909090909090908
1198760,365,low,high,ambient,soft drinks,2.828125
1208733,365,low,high,ambient,alcoholic beverages,7.291666666666667
1227518,365,low,high,ambient,alcoholic beverages,28.0
1229570,30,low,medium,dry,pastries shelf-stable,1.4958677685950412
1229711,7,low,high,dry,bread products,1.381679389312977
1229797,365,low,high,dry,coffee/tea/hot drinks,3.339622641509434
1230094,30,low,medium,dry,pastries shelf-stable,5.027777777777778
1230812,90,medium,high,frozen,meat frozen,2.769230769230769
1236848,7,low,high,dry,bread products,1.5789473684210529
1236854,7,low,high,dry,bread products,9.210526315789474
1240114,365,low,high,ambient,alcoholic beverages,29.4
1240128,365,low,high,ambient,soft drinks,17.5
1244728,365,low,high,dry,coffee/tea/hot drinks,3.0
1256148,180,low,high,ambient,shelf-stable snacks,3.4150943396226414
1259247,7,medium,high,refrigerated,dairy/eggs,10.294117647058824
1267267,365,low,high,dry,coffee/tea/hot drinks,6.791666666666667
1269507,60,medium,medium,frozen,pasta/rice frozen,21.33333333333333
1279115,1,high,medium,refrigerated,ready-to-eat meals,3.450980392156863
1279122,365,low,high,ambient,alcoholic beverages,1.8333333333333333
1279655,90,low,medium,frozen,soup frozen,7.952380952380952
1298279,365,low,high,ambient,alcoholic beverages,1.903225806451613
1298536,365,low,high,ambient,soft drinks,1.292857142857143
1320295,365,low,high,ambient,alcoholic beverages,1.592920353982301
1383364,365,low,high,dry,coffee/tea/hot drinks,8.0
1399637,365,low,high,ambient,soft drinks,5.862068965517241
1420007,1,high,high,refrigerated,wraps/kebab fresh,2.2987012987012987
1420036,1,high,high,refrigerated,wraps/kebab fresh,2.333333333333333
1420053,60,medium,high,frozen,wraps/kebab frozen,4.195121951219512
1420731,365,low,high,ambient,alcoholic beverages,2.0454545454545454
1420742,1,high,high,refrigerated,wraps/kebab fresh,1.2587412587412588
1420743,365,low,high,ambient,alcoholic beverages,2.107142857142857
1420755,365,low,high,ambient,alcoholic beverages,1.2413793103448276
1420764,365,low,high,ambient,alcoholic beverages,3.326530612244898
1420766,90,medium,high,frozen,meat frozen,7.8
1420780,7,low,high,dry,bread products,10.0
1420781,7,low,high,dry,bread products,4.861111111111111
1420812,1,high,high,refrigerated,wraps/kebab fresh,1.2587412587412588
1420816,90,medium,high,frozen,meat frozen,10.466666666666669
1420851,1,high,high,refrigerated,sandwiches fresh,3.630434782608696
1420877,1,high,high,refrigerated,sandwiches fresh,2.8225806451612905
1421806,60,medium,high,frozen,sandwiches frozen,8.19047619047619
1452546,365,low,high,ambient,alcoholic beverages,1.4285714285714286
1452561,365,low,high,ambient,alcoholic beverages,1.487603305785124
1452605,365,low,high,ambient,alcoholic beverages,1.893617021276596
1452635,365,low,high,ambient,alcoholic beverages,1.3533834586466165
1452640,365,low,high,ambient,alcoholic beverages,1.2765957446808511
1452643,365,low,high,ambient,alcoholic beverages,1.5384615384615383
1452668,365,low,high,ambient,alcoholic beverages,1.5254237288135593
1452689,365,low,high,ambient,alcoholic beverages,1.2949640287769784
1452724,365,low,high,ambient,alcoholic beverages,1.8
1452740,365,low,high,ambient,alcoholic beverages,1.855670103092784
1452743,365,low,high,ambient,alcoholic beverages,2.5428571428571427
1452774,365,low,high,ambient,alcoholic beverages,1.6216216216216215
1452799,365,low,high,ambient,alcoholic beverages,1.7142857142857142
1452810,365,low,high,ambient,alcoholic beverages,1.6886792452830188
1452849,365,low,high,ambient,alcoholic beverages,1.512605042016807
1452851,365,low,high,ambient,alcoholic beverages,1.836734693877551
1465917,7,medium,high,refrigerated,dairy/eggs,999.0
1466226,30,low,medium,dry,pastries shelf-stable,28.2
1466234,365,low,high,dry,coffee/tea/hot drinks,999.0
1466249,7,low,high,dry,bread products,45.5
1469002,60,medium,high,frozen,sandwiches frozen,8.380952380952381
1470593,365,low,high,ambient,alcoholic beverages,1.3636363636363635
1477373,3,medium,high,refrigerated,bread fresh,1.6333333333333333
1477391,7,low,high,dry,bread products,5.84
1477415,365,low,high,ambient,soft drinks,2.9183673469387754
1477422,90,medium,high,frozen,meat frozen,999.0
1477435,365,low,high,ambient,soft drinks,17.625
1485395,60,medium,high,frozen,seafood frozen,3.595744680851064
1499350,180,low,high,ambient,shelf-stable snacks,1.6666666666666667
1499356,365,low,high,ambient,confectionery,3.12280701754386
1499358,365,low,high,dry,coffee/tea/hot drinks,3.4901960784313726
1499359,365,low,high,ambient,soft drinks,1.046242774566474
1499370,365,low,high,ambient,alcoholic beverages,3.067796610169492
1499375,365,low,high,ambient,alcoholic beverages,5.242424242424242
1499378,365,low,high,dry,coffee/tea/hot drinks,1.2569444444444444
1499385,365,low,high,ambient,alcoholic beverages,1.0
1499386,365,low,high,ambient,alcoholic beverages,1.0
1499387,365,low,high,dry,coffee/tea/hot drinks,5.15625
1499388,365,low,high,ambient,alcoholic beverages,2.011111111111111
1499389,365,low,high,ambient,alcoholic beverages,1.011111111111111
1499391,365,low,high,ambient,alcoholic beverages,2.75
1499393,365,low,high,dry,coffee/tea/hot drinks,3.333333333333333
1612426,14,medium,high,refrigerated,cheese,103.0
1612543,365,low,high,dry,coffee/tea/hot drinks,5.59375
1635263,365,low,high,dry,coffee/tea/hot drinks,4.390243902439025
1639344,365,low,high,ambient,soft drinks,1.2222222222222223
1642563,365,low,high,ambient,alcoholic beverages,1.0
1642593,365,low,high,ambient,soft drinks,1.0342857142857145
1642605,365,low,high,dry,coffee/tea/hot drinks,1.103658536585366
1642721,365,low,high,ambient,alcoholic beverages,3.4423076923076925
1642740,7,medium,high,refrigerated,fresh juice/smoothie,15.77777777777778
1642762,180,low,high,ambient,shelf-stable snacks,5.205882352941177
1642789,365,low,high,ambient,alcoholic beverages,12.2
1642802,3,high,high,refrigerated,fresh salads/vegetables,2.0689655172413794
1642822,365,low,high,dry,coffee/tea/hot drinks,5.114285714285714
1648765,365,low,high,ambient,alcoholic beverages,1.434782608695652
1658534,365,low,high,dry,coffee/tea/hot drinks,4.944444444444445
1658547,365,low,high,ambient,confectionery,4.657894736842105
1658553,90,medium,high,frozen,pizza (frozen/long shelf),3.480769230769231
1658563,60,medium,high,frozen,sandwiches frozen,4.2682926829268295
1658567,60,medium,high,frozen,sandwiches frozen,4.756756756756757
1658575,60,medium,high,frozen,sandwiches frozen,5.821428571428571
1658576,1,high,high,refrigerated,wraps/kebab fresh,2.8225806451612905
1658581,1,high,high,refrigerated,wraps/kebab fresh,1.2746478873239435
1658582,1,high,high,refrigerated,wraps/kebab fresh,2.6029411764705883
1658591,90,medium,high,frozen,meat frozen,6.769230769230769
1658595,2,high,high,refrigerated,meat fresh,1.8854166666666667
1658598,1,high,high,refrigerated,wraps/kebab fresh,2.753846153846154
1658600,365,low,high,dry,coffee/tea/hot drinks,1.5789473684210529
1658609,90,medium,high,frozen,meat frozen,5.931034482758621
1658613,14,medium,high,refrigerated,cheese,4.631578947368421
1658619,365,low,high,ambient,soft drinks,1.435483870967742
1668415,365,low,high,ambient,alcoholic beverages,1.0266666666666666
1668416,365,low,high,ambient,alcoholic beverages,2.290322580645161
1668417,365,low,high,ambient,alcoholic beverages,1.1323529411764706
1668420,2,high,high,refrigerated,meat fresh,1.3333333333333333
1668421,365,low,high,ambient,alcoholic beverages,1.6888888888888889
1668425,365,low,high,ambient,alcoholic beverages,14.0
1668448,180,low,high,ambient,shelf-stable snacks,2.730769230769231
1668452,365,low,high,ambient,alcoholic beverages,3.380952380952381
1668453,365,low,high,ambient,alcoholic beverages,1.972972972972973
1668462,365,low,high,ambient,soft drinks,5.285714285714286
1668463,365,low,high,ambient,alcoholic beverages,2.96
1668464,365,low,high,ambient,alcoholic beverages,2.055555555555556
1668466,365,low,high,ambient,alcoholic beverages,4.846153846153846
1668476,365,low,high,ambient,alcoholic beverages,4.266666666666667
1668477,365,low,high,ambient,alcoholic beverages,5.166666666666667
1668481,365,low,high,ambient,alcoholic beverages,1.8205128205128205
1668482,365,low,high,ambient,alcoholic beverages,3.3684210526315788
1671541,7,low,high,dry,bread products,9.785714285714286
1671558,7,low,high,dry,bread products,17.2
1671606,7,medium,high,refrigerated,fresh juice/smoothie,4.447368421052632
1695582,365,low,high,ambient,alcoholic beverages,4.702702702702703
1695598,365,low,high,ambient,soft drinks,2.269230769230769
1695695,365,low,high,ambient,soft drinks,1.824742268041237
1695713,365,low,high,dry,coffee/tea/hot drinks,3.0172413793103448
1695759,365,low,high,dry,coffee/tea/hot drinks,3.760869565217391
1695924,365,low,high,ambient,soft drinks,2.901639344262295
1723502,365,low,high,dry,coffee/tea/hot drinks,21.0
1723564,365,low,high,dry,coffee/tea/hot drinks,999.0
1723692,30,low,medium,dry,pastries shelf-stable,999.0
1726918,60,medium,high,frozen,sandwiches frozen,3.6875
1735577,365,low,high,dry,coffee/tea/hot drinks,7.894736842105263
1737590,14,medium,high,refrigerated,cheese,6.5
1814122,365,low,high,ambient,alcoholic beverages,2.2987012987012987
1814235,365,low,high,ambient,alcoholic beverages,2.4383561643835616
1814600,365,low,high,ambient,alcoholic beverages,3.5098039215686274
1816227,365,low,high,ambient,alcoholic beverages,1.1383647798742138
1816228,365,low,high,ambient,alcoholic beverages,6.107142857142857
1816239,365,low,high,dry,coffee/tea/hot drinks,1.9222222222222225
1816240,365,low,high,ambient,alcoholic beverages,2.875
1816255,365,low,high,dry,coffee/tea/hot drinks,4.209302325581396
1816259,2,high,high,refrigerated,meat fresh,1.792079207920792
1830818,90,medium,high,frozen,meat frozen,3.2777777777777777
1830821,90,medium,high,frozen,pizza (frozen/long shelf),1.989010989010989
1830822,90,medium,high,frozen,pizza (frozen/long shelf),3.489795918367347
1830823,365,low,high,dry,coffee/tea/hot drinks,2.8813559322033897
1830824,90,medium,high,frozen,pizza (frozen/long shelf),3.63265306122449
1830834,365,low,high,ambient,alcoholic beverages,3.8260869565217392
1830840,365,low,high,dry,coffee/tea/hot drinks,2.185185185185185
1830866,365,low,high,dry,coffee/tea/hot drinks,1.6759259259259258
1830867,365,low,high,dry,coffee/tea/hot drinks,1.836734693877551
1830874,90,medium,high,frozen,meat frozen,2.4794520547945207
1830893,7,medium,high,refrigerated,dairy/eggs,3.612244897959184
1873409,365,low,high,dry,coffee/tea/hot drinks,4.2926829268292686
1875526,7,low,high,dry,bread products,54.0
1875606,90,medium,high,frozen,meat frozen,27.0
1875625,90,medium,high,frozen,meat frozen,20.25
1891769,60,medium,high,frozen,sandwiches frozen,3.42
1933258,60,medium,high,frozen,sandwiches frozen,9.705882352941176
1942570,365,low,high,ambient,alcoholic beverages,21.125
1942769,365,low,high,dry,coffee/tea/hot drinks,11.416666666666666
1993948,365,low,high,dry,coffee/tea/hot drinks,19.33333333333333
2031955,2,high,high,refrigerated,fresh pizza,1.36
2084280,365,low,high,dry,coffee/tea/hot drinks,999.0
2109075,7,medium,high,refrigerated,dairy/eggs,2.272727272727273
2126177,60,medium,high,frozen,sandwiches frozen,999.0
2134611,14,medium,high,refrigerated,sauces/condiments,2.3506493506493507
2156456,14,medium,high,refrigerated,sauces/condiments,16.77777777777778
2200725,90,medium,high,frozen,meat frozen,3.36734693877551
2200790,60,medium,high,frozen,sandwiches frozen,11.384615384615383
2200846,365,low,high,dry,coffee/tea/hot drinks,999.0
2200871,365,low,high,dry,coffee/tea/hot drinks,999.0
2206122,365,low,high,dry,coffee/tea/hot drinks,26.166666666666668
2253694,365,low,high,ambient,alcoholic beverages,1.9673913043478264
2265984,365,low,high,dry,coffee/tea/hot drinks,4.045454545454546
2273188,180,low,high,ambient,shelf-stable snacks,3.809523809523809
2306787,365,low,high,ambient,alcoholic beverages,25.666666666666668
2306808,365,low,high,ambient,soft drinks,58.0
2306873,365,low,high,ambient,alcoholic beverages,20.0
2307783,90,medium,high,frozen,meat frozen,2.903225806451613
2316567,7,medium,high,refrigerated,dairy/eggs,2.142857142857143
2321548,90,medium,high,frozen,meat frozen,1.7592592592592593
2321865,14,medium,high,refrigerated,sauces/condiments,2.727272727272727
2321883,7,medium,high,refrigerated,fresh juice/smoothie,2.5
2321973,3,high,high,refrigerated,fresh salads/vegetables,1.175324675324675
2322280,90,medium,high,frozen,meat frozen,1.7019230769230769
2329745,365,low,high,ambient,alcoholic beverages,25.285714285714285
2338782,90,medium,high,frozen,meat frozen,8.5
2340021,90,medium,high,frozen,meat frozen,4.116279069767442
2351589,365,low,high,dry,coffee/tea/hot drinks,7.95
2351590,365,low,high,dry,coffee/tea/hot drinks,23.8
2351591,365,low,high,dry,coffee/tea/hot drinks,6.25925925925926
2351592,365,low,high,dry,coffee/tea/hot drinks,10.411764705882351
2351594,365,low,high,dry,coffee/tea/hot drinks,4.388888888888889
2351598,7,medium,high,refrigerated,fresh juice/smoothie,49.333333333333336
2351601,7,low,high,dry,bread products,12.642857142857142
2351602,7,low,high,dry,bread products,8.733333333333333
2351613,365,low,high,ambient,confectionery,6.0
2351614,365,low,high,dry,coffee/tea/hot drinks,8.0
2351615,365,low,high,ambient,confectionery,5.212121212121212
2351616,365,low,high,dry,coffee/tea/hot drinks,13.333333333333334
2364469,365,low,high,ambient,alcoholic beverages,49.0
2386353,365,low,high,dry,coffee/tea/hot drinks,9.454545454545457
2419356,60,medium,high,frozen,processed meat frozen,2.9661016949152543
2452104,365,low,high,ambient,alcoholic beverages,3.5
2452192,2,high,high,refrigerated,meat fresh,2.870967741935484
2457041,365,low,high,ambient,soft drinks,6.695652173913044
2457139,365,low,high,dry,coffee/tea/hot drinks,20.0
2457317,365,low,high,dry,coffee/tea/hot drinks,32.4
2457338,365,low,high,dry,coffee/tea/hot drinks,9.263157894736842
2457360,365,low,high,dry,coffee/tea/hot drinks,15.272727272727272
2457368,365,low,high,dry,coffee/tea/hot drinks,10.0
2457376,365,low,high,ambient,soft drinks,56.333333333333336
2463751,365,low,high,ambient,alcoholic beverages,28.166666666666668
2512050,365,low,high,ambient,alcoholic beverages,7.954545454545454
2557568,2,high,high,refrigerated,meat fresh,3.9444444444444446
2557569,365,low,high,ambient,soft drinks,3.0
2557572,2,medium,medium,refrigerated,pasta/rice fresh,4.235294117647059
2557585,365,low,high,dry,coffee/tea/hot drinks,3.888888888888889
2557590,365,low,high,dry,coffee/tea/hot drinks,4.375
2557591,365,low,high,dry,coffee/tea/hot drinks,5.833333333333333
2557593,365,low,high,dry,coffee/tea/hot drinks,5.0
2562131,7,low,high,dry,bread products,1.7755102040816326
2562133,7,medium,high,refrigerated,dairy/eggs,2.047058823529412
2562134,14,medium,high,refrigerated,cheese,1.9659090909090908
2562143,365,low,high,dry,coffee/tea/hot drinks,1.9550561797752808
2562152,365,low,high,ambient,confectionery,2.4857142857142858
2562156,365,low,high,ambient,confectionery,2.135802469135802
2562162,365,low,high,ambient,soft drinks,1.7058823529411764
2562163,365,low,high,ambient,soft drinks,1.6893203883495145
2562164,365,low,high,dry,coffee/tea/hot drinks,1.8125
2562165,365,low,high,dry,coffee/tea/hot drinks,1.891304347826087
2562168,365,low,high,dry,coffee/tea/hot drinks,2.463768115942029
2562175,365,low,high,ambient,alcoholic beverages,1.870967741935484
2562177,3,high,high,refrigerated,fresh salads/vegetables,2.4705882352941178
2562179,60,medium,high,frozen,sandwiches frozen,1.891304347826087
2562187,60,medium,high,frozen,sandwiches frozen,2.175
2562189,365,low,high,dry,coffee/tea/hot drinks,4.638888888888889
2562191,7,low,high,dry,bread products,8.285714285714286
2562192,60,medium,high,frozen,seafood frozen,8.7
2562193,14,medium,high,refrigerated,sauces/condiments,1.831578947368421
2562198,180,low,high,ambient,shelf-stable snacks,2.0963855421686746
2579058,180,low,high,ambient,shelf-stable snacks,5.363636363636363
2579072,14,medium,high,refrigerated,sauces/condiments,5.235294117647059
2582538,365,low,high,ambient,alcoholic beverages,2.3376623376623376
2604768,3,medium,high,refrigerated,processed meat,2.1341463414634148
2604805,365,low,high,dry,coffee/tea/hot drinks,1.5909090909090908
2604824,365,low,high,dry,coffee/tea/hot drinks,2.464788732394366
2604871,14,medium,high,refrigerated,sauces/condiments,48.0
2604915,60,medium,high,frozen,sandwiches frozen,13.5
2604931,365,low,high,ambient,alcoholic beverages,1.4957264957264955
2604958,365,low,high,ambient,soft drinks,1.6203703703703705
2604976,365,low,high,dry,coffee/tea/hot drinks,1.8617021276595744
2604988,30,low,medium,dry,pastries shelf-stable,4.5
2605069,365,low,high,dry,coffee/tea/hot drinks,1.6355140186915889
2605154,180,low,high,ambient,shelf-stable snacks,3.571428571428572
2611325,365,low,high,dry,coffee/tea/hot drinks,4.414634146341464
2611331,365,low,high,ambient,alcoholic beverages,8.181818181818182
2611333,365,low,high,ambient,soft drinks,4.641025641025641
2611334,365,low,high,ambient,alcoholic beverages,7.24
2611360,60,medium,high,frozen,sandwiches frozen,17.9
2618803,180,low,high,ambient,shelf-stable snacks,2.3026315789473686
2661671,365,low,high,ambient,alcoholic beverages,10.75
2664138,365,low,high,ambient,alcoholic beverages,7.0
2698911,365,low,high,ambient,soft drinks,41.0
2706138,365,low,high,ambient,confectionery,58.0
2733510,60,medium,medium,frozen,pasta/rice frozen,3.8260869565217392
2733512,60,medium,medium,frozen,pasta/rice frozen,4.578947368421052
2733513,365,low,high,dry,coffee/tea/hot drinks,6.285714285714286
2733517,90,medium,high,frozen,meat frozen,3.240740740740741
2733526,30,low,medium,dry,pastries shelf-stable,8.75
2733531,365,low,high,ambient,alcoholic beverages,4.487179487179487
2733537,365,low,high,ambient,alcoholic beverages,3.3846153846153846
2733556,365,low,high,dry,coffee/tea/hot drinks,8.65
2844632,365,low,high,ambient,alcoholic beverages,29.0
2852536,60,medium,high,frozen,sandwiches frozen,2.9672131147540983
2852537,60,medium,high,frozen,sandwiches frozen,1.587719298245614
2852538,60,medium,high,frozen,sandwiches frozen,2.2911392405063293
2852539,60,medium,high,frozen,sandwiches frozen,1.283687943262411
2852543,90,medium,high,frozen,meat frozen,3.034482758620689
2852544,60,medium,high,frozen,sandwiches frozen,2.579710144927536
2852547,60,medium,high,frozen,sandwiches frozen,2.4794520547945207
2852550,90,medium,high,frozen,meat frozen,1.6160714285714286
2852551,90,medium,high,frozen,meat frozen,1.5210084033613445
2852556,60,medium,high,frozen,sandwiches frozen,2.535211267605634
2852557,365,low,high,dry,coffee/tea/hot drinks,1.381679389312977
2852559,90,medium,high,frozen,meat frozen,1.283687943262411
2852567,365,low,high,dry,coffee/tea/hot drinks,3.6
2852568,60,medium,high,frozen,processed meat frozen,3.851063829787234
2852570,365,low,high,ambient,alcoholic beverages,2.585714285714286
2852571,365,low,high,ambient,alcoholic beverages,2.207317073170732
2852572,180,low,high,ambient,shelf-stable snacks,1.1528662420382163
2852573,365,low,high,dry,coffee/tea/hot drinks,1.1528662420382163
2852574,365,low,high,ambient,soft drinks,1.9052631578947368
2852578,365,low,high,ambient,alcoholic beverages,2.4133333333333336
2852582,365,low,high,ambient,alcoholic beverages,2.1951219512195124
2852591,1,high,medium,refrigerated,ready-to-eat meals,3.1206896551724137
2858876,90,medium,high,frozen,meat frozen,1.6454545454545455
2903737,30,low,medium,dry,pastries shelf-stable,9.625
2909646,60,medium,high,frozen,sandwiches frozen,18.0
2925089,7,medium,high,refrigerated,dairy/eggs,999.0
2925142,7,medium,high,refrigerated,dairy/eggs,999.0
2941210,1,high,high,refrigerated,seafood fresh,4.8
2941225,60,medium,high,frozen,seafood frozen,5.75
2960459,365,low,high,ambient,alcoholic beverages,5.285714285714286
2996789,365,low,high,ambient,alcoholic beverages,5.181818181818182
3003354,365,low,high,ambient,alcoholic beverages,1.3507462686567164
3005598,365,low,high,ambient,alcoholic beverages,1.691588785046729
3008900,365,low,high,ambient,soft drinks,2.2911392405063293
3008937,365,low,high,ambient,soft drinks,3.339622641509434
3033098,365,low,high,dry,coffee/tea/hot drinks,3.772727272727273
3033352,60,medium,high,frozen,sandwiches frozen,17.6
3033624,365,low,high,ambient,alcoholic beverages,4.620689655172414
3033649,365,low,high,ambient,soft drinks,2.5303030303030303
3033682,7,medium,high,refrigerated,fresh juice/smoothie,47.66666666666666
3033685,365,low,high,ambient,alcoholic beverages,7.533333333333333
3033686,365,low,high,ambient,alcoholic beverages,999.0
3033688,365,low,high,ambient,alcoholic beverages,16.0
3042463,60,medium,high,frozen,processed meat frozen,4.666666666666667
3048297,365,low,high,ambient,alcoholic beverages,2.033707865168539
3053507,3,medium,medium,refrigerated,pastries fresh,2.3285714285714287
3073430,365,low,high,ambient,alcoholic beverages,2.3376623376623376
3077736,365,low,high,ambient,alcoholic beverages,52.0
3077745,365,low,high,ambient,alcoholic beverages,48.5
3077755,365,low,high,ambient,alcoholic beverages,19.0
3077941,60,medium,high,frozen,sandwiches frozen,15.5
3081123,365,low,high,ambient,alcoholic beverages,1.046242774566474
3081125,365,low,high,ambient,alcoholic beverages,1.052325581395349
3081126,365,low,high,ambient,soft drinks,1.046242774566474
3081127,365,low,high,dry,coffee/tea/hot drinks,1.356060606060606
3082225,1,high,high,refrigerated,seafood fresh,9.0
3107052,60,medium,high,frozen,seafood frozen,2.2625
3147647,90,medium,high,frozen,meat frozen,7.318181818181818
3147649,60,medium,high,frozen,seafood frozen,33.25
3147655,60,medium,high,frozen,seafood frozen,23.0
317226,365,low,high,ambient,soft drinks,4.72972972972973
317227,365,low,high,dry,coffee/tea/hot drinks,6.481481481481482
317228,365,low,high,dry,coffee/tea/hot drinks,5.225806451612903
317231,365,low,high,ambient,alcoholic beverages,14.333333333333334
317237,365,low,high,ambient,alcoholic beverages,9.882352941176473
317239,365,low,high,ambient,alcoholic beverages,7.3478260869565215
317244,365,low,high,dry,coffee/tea/hot drinks,18.0
317249,1,high,medium,refrigerated,ready-to-eat meals,2.02247191011236
317250,1,high,medium,refrigerated,ready-to-eat meals,2.0
317251,365,low,high,ambient,soft drinks,1.5384615384615383
317803,1,high,medium,refrigerated,ready-to-eat meals,1.9565217391304348
3190411,365,low,high,ambient,alcoholic beverages,3.4150943396226414
3190507,365,low,high,ambient,alcoholic beverages,3.549019607843137
3274801,2,high,high,refrigerated,fresh pizza,2.828125
3278602,90,medium,high,frozen,meat frozen,5.423076923076923
3291884,1,high,medium,refrigerated,ready-to-eat meals,16.272727272727273
3291888,365,low,high,dry,coffee/tea/hot drinks,15.0
3291941,1,high,medium,refrigerated,ready-to-eat meals,41.75
3298370,365,low,high,dry,coffee/tea/hot drinks,3.688888888888889
3298429,365,low,high,ambient,alcoholic beverages,5.964285714285714
3298514,365,low,high,dry,coffee/tea/hot drinks,140.0
3326284,30,low,medium,dry,pastries shelf-stable,30.0
3331128,90,medium,high,frozen,meat frozen,5.821428571428571
3331131,365,low,high,dry,coffee/tea/hot drinks,5.142857142857143
3331132,365,low,high,dry,coffee/tea/hot drinks,5.8
3331133,90,low,high,frozen,frozen fried items,7.25
3331134,90,low,high,frozen,frozen fried items,6.0
3331139,7,medium,high,refrigerated,fresh juice/smoothie,7.714285714285714
3331140,365,low,high,dry,coffee/tea/hot drinks,6.714285714285714
3337739,14,medium,high,refrigerated,sauces/condiments,24.0
3342949,365,low,high,dry,coffee/tea/hot drinks,24.0
3344002,365,low,high,ambient,alcoholic beverages,32.0
3380787,365,low,high,dry,coffee/tea/hot drinks,23.4
3397889,365,low,high,ambient,soft drinks,1.3235294117647058
3444031,60,medium,high,frozen,seafood frozen,5.416666666666667
3444203,2,high,high,refrigerated,meat fresh,4.545454545454546
3452209,90,medium,high,frozen,meat frozen,7.166666666666667
3452254,60,medium,high,frozen,sandwiches frozen,7.222222222222222
3459995,3,medium,medium,refrigerated,pastries fresh,4.230769230769231
3460080,60,medium,high,frozen,sandwiches frozen,7.166666666666667
3460081,60,medium,high,frozen,sandwiches frozen,999.0
3460085,60,medium,high,frozen,sandwiches frozen,13.333333333333334
3460086,90,medium,high,frozen,meat frozen,32.0
3460090,60,medium,high,frozen,sandwiches frozen,30.6
3460091,60,medium,high,frozen,sandwiches frozen,999.0
3460093,365,low,high,dry,coffee/tea/hot drinks,11.9
3460095,90,low,high,frozen,frozen fried items,145.0
3460096,90,low,high,frozen,frozen fried items,74.0
3460097,365,low,high,dry,coffee/tea/hot drinks,40.0
3460105,90,medium,high,frozen,meat frozen,999.0
3460114,14,medium,high,refrigerated,sauces/condiments,92.0
3460121,14,medium,high,refrigerated,sauces/condiments,69.0
3460129,365,low,high,dry,coffee/tea/hot drinks,2.333333333333333
3460130,90,medium,high,frozen,meat frozen,8.136363636363637
3460133,365,low,high,dry,coffee/tea/hot drinks,16.7
3460134,90,medium,high,frozen,meat frozen,26.5
3460136,1,high,medium,refrigerated,ready-to-eat meals,999.0
3460142,7,low,high,dry,bread products,11.416666666666666
3460158,365,low,high,dry,coffee/tea/hot drinks,999.0
3468058,90,medium,high,frozen,meat frozen,24.0
3470385,90,medium,high,frozen,meat frozen,2.255813953488372
3470403,90,medium,high,frozen,meat frozen,2.255813953488372
3472120,60,medium,medium,frozen,pasta/rice frozen,19.33333333333333
3495744,365,low,high,dry,coffee/tea/hot drinks,6.454545454545454
3496082,365,low,high,dry,coffee/tea/hot drinks,21.75
3518631,365,low,high,ambient,soft drinks,19.4
3526060,365,low,high,ambient,soft drinks,4.7631578947368425
3547147,365,low,high,ambient,soft drinks,1.7142857142857142
3547214,365,low,high,dry,coffee/tea/hot drinks,1.0584795321637428
3547240,365,low,high,dry,coffee/tea/hot drinks,1.475409836065574
3549932,3,high,high,refrigerated,fresh salads/vegetables,9.666666666666666
3555298,365,low,high,dry,coffee/tea/hot drinks,1.1602564102564104
3571860,365,low,high,dry,coffee/tea/hot drinks,4.2926829268292686
3591384,365,low,high,ambient,alcoholic beverages,6.333333333333333
360653,60,medium,high,frozen,sandwiches frozen,2.130952380952381
360654,60,medium,high,frozen,sandwiches frozen,7.526315789473684
360655,60,medium,high,frozen,sandwiches frozen,5.733333333333333
360656,365,low,high,dry,coffee/tea/hot drinks,1.2765957446808511
360657,365,low,high,ambient,alcoholic beverages,1.222972972972973
360659,365,low,high,ambient,soft drinks,1.3333333333333333
360660,365,low,high,ambient,soft drinks,2.4722222222222223
360662,365,low,high,dry,coffee/tea/hot drinks,13.363636363636363
360663,365,low,high,dry,coffee/tea/hot drinks,3.3846153846153846
363759,365,low,high,dry,coffee/tea/hot drinks,3.612244897959184
363801,1,high,high,refrigerated,wraps/kebab fresh,3.86046511627907
363802,365,low,high,dry,coffee/tea/hot drinks,3.067796610169492
363803,1,high,high,refrigerated,wraps/kebab fresh,3.8297872340425534
363804,365,low,high,dry,coffee/tea/hot drinks,2.557142857142857
363805,60,medium,high,frozen,sandwiches frozen,4.309523809523809
363806,1,high,high,refrigerated,sandwiches fresh,3.0166666666666666
363808,60,medium,high,frozen,sandwiches frozen,7.285714285714286
363809,60,medium,high,frozen,sandwiches frozen,8.227272727272727
363810,90,medium,high,frozen,meat frozen,7.739130434782608
363811,365,low,high,dry,coffee/tea/hot drinks,2.5492957746478875
363812,365,low,high,dry,coffee/tea/hot drinks,7.318181818181818
363813,3,high,high,refrigerated,fresh salads/vegetables,6.37037037037037
363815,180,low,high,ambient,shelf-stable snacks,4.72972972972973
363817,365,low,high,dry,coffee/tea/hot drinks,2.0804597701149423
363818,60,medium,medium,frozen,pasta/rice frozen,6.285714285714286
363820,60,medium,high,frozen,sandwiches frozen,8.55
363824,14,medium,high,refrigerated,sauces/condiments,8.619047619047619
363825,14,medium,high,refrigerated,sauces/condiments,5.21875
363827,14,medium,high,refrigerated,sauces/condiments,9.0
363833,2,medium,medium,refrigerated,pasta/rice fresh,3.1206896551724137
363835,365,low,high,ambient,soft drinks,3.657894736842105
363940,180,low,high,ambient,shelf-stable snacks,3.290909090909091
3663919,365,low,high,ambient,alcoholic beverages,1.2397260273972603
367981,365,low,high,dry,coffee/tea/hot drinks,1.8421052631578947
367987,60,medium,high,frozen,wraps/kebab frozen,2.2151898734177213
367989,365,low,high,dry,coffee/tea/hot drinks,2.1604938271604937
367990,60,medium,high,frozen,processed meat frozen,1.9444444444444444
367991,60,medium,high,frozen,sandwiches frozen,1.9886363636363635
367995,365,low,high,dry,coffee/tea/hot drinks,2.464788732394366
368001,365,low,high,ambient,soft drinks,3.0526315789473686
368006,7,medium,high,refrigerated,fresh juice/smoothie,4.324324324324325
368007,365,low,high,ambient,soft drinks,2.636363636363636
368015,365,low,high,dry,coffee/tea/hot drinks,2.761904761904762
368017,365,low,high,ambient,confectionery,3.0526315789473686
368018,365,low,high,ambient,confectionery,2.4857142857142858
368019,365,low,high,ambient,confectionery,2.3026315789473686
368020,365,low,high,ambient,confectionery,2.243589743589744
368021,365,low,high,ambient,confectionery,2.108433734939759
368025,365,low,high,ambient,alcoholic beverages,4.435897435897436
3694655,60,medium,high,frozen,sandwiches frozen,10.0
3698044,3,medium,medium,refrigerated,pastries fresh,3.591836734693877
3698054,365,low,high,dry,coffee/tea/hot drinks,5.225806451612903
370694,180,low,high,ambient,shelf-stable snacks,1.1257861635220126
3720028,365,low,high,ambient,alcoholic beverages,22.666666666666668
3726572,365,low,high,dry,coffee/tea/hot drinks,14.25
373139,1,high,high,refrigerated,wraps/kebab fresh,1.103658536585366
373140,2,high,high,refrigerated,meat fresh,2.4788732394366195
373141,1,high,high,refrigerated,wraps/kebab fresh,3.1403508771929824
373154,60,medium,high,frozen,sandwiches frozen,3.6666666666666665
373155,60,medium,high,frozen,sandwiches frozen,2.4657534246575343
373159,1,high,high,refrigerated,sandwiches fresh,2.324675324675325
373161,365,low,high,dry,coffee/tea/hot drinks,1.3021582733812949
373162,365,low,high,dry,coffee/tea/hot drinks,1.3953488372093024
373182,3,high,high,refrigerated,fresh salads/vegetables,1.2147651006711409
373192,2,high,high,refrigerated,fresh pizza,2.5217391304347827
373197,2,high,high,refrigerated,fresh pizza,3.4423076923076925
373226,1,high,high,refrigerated,sandwiches fresh,2.108433734939759
373230,90,medium,high,frozen,meat frozen,3.977272727272727
3735221,90,medium,high,frozen,meat frozen,10.6
3740152,60,medium,high,frozen,processed meat frozen,4.461538461538462
3740154,60,medium,high,frozen,sandwiches frozen,27.5
3740155,365,low,high,dry,coffee/tea/hot drinks,5.117647058823529
3740157,365,low,high,dry,coffee/tea/hot drinks,8.380952380952381
3740158,60,medium,high,frozen,wraps/kebab frozen,5.4375
3740159,60,medium,high,frozen,sandwiches frozen,31.2
3740160,60,medium,high,frozen,sandwiches frozen,10.75
3740161,1,high,medium,refrigerated,ready-to-eat meals,22.0
3740162,365,low,high,ambient,soft drinks,2.626865671641791
3740164,365,low,high,dry,coffee/tea/hot drinks,4.35
3740165,365,low,high,dry,coffee/tea/hot drinks,999.0
3740166,365,low,high,dry,coffee/tea/hot drinks,999.0
3746566,7,medium,high,refrigerated,dairy/eggs,999.0
3749210,7,low,high,dry,bread products,12.444444444444445
3749239,7,low,high,dry,bread products,5.875
3749261,7,low,high,dry,bread products,10.071428571428571
3749294,7,low,high,dry,bread products,12.6
3749311,7,low,high,dry,bread products,9.846153846153848
3749334,3,medium,high,refrigerated,bread fresh,4.2
3749341,7,low,high,dry,bread products,9.307692307692308
3749361,7,low,high,dry,bread products,9.23076923076923
3749385,7,low,high,dry,bread products,12.555555555555555
378243,365,low,high,ambient,soft drinks,2.3835616438356166
378245,365,low,high,ambient,soft drinks,1.2746478873239435
378246,365,low,high,ambient,soft drinks,2.982456140350877
3790608,90,medium,high,frozen,pizza (frozen/long shelf),6.727272727272728
3790615,90,medium,high,frozen,pizza (frozen/long shelf),9.764705882352942
3790617,90,medium,high,frozen,pizza (frozen/long shelf),12.0
3790622,2,high,high,refrigerated,fresh pizza,2.734375
3790623,90,medium,high,frozen,pizza (frozen/long shelf),8.933333333333334
3790624,365,low,high,ambient,alcoholic beverages,13.923076923076923
3790626,365,low,high,ambient,soft drinks,4.5
3790645,2,high,high,refrigerated,fresh pizza,2.661764705882353
3790646,90,medium,high,frozen,pizza (frozen/long shelf),12.538461538461538
3790654,90,medium,high,frozen,pizza (frozen/long shelf),9.428571428571429
3790665,365,low,high,ambient,alcoholic beverages,2.7384615384615385
3790666,365,low,high,ambient,alcoholic beverages,8.444444444444445
3790673,60,medium,high,frozen,sandwiches frozen,5.484848484848484
3790675,60,medium,high,frozen,sandwiches frozen,10.8
3790678,60,medium,high,frozen,sandwiches frozen,9.055555555555555
3790683,365,low,high,dry,coffee/tea/hot drinks,3.866666666666666
3790684,365,low,high,dry,coffee/tea/hot drinks,5.142857142857143
3790685,90,medium,high,frozen,meat frozen,6.296296296296297
3790686,60,medium,high,frozen,wraps/kebab frozen,5.0
3790702,365,low,high,ambient,soft drinks,5.303030303030303
3798876,365,low,high,ambient,alcoholic beverages,999.0
3804955,60,medium,medium,frozen,pasta/rice frozen,17.0
3805007,365,low,high,ambient,soft drinks,136.0
3819232,365,low,high,ambient,alcoholic beverages,4.046511627906977
3822112,365,low,high,ambient,alcoholic beverages,5.548387096774194
382617,60,medium,high,frozen,sandwiches frozen,2.5492957746478875
382618,60,medium,high,frozen,sandwiches frozen,1.7745098039215683
382637,60,medium,high,frozen,sandwiches frozen,2.3552631578947367
382638,60,medium,high,frozen,sandwiches frozen,1.7403846153846154
382639,365,low,high,dry,coffee/tea/hot drinks,2.3866666666666667
382640,365,low,high,dry,coffee/tea/hot drinks,1.989010989010989
382651,365,low,high,dry,coffee/tea/hot drinks,2.5142857142857142
382680,365,low,high,ambient,alcoholic beverages,1.846938775510204
382681,365,low,high,ambient,alcoholic beverages,1.6454545454545455
382682,365,low,high,dry,coffee/tea/hot drinks,2.207317073170732
382683,365,low,high,dry,coffee/tea/hot drinks,1.7075471698113207
382684,365,low,high,ambient,alcoholic beverages,1.5083333333333333
382687,365,low,high,dry,coffee/tea/hot drinks,1.6306306306306306
382688,365,low,high,dry,coffee/tea/hot drinks,1.691588785046729
382691,60,medium,high,frozen,processed meat frozen,1.7403846153846154
382695,365,low,high,dry,coffee/tea/hot drinks,1.5210084033613445
382696,365,low,high,dry,coffee/tea/hot drinks,1.6605504587155964
382697,365,low,high,ambient,alcoholic beverages,1.6306306306306306
382698,365,low,high,ambient,alcoholic beverages,1.6306306306306306
382704,365,low,high,dry,coffee/tea/hot drinks,1.5603448275862069
382709,90,medium,high,frozen,meat frozen,2.701492537313433
382710,365,low,high,dry,coffee/tea/hot drinks,2.418918918918919
382712,60,medium,high,frozen,wraps/kebab frozen,2.182926829268293
382716,90,low,high,frozen,frozen fried items,2.418918918918919
382726,365,low,high,ambient,soft drinks,1.4958677685950412
382727,365,low,high,ambient,soft drinks,2.1686746987951806
382734,365,low,high,dry,coffee/tea/hot drinks,1.7075471698113207
3845921,365,low,high,dry,coffee/tea/hot drinks,1.865979381443299
384616,60,medium,high,frozen,processed meat frozen,1.6306306306306306
385481,7,low,high,dry,bread products,2.9344262295081966
3865156,365,low,high,dry,coffee/tea/hot drinks,2.424657534246576
386688,180,low,high,ambient,shelf-stable snacks,1.0284090909090908
3891338,180,low,high,ambient,shelf-stable snacks,5.40625
390474,2,high,high,refrigerated,meat fresh,1.1528662420382163
390475,90,low,high,frozen,frozen fried items,1.2482758620689656
390476,2,high,high,refrigerated,meat fresh,1.1329113924050631
390481,365,low,high,dry,coffee/tea/hot drinks,1.3609022556390975
390492,365,low,high,dry,coffee/tea/hot drinks,1.3533834586466165
390494,1,high,high,refrigerated,seafood fresh,1.5210084033613445
390495,2,high,high,refrigerated,meat fresh,1.836734693877551
390496,2,high,high,refrigerated,meat fresh,1.117283950617284
390500,2,high,high,refrigerated,meat fresh,1.432
390504,2,high,high,refrigerated,meat fresh,1.845360824742268
390507,2,high,high,refrigerated,meat fresh,1.6886792452830188
390508,2,high,high,refrigerated,meat fresh,2.0804597701149423
390512,2,high,high,refrigerated,meat fresh,1.3407407407407408
390523,2,high,high,refrigerated,meat fresh,1.381679389312977
390524,2,high,high,refrigerated,meat fresh,1.052325581395349
390528,2,high,high,refrigerated,meat fresh,1.818181818181818
390532,2,high,high,refrigerated,meat fresh,1.222972972972973
390534,2,medium,medium,refrigerated,pasta/rice fresh,1.846938775510204
390550,365,low,high,ambient,soft drinks,1.1688311688311688
390551,365,low,high,ambient,soft drinks,1.0710059171597632
390947,365,low,high,dry,coffee/tea/hot drinks,1.6822429906542056
3941890,60,medium,high,frozen,seafood frozen,2.0
3941936,60,medium,high,frozen,seafood frozen,6.727272727272728
3942060,1,high,high,refrigerated,seafood fresh,8.0
3942062,60,medium,high,frozen,seafood frozen,6.178571428571429
3942067,60,medium,high,frozen,seafood frozen,3.196428571428572
3942076,60,medium,high,frozen,seafood frozen,6.653846153846154
3942083,60,medium,high,frozen,seafood frozen,4.186046511627907
3942094,60,medium,high,frozen,seafood frozen,15.555555555555555
3942129,365,low,high,dry,coffee/tea/hot drinks,999.0
3942162,365,low,high,dry,coffee/tea/hot drinks,999.0
3974960,60,medium,high,frozen,seafood frozen,999.0
3976145,365,low,high,dry,coffee/tea/hot drinks,2.4657534246575343
398675,365,low,high,ambient,alcoholic beverages,2.5294117647058822
398684,365,low,high,ambient,soft drinks,2.1604938271604937
4029942,2,high,high,refrigerated,fresh pizza,2.3506493506493507
4029943,2,high,high,refrigerated,fresh pizza,1.7475728155339805
4029944,90,medium,high,frozen,pizza (frozen/long shelf),6.206896551724138
4029945,2,high,high,refrigerated,fresh pizza,2.9344262295081966
4029946,2,high,high,refrigerated,fresh pizza,1.3333333333333333
4029947,90,medium,high,frozen,pizza (frozen/long shelf),5.827586206896552
4029948,90,medium,high,frozen,pizza (frozen/long shelf),3.8260869565217392
4029949,2,high,high,refrigerated,fresh pizza,3.086206896551724
4029951,90,medium,high,frozen,pizza (frozen/long shelf),4.756756756756757
4029955,90,medium,high,frozen,pizza (frozen/long shelf),4.285714285714286
4029957,2,high,high,refrigerated,fresh pizza,1.875
4029958,90,medium,high,frozen,pizza (frozen/long shelf),5.65625
4029959,2,high,high,refrigerated,fresh pizza,1.946236559139785
4029960,90,medium,high,frozen,pizza (frozen/long shelf),5.6
4029961,2,high,high,refrigerated,fresh pizza,2.0930232558139537
4029963,90,medium,high,frozen,pizza (frozen/long shelf),3.847826086956522
4029964,2,high,high,refrigerated,fresh pizza,3.0508474576271185
4029965,2,high,high,refrigerated,fresh pizza,1.124223602484472
4029966,90,medium,high,frozen,pizza (frozen/long shelf),4.425
4029967,90,medium,high,frozen,pizza (frozen/long shelf),4.414634146341464
4029969,90,medium,high,frozen,meat frozen,3.866666666666666
4029971,1,high,high,refrigerated,wraps/kebab fresh,1.1830065359477124
4029972,60,medium,high,frozen,wraps/kebab frozen,5.806451612903226
4029974,2,high,high,refrigerated,fresh pizza,1.1383647798742138
4043070,365,low,high,dry,coffee/tea/hot drinks,1.4031007751937985
4043586,365,low,high,dry,coffee/tea/hot drinks,1.052325581395349
404480,90,medium,high,frozen,pizza (frozen/long shelf),7.863636363636363
404491,90,medium,high,frozen,pizza (frozen/long shelf),3.844444444444445
404498,90,medium,high,frozen,pizza (frozen/long shelf),14.416666666666666
404500,60,medium,medium,frozen,pasta/rice frozen,7.777777777777778
404507,365,low,high,ambient,alcoholic beverages,9.8125
405225,2,high,high,refrigerated,fresh pizza,1.76
405232,1,high,high,refrigerated,wraps/kebab fresh,1.7857142857142858
405241,2,high,high,refrigerated,fresh pizza,1.7087378640776698
405242,90,medium,high,frozen,meat frozen,3.977272727272727
4079746,365,low,high,dry,coffee/tea/hot drinks,999.0
4079856,60,medium,medium,frozen,pasta/rice frozen,45.5
4100520,7,low,high,dry,bread products,9.210526315789474
4153747,90,low,medium,frozen,soup frozen,5.5
4153812,30,low,medium,dry,pastries shelf-stable,56.0
4153830,1,high,medium,refrigerated,ready-to-eat meals,999.0
4153887,60,medium,high,frozen,seafood frozen,59.5
4153902,90,low,high,frozen,frozen fried items,23.0
4153935,365,low,high,ambient,alcoholic beverages,5.0
4153944,365,low,high,ambient,alcoholic beverages,4.971428571428572
4153954,365,low,high,ambient,alcoholic beverages,5.612903225806452
4153970,365,low,high,ambient,alcoholic beverages,6.296296296296297
4154007,365,low,high,ambient,alcoholic beverages,11.533333333333331
4154015,365,low,high,ambient,alcoholic beverages,13.461538461538462
4154019,30,low,medium,dry,pastries shelf-stable,6.64
4154036,365,low,high,dry,coffee/tea/hot drinks,7.291666666666667
4154087,365,low,high,dry,coffee/tea/hot drinks,15.363636363636363
4154340,365,low,high,ambient,soft drinks,2.25
4154591,7,low,high,dry,bread products,6.461538461538462
4154599,7,low,high,dry,bread products,5.303030303030303
4154640,60,medium,high,frozen,sandwiches frozen,14.818181818181818
416610,365,low,high,ambient,soft drinks,2.1204819277108435
416611,365,low,high,ambient,soft drinks,8.65
416893,365,low,high,ambient,confectionery,2.108433734939759
4232604,365,low,high,dry,coffee/tea/hot drinks,8.0
423306,14,medium,high,refrigerated,sauces/condiments,2.8095238095238093
425406,14,medium,high,refrigerated,sauces/condiments,1.543859649122807
426049,365,low,high,ambient,alcoholic beverages,2.646153846153846
429066,1,high,medium,refrigerated,ready-to-eat meals,3.0357142857142856
429067,60,medium,high,frozen,sandwiches frozen,4.594594594594595
429077,365,low,high,dry,coffee/tea/hot drinks,3.733333333333333
429078,60,medium,high,frozen,sandwiches frozen,6.214285714285714
429081,365,low,high,dry,coffee/tea/hot drinks,8.095238095238095
429088,90,medium,high,frozen,meat frozen,3.617021276595745
429089,1,high,medium,refrigerated,ready-to-eat meals,15.272727272727272
429090,365,low,high,ambient,soft drinks,2.8524590163934427
429092,90,medium,high,frozen,meat frozen,5.34375
429094,365,low,high,dry,coffee/tea/hot drinks,11.2
429097,7,medium,high,refrigerated,fresh juice/smoothie,9.27777777777778
429101,365,low,high,ambient,alcoholic beverages,12.071428571428571
429104,365,low,high,ambient,alcoholic beverages,10.375
429105,365,low,high,ambient,alcoholic beverages,5.03125
429106,365,low,high,ambient,alcoholic beverages,8.05
429107,365,low,high,ambient,alcoholic beverages,5.689655172413793
429108,365,low,high,dry,coffee/tea/hot drinks,7.590909090909091
429168,365,low,high,ambient,alcoholic beverages,1.0
429169,365,low,high,ambient,alcoholic beverages,1.691588785046729
429170,365,low,high,ambient,soft drinks,1.0402298850574712
429175,365,low,high,ambient,alcoholic beverages,2.142857142857143
429176,365,low,high,ambient,alcoholic beverages,4.648648648648648
429183,365,low,high,ambient,alcoholic beverages,1.0342857142857145
429188,365,low,high,ambient,alcoholic beverages,1.1401273885350318
429190,2,high,high,refrigerated,meat fresh,1.4126984126984128
429199,365,low,high,ambient,alcoholic beverages,11.923076923076923
429204,365,low,high,ambient,alcoholic beverages,4.972222222222222
429224,90,medium,high,frozen,pizza (frozen/long shelf),41.333333333333336
429228,90,medium,high,frozen,pizza (frozen/long shelf),10.76923076923077
429238,90,medium,high,frozen,pizza (frozen/long shelf),26.33333333333333
429309,60,medium,high,frozen,wraps/kebab frozen,27.83333333333333
429311,2,high,high,refrigerated,meat fresh,6.25
429312,365,low,high,dry,coffee/tea/hot drinks,5.294117647058823
429322,60,medium,high,frozen,wraps/kebab frozen,5.0285714285714285
429323,90,medium,high,frozen,meat frozen,21.5
4293598,365,low,high,ambient,alcoholic beverages,7.333333333333333
429643,365,low,high,ambient,alcoholic beverages,1.0284090909090908
429645,365,low,high,ambient,alcoholic beverages,1.0055555555555555
429646,365,low,high,ambient,alcoholic beverages,1.0055555555555555
429647,365,low,high,ambient,alcoholic beverages,1.011173184357542
429649,7,medium,high,refrigerated,fresh juice/smoothie,1.8854166666666667
429655,365,low,high,ambient,alcoholic beverages,999.0
429661,365,low,high,ambient,alcoholic beverages,2.1294117647058823
429690,180,low,high,ambient,shelf-stable snacks,4.885714285714286
429691,90,medium,high,frozen,meat frozen,8.227272727272727
429692,180,low,high,ambient,shelf-stable snacks,10.411764705882351
429695,60,medium,high,frozen,sandwiches frozen,5.592592592592593
429697,60,medium,high,frozen,sandwiches frozen,4.3
429804,365,low,high,ambient,alcoholic beverages,9.22222222222222
429817,365,low,high,ambient,alcoholic beverages,4.275
429827,365,low,high,ambient,alcoholic beverages,4.7631578947368425
430968,365,low,high,dry,coffee/tea/hot drinks,36.75
430970,365,low,high,ambient,alcoholic beverages,5.8
430971,365,low,high,ambient,alcoholic beverages,15.875
430972,365,low,high,ambient,alcoholic beverages,31.75
430973,365,low,high,ambient,alcoholic beverages,19.25
430974,365,low,high,dry,coffee/tea/hot drinks,137.0
430975,365,low,high,dry,coffee/tea/hot drinks,63.0
430979,365,low,high,ambient,alcoholic beverages,88.0
430986,1,high,medium,refrigerated,ready-to-eat meals,999.0
430988,1,high,medium,refrigerated,ready-to-eat meals,999.0
430989,30,low,medium,dry,pastries shelf-stable,999.0
431007,365,low,high,dry,coffee/tea/hot drinks,48.0
431014,7,low,high,dry,bread products,34.5
431015,14,medium,high,refrigerated,cheese,999.0
431030,365,low,high,dry,coffee/tea/hot drinks,999.0
431056,365,low,high,ambient,confectionery,9.733333333333333
431059,180,low,high,ambient,shelf-stable snacks,13.25
431131,1,high,medium,refrigerated,ready-to-eat meals,16.8
431373,365,low,high,dry,coffee/tea/hot drinks,33.25
431374,365,low,high,dry,coffee/tea/hot drinks,12.538461538461538
433945,60,medium,medium,frozen,pasta/rice frozen,3.087719298245614
434045,60,medium,high,frozen,wraps/kebab frozen,5.6923076923076925
434056,365,low,high,dry,coffee/tea/hot drinks,7.5
434057,365,low,high,dry,coffee/tea/hot drinks,2.9615384615384617
435950,60,medium,medium,frozen,pasta/rice frozen,10.066666666666666
436333,90,medium,high,frozen,meat frozen,4.675675675675675
436334,365,low,high,ambient,alcoholic beverages,1.4031007751937985
436335,2,high,high,refrigerated,meat fresh,2.011111111111111
436336,365,low,high,dry,coffee/tea/hot drinks,6.241379310344827
436341,90,medium,high,frozen,meat frozen,20.75
436342,90,medium,high,frozen,meat frozen,5.586206896551724
436343,90,medium,high,frozen,meat frozen,10.666666666666666
436344,90,medium,high,frozen,meat frozen,999.0
436345,2,high,high,refrigerated,meat fresh,1.4596774193548387
436346,90,medium,high,frozen,meat frozen,2.742424242424242
436347,2,high,high,refrigerated,meat fresh,3.4615384615384617
436348,365,low,high,dry,coffee/tea/hot drinks,999.0
436349,90,medium,high,frozen,meat frozen,74.5
436350,90,medium,high,frozen,meat frozen,14.363636363636363
436351,90,medium,high,frozen,meat frozen,10.5
436353,90,medium,high,frozen,meat frozen,21.857142857142858
436358,2,high,high,refrigerated,meat fresh,2.4444444444444446
436359,365,low,high,dry,coffee/tea/hot drinks,22.0
436363,90,medium,high,frozen,meat frozen,156.0
436364,365,low,high,dry,coffee/tea/hot drinks,999.0
4364789,180,low,high,ambient,shelf-stable snacks,1.3953488372093024
4364827,365,low,high,ambient,alcoholic beverages,1.651376146788991
4364852,365,low,high,ambient,alcoholic beverages,1.6363636363636365
4372563,1,high,high,refrigerated,sandwiches fresh,3.3653846153846154
437681,365,low,high,ambient,alcoholic beverages,1.3507462686567164
437682,365,low,high,ambient,alcoholic beverages,1.2746478873239435
437683,365,low,high,ambient,alcoholic beverages,2.5492957746478875
437700,365,low,high,ambient,alcoholic beverages,2.380281690140845
437701,365,low,high,ambient,alcoholic beverages,2.180722891566265
437702,365,low,high,ambient,alcoholic beverages,2.1951219512195124
437703,365,low,high,ambient,alcoholic beverages,117.0
437707,365,low,high,ambient,alcoholic beverages,1.381679389312977
437708,365,low,high,ambient,alcoholic beverages,9.0
437713,365,low,high,ambient,alcoholic beverages,80.5
437717,365,low,high,ambient,alcoholic beverages,4.5
437722,365,low,high,ambient,alcoholic beverages,999.0
437723,365,low,high,dry,coffee/tea/hot drinks,9.5625
437724,365,low,high,dry,coffee/tea/hot drinks,999.0
437727,1,high,medium,refrigerated,ready-to-eat meals,5.147058823529412
437728,7,low,high,dry,bread products,4.72972972972973
437729,30,low,medium,dry,pastries shelf-stable,8.7
437730,365,low,high,dry,coffee/tea/hot drinks,4.72972972972973
437731,365,low,high,dry,coffee/tea/hot drinks,4.069767441860465
437732,365,low,high,dry,coffee/tea/hot drinks,20.83333333333333
437733,365,low,high,dry,coffee/tea/hot drinks,5.46875
437736,3,medium,high,refrigerated,bread fresh,3.6
437737,3,medium,high,refrigerated,bread fresh,3.6
437738,60,medium,high,frozen,sandwiches frozen,5.966666666666667
437739,3,medium,medium,refrigerated,pastries fresh,3.5454545454545454
437740,365,low,high,dry,coffee/tea/hot drinks,6.769230769230769
437741,365,low,high,dry,coffee/tea/hot drinks,5.424242424242424
437742,365,low,high,ambient,soft drinks,5.176470588235294
437744,365,low,high,ambient,alcoholic beverages,5.333333333333333
437746,365,low,high,dry,coffee/tea/hot drinks,5.114285714285714
437747,30,low,medium,dry,pastries shelf-stable,5.5
440045,90,medium,high,frozen,pizza (frozen/long shelf),10.0
440047,90,medium,high,frozen,pizza (frozen/long shelf),15.285714285714286
440048,90,medium,high,frozen,pizza (frozen/long shelf),39.333333333333336
444490,90,medium,high,frozen,pizza (frozen/long shelf),4.785714285714286
444494,90,medium,high,frozen,pizza (frozen/long shelf),7.615384615384615
444496,90,medium,high,frozen,pizza (frozen/long shelf),5.230769230769231
444504,90,medium,high,frozen,pizza (frozen/long shelf),2.333333333333333
444506,2,medium,medium,refrigerated,pasta/rice fresh,3.210526315789474
444511,365,low,high,ambient,soft drinks,3.347826086956522
4447234,365,low,high,ambient,alcoholic beverages,4.7631578947368425
445131,7,medium,high,refrigerated,dairy/eggs,45.5
445254,365,low,high,dry,coffee/tea/hot drinks,1.125
446024,1,high,medium,refrigerated,ready-to-eat meals,9.333333333333334
446282,365,low,high,dry,coffee/tea/hot drinks,4.186046511627907
446283,14,medium,high,refrigerated,cheese,12.083333333333334
446284,90,medium,high,frozen,meat frozen,16.09090909090909
446286,14,medium,high,refrigerated,cheese,11.733333333333333
446287,14,medium,high,refrigerated,cheese,9.5
446289,365,low,high,dry,coffee/tea/hot drinks,4.2
446290,90,low,high,frozen,frozen fried items,14.666666666666666
446294,365,low,high,dry,coffee/tea/hot drinks,35.0
446296,365,low,high,ambient,soft drinks,6.0
446297,7,medium,high,refrigerated,fresh juice/smoothie,14.583333333333334
446298,90,medium,high,frozen,meat frozen,6.807692307692308
446299,365,low,high,ambient,soft drinks,3.4150943396226414
446300,365,low,high,ambient,soft drinks,5.181818181818182
446302,365,low,high,ambient,alcoholic beverages,28.0
446303,365,low,high,ambient,alcoholic beverages,3.4150943396226414
446304,365,low,high,ambient,alcoholic beverages,5.363636363636363
446305,365,low,high,ambient,alcoholic beverages,9.05
446309,365,low,high,dry,coffee/tea/hot drinks,32.5
446318,60,medium,high,frozen,seafood frozen,999.0
446484,365,low,high,dry,coffee/tea/hot drinks,14.6
446486,365,low,high,dry,coffee/tea/hot drinks,11.214285714285714
446493,365,low,high,dry,coffee/tea/hot drinks,3.207547169811321
446498,365,low,high,dry,coffee/tea/hot drinks,6.684210526315789
446499,365,low,high,dry,coffee/tea/hot drinks,6.16
446500,365,low,high,dry,coffee/tea/hot drinks,4.714285714285714
446501,365,low,high,dry,coffee/tea/hot drinks,2.508196721311476
446502,365,low,high,dry,coffee/tea/hot drinks,12.916666666666666
446506,365,low,high,dry,coffee/tea/hot drinks,23.5
446507,365,low,high,dry,coffee/tea/hot drinks,5.7
446526,60,medium,medium,frozen,pasta/rice frozen,5.129032258064516
446533,60,medium,medium,frozen,pasta/rice frozen,1.9659090909090908
446534,60,medium,medium,frozen,pasta/rice frozen,3.313725490196078
446561,7,low,high,dry,bread products,6.222222222222222
446562,7,low,high,dry,bread products,2.1625
446564,30,low,medium,dry,pastries shelf-stable,2.7454545454545456
446565,90,low,medium,frozen,soup frozen,11.384615384615383
446648,60,medium,high,frozen,seafood frozen,43.0
446650,3,high,high,refrigerated,fresh salads/vegetables,43.0
446698,60,medium,high,frozen,seafood frozen,999.0
446709,365,low,high,dry,coffee/tea/hot drinks,999.0
446721,365,low,high,dry,coffee/tea/hot drinks,999.0
447027,365,low,high,dry,coffee/tea/hot drinks,1.371212121212121
447036,365,low,high,dry,coffee/tea/hot drinks,1.175324675324675
447051,365,low,high,dry,coffee/tea/hot drinks,1.6306306306306306
447550,365,low,high,dry,coffee/tea/hot drinks,2.2253521126760565
447557,1,high,high,refrigerated,wraps/kebab fresh,2.1066666666666665
447564,90,medium,high,frozen,meat frozen,4.787878787878788
448433,365,low,high,dry,coffee/tea/hot drinks,3.591836734693877
448434,365,low,high,dry,coffee/tea/hot drinks,3.6666666666666665
448435,365,low,high,dry,coffee/tea/hot drinks,3.6666666666666665
448436,365,low,high,dry,coffee/tea/hot drinks,3.74468085106383
448438,365,low,high,dry,coffee/tea/hot drinks,19.375
448440,365,low,high,ambient,soft drinks,4.631578947368421
448441,365,low,high,ambient,soft drinks,5.333333333333333
448442,365,low,high,ambient,alcoholic beverages,5.117647058823529
448443,365,low,high,ambient,alcoholic beverages,6.068965517241379
448444,60,medium,high,frozen,sandwiches frozen,6.461538461538462
448445,365,low,high,dry,coffee/tea/hot drinks,9.0
448446,365,low,high,dry,coffee/tea/hot drinks,4.54054054054054
448448,365,low,high,dry,coffee/tea/hot drinks,6.444444444444445
448449,365,low,high,dry,coffee/tea/hot drinks,4.888888888888889
448456,365,low,high,dry,coffee/tea/hot drinks,40.25
448457,90,medium,high,frozen,meat frozen,10.9375
448458,365,low,high,ambient,alcoholic beverages,30.8
448459,90,medium,high,frozen,meat frozen,19.25
448460,90,medium,high,frozen,meat frozen,43.75
448461,365,low,high,dry,coffee/tea/hot drinks,11.666666666666666
448464,365,low,high,ambient,alcoholic beverages,28.0
448465,60,medium,high,frozen,sandwiches frozen,999.0
448466,60,medium,high,frozen,sandwiches frozen,999.0
448467,60,medium,high,frozen,sandwiches frozen,999.0
448469,60,medium,high,frozen,sandwiches frozen,999.0
448470,60,medium,high,frozen,sandwiches frozen,999.0
448475,90,low,high,frozen,frozen fried items,15.75
448476,365,low,high,dry,coffee/tea/hot drinks,49.0
448479,365,low,high,ambient,alcoholic beverages,16.333333333333332
448480,365,low,high,ambient,alcoholic beverages,51.333333333333336
448514,90,medium,high,frozen,meat frozen,52.5
448623,365,low,high,ambient,alcoholic beverages,5.448275862068965
448905,365,low,high,dry,coffee/tea/hot drinks,43.0
448915,365,low,high,ambient,alcoholic beverages,999.0
448933,1,high,medium,refrigerated,ready-to-eat meals,999.0
448934,365,low,high,dry,coffee/tea/hot drinks,999.0
448946,365,low,high,dry,coffee/tea/hot drinks,10.5
448947,365,low,high,dry,coffee/tea/hot drinks,6.5
448972,365,low,high,dry,coffee/tea/hot drinks,9.5
448973,365,low,high,dry,coffee/tea/hot drinks,43.5
449199,90,medium,high,frozen,pizza (frozen/long shelf),14.0
449489,365,low,high,ambient,alcoholic beverages,2.255813953488372
449490,365,low,high,ambient,alcoholic beverages,4.619047619047619
449491,365,low,high,ambient,alcoholic beverages,2.365853658536585
449492,365,low,high,dry,coffee/tea/hot drinks,2.526315789473684
449495,365,low,high,dry,coffee/tea/hot drinks,2.771428571428572
449497,60,medium,high,frozen,processed meat frozen,2.6944444444444446
449498,365,low,high,dry,coffee/tea/hot drinks,2.317073170731707
449502,365,low,high,ambient,alcoholic beverages,4.363636363636363
449519,60,medium,high,frozen,processed meat frozen,2.365853658536585
449545,7,low,high,dry,bread products,2.255813953488372
449548,3,medium,high,refrigerated,bread fresh,3.3043478260869565
449554,60,medium,high,frozen,sandwiches frozen,3.2333333333333334
449555,60,medium,high,frozen,sandwiches frozen,3.129032258064516
449557,60,medium,high,frozen,sandwiches frozen,2.4871794871794872
449589,90,medium,high,frozen,meat frozen,3.88
449590,90,medium,high,frozen,meat frozen,2.742857142857143
449592,60,medium,high,frozen,wraps/kebab frozen,3.4642857142857144
449597,365,low,high,dry,coffee/tea/hot drinks,3.392857142857143
449603,14,medium,high,refrigerated,sauces/condiments,2.5526315789473686
449818,3,medium,high,refrigerated,bread fresh,3.4150943396226414
450323,365,low,high,dry,coffee/tea/hot drinks,999.0
450778,3,medium,high,refrigerated,bread fresh,3.351851851851852
450781,3,medium,high,refrigerated,bread fresh,2.701492537313433
450782,3,medium,high,refrigerated,bread fresh,2.9672131147540983
450783,3,medium,high,refrigerated,bread fresh,3.7708333333333335
450788,3,medium,high,refrigerated,bread fresh,3.290909090909091
450789,3,medium,high,refrigerated,bread fresh,2.7846153846153845
450795,30,low,medium,dry,pastries shelf-stable,3.934782608695652
450796,365,low,high,dry,coffee/tea/hot drinks,4.209302325581396
450816,3,medium,medium,refrigerated,pastries fresh,3.7708333333333335
450821,30,low,medium,dry,pastries shelf-stable,6.285714285714286
450823,3,medium,medium,refrigerated,pastries fresh,3.2
450824,3,medium,medium,refrigerated,pastries fresh,3.067796610169492
450827,365,low,high,dry,coffee/tea/hot drinks,4.090909090909091
450836,60,medium,high,frozen,sandwiches frozen,5.323529411764706
450864,30,low,medium,dry,pastries shelf-stable,9.5
450901,7,low,high,dry,bread products,10.9375
451164,365,low,high,ambient,alcoholic beverages,7.2
451170,365,low,high,ambient,soft drinks,11.6
452442,365,low,high,ambient,soft drinks,9.764705882352942
453713,2,high,high,refrigerated,meat fresh,1.84375
453714,1,high,medium,refrigerated,ready-to-eat meals,2.391891891891892
453715,2,high,high,refrigerated,meat fresh,2.3506493506493507
453720,1,high,medium,refrigerated,ready-to-eat meals,2.7846153846153845
453721,1,high,medium,refrigerated,ready-to-eat meals,17.5
454354,365,low,high,ambient,alcoholic beverages,999.0
4545406,90,medium,high,frozen,meat frozen,999.0
455961,365,low,high,ambient,soft drinks,2.4307692307692306
456012,2,high,high,refrigerated,meat fresh,1.988888888888889
456030,2,high,high,refrigerated,fresh pizza,1.3211678832116789
456060,2,high,high,refrigerated,fresh pizza,2.01123595505618
456087,2,high,high,refrigerated,fresh pizza,1.4793388429752066
456091,2,high,high,refrigerated,fresh pizza,1.6160714285714286
456173,365,low,high,dry,coffee/tea/hot drinks,1.222972972972973
456198,1,high,high,refrigerated,wraps/kebab fresh,2.02247191011236
456209,365,low,high,ambient,alcoholic beverages,1.5739130434782609
456231,90,low,high,frozen,frozen fried items,2.3205128205128207
456261,2,high,high,refrigerated,meat fresh,2.144578313253012
456324,365,low,high,ambient,alcoholic beverages,1.565217391304348
456325,365,low,high,ambient,soft drinks,2.919354838709677
459172,3,medium,high,refrigerated,bread fresh,4.2926829268292686
459179,14,medium,high,refrigerated,cheese,4.4
459229,365,low,high,ambient,alcoholic beverages,2.75
459230,365,low,high,ambient,alcoholic beverages,3.6
459631,365,low,high,dry,coffee/tea/hot drinks,3.2641509433962264
459914,365,low,high,ambient,alcoholic beverages,3.63265306122449
459917,3,medium,high,refrigerated,processed meat,4.162790697674419
459922,365,low,high,ambient,alcoholic beverages,4.333333333333333
459923,1,high,high,refrigerated,sandwiches fresh,2.2625
459925,14,medium,high,refrigerated,cheese,1.855670103092784
459928,2,high,high,refrigerated,meat fresh,1.4596774193548387
459929,2,high,high,refrigerated,meat fresh,1.875
459930,1,high,medium,refrigerated,ready-to-eat meals,2.5142857142857142
459931,14,medium,high,refrigerated,cheese,1.8854166666666667
459933,2,high,high,refrigerated,meat fresh,1.2657342657342658
459998,365,low,high,dry,coffee/tea/hot drinks,1.4552845528455285
460000,365,low,high,dry,coffee/tea/hot drinks,1.292857142857143
460041,365,low,high,dry,coffee/tea/hot drinks,1.6306306306306306
4607620,60,medium,high,frozen,sandwiches frozen,5.2727272727272725
4609884,60,medium,high,frozen,seafood frozen,2.034090909090909
4609921,60,medium,high,frozen,seafood frozen,2.02247191011236
461034,60,medium,high,frozen,sandwiches frozen,1.5789473684210529
461036,365,low,high,dry,coffee/tea/hot drinks,3.30188679245283
461043,7,low,high,dry,bread products,1.5789473684210529
461047,60,medium,high,frozen,seafood frozen,1.7307692307692308
461049,60,medium,high,frozen,seafood frozen,2.7777777777777777
461050,1,high,medium,refrigerated,ready-to-eat meals,1.6216216216216215
461054,1,high,medium,refrigerated,ready-to-eat meals,2.5
461055,365,low,high,dry,coffee/tea/hot drinks,9.77777777777778
461056,365,low,high,ambient,soft drinks,1.845360824742268
461062,60,medium,medium,frozen,pasta/rice frozen,2.535211267605634
461063,3,high,high,refrigerated,fresh salads/vegetables,10.090909090909092
461068,7,medium,high,refrigerated,dairy/eggs,18.375
461069,7,medium,high,refrigerated,dairy/eggs,10.75
461071,3,high,high,refrigerated,fresh salads/vegetables,1.5
4610949,365,low,high,dry,coffee/tea/hot drinks,3.109090909090909
461254,365,low,high,ambient,alcoholic beverages,999.0
463123,3,medium,medium,refrigerated,pastries fresh,2.466666666666667
463127,3,medium,medium,refrigerated,pastries fresh,2.571428571428572
463146,180,low,high,ambient,shelf-stable snacks,2.769230769230769
463168,365,low,high,dry,coffee/tea/hot drinks,2.571428571428572
463176,365,low,high,dry,coffee/tea/hot drinks,2.769230769230769
464118,365,low,high,ambient,alcoholic beverages,2.2658227848101267
464119,365,low,high,ambient,alcoholic beverages,6.96
464120,365,low,high,ambient,alcoholic beverages,16.625
464121,365,low,high,ambient,alcoholic beverages,5.833333333333333
464126,365,low,high,ambient,alcoholic beverages,3.0338983050847457
464128,365,low,high,ambient,alcoholic beverages,31.6
464129,365,low,high,ambient,alcoholic beverages,999.0
464130,365,low,high,dry,coffee/tea/hot drinks,37.0
464131,365,low,high,ambient,alcoholic beverages,999.0
464133,90,medium,high,frozen,meat frozen,118.0
464138,365,low,high,ambient,alcoholic beverages,14.0
464141,90,medium,high,frozen,meat frozen,11.642857142857142
465791,2,high,high,refrigerated,meat fresh,2.701492537313433
465799,90,medium,high,frozen,meat frozen,5.171428571428572
465819,365,low,high,dry,coffee/tea/hot drinks,5.0
465848,1,high,high,refrigerated,wraps/kebab fresh,2.4794520547945207
465850,60,medium,high,frozen,wraps/kebab frozen,5.323529411764706
4663514,7,low,high,dry,bread products,3.4423076923076925
467615,365,low,high,dry,coffee/tea/hot drinks,3.175438596491228
467616,365,low,high,dry,coffee/tea/hot drinks,2.207317073170732
467630,2,high,high,refrigerated,meat fresh,3.1320754716981134
467633,90,medium,high,frozen,meat frozen,5.516129032258065
467658,1,high,high,refrigerated,sandwiches fresh,2.9672131147540983
467661,90,low,high,frozen,frozen fried items,5.838709677419355
467667,365,low,high,dry,coffee/tea/hot drinks,5.9
468353,7,medium,high,refrigerated,dairy/eggs,9.625
4694181,60,medium,high,frozen,seafood frozen,2.0930232558139537
469951,365,low,high,dry,coffee/tea/hot drinks,999.0
469952,365,low,high,dry,coffee/tea/hot drinks,1.4871794871794872
469954,90,medium,high,frozen,meat frozen,15.0
4701766,365,low,high,dry,coffee/tea/hot drinks,2.02247191011236
4701826,365,low,high,dry,coffee/tea/hot drinks,2.02247191011236
4701847,365,low,high,dry,coffee/tea/hot drinks,2.0
4702016,365,low,high,dry,coffee/tea/hot drinks,2.0689655172413794
4707565,1,high,medium,refrigerated,ready-to-eat meals,1.381679389312977
4707707,3,high,high,refrigerated,fresh salads/vegetables,1.371212121212121
4707719,3,medium,medium,refrigerated,pastries fresh,1.103658536585366
4707720,365,low,high,ambient,confectionery,1.3235294117647058
4707780,365,low,high,ambient,alcoholic beverages,1.2482758620689656
4707804,2,high,high,refrigerated,meat fresh,1.3308823529411764
4708014,365,low,high,dry,coffee/tea/hot drinks,1.547008547008547
4708031,365,low,high,dry,coffee/tea/hot drinks,1.3211678832116789
4708050,365,low,high,dry,coffee/tea/hot drinks,1.103658536585366
4708092,365,low,high,dry,coffee/tea/hot drinks,1.046242774566474
4708120,365,low,high,dry,coffee/tea/hot drinks,1.2657342657342658
4709025,1,high,medium,refrigerated,ready-to-eat meals,20.571428571428573
472959,365,low,high,dry,coffee/tea/hot drinks,6.461538461538462
472960,365,low,high,dry,coffee/tea/hot drinks,4.457142857142857
472961,365,low,high,dry,coffee/tea/hot drinks,3.866666666666666
472975,60,medium,medium,frozen,pasta/rice frozen,4.305555555555555
472979,90,medium,high,frozen,meat frozen,4.0
472985,365,low,high,dry,coffee/tea/hot drinks,11.833333333333334
473065,365,low,high,ambient,alcoholic beverages,11.133333333333333
473080,365,low,high,dry,coffee/tea/hot drinks,17.5
473095,365,low,high,ambient,soft drinks,10.8125
473220,365,low,high,ambient,alcoholic beverages,2.608695652173913
473228,365,low,high,ambient,alcoholic beverages,1.9195402298850568
473233,60,medium,high,frozen,processed meat frozen,2.5
473236,365,low,high,ambient,alcoholic beverages,3.630434782608696
473241,365,low,high,dry,coffee/tea/hot drinks,1.8
473243,60,medium,high,frozen,processed meat frozen,1.855670103092784
473252,365,low,high,ambient,alcoholic beverages,3.7111111111111112
473259,365,low,high,dry,coffee/tea/hot drinks,3.630434782608696
473261,365,low,high,dry,coffee/tea/hot drinks,4.394736842105263
473262,60,medium,high,frozen,processed meat frozen,1.855670103092784
473264,365,low,high,ambient,alcoholic beverages,3.883720930232558
473270,60,medium,high,frozen,sandwiches frozen,2.9833333333333334
473276,60,medium,high,frozen,sandwiches frozen,2.0454545454545454
473280,60,medium,high,frozen,sandwiches frozen,2.3076923076923075
473283,60,medium,high,frozen,sandwiches frozen,4.638888888888889
473286,60,medium,high,frozen,sandwiches frozen,4.757575757575758
473290,60,medium,high,frozen,sandwiches frozen,4.025
473293,60,medium,high,frozen,sandwiches frozen,4.971428571428572
473318,365,low,high,ambient,soft drinks,2.5211267605633805
473328,365,low,high,ambient,alcoholic beverages,3.809523809523809
473329,365,low,high,ambient,soft drinks,1.4140625
473345,14,medium,high,refrigerated,cheese,19.142857142857142
473347,1,high,high,refrigerated,sandwiches fresh,2.4133333333333336
473351,60,medium,high,frozen,sandwiches frozen,3.693877551020408
473356,365,low,high,dry,coffee/tea/hot drinks,2.6129032258064515
473393,365,low,high,ambient,soft drinks,3.975609756097561
473398,365,low,high,ambient,soft drinks,3.75
473400,365,low,high,dry,coffee/tea/hot drinks,1.5739130434782609
473406,90,medium,high,frozen,meat frozen,3.272727272727273
473436,365,low,high,dry,coffee/tea/hot drinks,2.3205128205128207
473464,2,high,high,refrigerated,meat fresh,1.8229166666666667
473497,90,low,high,frozen,frozen fried items,3.086206896551724
473535,90,low,high,frozen,frozen fried items,2.647058823529412
4744897,365,low,high,ambient,soft drinks,7.933333333333334
478068,365,low,high,dry,coffee/tea/hot drinks,1.2222222222222223
478077,365,low,high,dry,coffee/tea/hot drinks,1.5
478078,365,low,high,dry,coffee/tea/hot drinks,1.32
478086,2,medium,medium,refrigerated,pasta/rice fresh,1.8823529411764703
478094,3,high,high,refrigerated,fresh salads/vegetables,1.434782608695652
478109,365,low,high,ambient,alcoholic beverages,1.434782608695652
478112,365,low,high,ambient,alcoholic beverages,1.65
478124,365,low,high,dry,coffee/tea/hot drinks,1.8125
478126,365,low,high,dry,coffee/tea/hot drinks,1.7777777777777777
478142,365,low,high,ambient,alcoholic beverages,1.8333333333333333
480007,365,low,high,ambient,alcoholic beverages,1.0168539325842696
480008,365,low,high,ambient,alcoholic beverages,2.117647058823529
480010,365,low,high,dry,coffee/tea/hot drinks,1.0342857142857145
480011,365,low,high,ambient,alcoholic beverages,1.0342857142857145
480012,365,low,high,ambient,soft drinks,1.052325581395349
480016,365,low,high,ambient,alcoholic beverages,1.2569444444444444
480017,90,medium,high,frozen,meat frozen,2.6865671641791047
480021,365,low,high,dry,coffee/tea/hot drinks,1.3407407407407408
480022,1,high,high,refrigerated,sandwiches fresh,2.3421052631578947
480039,3,high,high,refrigerated,fresh salads/vegetables,3.697674418604651
480049,60,medium,medium,frozen,pasta/rice frozen,20.0
480052,365,low,high,ambient,soft drinks,11.76923076923077
480053,365,low,high,ambient,soft drinks,4.764705882352941
480294,2,high,high,refrigerated,fresh pizza,1.4473684210526316
480299,365,low,high,dry,coffee/tea/hot drinks,2.711864406779661
480390,1,high,high,refrigerated,sandwiches fresh,3.3
480407,1,high,high,refrigerated,wraps/kebab fresh,2.3768115942028984
480408,365,low,high,ambient,alcoholic beverages,2.155844155844156
480410,2,high,high,refrigerated,meat fresh,2.555555555555556
480411,2,high,high,refrigerated,meat fresh,2.476923076923077
480414,2,high,high,refrigerated,meat fresh,2.962962962962963
480441,2,medium,medium,refrigerated,pasta/rice fresh,2.8448275862068964
480476,2,high,high,refrigerated,meat fresh,3.215686274509804
480503,365,low,high,dry,coffee/tea/hot drinks,1.8444444444444448
480512,365,low,high,ambient,soft drinks,1.064102564102564
480848,365,low,high,dry,coffee/tea/hot drinks,4.891891891891892
480849,7,low,high,dry,bread products,10.058823529411764
480850,90,medium,high,frozen,meat frozen,63.5
480851,60,medium,high,frozen,sandwiches frozen,6.461538461538462
482693,365,low,high,ambient,alcoholic beverages,2.381578947368421
482694,1,high,high,refrigerated,wraps/kebab fresh,2.36
484019,3,high,high,refrigerated,fresh salads/vegetables,4.45
484022,90,medium,high,frozen,meat frozen,9.941176470588236
484027,90,medium,high,frozen,meat frozen,10.625
484028,60,medium,high,frozen,wraps/kebab frozen,9.27777777777778
484037,2,high,high,refrigerated,meat fresh,1.6306306306306306
484039,1,high,high,refrigerated,wraps/kebab fresh,1.808080808080808
484076,1,high,high,refrigerated,wraps/kebab fresh,2.28
484104,1,high,high,refrigerated,wraps/kebab fresh,2.158536585365854
484160,60,medium,high,frozen,wraps/kebab frozen,9.4375
484175,90,medium,high,frozen,meat frozen,5.65625
484214,60,medium,high,frozen,wraps/kebab frozen,7.304347826086956
484223,365,low,high,ambient,alcoholic beverages,3.976744186046512
484240,60,medium,high,frozen,wraps/kebab frozen,4.771428571428571
484429,60,medium,high,frozen,sandwiches frozen,4.722222222222222
484444,90,medium,high,frozen,meat frozen,14.083333333333334
484453,365,low,high,dry,coffee/tea/hot drinks,2.838709677419355
484454,365,low,high,dry,coffee/tea/hot drinks,1.448
484464,365,low,high,dry,coffee/tea/hot drinks,4.324324324324325
484500,365,low,high,dry,coffee/tea/hot drinks,3.953488372093023
4851848,60,medium,high,frozen,seafood frozen,2.0
485840,90,medium,high,frozen,meat frozen,19.666666666666668
487123,180,low,high,ambient,shelf-stable snacks,1.0112359550561798
489780,7,low,high,dry,bread products,1.1986754966887416
489785,365,low,high,ambient,alcoholic beverages,1.6036036036036037
489789,365,low,high,ambient,alcoholic beverages,1.3211678832116789
489791,365,low,high,ambient,alcoholic beverages,1.4836065573770492
489792,365,low,high,dry,coffee/tea/hot drinks,1.5210084033613445
489793,365,low,high,ambient,alcoholic beverages,2.5285714285714285
489794,365,low,high,dry,coffee/tea/hot drinks,1.4140625
489802,365,low,high,dry,coffee/tea/hot drinks,1.846938775510204
489804,365,low,high,dry,coffee/tea/hot drinks,1.723809523809524
489809,365,low,high,dry,coffee/tea/hot drinks,2.588235294117647
489810,60,medium,high,frozen,processed meat frozen,1.3211678832116789
489811,365,low,high,dry,coffee/tea/hot drinks,1.1907894736842106
489812,60,medium,high,frozen,processed meat frozen,1.283687943262411
489817,60,medium,high,frozen,wraps/kebab frozen,2.919354838709677
489832,365,low,high,ambient,alcoholic beverages,1.2147651006711409
489840,60,medium,high,frozen,wraps/kebab frozen,1.691588785046729
489841,90,medium,high,frozen,meat frozen,2.761904761904762
489855,90,medium,high,frozen,meat frozen,2.033707865168539
489907,60,medium,high,frozen,sandwiches frozen,2.2857142857142856
489909,60,medium,high,frozen,sandwiches frozen,2.3289473684210527
489930,90,medium,high,frozen,meat frozen,2.8666666666666667
489939,60,medium,high,frozen,sandwiches frozen,2.011111111111111
489973,90,low,high,frozen,frozen fried items,1.283687943262411
489983,90,low,high,frozen,frozen fried items,2.5223880597014925
4923292,365,low,high,ambient,soft drinks,3.1607142857142856
4923302,365,low,high,ambient,soft drinks,2.8688524590163933
4923412,60,medium,high,frozen,sandwiches frozen,8.0
493548,365,low,high,dry,coffee/tea/hot drinks,1.3923076923076922
493597,60,medium,medium,frozen,pasta/rice frozen,42.0
494065,1,high,medium,refrigerated,ready-to-eat meals,15.363636363636363
495334,60,medium,high,frozen,processed meat frozen,7.095238095238095
495335,365,low,high,dry,coffee/tea/hot drinks,7.285714285714286
495336,365,low,high,ambient,alcoholic beverages,5.862068965517241
495337,90,medium,high,frozen,meat frozen,5.730769230769231
495343,60,medium,high,frozen,sandwiches frozen,5.666666666666667
495350,60,medium,high,frozen,sandwiches frozen,14.125
495352,365,low,high,ambient,soft drinks,2.888888888888889
495355,365,low,high,dry,coffee/tea/hot drinks,6.208333333333333
495359,365,low,high,ambient,soft drinks,2.1204819277108435
495374,365,low,high,ambient,alcoholic beverages,1.7525773195876289
495375,365,low,high,ambient,alcoholic beverages,8.5
495394,180,low,high,ambient,shelf-stable snacks,5.290322580645161
495399,180,low,high,ambient,shelf-stable snacks,4.714285714285714
495406,365,low,high,ambient,confectionery,4.583333333333333
495415,365,low,high,ambient,alcoholic beverages,5.206896551724138
495417,180,low,high,ambient,shelf-stable snacks,7.45
495451,365,low,high,ambient,alcoholic beverages,11.384615384615383
4959234,365,low,high,dry,coffee/tea/hot drinks,3.74468085106383
4959236,60,medium,high,frozen,seafood frozen,9.052631578947368
4959255,3,high,high,refrigerated,fresh salads/vegetables,6.103448275862069
4959270,90,medium,high,frozen,meat frozen,3.933333333333333
4959272,2,medium,medium,refrigerated,soup fresh,3.12280701754386
4959275,90,low,high,frozen,frozen fried items,1.9565217391304348
4959276,90,low,high,frozen,frozen fried items,1.3115942028985508
4959279,365,low,high,dry,coffee/tea/hot drinks,1.9673913043478264
4959280,90,medium,high,frozen,meat frozen,3.765957446808511
4959290,2,high,high,refrigerated,meat fresh,3.977272727272727
4959291,2,high,high,refrigerated,meat fresh,3.290909090909091
4959292,2,high,high,refrigerated,meat fresh,1.69811320754717
4959293,2,high,high,refrigerated,meat fresh,2.3205128205128207
4959294,365,low,high,dry,coffee/tea/hot drinks,4.116279069767442
4959301,365,low,high,dry,coffee/tea/hot drinks,3.48
4959316,365,low,high,dry,coffee/tea/hot drinks,1.84375
4959317,365,low,high,dry,coffee/tea/hot drinks,3.866666666666666
4959320,365,low,high,dry,coffee/tea/hot drinks,1.3953488372093024
4959321,365,low,high,dry,coffee/tea/hot drinks,1.9052631578947368
4959323,365,low,high,dry,coffee/tea/hot drinks,4.261904761904762
4959324,365,low,high,dry,coffee/tea/hot drinks,3.2222222222222223
4959325,90,medium,high,frozen,meat frozen,3.840909090909091
4959327,14,medium,high,refrigerated,sauces/condiments,3.8260869565217392
4959333,60,medium,high,frozen,seafood frozen,3.450980392156863
4959340,365,low,high,ambient,soft drinks,3.549019607843137
497652,60,medium,high,frozen,sandwiches frozen,1.824742268041237
497653,1,high,medium,refrigerated,ready-to-eat meals,1.7184466019417477
497654,7,low,high,dry,bread products,5.833333333333333
497660,365,low,high,ambient,alcoholic beverages,11.23076923076923
497661,30,low,medium,dry,pastries shelf-stable,7.08
497674,365,low,high,dry,coffee/tea/hot drinks,3.3846153846153846
497722,365,low,high,dry,coffee/tea/hot drinks,3.6458333333333335
497745,90,medium,high,frozen,meat frozen,3.760869565217391
497774,90,medium,high,frozen,meat frozen,2.2948717948717947
497775,90,medium,high,frozen,meat frozen,1.836734693877551
497788,90,medium,high,frozen,meat frozen,2.8852459016393444
497796,365,low,high,dry,coffee/tea/hot drinks,3.0
497798,365,low,high,ambient,alcoholic beverages,3.1403508771929824
497803,365,low,high,dry,coffee/tea/hot drinks,3.4615384615384617
497815,365,low,high,dry,coffee/tea/hot drinks,2.108433734939759
497819,365,low,high,dry,coffee/tea/hot drinks,2.3552631578947367
497821,365,low,high,dry,coffee/tea/hot drinks,4.375
497840,60,medium,high,frozen,sandwiches frozen,3.847826086956522
497841,60,medium,high,frozen,sandwiches frozen,3.46
497849,60,medium,high,frozen,sandwiches frozen,1.7878787878787878
497858,60,medium,high,frozen,sandwiches frozen,4.675675675675675
497859,365,low,high,dry,coffee/tea/hot drinks,2.608695652173913
497861,365,low,high,dry,coffee/tea/hot drinks,2.0454545454545454
497862,365,low,high,ambient,alcoholic beverages,25.6
497863,365,low,high,ambient,soft drinks,11.666666666666666
497865,365,low,high,ambient,alcoholic beverages,42.0
497874,365,low,high,dry,coffee/tea/hot drinks,3.2181818181818183
497887,90,low,high,frozen,frozen fried items,1.7475728155339805
497897,365,low,high,dry,coffee/tea/hot drinks,2.269230769230769
497898,365,low,high,dry,coffee/tea/hot drinks,2.36
497899,365,low,high,dry,coffee/tea/hot drinks,1.9148936170212767
497900,14,medium,high,refrigerated,sauces/condiments,3.071428571428572
497904,14,medium,high,refrigerated,sauces/condiments,2.4324324324324325
498005,365,low,high,ambient,alcoholic beverages,5.375
498021,365,low,high,ambient,soft drinks,15.818181818181818
498025,365,low,high,ambient,alcoholic beverages,12.916666666666666
498039,14,medium,high,refrigerated,cheese,999.0
498050,1,high,medium,refrigerated,ready-to-eat meals,16.333333333333332
498770,1,high,high,refrigerated,seafood fresh,2.2777777777777777
498922,7,low,high,dry,bread products,8.777777777777779
498941,7,low,high,dry,bread products,3.0508474576271185
498944,7,low,high,dry,bread products,39.0
5015009,365,low,high,ambient,alcoholic beverages,1.117283950617284
501620,365,low,high,dry,coffee/tea/hot drinks,11.357142857142858
501621,365,low,high,dry,coffee/tea/hot drinks,6.0
501635,365,low,high,dry,coffee/tea/hot drinks,999.0
504554,90,medium,high,frozen,meat frozen,11.363636363636363
504556,90,medium,high,frozen,meat frozen,6.958333333333333
505338,60,medium,high,frozen,sandwiches frozen,18.714285714285715
505372,3,high,high,refrigerated,fresh salads/vegetables,2.1707317073170733
505453,1,high,medium,refrigerated,ready-to-eat meals,1.7403846153846154
505491,1,high,medium,refrigerated,ready-to-eat meals,2.132530120481928
505492,1,high,medium,refrigerated,ready-to-eat meals,2.4657534246575343
505498,2,medium,medium,refrigerated,pasta/rice fresh,1.81
505559,1,high,high,refrigerated,seafood fresh,3.54
505572,2,high,high,refrigerated,meat fresh,2.828125
505678,1,high,high,refrigerated,seafood fresh,3.3773584905660377
505763,1,high,high,refrigerated,seafood fresh,2.793650793650793
505768,3,high,high,refrigerated,fresh salads/vegetables,2.1547619047619047
505814,14,medium,high,refrigerated,sauces/condiments,1.4836065573770492
505887,365,low,high,ambient,soft drinks,2.966666666666667
5067368,1,high,high,refrigerated,wraps/kebab fresh,1.2328767123287672
508418,365,low,high,dry,coffee/tea/hot drinks,999.0
508420,365,low,high,dry,coffee/tea/hot drinks,999.0
508485,365,low,high,dry,coffee/tea/hot drinks,10.384615384615383
508486,365,low,high,dry,coffee/tea/hot drinks,12.384615384615383
508487,60,medium,high,frozen,processed meat frozen,15.22222222222222
508501,90,medium,high,frozen,pizza (frozen/long shelf),10.5
508511,60,medium,high,frozen,sandwiches frozen,999.0
508520,30,low,medium,dry,pastries shelf-stable,9.2
508592,1,high,medium,refrigerated,ready-to-eat meals,1.989010989010989
508594,1,high,medium,refrigerated,ready-to-eat meals,7.291666666666667
508604,1,high,medium,refrigerated,ready-to-eat meals,1.651376146788991
508644,365,low,high,dry,coffee/tea/hot drinks,5.6
510250,180,low,high,ambient,shelf-stable snacks,1.1464968152866242
5114259,365,low,high,dry,coffee/tea/hot drinks,12.928571428571429
511456,365,low,high,dry,coffee/tea/hot drinks,7.818181818181818
514043,2,high,high,refrigerated,meat fresh,1.5
5157217,7,medium,high,refrigerated,fresh juice/smoothie,40.0
515885,365,low,high,dry,coffee/tea/hot drinks,3.196428571428572
515890,90,medium,high,frozen,meat frozen,3.0517241379310347
5161357,2,medium,medium,refrigerated,pasta/rice fresh,2.507042253521127
5161361,365,low,high,ambient,alcoholic beverages,3.62
5161362,365,low,high,ambient,alcoholic beverages,2.117647058823529
5161363,365,low,high,ambient,alcoholic beverages,1.5338983050847457
5161364,365,low,high,ambient,alcoholic beverages,1.7572815533980584
5161371,365,low,high,ambient,alcoholic beverages,2.9166666666666665
5161372,365,low,high,ambient,soft drinks,1.7047619047619047
5161373,365,low,high,ambient,soft drinks,1.335820895522388
5161374,365,low,high,ambient,soft drinks,2.8412698412698414
5161376,365,low,high,ambient,alcoholic beverages,2.7846153846153845
5161381,365,low,high,dry,coffee/tea/hot drinks,6.454545454545454
5161392,90,medium,high,frozen,meat frozen,5.333333333333333
5161393,90,medium,high,frozen,meat frozen,5.766666666666667
5161394,90,medium,high,frozen,meat frozen,8.4
5161398,1,high,medium,refrigerated,ready-to-eat meals,11.285714285714286
5161457,365,low,high,ambient,alcoholic beverages,5.833333333333333
517029,365,low,high,ambient,soft drinks,1.1986754966887416
517030,365,low,high,ambient,soft drinks,1.0773809523809523
517031,365,low,high,dry,coffee/tea/hot drinks,4.358974358974359
517040,2,high,high,refrigerated,meat fresh,1.1986754966887416
517059,365,low,high,ambient,alcoholic beverages,3.755555555555556
517071,365,low,high,ambient,alcoholic beverages,3.314814814814815
517280,365,low,high,dry,coffee/tea/hot drinks,137.0
517284,365,low,high,dry,coffee/tea/hot drinks,999.0
5177566,365,low,high,ambient,alcoholic beverages,33.0
518019,365,low,high,ambient,alcoholic beverages,999.0
519818,2,high,high,refrigerated,fresh pizza,3.103448275862069
519823,365,low,high,dry,coffee/tea/hot drinks,2.104651162790698
519827,90,medium,high,frozen,meat frozen,9.411764705882351
519857,60,medium,medium,frozen,pasta/rice frozen,6.285714285714286
519917,60,medium,high,frozen,wraps/kebab frozen,6.086956521739131
519918,90,medium,high,frozen,meat frozen,8.944444444444445
519927,60,medium,high,frozen,sandwiches frozen,13.307692307692308
519963,1,high,high,refrigerated,wraps/kebab fresh,2.2857142857142856
519976,2,high,high,refrigerated,meat fresh,4.2
519985,365,low,high,dry,coffee/tea/hot drinks,3.723404255319149
519989,365,low,high,dry,coffee/tea/hot drinks,5.1875
519998,365,low,high,dry,coffee/tea/hot drinks,4.914285714285715
520061,365,low,high,ambient,soft drinks,1.5210084033613445
520071,365,low,high,ambient,soft drinks,3.450980392156863
5203683,365,low,high,ambient,alcoholic beverages,11.25
5206267,1,high,high,refrigerated,sandwiches fresh,1.1986754966887416
5210518,365,low,high,ambient,confectionery,2.027027027027027
5228499,365,low,high,ambient,alcoholic beverages,6.391304347826087
5228521,365,low,high,ambient,alcoholic beverages,8.333333333333334
5228536,365,low,high,ambient,alcoholic beverages,9.0
5228627,365,low,high,ambient,soft drinks,2.6515151515151514
5228641,7,medium,high,refrigerated,fresh juice/smoothie,4.048780487804878
5229019,365,low,high,dry,coffee/tea/hot drinks,1.2569444444444444
5229023,365,low,high,dry,coffee/tea/hot drinks,2.5
5229031,365,low,high,dry,coffee/tea/hot drinks,4.828571428571428
5230488,365,low,high,ambient,alcoholic beverages,2.647058823529412
5230506,365,low,high,ambient,alcoholic beverages,1.0
5230517,365,low,high,ambient,soft drinks,1.046242774566474
5232969,365,low,high,ambient,alcoholic beverages,3.290909090909091
5233557,365,low,high,ambient,alcoholic beverages,2.1547619047619047
5233678,365,low,high,ambient,alcoholic beverages,8.428571428571429
5233713,365,low,high,ambient,alcoholic beverages,6.428571428571429
5233733,365,low,high,ambient,alcoholic beverages,28.166666666666668
5234173,365,low,high,ambient,soft drinks,3.0
5234242,365,low,high,dry,coffee/tea/hot drinks,24.142857142857142
5234261,365,low,high,dry,coffee/tea/hot drinks,34.8
5234334,365,low,high,ambient,alcoholic beverages,20.857142857142858
5234348,365,low,high,ambient,alcoholic beverages,34.2
5235832,365,low,high,ambient,alcoholic beverages,13.923076923076923
5235871,365,low,high,ambient,alcoholic beverages,15.727272727272728
5236030,365,low,high,dry,coffee/tea/hot drinks,10.055555555555555
5236069,365,low,high,dry,coffee/tea/hot drinks,4.425
5236392,365,low,high,dry,coffee/tea/hot drinks,3.0
5236396,365,low,high,dry,coffee/tea/hot drinks,66.0
523651,90,medium,high,frozen,meat frozen,1.935483870967742
523653,60,medium,high,frozen,seafood frozen,2.243589743589744
523678,3,high,high,refrigerated,fresh salads/vegetables,3.923076923076923
523687,90,medium,high,frozen,meat frozen,3.30188679245283
523688,60,medium,high,frozen,seafood frozen,3.53061224489796
523703,30,low,medium,dry,pastries shelf-stable,7.291666666666667
523708,365,low,high,ambient,soft drinks,12.428571428571429
523714,365,low,high,ambient,soft drinks,4.885714285714286
523720,1,high,high,refrigerated,open sandwiches,6.222222222222222
523755,365,low,high,ambient,alcoholic beverages,1.8
523759,365,low,high,dry,coffee/tea/hot drinks,999.0
523772,7,medium,high,refrigerated,fresh juice/smoothie,2.8
523783,365,low,high,ambient,alcoholic beverages,3.5416666666666665
523826,365,low,high,dry,coffee/tea/hot drinks,1.6355140186915889
523827,365,low,high,dry,coffee/tea/hot drinks,2.1923076923076925
523834,365,low,high,ambient,soft drinks,1.75
523835,365,low,high,ambient,alcoholic beverages,2.464788732394366
523836,365,low,high,ambient,alcoholic beverages,5.75
523837,1,high,medium,refrigerated,ready-to-eat meals,1.699029126213592
523838,7,low,high,dry,bread products,1.8421052631578947
523839,7,low,high,dry,bread products,1.7326732673267329
523844,14,medium,high,refrigerated,cheese,1.9021739130434785
523846,30,low,medium,dry,pastries shelf-stable,2.806451612903226
524158,7,low,high,dry,bread products,3.431372549019608
524180,7,low,high,dry,bread products,5.294117647058823
524187,365,low,high,dry,coffee/tea/hot drinks,9.473684210526317
524214,90,medium,high,frozen,meat frozen,4.605263157894737
524221,90,medium,high,frozen,meat frozen,2.983050847457627
524241,60,medium,high,frozen,seafood frozen,7.3478260869565215
524246,90,medium,high,frozen,meat frozen,5.303030303030303
524253,90,medium,high,frozen,meat frozen,4.861111111111111
524258,90,medium,high,frozen,meat frozen,4.861111111111111
524265,90,medium,high,frozen,meat frozen,3.866666666666666
524274,90,medium,high,frozen,meat frozen,3.74468085106383
524304,365,low,high,dry,coffee/tea/hot drinks,22.5
524315,90,medium,high,frozen,meat frozen,8.095238095238095
524346,365,low,high,ambient,soft drinks,3.4
524351,365,low,high,ambient,soft drinks,13.916666666666666
524353,365,low,high,dry,coffee/tea/hot drinks,18.5
524356,90,medium,high,frozen,meat frozen,5.821428571428571
524358,90,medium,high,frozen,meat frozen,2.647058823529412
524359,365,low,high,dry,coffee/tea/hot drinks,5.294117647058823
524360,365,low,high,dry,coffee/tea/hot drinks,15.555555555555555
524985,60,medium,medium,frozen,pasta/rice frozen,5.625
524988,60,medium,medium,frozen,pasta/rice frozen,7.333333333333333
525058,365,low,high,dry,coffee/tea/hot drinks,4.771428571428571
525062,365,low,high,dry,coffee/tea/hot drinks,8.666666666666666
526282,365,low,high,ambient,alcoholic beverages,3.067796610169492
526286,90,low,high,frozen,frozen fried items,3.75
526287,90,low,high,frozen,frozen fried items,11.933333333333334
526288,7,low,high,dry,bread products,5.774193548387097
526289,1,high,high,refrigerated,wraps/kebab fresh,2.769230769230769
526291,60,medium,high,frozen,wraps/kebab frozen,9.882352941176473
526292,365,low,high,ambient,alcoholic beverages,10.625
526293,2,high,high,refrigerated,meat fresh,2.742424242424242
526294,1,high,high,refrigerated,wraps/kebab fresh,4.7368421052631575
526295,60,medium,high,frozen,wraps/kebab frozen,8.181818181818182
526298,90,medium,high,frozen,meat frozen,12.76923076923077
526299,90,medium,high,frozen,meat frozen,4.837837837837838
526300,90,medium,high,frozen,meat frozen,9.823529411764708
526303,90,medium,high,frozen,meat frozen,3.9130434782608696
526305,365,low,high,ambient,soft drinks,3.314814814814815
526311,365,low,high,ambient,soft drinks,6.25925925925926
5277543,60,medium,high,frozen,sandwiches frozen,5.484848484848484
5277547,60,medium,high,frozen,sandwiches frozen,3.103448275862069
5277548,60,medium,high,frozen,sandwiches frozen,2.142857142857143
5277549,60,medium,high,frozen,sandwiches frozen,4.5
5277550,60,medium,high,frozen,sandwiches frozen,1.565217391304348
5277554,60,medium,high,frozen,sandwiches frozen,4.342105263157895
5277559,60,medium,high,frozen,sandwiches frozen,4.971428571428572
5277561,60,medium,high,frozen,wraps/kebab frozen,5.15625
5277563,60,medium,high,frozen,wraps/kebab frozen,2.828125
5277564,365,low,high,dry,coffee/tea/hot drinks,1.6160714285714286
5277565,365,low,high,dry,coffee/tea/hot drinks,1.4251968503937007
5277575,365,low,high,dry,coffee/tea/hot drinks,2.873015873015873
5277578,90,medium,high,frozen,meat frozen,3.107142857142857
5277580,3,high,high,refrigerated,fresh salads/vegetables,5.0
5277583,365,low,high,dry,coffee/tea/hot drinks,3.196428571428572
5277595,60,medium,high,frozen,sandwiches frozen,4.116279069767442
5277597,60,medium,high,frozen,sandwiches frozen,2.4324324324324325
5277622,365,low,high,dry,coffee/tea/hot drinks,4.365853658536586
5287336,365,low,high,dry,coffee/tea/hot drinks,13.0
528772,365,low,high,dry,coffee/tea/hot drinks,2.7142857142857144
529790,365,low,high,dry,coffee/tea/hot drinks,999.0
529818,90,medium,high,frozen,meat frozen,3.30188679245283
529826,60,medium,medium,frozen,pasta/rice frozen,3.1403508771929824
529846,3,high,high,refrigerated,fresh salads/vegetables,2.6515151515151514
529881,2,medium,medium,refrigerated,pasta/rice fresh,1.6216216216216215
530842,60,medium,medium,frozen,pasta/rice frozen,3.333333333333333
530847,365,low,high,ambient,alcoholic beverages,5.655172413793103
530896,365,low,high,ambient,soft drinks,10.470588235294118
530919,365,low,high,ambient,alcoholic beverages,4.146341463414634
530920,365,low,high,ambient,soft drinks,11.0
531221,365,low,high,ambient,alcoholic beverages,1.0402298850574712
531232,365,low,high,dry,coffee/tea/hot drinks,2.057471264367816
531251,365,low,high,dry,coffee/tea/hot drinks,4.0
531254,365,low,high,ambient,alcoholic beverages,35.0
531257,365,low,high,ambient,alcoholic beverages,40.0
531263,365,low,high,ambient,alcoholic beverages,32.75
531274,365,low,high,ambient,alcoholic beverages,7.333333333333333
531275,365,low,high,ambient,soft drinks,1.7307692307692308
531276,7,medium,high,refrigerated,fresh juice/smoothie,14.0
531284,60,medium,high,frozen,seafood frozen,10.0
533430,365,low,high,ambient,alcoholic beverages,4.828571428571428
533431,1,high,high,refrigerated,wraps/kebab fresh,2.0
533435,365,low,high,ambient,alcoholic beverages,4.911764705882353
533437,2,high,high,refrigerated,meat fresh,3.6818181818181817
533438,90,medium,high,frozen,meat frozen,4.605263157894737
533440,1,high,high,refrigerated,wraps/kebab fresh,3.804347826086957
533442,60,medium,high,frozen,wraps/kebab frozen,5.0588235294117645
533448,365,low,high,ambient,alcoholic beverages,2.5492957746478875
533456,365,low,high,ambient,alcoholic beverages,2.1604938271604937
533466,60,medium,high,frozen,wraps/kebab frozen,5.962962962962963
533480,1,high,high,refrigerated,wraps/kebab fresh,3.1206896551724137
533486,2,high,high,refrigerated,fresh pizza,1.7047619047619047
533487,90,medium,high,frozen,pizza (frozen/long shelf),5.392857142857143
533490,2,high,high,refrigerated,fresh pizza,3.3877551020408165
533492,90,medium,high,frozen,pizza (frozen/long shelf),3.883720930232558
533494,365,low,high,ambient,alcoholic beverages,1.6363636363636365
533498,60,medium,high,frozen,wraps/kebab frozen,3.591836734693877
533499,60,medium,high,frozen,wraps/kebab frozen,5.483870967741935
533503,365,low,high,dry,coffee/tea/hot drinks,1.651376146788991
533504,2,high,high,refrigerated,meat fresh,2.6323529411764706
533507,1,high,high,refrigerated,wraps/kebab fresh,2.671641791044776
533510,90,low,high,frozen,frozen fried items,5.833333333333333
533526,365,low,high,ambient,soft drinks,4.307692307692308
533741,365,low,high,dry,coffee/tea/hot drinks,1.3609022556390975
533744,365,low,high,dry,coffee/tea/hot drinks,6.481481481481482
533745,365,low,high,dry,coffee/tea/hot drinks,14.25
533750,365,low,high,dry,coffee/tea/hot drinks,4.657894736842105
533753,365,low,high,dry,coffee/tea/hot drinks,1.4365079365079363
533757,365,low,high,dry,coffee/tea/hot drinks,1.4031007751937985
533760,7,medium,high,refrigerated,dairy/eggs,2.0568181818181817
533761,90,medium,high,frozen,meat frozen,2.0568181818181817
533789,365,low,high,dry,coffee/tea/hot drinks,1.6126126126126126
533794,365,low,high,ambient,soft drinks,1.6216216216216215
533796,365,low,high,ambient,soft drinks,4.069767441860465
533797,365,low,high,ambient,soft drinks,1.904255319148936
533798,7,medium,high,refrigerated,dairy/eggs,1.6822429906542056
533799,365,low,high,dry,coffee/tea/hot drinks,2.712121212121212
533806,7,low,high,dry,bread products,2.0454545454545454
533808,7,low,high,dry,bread products,6.178571428571429
533811,7,low,high,dry,bread products,6.541666666666667
533821,7,low,high,dry,bread products,5.0
533822,7,low,high,dry,bread products,3.4615384615384617
533834,365,low,high,dry,coffee/tea/hot drinks,1.69811320754717
533836,7,medium,high,refrigerated,dairy/eggs,1.935483870967742
533839,365,low,high,dry,coffee/tea/hot drinks,2.142857142857143
533841,7,medium,high,refrigerated,dairy/eggs,2.0930232558139537
533844,7,medium,high,refrigerated,dairy/eggs,3.259259259259259
533850,60,medium,high,frozen,sandwiches frozen,2.8870967741935485
533851,1,high,medium,refrigerated,ready-to-eat meals,1.6272727272727272
533858,90,medium,high,frozen,meat frozen,2.464788732394366
533862,60,medium,high,frozen,sandwiches frozen,5.2727272727272725
533864,60,medium,high,frozen,sandwiches frozen,5.114285714285714
533870,30,low,medium,dry,pastries shelf-stable,2.8412698412698414
533911,365,low,high,dry,coffee/tea/hot drinks,21.0
533920,365,low,high,dry,coffee/tea/hot drinks,2.2
533924,90,medium,high,frozen,meat frozen,1.7959183673469388
533935,2,high,high,refrigerated,meat fresh,2.6666666666666665
533942,365,low,high,ambient,alcoholic beverages,2.9661016949152543
533951,365,low,high,dry,coffee/tea/hot drinks,1.7425742574257426
533966,90,medium,high,frozen,meat frozen,9.933333333333334
533967,365,low,high,ambient,alcoholic beverages,10.071428571428571
533973,365,low,high,ambient,alcoholic beverages,4.0
533983,365,low,high,dry,coffee/tea/hot drinks,3.142857142857143
533985,365,low,high,dry,coffee/tea/hot drinks,4.5
534050,1,high,high,refrigerated,sandwiches fresh,2.1463414634146343
534058,2,high,high,refrigerated,meat fresh,1.2
534075,14,medium,high,refrigerated,cheese,2.3026315789473686
534083,14,medium,high,refrigerated,cheese,1.6216216216216215
534084,1,high,high,refrigerated,seafood fresh,1.2785714285714285
534086,1,high,high,refrigerated,seafood fresh,1.5478260869565217
534093,1,high,high,refrigerated,seafood fresh,1.79
534095,1,high,high,refrigerated,seafood fresh,1.504201680672269
534097,1,high,high,refrigerated,seafood fresh,1.5169491525423728
534101,3,high,high,refrigerated,fresh salads/vegetables,1.356060606060606
534102,3,medium,high,refrigerated,bread fresh,1.4672131147540983
534109,365,low,high,ambient,alcoholic beverages,1.4793388429752066
534111,365,low,high,dry,coffee/tea/hot drinks,3.86046511627907
534138,3,medium,medium,refrigerated,pastries fresh,1.836734693877551
534143,7,low,high,dry,bread products,7.045454545454546
534145,2,medium,medium,refrigerated,pasta/rice fresh,1.5982142857142858
534149,365,low,high,ambient,soft drinks,1.6272727272727272
534153,365,low,high,dry,coffee/tea/hot drinks,3.017543859649123
534160,365,low,high,ambient,soft drinks,4.3
534410,365,low,high,ambient,alcoholic beverages,1.8
534411,365,low,high,ambient,alcoholic beverages,4.261904761904762
534412,365,low,high,ambient,soft drinks,2.2375
534413,365,low,high,ambient,soft drinks,4.512820512820513
534424,365,low,high,dry,coffee/tea/hot drinks,3.5
534425,365,low,high,dry,coffee/tea/hot drinks,3.765957446808511
534450,365,low,high,dry,coffee/tea/hot drinks,13.307692307692308
534456,365,low,high,dry,coffee/tea/hot drinks,7.818181818181818
534522,365,low,high,ambient,alcoholic beverages,10.692307692307692
534549,365,low,high,ambient,alcoholic beverages,1.0647058823529412
534553,365,low,high,ambient,alcoholic beverages,3.625
534577,60,medium,high,frozen,sandwiches frozen,8.947368421052632
535391,90,low,high,frozen,frozen fried items,7.285714285714286
535477,60,medium,high,frozen,seafood frozen,55.66666666666666
535768,60,medium,high,frozen,seafood frozen,21.25
535842,60,medium,high,frozen,seafood frozen,18.55555555555556
535865,14,medium,high,refrigerated,sauces/condiments,5.666666666666667
535886,14,medium,high,refrigerated,sauces/condiments,39.5
535946,365,low,high,ambient,soft drinks,16.0
535953,365,low,high,ambient,soft drinks,18.0
536055,365,low,high,ambient,alcoholic beverages,1.5739130434782609
536056,365,low,high,ambient,soft drinks,3.39622641509434
536063,365,low,high,ambient,alcoholic beverages,2.4133333333333336
538087,180,low,high,ambient,shelf-stable snacks,2.5492957746478875
538088,365,low,high,dry,coffee/tea/hot drinks,2.707692307692308
538093,365,low,high,ambient,alcoholic beverages,1.167741935483871
538094,365,low,high,ambient,alcoholic beverages,1.2765957446808511
538109,365,low,high,ambient,alcoholic beverages,2.411764705882353
538112,365,low,high,ambient,alcoholic beverages,2.2625
538114,365,low,high,ambient,alcoholic beverages,6.25
538133,90,medium,high,frozen,meat frozen,6.333333333333333
538167,90,medium,high,frozen,meat frozen,5.580645161290323
538168,90,medium,high,frozen,meat frozen,2.8412698412698414
538177,90,medium,high,frozen,meat frozen,4.578947368421052
538183,365,low,high,ambient,alcoholic beverages,4.410256410256411
538510,365,low,high,ambient,alcoholic beverages,4.16
538511,365,low,high,ambient,alcoholic beverages,3.242424242424242
538515,3,medium,high,refrigerated,bread fresh,2.0980392156862746
538518,365,low,high,dry,coffee/tea/hot drinks,1.4533333333333334
538519,3,medium,high,refrigerated,processed meat,1.894736842105263
538522,1,high,high,refrigerated,sandwiches fresh,2.018867924528302
538524,1,high,high,refrigerated,sandwiches fresh,2.5348837209302326
538525,1,high,high,refrigerated,sandwiches fresh,3.147058823529412
538526,1,high,high,refrigerated,sandwiches fresh,1.703125
538530,2,high,high,refrigerated,meat fresh,1.472972972972973
538531,1,high,high,refrigerated,sandwiches fresh,3.085714285714286
538541,365,low,high,ambient,alcoholic beverages,1.3974358974358974
538542,1,high,high,refrigerated,wraps/kebab fresh,1.5068493150684932
538543,2,high,high,refrigerated,meat fresh,1.626865671641791
538544,365,low,high,dry,coffee/tea/hot drinks,1.5070422535211268
538545,365,low,high,dry,coffee/tea/hot drinks,1.4931506849315068
538546,365,low,high,dry,coffee/tea/hot drinks,1.4931506849315068
538551,365,low,high,dry,coffee/tea/hot drinks,2.3777777777777778
538561,1,high,high,refrigerated,wraps/kebab fresh,2.743589743589744
538563,3,high,high,refrigerated,fresh salads/vegetables,1.8793103448275863
538568,365,low,high,ambient,soft drinks,2.609756097560976
538580,14,medium,high,refrigerated,sauces/condiments,2.25531914893617
538581,14,medium,high,refrigerated,cheese,2.3191489361702127
538588,90,low,high,frozen,frozen fried items,2.0588235294117645
538589,1,high,high,refrigerated,sandwiches fresh,2.65
538590,1,high,high,refrigerated,sandwiches fresh,2.945945945945946
538972,365,low,high,ambient,soft drinks,1.283687943262411
540302,365,low,high,ambient,alcoholic beverages,16.0
540303,365,low,high,ambient,soft drinks,999.0
540305,365,low,high,ambient,alcoholic beverages,15.0
540312,365,low,high,ambient,alcoholic beverages,999.0
540313,365,low,high,ambient,alcoholic beverages,15.0
5403368,60,medium,medium,frozen,pasta/rice frozen,4.864864864864865
542893,365,low,high,ambient,alcoholic beverages,5.88
542925,365,low,high,ambient,alcoholic beverages,4.341463414634147
542927,365,low,high,ambient,alcoholic beverages,5.121212121212121
542932,365,low,high,ambient,alcoholic beverages,6.653846153846154
542955,365,low,high,dry,coffee/tea/hot drinks,4.564102564102564
542956,365,low,high,ambient,alcoholic beverages,6.916666666666667
543516,365,low,high,ambient,alcoholic beverages,1.4516129032258065
543517,365,low,high,ambient,alcoholic beverages,5.088235294117647
543518,365,low,high,ambient,alcoholic beverages,2.130952380952381
543520,60,medium,high,frozen,wraps/kebab frozen,5.896551724137931
543525,365,low,high,dry,coffee/tea/hot drinks,5.235294117647059
543534,60,medium,high,frozen,wraps/kebab frozen,4.119047619047619
543538,365,low,high,dry,coffee/tea/hot drinks,1.4365079365079363
543553,2,high,high,refrigerated,fresh pizza,1.1602564102564104
543555,365,low,high,dry,coffee/tea/hot drinks,5.32258064516129
543781,60,medium,medium,frozen,pasta/rice frozen,6.035714285714286
543784,365,low,high,dry,coffee/tea/hot drinks,2.727272727272727
543787,3,high,high,refrigerated,fresh salads/vegetables,3.9444444444444446
543798,2,high,high,refrigerated,meat fresh,4.2926829268292686
543799,90,medium,high,frozen,meat frozen,4.888888888888889
543803,2,medium,medium,refrigerated,pasta/rice fresh,2.4657534246575343
543805,90,medium,high,frozen,meat frozen,9.0
543806,90,medium,high,frozen,meat frozen,3.2222222222222223
543811,60,medium,medium,frozen,pasta/rice frozen,5.931034482758621
543812,60,medium,medium,frozen,pasta/rice frozen,7.0
543922,365,low,high,ambient,soft drinks,1.818181818181818
543925,90,medium,high,frozen,meat frozen,2.903225806451613
543926,365,low,high,ambient,alcoholic beverages,2.7540983606557377
544082,365,low,high,dry,coffee/tea/hot drinks,3.0
544083,365,low,high,dry,coffee/tea/hot drinks,3.0508474576271185
544091,365,low,high,dry,coffee/tea/hot drinks,2.550724637681159
5443681,365,low,high,ambient,alcoholic beverages,38.66666666666666
544422,2,high,high,refrigerated,meat fresh,2.381578947368421
544427,365,low,high,ambient,alcoholic beverages,4.828571428571428
544430,90,low,high,frozen,frozen fried items,1.1830065359477124
544431,90,low,high,frozen,frozen fried items,1.5478260869565217
544434,90,low,high,frozen,frozen fried items,4.552631578947368
544444,90,low,high,frozen,frozen fried items,2.2151898734177213
544456,365,low,high,dry,coffee/tea/hot drinks,5.548387096774194
544463,365,low,high,ambient,alcoholic beverages,3.733333333333333
544718,365,low,high,dry,coffee/tea/hot drinks,8.647058823529411
545334,365,low,high,ambient,alcoholic beverages,2.9
545344,2,high,high,refrigerated,meat fresh,4.971428571428572
545370,2,high,high,refrigerated,meat fresh,2.2625
545379,90,medium,high,frozen,meat frozen,4.512820512820513
545387,90,medium,high,frozen,meat frozen,6.241379310344827
545397,2,high,high,refrigerated,meat fresh,2.765625
545411,90,medium,high,frozen,meat frozen,4.638888888888889
545418,365,low,high,dry,coffee/tea/hot drinks,4.0
545425,365,low,high,dry,coffee/tea/hot drinks,5.28125
545455,1,high,high,refrigerated,sandwiches fresh,3.090909090909091
545459,365,low,high,dry,coffee/tea/hot drinks,2.6825396825396823
545474,365,low,high,dry,coffee/tea/hot drinks,2.6865671641791047
545477,365,low,high,dry,coffee/tea/hot drinks,5.925925925925926
545509,1,high,medium,refrigerated,ready-to-eat meals,3.909090909090909
545529,1,high,medium,refrigerated,ready-to-eat meals,8.235294117647058
549231,365,low,high,ambient,alcoholic beverages,8.380952380952381
551800,3,high,high,refrigerated,fresh salads/vegetables,75.0
551807,90,medium,high,frozen,meat frozen,999.0
551809,1,high,high,refrigerated,wraps/kebab fresh,3.0
551814,90,medium,high,frozen,meat frozen,999.0
551815,60,medium,high,frozen,wraps/kebab frozen,30.5
551817,90,medium,high,frozen,meat frozen,24.0
551820,60,medium,high,frozen,wraps/kebab frozen,999.0
551821,2,high,high,refrigerated,meat fresh,11.0
551827,90,medium,high,frozen,meat frozen,131.0
551828,90,medium,high,frozen,meat frozen,999.0
551829,60,medium,high,frozen,wraps/kebab frozen,123.0
551833,60,medium,high,frozen,wraps/kebab frozen,999.0
551839,60,medium,high,frozen,wraps/kebab frozen,999.0
551840,90,medium,high,frozen,meat frozen,999.0
551869,365,low,high,ambient,alcoholic beverages,58.0
551877,60,medium,high,frozen,wraps/kebab frozen,999.0
551887,90,medium,high,frozen,meat frozen,107.0
551890,365,low,high,dry,coffee/tea/hot drinks,999.0
551908,365,low,high,ambient,soft drinks,41.66666666666666
551933,60,medium,high,frozen,wraps/kebab frozen,20.11111111111111
553318,365,low,high,ambient,alcoholic beverages,1.167741935483871
553322,365,low,high,ambient,soft drinks,4.916666666666667
553332,90,medium,high,frozen,meat frozen,1.4958677685950412
553351,365,low,high,dry,coffee/tea/hot drinks,9.11111111111111
553541,7,medium,high,refrigerated,fresh juice/smoothie,3.6666666666666665
5535829,1,high,medium,refrigerated,ready-to-eat meals,3.74468085106383
554978,90,medium,high,frozen,meat frozen,1.863157894736842
554989,1,high,medium,refrigerated,ready-to-eat meals,6.76
554996,1,high,medium,refrigerated,ready-to-eat meals,5.0
554997,1,high,medium,refrigerated,ready-to-eat meals,4.971428571428572
554999,1,high,medium,refrigerated,ready-to-eat meals,6.296296296296297
5552093,1,high,medium,refrigerated,ready-to-eat meals,1.416
5552096,1,high,high,refrigerated,sandwiches fresh,1.4047619047619049
5552099,3,medium,high,refrigerated,bread fresh,1.10625
5552100,3,medium,medium,refrigerated,pastries fresh,1.291970802919708
5552103,3,high,high,refrigerated,fresh salads/vegetables,1.2040816326530612
5552104,60,medium,high,frozen,sandwiches frozen,1.25531914893617
5552105,1,high,high,refrigerated,sandwiches fresh,1.3014705882352942
5552116,365,low,high,dry,coffee/tea/hot drinks,1.0727272727272728
5552117,365,low,high,dry,coffee/tea/hot drinks,1.2377622377622377
5552119,365,low,high,dry,coffee/tea/hot drinks,1.1644736842105263
555212,90,low,high,frozen,frozen fried items,2.769230769230769
5552120,365,low,high,dry,coffee/tea/hot drinks,1.2206896551724138
5552121,365,low,high,dry,coffee/tea/hot drinks,1.0858895705521472
5552122,365,low,high,dry,coffee/tea/hot drinks,1.0727272727272728
5552123,365,low,high,dry,coffee/tea/hot drinks,1.079268292682927
5552124,365,low,high,dry,coffee/tea/hot drinks,1.120253164556962
5552127,365,low,high,dry,coffee/tea/hot drinks,1.3111111111111111
5552128,365,low,high,dry,coffee/tea/hot drinks,1.291970802919708
555223,3,high,high,refrigerated,fresh salads/vegetables,6.0
555226,1,high,high,refrigerated,seafood fresh,2.4705882352941178
555227,365,low,high,dry,coffee/tea/hot drinks,5.428571428571429
555244,90,low,medium,frozen,soup frozen,11.5
555250,90,medium,high,frozen,meat frozen,5.5
555256,365,low,high,dry,coffee/tea/hot drinks,12.333333333333334
5552926,180,low,high,ambient,shelf-stable snacks,1.4140625
555349,1,high,medium,refrigerated,ready-to-eat meals,3.230769230769231
555350,1,high,medium,refrigerated,ready-to-eat meals,5.142857142857143
555369,1,high,medium,refrigerated,ready-to-eat meals,9.25
555370,60,medium,high,frozen,seafood frozen,11.0
555375,60,medium,medium,frozen,pasta/rice frozen,20.0
555382,1,high,medium,refrigerated,ready-to-eat meals,7.0
555399,365,low,high,dry,coffee/tea/hot drinks,6.0
555424,1,high,medium,refrigerated,ready-to-eat meals,1.75
555426,1,high,medium,refrigerated,ready-to-eat meals,11.0
555455,1,high,medium,refrigerated,ready-to-eat meals,5.666666666666667
555460,2,medium,medium,refrigerated,pasta/rice fresh,6.333333333333333
555478,1,high,medium,refrigerated,ready-to-eat meals,8.666666666666666
5555520,365,low,high,dry,coffee/tea/hot drinks,4.631578947368421
5580053,2,high,high,refrigerated,meat fresh,4.0
5580068,90,medium,high,frozen,meat frozen,7.714285714285714
5580073,90,medium,high,frozen,meat frozen,28.0
558692,365,low,high,dry,coffee/tea/hot drinks,1.7592592592592593
558694,365,low,high,dry,coffee/tea/hot drinks,1.7592592592592593
558696,7,low,high,dry,bread products,1.7592592592592593
559436,60,medium,high,frozen,seafood frozen,14.0
559641,3,high,high,refrigerated,fresh salads/vegetables,7.75
559660,60,medium,high,frozen,seafood frozen,7.333333333333333
559665,60,medium,medium,frozen,pasta/rice frozen,9.5
559915,7,low,high,dry,bread products,15.0
559929,60,medium,high,frozen,seafood frozen,15.0
559935,365,low,high,dry,coffee/tea/hot drinks,13.125
560057,180,low,high,ambient,shelf-stable snacks,1.736842105263158
560679,60,medium,high,frozen,sandwiches frozen,4.142857142857143
561084,60,medium,high,frozen,sandwiches frozen,4.073170731707317
561087,3,high,high,refrigerated,fresh salads/vegetables,11.0625
561417,365,low,high,ambient,alcoholic beverages,3.909090909090909
563431,90,medium,high,frozen,meat frozen,53.5
563432,90,low,high,frozen,frozen fried items,8.947368421052632
563434,365,low,high,dry,coffee/tea/hot drinks,19.875
563442,90,medium,high,frozen,meat frozen,4.857142857142857
563443,365,low,high,dry,coffee/tea/hot drinks,4.317073170731708
563444,2,high,high,refrigerated,meat fresh,2.117647058823529
563445,90,medium,high,frozen,meat frozen,8.68421052631579
563450,365,low,high,dry,coffee/tea/hot drinks,5.612903225806452
563451,365,low,high,dry,coffee/tea/hot drinks,4.378378378378378
563456,90,medium,high,frozen,meat frozen,9.210526315789474
563458,365,low,high,dry,coffee/tea/hot drinks,2.707692307692308
563459,2,high,high,refrigerated,meat fresh,1.904255319148936
563460,90,medium,high,frozen,meat frozen,4.25
563465,2,high,high,refrigerated,meat fresh,2.8095238095238093
563466,2,medium,medium,refrigerated,pasta/rice fresh,2.3289473684210527
563467,180,low,high,ambient,shelf-stable snacks,15.142857142857142
563468,365,low,high,dry,coffee/tea/hot drinks,14.0
563469,180,low,high,ambient,shelf-stable snacks,4.75
563470,14,medium,high,refrigerated,sauces/condiments,34.4
563475,1,high,medium,refrigerated,ready-to-eat meals,1.4715447154471544
563791,2,high,high,refrigerated,fresh pizza,2.015625
563808,365,low,high,dry,coffee/tea/hot drinks,3.4054054054054053
563813,3,high,high,refrigerated,fresh salads/vegetables,1.93939393939394
563819,3,high,high,refrigerated,fresh salads/vegetables,1.7945205479452055
563835,3,high,high,refrigerated,fresh salads/vegetables,4.129032258064516
563985,365,low,high,ambient,alcoholic beverages,2.0476190476190474
563990,365,low,high,ambient,alcoholic beverages,4.0
564010,90,medium,high,frozen,pizza (frozen/long shelf),3.935483870967742
564255,2,high,high,refrigerated,meat fresh,4.413793103448276
564365,365,low,high,dry,coffee/tea/hot drinks,1.625
564375,365,low,high,dry,coffee/tea/hot drinks,2.702127659574468
566417,1,high,medium,refrigerated,ready-to-eat meals,2.0588235294117645
566426,1,high,medium,refrigerated,ready-to-eat meals,1.7524752475247525
566430,1,high,medium,refrigerated,ready-to-eat meals,1.946236559139785
568972,180,low,high,ambient,shelf-stable snacks,2.2375
569013,365,low,high,ambient,soft drinks,1.7115384615384617
569074,365,low,high,ambient,soft drinks,1.1986754966887416
569135,365,low,high,ambient,alcoholic beverages,1.5803571428571428
569143,365,low,high,ambient,alcoholic beverages,1.913978494623656
5698969,1,high,medium,refrigerated,ready-to-eat meals,6.285714285714286
5699048,365,low,high,ambient,alcoholic beverages,14.583333333333334
5717366,7,medium,high,refrigerated,fresh juice/smoothie,1.222972972972973
573148,365,low,high,dry,coffee/tea/hot drinks,999.0
573158,60,medium,high,frozen,seafood frozen,20.0
574082,365,low,high,ambient,soft drinks,10.76923076923077
574084,365,low,high,ambient,alcoholic beverages,8.736842105263158
575581,14,medium,high,refrigerated,cheese,1.7592592592592593
575594,7,medium,high,refrigerated,dairy/eggs,1.7592592592592593
575598,14,medium,high,refrigerated,cheese,1.7924528301886793
575687,30,low,medium,dry,pastries shelf-stable,1.7592592592592593
575690,365,low,high,ambient,soft drinks,1.7924528301886793
575724,30,low,medium,dry,pastries shelf-stable,1.7592592592592593
575777,365,low,high,dry,coffee/tea/hot drinks,1.7592592592592593
575782,365,low,high,dry,coffee/tea/hot drinks,1.7592592592592593
575783,365,low,high,dry,coffee/tea/hot drinks,1.7592592592592593
575787,365,low,high,dry,coffee/tea/hot drinks,1.7592592592592593
575804,365,low,high,dry,coffee/tea/hot drinks,1.862745098039216
5758138,2,medium,medium,refrigerated,pasta/rice fresh,12.0
5767375,3,high,high,refrigerated,fresh salads/vegetables,1.40625
5771012,365,low,high,dry,coffee/tea/hot drinks,12.5
579007,180,low,high,ambient,shelf-stable snacks,7.727272727272727
579008,365,low,high,ambient,soft drinks,2.6029411764705883
583785,365,low,high,dry,coffee/tea/hot drinks,2.045977011494253
583808,90,medium,high,frozen,meat frozen,8.125
5892964,365,low,high,ambient,alcoholic beverages,1.587719298245614
5893016,365,low,high,ambient,soft drinks,3.351851851851852
5893686,365,low,high,dry,coffee/tea/hot drinks,3.54
5896440,60,medium,high,frozen,wraps/kebab frozen,4.146341463414634
5896883,365,low,high,dry,coffee/tea/hot drinks,3.1578947368421053
5896904,365,low,high,ambient,alcoholic beverages,2.486111111111111
590445,60,medium,high,frozen,wraps/kebab frozen,6.958333333333333
590504,1,high,high,refrigerated,wraps/kebab fresh,2.4
590607,365,low,high,dry,coffee/tea/hot drinks,2.585714285714286
590608,365,low,high,dry,coffee/tea/hot drinks,2.234567901234568
590618,60,medium,high,frozen,wraps/kebab frozen,7.6521739130434785
592184,365,low,high,dry,coffee/tea/hot drinks,1.8269230769230769
5935657,1,high,high,refrigerated,sandwiches fresh,1.448
5935891,2,high,high,refrigerated,meat fresh,1.432
5935952,2,medium,medium,refrigerated,soup fresh,1.6363636363636365
5935955,365,low,high,dry,coffee/tea/hot drinks,1.2482758620689656
5936140,180,low,high,ambient,shelf-stable snacks,6.25
5936231,90,medium,high,frozen,meat frozen,3.891304347826087
5936233,60,medium,high,frozen,sandwiches frozen,5.125
5936274,365,low,high,ambient,alcoholic beverages,1.0168539325842696
5936288,365,low,high,ambient,soft drinks,2.022727272727273
5936290,365,low,high,ambient,alcoholic beverages,1.4958677685950412
5936293,365,low,high,ambient,alcoholic beverages,9.61111111111111
5936300,365,low,high,ambient,alcoholic beverages,25.5
5936301,365,low,high,ambient,alcoholic beverages,999.0
5936302,365,low,high,ambient,alcoholic beverages,12.833333333333334
5936303,365,low,high,ambient,alcoholic beverages,999.0
5936729,365,low,high,dry,coffee/tea/hot drinks,83.0
5936730,365,low,high,dry,coffee/tea/hot drinks,999.0
5936807,365,low,high,ambient,alcoholic beverages,2.513888888888889
5936966,365,low,high,ambient,alcoholic beverages,999.0
5937002,365,low,high,dry,coffee/tea/hot drinks,999.0
5937004,365,low,high,ambient,soft drinks,66.5
5937005,365,low,high,ambient,soft drinks,55.0
5937006,365,low,high,ambient,soft drinks,16.666666666666668
5937045,365,low,high,dry,coffee/tea/hot drinks,32.0
5937097,365,low,high,ambient,soft drinks,2.769230769230769
5937098,365,low,high,ambient,soft drinks,9.105263157894736
5937138,180,low,high,ambient,shelf-stable snacks,1.011173184357542
5937144,365,low,high,dry,coffee/tea/hot drinks,3.727272727272727
5937166,365,low,high,ambient,alcoholic beverages,31.5
5937171,365,low,high,ambient,alcoholic beverages,2.555555555555556
5937291,7,low,high,dry,bread products,17.375
5937292,7,low,high,dry,bread products,7.7894736842105265
5937303,60,medium,high,frozen,seafood frozen,15.2
5937366,365,low,high,ambient,soft drinks,19.5
5937367,365,low,high,ambient,soft drinks,31.25
5937370,365,low,high,ambient,alcoholic beverages,36.66666666666666
5937373,365,low,high,ambient,alcoholic beverages,75.0
5937378,1,high,medium,refrigerated,ready-to-eat meals,4.5
5937635,365,low,high,ambient,alcoholic beverages,4.45
5937662,365,low,high,ambient,alcoholic beverages,2.175
5937664,365,low,high,ambient,soft drinks,1.7211538461538465
5937672,14,medium,high,refrigerated,cheese,1.6761904761904762
5937673,365,low,high,dry,coffee/tea/hot drinks,3.203703703703704
5937730,365,low,high,ambient,alcoholic beverages,3.175438596491228
5937731,1,high,high,refrigerated,seafood fresh,6.0
5937767,60,medium,high,frozen,seafood frozen,2.0930232558139537
5937797,365,low,high,ambient,alcoholic beverages,1.4031007751937985
5937798,365,low,high,ambient,alcoholic beverages,1.978021978021978
5937799,365,low,high,ambient,soft drinks,2.1547619047619047
5937800,365,low,high,ambient,alcoholic beverages,2.4794520547945207
5937802,365,low,high,dry,coffee/tea/hot drinks,4.113636363636363
5937804,365,low,high,dry,coffee/tea/hot drinks,8.9
5937805,365,low,high,dry,coffee/tea/hot drinks,3.4423076923076925
5937807,2,medium,medium,refrigerated,pasta/rice fresh,2.3205128205128207
5937808,365,low,high,ambient,alcoholic beverages,2.0804597701149423
5937927,7,low,high,dry,bread products,19.0
5937929,60,medium,high,frozen,sandwiches frozen,999.0
5937948,30,low,medium,dry,pastries shelf-stable,11.583333333333334
5937952,30,low,medium,dry,pastries shelf-stable,23.4
5938034,365,low,high,dry,coffee/tea/hot drinks,1.0342857142857145
5938116,2,high,high,refrigerated,fresh pizza,1.9148936170212767
5938117,3,high,high,refrigerated,fresh salads/vegetables,1.691588785046729
5938118,3,medium,medium,refrigerated,pastries fresh,1.935483870967742
5938137,365,low,high,ambient,alcoholic beverages,1.1830065359477124
5938138,2,high,high,refrigerated,meat fresh,1.592920353982301
5938139,1,high,high,refrigerated,sandwiches fresh,1.6017699115044248
5938141,2,high,high,refrigerated,meat fresh,2.4722222222222223
5938196,365,low,high,dry,coffee/tea/hot drinks,1.175324675324675
5938197,365,low,high,dry,coffee/tea/hot drinks,1.0584795321637428
5938198,365,low,high,dry,coffee/tea/hot drinks,1.5789473684210529
5938305,1,high,medium,refrigerated,ready-to-eat meals,93.0
5938306,1,high,medium,refrigerated,ready-to-eat meals,27.5
5938309,1,high,medium,refrigerated,ready-to-eat meals,21.5
5938442,90,medium,high,frozen,meat frozen,12.25
5938444,365,low,high,dry,coffee/tea/hot drinks,13.0
5938453,60,medium,medium,frozen,pasta/rice frozen,5.0606060606060606
5938454,60,medium,medium,frozen,pasta/rice frozen,8.095238095238095
5938455,365,low,high,dry,coffee/tea/hot drinks,5.75
5938456,365,low,high,dry,coffee/tea/hot drinks,15.727272727272728
5938457,90,medium,high,frozen,meat frozen,10.235294117647058
5938458,90,medium,high,frozen,meat frozen,4.25
5938459,365,low,high,dry,coffee/tea/hot drinks,6.807692307692308
5938460,365,low,high,dry,coffee/tea/hot drinks,14.666666666666666
5938461,14,medium,high,refrigerated,cheese,20.0
5938462,14,medium,high,refrigerated,cheese,999.0
5938463,14,medium,high,refrigerated,cheese,70.5
5938464,14,medium,high,refrigerated,cheese,32.0
5938531,365,low,high,ambient,alcoholic beverages,21.0
5938532,365,low,high,ambient,alcoholic beverages,1.809523809523809
5938590,365,low,high,ambient,alcoholic beverages,2.7846153846153845
5939053,60,medium,medium,frozen,pasta/rice frozen,16.454545454545453
5939240,3,medium,high,refrigerated,bread fresh,2.4827586206896552
5939241,7,medium,high,refrigerated,dairy/eggs,4.15625
5939776,365,low,high,ambient,soft drinks,1.156862745098039
5939798,30,low,medium,dry,pastries shelf-stable,7.222222222222222
5939929,365,low,high,ambient,soft drinks,1.4173228346456692
5939947,365,low,high,ambient,alcoholic beverages,1.7075471698113207
5939951,365,low,high,ambient,alcoholic beverages,2.3684210526315788
5939956,365,low,high,dry,coffee/tea/hot drinks,2.011363636363636
5939957,365,low,high,ambient,alcoholic beverages,2.278481012658228
5940215,365,low,high,dry,coffee/tea/hot drinks,3.0
5940297,90,medium,high,frozen,meat frozen,14.0
5940716,365,low,high,dry,coffee/tea/hot drinks,18.0
5940754,365,low,high,ambient,soft drinks,5.4375
5940851,1,high,medium,refrigerated,ready-to-eat meals,23.8
5940852,1,high,medium,refrigerated,ready-to-eat meals,14.0
5940938,7,low,high,dry,bread products,34.25
5940943,7,low,high,dry,bread products,30.666666666666668
5940946,365,low,high,dry,coffee/tea/hot drinks,4.325
5940957,30,low,medium,dry,pastries shelf-stable,44.333333333333336
5940960,365,low,high,ambient,alcoholic beverages,8.894736842105264
5941009,90,medium,high,frozen,meat frozen,19.125
5941017,365,low,high,ambient,alcoholic beverages,64.0
5941018,365,low,high,ambient,soft drinks,2.71875
5941378,365,low,high,dry,coffee/tea/hot drinks,10.75
5941618,2,high,high,refrigerated,meat fresh,3.055555555555556
5941637,60,medium,high,frozen,sandwiches frozen,16.25
5941638,60,medium,high,frozen,sandwiches frozen,17.0
5941639,60,medium,high,frozen,sandwiches frozen,10.928571428571429
5941642,365,low,high,dry,coffee/tea/hot drinks,7.6
5941646,90,medium,high,frozen,meat frozen,8.45
5941647,90,medium,high,frozen,meat frozen,16.0
5941648,90,medium,high,frozen,meat frozen,7.95
5941650,365,low,high,dry,coffee/tea/hot drinks,2.890909090909091
5941653,60,medium,high,frozen,sandwiches frozen,5.333333333333333
5941658,365,low,high,ambient,soft drinks,2.4242424242424243
5941660,365,low,high,ambient,soft drinks,5.178571428571429
5941661,365,low,high,ambient,alcoholic beverages,17.22222222222222
5941662,365,low,high,ambient,alcoholic beverages,14.333333333333334
5941665,365,low,high,dry,coffee/tea/hot drinks,4.8
5941666,365,low,high,dry,coffee/tea/hot drinks,35.25
5941667,365,low,high,dry,coffee/tea/hot drinks,8.875
5941672,365,low,high,dry,coffee/tea/hot drinks,12.875
5941674,365,low,high,dry,coffee/tea/hot drinks,27.0
5941676,365,low,high,dry,coffee/tea/hot drinks,4.175
5941678,180,low,high,ambient,shelf-stable snacks,8.055555555555555
5941682,365,low,high,dry,coffee/tea/hot drinks,6.565217391304348
5941684,180,low,high,ambient,shelf-stable snacks,11.363636363636363
5941825,1,high,medium,refrigerated,ready-to-eat meals,11.0
5941827,1,high,medium,refrigerated,ready-to-eat meals,6.666666666666667
5942017,90,medium,high,frozen,meat frozen,999.0
5942098,365,low,high,ambient,alcoholic beverages,2.234567901234568
5942100,365,low,high,dry,coffee/tea/hot drinks,47.0
5942101,365,low,high,ambient,alcoholic beverages,9.05
5942124,365,low,high,ambient,alcoholic beverages,5.147058823529412
5942125,365,low,high,ambient,alcoholic beverages,5.454545454545454
5942126,365,low,high,ambient,alcoholic beverages,22.5
5942127,365,low,high,ambient,alcoholic beverages,5.323529411764706
5942132,60,medium,medium,frozen,pasta/rice frozen,47.0
5942142,365,low,high,ambient,alcoholic beverages,7.333333333333333
5942289,365,low,high,dry,coffee/tea/hot drinks,29.4
5942393,365,low,high,ambient,soft drinks,6.035714285714286
5942394,365,low,high,ambient,alcoholic beverages,19.375
5942395,365,low,high,ambient,alcoholic beverages,13.916666666666666
5942397,365,low,high,ambient,soft drinks,7.952380952380952
5942398,90,medium,high,frozen,meat frozen,7.409090909090909
5942399,7,medium,high,refrigerated,fresh juice/smoothie,15.875
5942400,365,low,high,dry,coffee/tea/hot drinks,6.384615384615385
5942402,365,low,high,dry,coffee/tea/hot drinks,6.0
5942403,365,low,high,dry,coffee/tea/hot drinks,15.88888888888889
5942405,365,low,high,dry,coffee/tea/hot drinks,8.61111111111111
5942406,365,low,high,dry,coffee/tea/hot drinks,9.882352941176473
5942408,365,low,high,dry,coffee/tea/hot drinks,6.64
5942409,365,low,high,ambient,alcoholic beverages,8.842105263157896
5942410,365,low,high,ambient,alcoholic beverages,8.0
5942411,365,low,high,ambient,alcoholic beverages,7.636363636363637
5942413,365,low,high,ambient,alcoholic beverages,8.555555555555555
5942417,365,low,high,ambient,alcoholic beverages,6.76
5942420,365,low,high,ambient,alcoholic beverages,10.0
5942422,90,medium,high,frozen,meat frozen,8.0
5942423,180,low,high,ambient,shelf-stable snacks,18.55555555555556
5942429,365,low,high,dry,coffee/tea/hot drinks,11.928571428571429
5942641,90,medium,high,frozen,meat frozen,6.666666666666667
5942659,60,medium,high,frozen,sandwiches frozen,999.0
5942858,365,low,high,ambient,soft drinks,4.970588235294118
5942886,365,low,high,dry,coffee/tea/hot drinks,3.232142857142857
5942922,90,medium,high,frozen,meat frozen,10.8125
5942943,365,low,high,dry,coffee/tea/hot drinks,999.0
5942944,365,low,high,dry,coffee/tea/hot drinks,42.5
5942945,365,low,high,dry,coffee/tea/hot drinks,56.0
5943015,365,low,high,dry,coffee/tea/hot drinks,9.157894736842104
5943021,365,low,high,ambient,soft drinks,1.6571428571428573
5943022,2,high,high,refrigerated,meat fresh,2.8524590163934427
5943025,365,low,high,ambient,alcoholic beverages,6.576923076923077
5943029,3,medium,high,refrigerated,processed meat,3.2222222222222223
5943032,60,medium,high,frozen,sandwiches frozen,4.195121951219512
5943033,60,medium,high,frozen,sandwiches frozen,9.11111111111111
5943034,365,low,high,ambient,alcoholic beverages,4.0
5943035,365,low,high,dry,coffee/tea/hot drinks,2.4166666666666665
5943038,365,low,high,ambient,alcoholic beverages,999.0
5943040,60,medium,high,frozen,sandwiches frozen,77.5
5943041,1,high,high,refrigerated,sandwiches fresh,2.65625
5943042,60,medium,high,frozen,sandwiches frozen,3.6595744680851054
5943044,365,low,high,ambient,soft drinks,5.612903225806452
5943163,365,low,high,ambient,alcoholic beverages,30.33333333333333
5943170,2,high,high,refrigerated,meat fresh,2.6865671641791047
5943187,365,low,high,dry,coffee/tea/hot drinks,3.765957446808511
5943193,365,low,high,dry,coffee/tea/hot drinks,6.333333333333333
5943913,1,high,high,refrigerated,sandwiches fresh,2.3205128205128207
5943917,1,high,high,refrigerated,sandwiches fresh,2.742424242424242
5943919,1,high,high,refrigerated,sandwiches fresh,2.9672131147540983
5943941,365,low,high,dry,coffee/tea/hot drinks,2.3506493506493507
5943945,365,low,high,dry,coffee/tea/hot drinks,2.234567901234568
5943946,365,low,high,dry,coffee/tea/hot drinks,2.2911392405063293
5943963,365,low,high,dry,coffee/tea/hot drinks,2.1547619047619047
5943976,365,low,high,dry,coffee/tea/hot drinks,2.4794520547945207
5943977,3,medium,medium,refrigerated,pastries fresh,2.585714285714286
5943980,365,low,high,dry,coffee/tea/hot drinks,4.837837837837838
5944427,2,high,high,refrigerated,fresh pizza,4.121951219512195
5944430,365,low,high,ambient,alcoholic beverages,4.097560975609756
5944435,365,low,high,dry,coffee/tea/hot drinks,6.48
5944436,365,low,high,dry,coffee/tea/hot drinks,4.837837837837838
5944445,90,medium,high,frozen,pizza (frozen/long shelf),3.36
5944452,60,medium,high,frozen,sandwiches frozen,5.1875
5944454,60,medium,high,frozen,sandwiches frozen,6.653846153846154
5944457,365,low,high,ambient,alcoholic beverages,2.6231884057971016
5944458,60,medium,high,frozen,wraps/kebab frozen,2.8095238095238093
5944461,365,low,high,ambient,alcoholic beverages,5.833333333333333
5944462,365,low,high,dry,coffee/tea/hot drinks,1.7403846153846154
5944468,365,low,high,dry,coffee/tea/hot drinks,5.181818181818182
5944471,365,low,high,ambient,soft drinks,5.2727272727272725
5944650,2,high,high,refrigerated,meat fresh,1.8
5944653,2,high,high,refrigerated,fresh pizza,2.0
5944688,365,low,high,ambient,alcoholic beverages,1.5
5944697,1,high,high,refrigerated,wraps/kebab fresh,2.1666666666666665
5944701,3,medium,high,refrigerated,bread fresh,7.0
5944716,2,high,high,refrigerated,meat fresh,2.25
5944718,1,high,high,refrigerated,wraps/kebab fresh,2.4
5944720,365,low,high,ambient,alcoholic beverages,7.333333333333333
5944725,2,high,high,refrigerated,meat fresh,2.0
5944726,2,high,high,refrigerated,meat fresh,8.0
5944738,1,high,high,refrigerated,sandwiches fresh,3.0
5944740,365,low,high,dry,coffee/tea/hot drinks,1.7272727272727273
5944742,365,low,high,ambient,soft drinks,2.0
5944743,365,low,high,ambient,soft drinks,4.0
5944749,365,low,high,ambient,alcoholic beverages,5.0
5945827,60,medium,high,frozen,sandwiches frozen,3.4038461538461537
5945873,90,medium,high,frozen,meat frozen,11.2
5945874,60,medium,high,frozen,sandwiches frozen,4.384615384615385
5945876,60,medium,high,frozen,sandwiches frozen,3.6041666666666665
5945877,60,medium,high,frozen,processed meat frozen,6.407407407407407
5945879,365,low,high,ambient,alcoholic beverages,8.944444444444445
5945880,365,low,high,ambient,alcoholic beverages,8.894736842105264
5945881,90,low,high,frozen,frozen fried items,8.842105263157896
5945882,7,low,high,dry,bread products,8.05
5945883,365,low,high,ambient,alcoholic beverages,8.05
5945886,90,medium,high,frozen,meat frozen,6.461538461538462
5945887,180,low,high,ambient,shelf-stable snacks,8.210526315789474
5945890,365,low,high,ambient,alcoholic beverages,2.9166666666666665
5945892,365,low,high,ambient,soft drinks,1.9230769230769231
5945893,365,low,high,ambient,soft drinks,2.611940298507463
5945894,365,low,high,ambient,soft drinks,3.351851851851852
5945899,365,low,high,dry,coffee/tea/hot drinks,12.785714285714286
5946140,1,high,high,refrigerated,wraps/kebab fresh,7.5
5946141,2,high,high,refrigerated,meat fresh,5.0
5946142,60,medium,high,frozen,wraps/kebab frozen,999.0
5946143,90,medium,high,frozen,meat frozen,999.0
5946149,365,low,high,ambient,alcoholic beverages,999.0
5946155,60,medium,high,frozen,sandwiches frozen,999.0
5946156,60,medium,high,frozen,sandwiches frozen,999.0
5946179,365,low,high,ambient,soft drinks,999.0
5946408,365,low,high,ambient,confectionery,3.0
5946410,365,low,high,ambient,confectionery,3.090909090909091
5946688,30,low,medium,dry,pastries shelf-stable,2.903225806451613
5946750,90,medium,high,frozen,pizza (frozen/long shelf),999.0
5946751,90,medium,high,frozen,pizza (frozen/long shelf),23.857142857142858
5946769,2,high,high,refrigerated,fresh pizza,1.0584795321637428
5946784,90,medium,high,frozen,pizza (frozen/long shelf),1.965116279069768
5946791,2,high,high,refrigerated,fresh pizza,2.4507042253521125
5946792,90,medium,high,frozen,pizza (frozen/long shelf),10.8
5946793,90,medium,high,frozen,pizza (frozen/long shelf),4.225
5946794,2,high,high,refrigerated,fresh pizza,1.052325581395349
5946800,365,low,high,ambient,confectionery,2.557142857142857
5946876,90,medium,high,frozen,meat frozen,6.913043478260869
5946877,365,low,high,ambient,alcoholic beverages,6.206896551724138
5946880,1,high,high,refrigerated,wraps/kebab fresh,2.983050847457627
5946881,365,low,high,dry,coffee/tea/hot drinks,6.833333333333333
5946882,60,medium,high,frozen,wraps/kebab frozen,4.615384615384615
5946883,90,medium,high,frozen,meat frozen,5.774193548387097
5946884,365,low,high,dry,coffee/tea/hot drinks,2.6865671641791047
5946885,365,low,high,dry,coffee/tea/hot drinks,4.7105263157894735
5946890,60,medium,high,frozen,wraps/kebab frozen,7.208333333333333
5946892,60,medium,high,frozen,wraps/kebab frozen,10.8125
5946893,1,high,medium,refrigerated,ready-to-eat meals,8.095238095238095
5946894,90,medium,high,frozen,meat frozen,8.1
5946895,90,low,high,frozen,frozen fried items,10.866666666666667
5946896,90,medium,high,frozen,meat frozen,9.77777777777778
5946897,90,medium,high,frozen,meat frozen,11.846153846153848
5946898,1,high,medium,refrigerated,ready-to-eat meals,6.285714285714286
5946901,60,medium,medium,frozen,pasta/rice frozen,6.6923076923076925
5946902,60,medium,medium,frozen,pasta/rice frozen,11.666666666666666
5946909,365,low,high,dry,coffee/tea/hot drinks,3.5098039215686274
5946911,365,low,high,ambient,soft drinks,2.0
5946912,90,medium,high,frozen,meat frozen,5.625
5946913,90,medium,high,frozen,meat frozen,6.76
5946915,365,low,high,ambient,alcoholic beverages,8.181818181818182
5946989,60,medium,high,frozen,seafood frozen,62.5
5947005,180,low,high,ambient,shelf-stable snacks,5.483870967741935
5947060,365,low,high,ambient,soft drinks,3.2115384615384617
5947062,60,medium,medium,frozen,pasta/rice frozen,6.333333333333333
5947295,365,low,high,dry,coffee/tea/hot drinks,14.9
5947331,90,medium,high,frozen,meat frozen,2.2948717948717947
5947358,365,low,high,ambient,confectionery,95.0
5947363,1,high,medium,refrigerated,ready-to-eat meals,1.9444444444444444
5947364,3,high,high,refrigerated,fresh salads/vegetables,7.153846153846154
5947365,7,low,high,dry,bread products,1.9230769230769231
5947366,30,low,medium,dry,pastries shelf-stable,1.9021739130434785
5947367,365,low,high,ambient,soft drinks,7.761904761904762
5947370,365,low,high,dry,coffee/tea/hot drinks,1.8823529411764703
5947374,1,high,high,refrigerated,wraps/kebab fresh,2.0
5947375,365,low,high,dry,coffee/tea/hot drinks,3.111111111111111
5947379,365,low,high,ambient,confectionery,2.083333333333333
5947383,7,low,high,dry,bread products,2.333333333333333
5947385,7,low,high,dry,bread products,2.011494252873564
5947391,365,low,high,dry,coffee/tea/hot drinks,1.8
5947392,365,low,high,dry,coffee/tea/hot drinks,1.313868613138686
5947393,365,low,high,dry,coffee/tea/hot drinks,5.5
5947394,365,low,high,dry,coffee/tea/hot drinks,3.8260869565217392
5947395,365,low,high,dry,coffee/tea/hot drinks,44.75
5947397,3,high,high,refrigerated,fresh salads/vegetables,4.261904761904762
5947399,60,medium,medium,frozen,pasta/rice frozen,2.949152542372881
5947400,365,low,high,dry,coffee/tea/hot drinks,9.076923076923077
5947401,365,low,high,dry,coffee/tea/hot drinks,2.7777777777777777
5947403,365,low,high,dry,coffee/tea/hot drinks,3.076923076923077
5947404,365,low,high,dry,coffee/tea/hot drinks,10.733333333333333
5947406,365,low,high,dry,coffee/tea/hot drinks,4.390243902439025
5947407,365,low,high,dry,coffee/tea/hot drinks,8.238095238095237
5947416,365,low,high,dry,coffee/tea/hot drinks,9.0
5947421,2,high,high,refrigerated,meat fresh,4.756756756756757
5947493,90,medium,high,frozen,meat frozen,11.25
5947494,2,high,high,refrigerated,meat fresh,2.9444444444444446
5947501,365,low,high,dry,coffee/tea/hot drinks,19.625
5947589,7,low,high,dry,bread products,2.578125
5947593,90,medium,high,frozen,meat frozen,13.583333333333334
5947602,365,low,high,ambient,alcoholic beverages,6.653846153846154
5947603,365,low,high,ambient,alcoholic beverages,5.580645161290323
5947608,365,low,high,ambient,alcoholic beverages,5.833333333333333
5947833,365,low,high,dry,coffee/tea/hot drinks,5.2727272727272725
5947848,365,low,high,dry,coffee/tea/hot drinks,64.5
5947849,365,low,high,dry,coffee/tea/hot drinks,999.0
5947850,90,medium,high,frozen,meat frozen,44.0
5947853,2,high,high,refrigerated,meat fresh,1.292857142857143
5947854,2,high,high,refrigerated,fresh pizza,1.8282828282828285
5947857,365,low,high,dry,coffee/tea/hot drinks,20.571428571428573
5947907,2,high,high,refrigerated,meat fresh,1.44
5947920,3,medium,high,refrigerated,bread fresh,1.978021978021978
5947921,1,high,high,refrigerated,sandwiches fresh,1.292857142857143
5947923,3,medium,high,refrigerated,bread fresh,1.2162162162162162
5947950,365,low,high,dry,coffee/tea/hot drinks,1.6574074074074074
5947994,365,low,high,ambient,alcoholic beverages,1.5789473684210529
5947995,365,low,high,ambient,alcoholic beverages,1.6363636363636365
5947999,365,low,high,ambient,alcoholic beverages,1.5789473684210529
5948003,1,high,medium,refrigerated,ready-to-eat meals,1.5338983050847457
5948004,90,medium,high,frozen,meat frozen,3.2363636363636363
5948017,365,low,high,ambient,soft drinks,1.2397260273972603
594802,180,low,high,ambient,shelf-stable snacks,2.289473684210526
5948043,2,high,high,refrigerated,meat fresh,1.475409836065574
5948157,1,high,medium,refrigerated,ready-to-eat meals,8.636363636363637
5948158,60,medium,medium,frozen,pasta/rice frozen,26.166666666666668
5948163,365,low,high,ambient,alcoholic beverages,10.1
5948171,365,low,high,ambient,alcoholic beverages,3.75
5948172,365,low,high,ambient,soft drinks,12.857142857142858
5948173,365,low,high,ambient,alcoholic beverages,6.666666666666667
5948218,365,low,high,ambient,alcoholic beverages,12.333333333333334
5948307,14,medium,high,refrigerated,cheese,1.8823529411764703
5948415,90,medium,high,frozen,meat frozen,2.923076923076923
5948672,90,medium,high,frozen,pizza (frozen/long shelf),5.0
5948673,90,medium,high,frozen,pizza (frozen/long shelf),5.0
5948674,90,medium,high,frozen,pizza (frozen/long shelf),4.425
5948690,90,medium,high,frozen,pizza (frozen/long shelf),6.6923076923076925
5948733,2,medium,medium,refrigerated,pasta/rice fresh,6.428571428571429
5948745,365,low,high,dry,coffee/tea/hot drinks,2.234567901234568
5949486,90,medium,high,frozen,meat frozen,9.473684210526317
5949652,90,medium,high,frozen,pizza (frozen/long shelf),13.666666666666666
5949653,365,low,high,dry,coffee/tea/hot drinks,6.913043478260869
5949654,1,high,high,refrigerated,sandwiches fresh,3.7291666666666665
5949725,365,low,high,dry,coffee/tea/hot drinks,3.510204081632653
5949729,1,high,high,refrigerated,wraps/kebab fresh,1.1830065359477124
5949734,30,low,medium,dry,pastries shelf-stable,3.723404255319149
5949828,60,medium,high,frozen,wraps/kebab frozen,9.125
5949903,1,high,medium,refrigerated,ready-to-eat meals,40.66666666666666
5949925,90,medium,high,frozen,meat frozen,999.0
5949929,365,low,high,ambient,soft drinks,2.293333333333333
5949930,365,low,high,ambient,soft drinks,18.571428571428573
5949931,365,low,high,ambient,soft drinks,999.0
5949932,365,low,high,ambient,soft drinks,13.25
5949936,365,low,high,ambient,soft drinks,16.375
5949937,365,low,high,ambient,soft drinks,8.61111111111111
5949947,365,low,high,dry,coffee/tea/hot drinks,25.666666666666668
5949950,365,low,high,dry,coffee/tea/hot drinks,24.5
5949952,90,medium,high,frozen,meat frozen,28.0
5949993,90,medium,high,frozen,meat frozen,999.0
5949994,60,medium,high,frozen,seafood frozen,999.0
5950099,60,medium,high,frozen,processed meat frozen,4.971428571428572
5950100,365,low,high,ambient,alcoholic beverages,6.25
5950101,365,low,high,ambient,alcoholic beverages,6.25
5950102,60,medium,high,frozen,sandwiches frozen,4.605263157894737
5950103,365,low,high,dry,coffee/tea/hot drinks,4.605263157894737
5950104,365,low,high,ambient,alcoholic beverages,5.117647058823529
5950105,365,low,high,dry,coffee/tea/hot drinks,11.2
5950107,365,low,high,dry,coffee/tea/hot drinks,7.608695652173913
5950108,365,low,high,dry,coffee/tea/hot drinks,11.2
5950109,365,low,high,ambient,confectionery,4.564102564102564
5950111,365,low,high,ambient,soft drinks,5.363636363636363
5950112,365,low,high,ambient,soft drinks,4.45
5950113,365,low,high,ambient,alcoholic beverages,24.285714285714285
5950271,365,low,high,dry,coffee/tea/hot drinks,31.6
5950592,14,medium,high,refrigerated,cheese,13.461538461538462
5950596,365,low,high,ambient,alcoholic beverages,4.238095238095238
5950615,365,low,high,dry,coffee/tea/hot drinks,1.2746478873239435
5950616,3,medium,medium,refrigerated,pastries fresh,1.2080536912751678
5950639,7,medium,high,refrigerated,fresh juice/smoothie,3.918918918918919
5950654,7,low,high,dry,bread products,999.0
5950668,365,low,high,dry,coffee/tea/hot drinks,1.124223602484472
5950678,365,low,high,ambient,alcoholic beverages,4.097560975609756
5950736,365,low,high,dry,coffee/tea/hot drinks,2.486111111111111
5950749,1,high,high,refrigerated,sandwiches fresh,1.78
5950750,1,high,high,refrigerated,sandwiches fresh,1.1830065359477124
5950753,60,medium,high,frozen,seafood frozen,2.0804597701149423
5950754,60,medium,medium,frozen,pasta/rice frozen,1.6728971962616823
5950760,365,low,high,dry,coffee/tea/hot drinks,2.78125
5950766,90,medium,high,frozen,meat frozen,2.32
5950768,14,medium,high,refrigerated,cheese,2.1463414634146343
5950770,2,high,high,refrigerated,meat fresh,2.458333333333333
5950862,180,low,high,ambient,shelf-stable snacks,1.824742268041237
5950876,2,high,high,refrigerated,meat fresh,1.2147651006711409
5950893,7,low,high,dry,bread products,4.2682926829268295
5950904,1,high,high,refrigerated,sandwiches fresh,1.3533834586466165
5950905,60,medium,high,frozen,sandwiches frozen,12.0
5950906,2,high,high,refrigerated,meat fresh,1.40625
5950911,3,high,high,refrigerated,fresh salads/vegetables,2.536231884057971
5950912,365,low,high,dry,coffee/tea/hot drinks,1.6306306306306306
5950914,3,medium,medium,refrigerated,pastries fresh,1.475409836065574
5950954,365,low,high,dry,coffee/tea/hot drinks,2.209302325581396
5951206,180,low,high,ambient,shelf-stable snacks,2.71875
5951495,60,medium,high,frozen,seafood frozen,59.5
5951502,60,medium,high,frozen,seafood frozen,11.666666666666666
5951504,90,medium,high,frozen,meat frozen,56.5
5951505,3,high,high,refrigerated,fresh salads/vegetables,41.0
5951516,365,low,high,dry,coffee/tea/hot drinks,28.0
5951530,60,medium,high,frozen,seafood frozen,22.2
5951537,365,low,high,dry,coffee/tea/hot drinks,9.38888888888889
5951539,1,high,medium,refrigerated,ready-to-eat meals,28.166666666666668
5951540,1,high,medium,refrigerated,ready-to-eat meals,27.166666666666668
5951541,1,high,medium,refrigerated,ready-to-eat meals,22.0
5951542,1,high,medium,refrigerated,ready-to-eat meals,15.5
5951567,365,low,high,dry,coffee/tea/hot drinks,1.4464285714285714
5951568,30,low,medium,dry,pastries shelf-stable,2.1058823529411765
5951570,90,medium,high,frozen,meat frozen,2.9344262295081966
5951572,365,low,high,ambient,soft drinks,2.0454545454545454
5951576,365,low,high,dry,coffee/tea/hot drinks,2.3552631578947367
5951577,365,low,high,dry,coffee/tea/hot drinks,2.418918918918919
5951582,365,low,high,dry,coffee/tea/hot drinks,3.7291666666666665
5951584,365,low,high,dry,coffee/tea/hot drinks,4.564102564102564
5951587,365,low,high,dry,coffee/tea/hot drinks,8.35
5951588,365,low,high,dry,coffee/tea/hot drinks,3.8260869565217392
5951590,365,low,high,dry,coffee/tea/hot drinks,4.833333333333333
5951592,365,low,high,dry,coffee/tea/hot drinks,7.0
5951625,365,low,high,dry,coffee/tea/hot drinks,6.62962962962963
5951848,90,medium,high,frozen,meat frozen,3.62
5951854,90,medium,high,frozen,meat frozen,1.7075471698113207
5951856,365,low,high,ambient,soft drinks,2.033707865168539
5951857,90,medium,high,frozen,meat frozen,3.2777777777777777
5951858,365,low,high,dry,coffee/tea/hot drinks,1.6454545454545455
5951859,365,low,high,dry,coffee/tea/hot drinks,3.591836734693877
5951860,365,low,high,dry,coffee/tea/hot drinks,1.547008547008547
5951868,365,low,high,ambient,alcoholic beverages,1.9777777777777776
5951869,365,low,high,ambient,alcoholic beverages,1.605263157894737
5951870,365,low,high,dry,coffee/tea/hot drinks,1.6363636363636365
5951871,365,low,high,dry,coffee/tea/hot drinks,1.6605504587155964
5951873,60,medium,high,frozen,processed meat frozen,1.6759259259259258
5951875,365,low,high,ambient,alcoholic beverages,1.587719298245614
5951876,90,medium,high,frozen,meat frozen,1.723809523809524
5951879,365,low,high,ambient,alcoholic beverages,4.365853658536586
5951883,365,low,high,dry,coffee/tea/hot drinks,4.113636363636363
5951884,365,low,high,dry,coffee/tea/hot drinks,2.828125
5951888,60,medium,high,frozen,sandwiches frozen,3.1403508771929824
5951891,60,medium,high,frozen,sandwiches frozen,1.946236559139785
5951892,60,medium,high,frozen,sandwiches frozen,2.6515151515151514
5951960,3,high,high,refrigerated,fresh salads/vegetables,1.4173228346456692
5951961,90,medium,high,frozen,meat frozen,6.555555555555555
5951996,365,low,high,dry,coffee/tea/hot drinks,7.727272727272727
5952198,90,low,high,frozen,frozen fried items,19.25
5952747,14,medium,high,refrigerated,sauces/condiments,13.538461538461538
5953023,14,medium,high,refrigerated,cheese,16.6
5953028,365,low,high,ambient,alcoholic beverages,6.642857142857143
5953031,90,medium,high,frozen,meat frozen,9.77777777777778
5953042,60,medium,medium,frozen,pasta/rice frozen,11.875
5953044,30,low,medium,dry,pastries shelf-stable,11.0
5953046,365,low,high,ambient,soft drinks,7.4
5953047,365,low,high,ambient,soft drinks,9.5
5953437,60,medium,high,frozen,sandwiches frozen,2.445945945945946
5953716,365,low,high,ambient,alcoholic beverages,2.4915254237288136
5953785,1,high,medium,refrigerated,ready-to-eat meals,15.857142857142858
5953895,60,medium,high,frozen,seafood frozen,33.25
5953898,3,high,high,refrigerated,fresh salads/vegetables,15.363636363636363
5953969,90,medium,high,frozen,meat frozen,999.0
5954041,365,low,high,ambient,alcoholic beverages,1.5789473684210529
5954042,365,low,high,ambient,alcoholic beverages,1.2638888888888888
5954043,365,low,high,ambient,alcoholic beverages,1.6454545454545455
5954044,365,low,high,ambient,alcoholic beverages,1.82
5954050,60,medium,medium,frozen,pasta/rice frozen,70.0
5954053,365,low,high,ambient,soft drinks,1.3923076923076922
5954057,365,low,high,ambient,alcoholic beverages,3.6
5954059,365,low,high,ambient,alcoholic beverages,16.444444444444443
5954064,365,low,high,ambient,alcoholic beverages,1.946236559139785
5954097,365,low,high,ambient,alcoholic beverages,1.8571428571428568
5954101,365,low,high,ambient,alcoholic beverages,4.142857142857143
5954102,365,low,high,ambient,alcoholic beverages,10.3125
5954103,365,low,high,dry,coffee/tea/hot drinks,6.25925925925926
5954110,365,low,high,dry,coffee/tea/hot drinks,8.95
5954113,365,low,high,dry,coffee/tea/hot drinks,5.733333333333333
5954115,180,low,high,ambient,shelf-stable snacks,4.864864864864865
5954119,365,low,high,dry,coffee/tea/hot drinks,6.241379310344827
5954121,365,low,high,dry,coffee/tea/hot drinks,1.946236559139785
5954158,365,low,high,ambient,alcoholic beverages,999.0
5954166,365,low,high,dry,coffee/tea/hot drinks,24.33333333333333
5954169,180,low,high,ambient,shelf-stable snacks,31.8
5954172,365,low,high,ambient,alcoholic beverages,2.1411764705882352
5954173,365,low,high,dry,coffee/tea/hot drinks,51.0
5954175,365,low,high,dry,coffee/tea/hot drinks,999.0
5954185,365,low,high,dry,coffee/tea/hot drinks,37.0
5954186,365,low,high,ambient,alcoholic beverages,52.0
5954187,365,low,high,ambient,alcoholic beverages,3.196428571428572
5954191,365,low,high,ambient,soft drinks,1.6759259259259258
5954197,2,medium,medium,refrigerated,pasta/rice fresh,2.903225806451613
5954198,60,medium,medium,frozen,pasta/rice frozen,22.666666666666668
5954199,365,low,high,ambient,alcoholic beverages,1.4330708661417322
5954200,365,low,high,ambient,alcoholic beverages,2.333333333333333
5954203,365,low,high,ambient,alcoholic beverages,1.81
5954204,365,low,high,ambient,alcoholic beverages,2.0689655172413794
5954217,365,low,high,ambient,soft drinks,1.1320754716981132
5954648,2,medium,medium,refrigerated,soup fresh,1.0055555555555555
5954650,365,low,high,dry,coffee/tea/hot drinks,1.4836065573770492
5954652,365,low,high,dry,coffee/tea/hot drinks,1.052325581395349
5954653,365,low,high,dry,coffee/tea/hot drinks,1.6126126126126126
5954655,1,high,high,refrigerated,seafood fresh,1.2482758620689656
5954656,90,low,high,frozen,frozen fried items,1.2191780821917808
5954657,2,high,high,refrigerated,meat fresh,1.2
5954658,2,high,high,refrigerated,meat fresh,1.9666666666666663
5954659,2,high,high,refrigerated,meat fresh,1.8541666666666667
5954661,7,medium,high,refrigerated,fresh juice/smoothie,1.4031007751937985
5955606,365,low,high,dry,coffee/tea/hot drinks,3.2142857142857144
5955608,90,medium,high,frozen,pizza (frozen/long shelf),2.742424242424242
5955612,2,high,high,refrigerated,fresh pizza,1.448
5955615,365,low,high,dry,coffee/tea/hot drinks,3.549019607843137
5955616,2,high,high,refrigerated,fresh pizza,3.7708333333333335
5955641,1,high,high,refrigerated,wraps/kebab fresh,1.4140625
5955645,60,medium,high,frozen,wraps/kebab frozen,3.351851851851852
5955654,90,medium,high,frozen,meat frozen,1.6454545454545455
5955656,90,low,high,frozen,frozen fried items,3.808510638297872
5955657,60,medium,high,frozen,wraps/kebab frozen,2.626865671641791
5955661,2,high,high,refrigerated,meat fresh,2.0454545454545454
5955662,90,low,high,frozen,frozen fried items,1.3308823529411764
5955665,2,high,high,refrigerated,meat fresh,2.3506493506493507
5955678,365,low,high,ambient,soft drinks,5.0
5955684,14,medium,high,refrigerated,sauces/condiments,2.4794520547945207
5956058,180,low,high,ambient,shelf-stable snacks,10.4375
5956077,3,medium,medium,refrigerated,pastries fresh,1.7058823529411764
5956137,90,medium,high,frozen,meat frozen,39.333333333333336
5956921,1,high,medium,refrigerated,ready-to-eat meals,1.7745098039215683
5956947,1,high,medium,refrigerated,ready-to-eat meals,2.3026315789473686
5956948,30,low,medium,dry,pastries shelf-stable,7.454545454545454
5957221,365,low,high,ambient,alcoholic beverages,4.375
5957222,2,high,high,refrigerated,meat fresh,3.844444444444445
5957294,3,medium,medium,refrigerated,pastries fresh,13.0
5957416,14,medium,high,refrigerated,cheese,8.181818181818182
5957429,365,low,high,ambient,soft drinks,2.1645569620253164
5957430,365,low,high,ambient,soft drinks,3.3529411764705883
5957452,365,low,high,ambient,alcoholic beverages,1.2312925170068028
5957457,365,low,high,ambient,alcoholic beverages,2.696969696969697
5957458,365,low,high,ambient,alcoholic beverages,1.3308823529411764
5957459,365,low,high,dry,coffee/tea/hot drinks,1.9886363636363635
5957462,60,medium,high,frozen,processed meat frozen,1.669811320754717
5957463,365,low,high,dry,coffee/tea/hot drinks,1.1986754966887416
5957464,60,medium,high,frozen,processed meat frozen,1.5083333333333333
5957467,60,medium,high,frozen,sandwiches frozen,1.69811320754717
5957468,60,medium,high,frozen,sandwiches frozen,1.4031007751937985
5957473,60,medium,high,frozen,sandwiches frozen,2.9166666666666665
5957474,90,medium,high,frozen,meat frozen,1.5210084033613445
5957477,60,medium,high,frozen,sandwiches frozen,2.094117647058824
5957478,60,medium,high,frozen,sandwiches frozen,2.585714285714286
5957483,365,low,high,ambient,alcoholic beverages,1.3308823529411764
5957485,60,medium,high,frozen,wraps/kebab frozen,2.424657534246576
5957487,90,medium,high,frozen,meat frozen,2.4507042253521125
5957490,90,medium,high,frozen,meat frozen,1.691588785046729
5957502,180,low,high,ambient,shelf-stable snacks,1.3308823529411764
5957512,365,low,high,ambient,soft drinks,1.6759259259259258
5957513,365,low,high,ambient,soft drinks,2.2564102564102564
5957517,365,low,high,ambient,soft drinks,2.9344262295081966
5957524,1,high,medium,refrigerated,ready-to-eat meals,2.0
5957546,365,low,high,ambient,alcoholic beverages,20.428571428571427
5957679,365,low,high,dry,coffee/tea/hot drinks,12.666666666666666
5957713,14,medium,high,refrigerated,cheese,8.833333333333334
5957720,365,low,high,dry,coffee/tea/hot drinks,7.2
5958028,365,low,high,ambient,alcoholic beverages,1.0
5958029,3,medium,medium,refrigerated,pastries fresh,2.769230769230769
5958041,3,medium,high,refrigerated,bread fresh,1.1612903225806452
5958240,60,medium,high,frozen,seafood frozen,2.4324324324324325
5958264,90,medium,high,frozen,pizza (frozen/long shelf),2.6515151515151514
5958265,7,low,high,dry,bread products,7.8
5958271,1,high,medium,refrigerated,ready-to-eat meals,2.8813559322033897
5958280,30,low,medium,dry,pastries shelf-stable,10.3125
5958282,365,low,high,ambient,soft drinks,2.609375
5958283,365,low,high,ambient,soft drinks,42.66666666666666
5958680,1,high,high,refrigerated,seafood fresh,1.4173228346456692
5958682,3,medium,medium,refrigerated,pastries fresh,1.904255319148936
5958699,365,low,high,ambient,alcoholic beverages,1.0055555555555555
5958701,365,low,high,ambient,soft drinks,1.0055555555555555
5958707,365,low,high,ambient,alcoholic beverages,1.1986754966887416
5958715,365,low,high,dry,coffee/tea/hot drinks,2.3506493506493507
5960245,3,high,high,refrigerated,fresh salads/vegetables,19.857142857142858
5960284,2,high,high,refrigerated,fresh pizza,1.947368421052632
5960296,14,medium,high,refrigerated,cheese,7.0
5960297,14,medium,high,refrigerated,cheese,999.0
5960424,365,low,high,dry,coffee/tea/hot drinks,999.0
5960438,365,low,high,ambient,soft drinks,11.5
5960452,365,low,high,ambient,alcoholic beverages,11.5
5960453,365,low,high,dry,coffee/tea/hot drinks,999.0
5960526,365,low,high,dry,coffee/tea/hot drinks,1.222972972972973
5960527,365,low,high,dry,coffee/tea/hot drinks,2.707692307692308
5960528,365,low,high,dry,coffee/tea/hot drinks,2.4133333333333336
5960529,365,low,high,dry,coffee/tea/hot drinks,1.3211678832116789
5960530,365,low,high,dry,coffee/tea/hot drinks,1.1104294478527608
5960531,365,low,high,dry,coffee/tea/hot drinks,1.2066666666666668
5960532,365,low,high,dry,coffee/tea/hot drinks,1.3308823529411764
5960533,365,low,high,dry,coffee/tea/hot drinks,2.9833333333333334
5960540,365,low,high,ambient,alcoholic beverages,2.011111111111111
5960541,7,medium,high,refrigerated,fresh juice/smoothie,1.6605504587155964
5960542,365,low,high,ambient,alcoholic beverages,1.9052631578947368
5960545,3,medium,high,refrigerated,bread fresh,1.3333333333333333
5960547,365,low,high,dry,coffee/tea/hot drinks,2.373333333333333
5960548,1,high,high,refrigerated,sandwiches fresh,1.2
5960549,3,medium,medium,refrigerated,pastries fresh,1.096969696969697
5960550,3,medium,medium,refrigerated,pastries fresh,1.1602564102564104
5960663,365,low,high,ambient,alcoholic beverages,1.3021582733812949
5960664,365,low,high,ambient,alcoholic beverages,1.6759259259259258
5960665,365,low,high,ambient,alcoholic beverages,1.3407407407407408
5960666,365,low,high,ambient,alcoholic beverages,1.8
5960668,365,low,high,ambient,alcoholic beverages,3.6
5960669,365,low,high,ambient,alcoholic beverages,1.3407407407407408
5960672,365,low,high,ambient,soft drinks,1.4251968503937007
5960673,365,low,high,ambient,alcoholic beverages,1.9565217391304348
5960678,365,low,high,ambient,alcoholic beverages,1.5739130434782609
5960680,365,low,high,ambient,alcoholic beverages,1.4596774193548387
5960691,365,low,high,ambient,alcoholic beverages,4.526315789473684
5960695,365,low,high,ambient,alcoholic beverages,2.0568181818181817
5960698,365,low,high,ambient,alcoholic beverages,3.375
5960750,90,medium,high,frozen,meat frozen,999.0
5960823,14,medium,high,refrigerated,cheese,999.0
5960877,365,low,high,dry,coffee/tea/hot drinks,6.5
5961039,180,low,high,ambient,shelf-stable snacks,1.3021582733812949
5961306,7,low,high,dry,bread products,6.107142857142857
5961435,7,low,high,dry,bread products,18.375
5961500,7,low,high,dry,bread products,8.777777777777779
5961501,7,low,high,dry,bread products,3.739130434782609
5961502,60,medium,high,frozen,sandwiches frozen,2.9655172413793105
5961506,1,high,medium,refrigerated,ready-to-eat meals,3.017543859649123
5961514,365,low,high,ambient,alcoholic beverages,11.0
5961520,7,low,high,dry,bread products,14.0
5961528,3,medium,medium,refrigerated,pastries fresh,2.8
5961531,3,high,high,refrigerated,fresh salads/vegetables,18.25
5961532,180,low,high,ambient,shelf-stable snacks,46.66666666666666
5961539,7,low,high,dry,bread products,11.0
5961548,180,low,high,ambient,shelf-stable snacks,3.333333333333333
5961653,30,low,medium,dry,pastries shelf-stable,4.2682926829268295
5961721,365,low,high,ambient,alcoholic beverages,2.982456140350877
5961971,2,high,high,refrigerated,fresh pizza,1.083832335329341
5961972,90,medium,high,frozen,pizza (frozen/long shelf),4.878787878787879
5961985,2,high,high,refrigerated,meat fresh,1.7378640776699028
5961990,1,high,high,refrigerated,wraps/kebab fresh,1.4786324786324787
5961994,2,high,high,refrigerated,meat fresh,1.826086956521739
5962008,365,low,high,ambient,soft drinks,3.595744680851064
5962009,365,low,high,ambient,soft drinks,1.3953488372093024
5962018,1,high,high,refrigerated,wraps/kebab fresh,3.1272727272727274
5962024,365,low,high,dry,coffee/tea/hot drinks,3.163636363636364
5962029,2,high,high,refrigerated,fresh pizza,1.2857142857142858
5962030,14,medium,high,refrigerated,sauces/condiments,2.36
5962159,7,low,high,dry,bread products,1.691588785046729
5962160,60,medium,high,frozen,seafood frozen,2.0930232558139537
5962161,3,medium,high,refrigerated,bread fresh,2.333333333333333
5962162,1,high,high,refrigerated,seafood fresh,2.571428571428572
5962166,60,medium,high,frozen,seafood frozen,14.1
5962169,30,low,medium,dry,pastries shelf-stable,157.0
5962172,60,medium,high,frozen,seafood frozen,30.6
5962174,365,low,high,ambient,soft drinks,7.043478260869565
5962176,365,low,high,ambient,alcoholic beverages,999.0
5962177,365,low,high,ambient,soft drinks,29.6
5962271,180,low,high,ambient,shelf-stable snacks,36.75
5962336,180,low,high,ambient,shelf-stable snacks,1.0642857142857145
5962790,365,low,high,ambient,soft drinks,3.127659574468085
5962858,3,high,high,refrigerated,fresh salads/vegetables,15.714285714285714
5962859,3,high,high,refrigerated,fresh salads/vegetables,11.666666666666666
5962860,90,medium,high,frozen,meat frozen,14.0
5962861,3,high,high,refrigerated,fresh salads/vegetables,3.7948717948717934
5962864,3,high,high,refrigerated,fresh salads/vegetables,9.6
5962865,3,high,high,refrigerated,fresh salads/vegetables,8.785714285714286
5962867,3,high,high,refrigerated,fresh salads/vegetables,10.272727272727272
5962869,3,high,high,refrigerated,fresh salads/vegetables,26.5
5962870,60,medium,high,frozen,wraps/kebab frozen,12.333333333333334
5962893,60,medium,high,frozen,wraps/kebab frozen,11.5
5962899,60,medium,high,frozen,wraps/kebab frozen,5.0
5962901,90,medium,high,frozen,meat frozen,20.571428571428573
5962922,365,low,high,ambient,alcoholic beverages,5.0344827586206895
5962925,60,medium,high,frozen,wraps/kebab frozen,3.236842105263158
5962927,60,medium,high,frozen,sandwiches frozen,6.0
5962942,365,low,high,dry,coffee/tea/hot drinks,9.125
5962943,365,low,high,dry,coffee/tea/hot drinks,8.933333333333334
5962944,60,medium,high,frozen,wraps/kebab frozen,20.5
5962945,90,medium,high,frozen,meat frozen,13.714285714285714
5962946,90,medium,high,frozen,meat frozen,9.714285714285714
5962951,14,medium,high,refrigerated,sauces/condiments,20.0
5962952,14,medium,high,refrigerated,sauces/condiments,2.84
5962953,90,medium,high,frozen,meat frozen,23.166666666666668
5962976,365,low,high,ambient,alcoholic beverages,1.0340909090909092
5962977,365,low,high,ambient,alcoholic beverages,1.5254237288135593
5962978,365,low,high,ambient,soft drinks,1.3893129770992367
5963124,365,low,high,ambient,alcoholic beverages,4.7105263157894735
5963126,365,low,high,ambient,alcoholic beverages,1.4715447154471544
5963127,365,low,high,ambient,alcoholic beverages,4.238095238095238
5963128,365,low,high,ambient,alcoholic beverages,1.7403846153846154
5963129,365,low,high,ambient,alcoholic beverages,2.588235294117647
5963134,180,low,high,ambient,shelf-stable snacks,5.090909090909091
5963136,365,low,high,ambient,alcoholic beverages,3.067796610169492
5963137,365,low,high,ambient,alcoholic beverages,2.3037974683544302
5963167,365,low,high,dry,coffee/tea/hot drinks,1.845360824742268
5963168,2,medium,medium,refrigerated,pasta/rice fresh,2.394736842105264
5963173,90,medium,high,frozen,meat frozen,7.041666666666667
5963176,365,low,high,ambient,alcoholic beverages,1.5083333333333333
5963177,365,low,high,ambient,alcoholic beverages,1.8854166666666667
5963213,90,medium,high,frozen,meat frozen,7.24
5963215,7,medium,high,refrigerated,dairy/eggs,3.549019607843137
5963216,365,low,high,dry,coffee/tea/hot drinks,3.087719298245614
5963217,365,low,high,dry,coffee/tea/hot drinks,2.513888888888889
5963218,365,low,high,dry,coffee/tea/hot drinks,2.381578947368421
5963219,365,low,high,dry,coffee/tea/hot drinks,3.851063829787234
5963220,365,low,high,dry,coffee/tea/hot drinks,6.464285714285714
5963221,90,low,high,frozen,frozen fried items,5.806451612903226
5963222,365,low,high,dry,coffee/tea/hot drinks,5.393939393939394
5963225,2,high,high,refrigerated,meat fresh,4.285714285714286
5963227,365,low,high,dry,coffee/tea/hot drinks,6.583333333333333
5963228,90,medium,high,frozen,meat frozen,3.612244897959184
5963232,3,medium,high,refrigerated,bread fresh,2.661764705882353
5963234,365,low,high,dry,coffee/tea/hot drinks,4.783783783783784
5963235,365,low,high,ambient,alcoholic beverages,4.641025641025641
5963236,2,high,high,refrigerated,meat fresh,2.445945945945946
5963237,365,low,high,ambient,soft drinks,1.723809523809524
5963245,365,low,high,ambient,alcoholic beverages,5.642857142857143
5963247,365,low,high,ambient,alcoholic beverages,1.6306306306306306
5963248,365,low,high,ambient,alcoholic beverages,1.8282828282828285
5963250,365,low,high,ambient,alcoholic beverages,3.0
5963254,365,low,high,dry,coffee/tea/hot drinks,4.090909090909091
5963256,365,low,high,dry,coffee/tea/hot drinks,4.72972972972973
5963288,30,low,medium,dry,pastries shelf-stable,41.5
5963345,365,low,high,dry,coffee/tea/hot drinks,1.7647058823529411
5963360,7,low,high,dry,bread products,2.2375
5963361,365,low,high,dry,coffee/tea/hot drinks,1.7307692307692308
5963363,30,low,medium,dry,pastries shelf-stable,2.1058823529411765
5963364,60,medium,high,frozen,sandwiches frozen,1.565217391304348
5963611,3,high,high,refrigerated,fresh salads/vegetables,5.225806451612903
5963613,365,low,high,ambient,soft drinks,2.753846153846154
5963621,365,low,high,dry,coffee/tea/hot drinks,12.307692307692308
5963628,365,low,high,ambient,soft drinks,26.166666666666668
5963636,365,low,high,ambient,alcoholic beverages,1.837837837837838
5963651,14,medium,high,refrigerated,cheese,2.117647058823529
5963812,365,low,high,dry,coffee/tea/hot drinks,2.4788732394366195
5963844,365,low,high,ambient,soft drinks,2.0804597701149423
5963854,365,low,high,dry,coffee/tea/hot drinks,4.209302325581396
5964210,365,low,high,dry,coffee/tea/hot drinks,8.375
5964291,2,high,high,refrigerated,fresh pizza,1.6160714285714286
5964298,365,low,high,dry,coffee/tea/hot drinks,6.363636363636363
5964340,365,low,high,dry,coffee/tea/hot drinks,11.384615384615383
5964341,2,high,high,refrigerated,meat fresh,2.8833333333333333
5964343,1,high,high,refrigerated,seafood fresh,2.0
5964344,365,low,high,ambient,alcoholic beverages,3.232558139534884
5964345,2,high,high,refrigerated,fresh pizza,1.5739130434782609
5964355,365,low,high,ambient,alcoholic beverages,999.0
5964362,7,low,high,dry,bread products,27.6
5964578,365,low,high,ambient,alcoholic beverages,1.9052631578947368
596462,7,medium,high,refrigerated,dairy/eggs,1.7592592592592593
5964830,3,medium,high,refrigerated,bread fresh,1.376923076923077
5964845,180,low,high,ambient,shelf-stable snacks,1.3333333333333333
5964847,2,high,high,refrigerated,meat fresh,1.2312925170068028
5964848,90,low,high,frozen,frozen fried items,1.1907894736842106
5964855,365,low,high,dry,coffee/tea/hot drinks,1.4672131147540983
5964863,1,high,high,refrigerated,sandwiches fresh,1.3458646616541354
5964868,1,high,high,refrigerated,sandwiches fresh,1.175324675324675
5964869,1,high,high,refrigerated,sandwiches fresh,1.356060606060606
5964870,1,high,high,refrigerated,sandwiches fresh,1.25
5964874,1,high,high,refrigerated,sandwiches fresh,1.325925925925926
5964894,1,high,medium,refrigerated,ready-to-eat meals,1.5
5964899,365,low,high,dry,coffee/tea/hot drinks,1.175324675324675
5964904,365,low,high,dry,coffee/tea/hot drinks,1.3308823529411764
5964914,365,low,high,dry,coffee/tea/hot drinks,1.2328767123287672
5964932,7,medium,high,refrigerated,fresh juice/smoothie,1.3507462686567164
5964934,2,high,high,refrigerated,meat fresh,1.175324675324675
5965120,365,low,high,dry,coffee/tea/hot drinks,1.4140625
5965126,365,low,high,ambient,soft drinks,1.316326530612245
5965128,7,low,high,dry,bread products,18.77777777777778
5965133,365,low,high,ambient,soft drinks,1.1830065359477124
5965134,365,low,high,ambient,soft drinks,1.3235294117647058
5965135,365,low,high,ambient,soft drinks,1.5176470588235291
5965136,365,low,high,ambient,soft drinks,1.2746478873239435
5965137,365,low,high,ambient,soft drinks,1.5210084033613445
5965408,2,high,high,refrigerated,meat fresh,1.651376146788991
5965422,2,medium,medium,refrigerated,pasta/rice fresh,2.7580645161290325
5965451,3,high,high,refrigerated,fresh salads/vegetables,3.0545454545454547
5965454,365,low,high,dry,coffee/tea/hot drinks,1.846938775510204
5965455,1,high,high,refrigerated,wraps/kebab fresh,1.4435483870967742
5965456,3,high,high,refrigerated,fresh salads/vegetables,3.1607142857142856
5965457,2,high,high,refrigerated,meat fresh,2.3205128205128207
5965458,90,medium,high,frozen,meat frozen,3.103448275862069
5965496,2,high,high,refrigerated,meat fresh,2.7301587301587302
5965510,365,low,high,dry,coffee/tea/hot drinks,1.448
5965511,365,low,high,dry,coffee/tea/hot drinks,1.3953488372093024
5965513,90,medium,high,frozen,meat frozen,3.75
5965518,2,high,high,refrigerated,meat fresh,2.0853658536585367
5965523,1,high,high,refrigerated,wraps/kebab fresh,2.838709677419355
5965526,365,low,high,ambient,alcoholic beverages,1.584070796460177
5965527,365,low,high,ambient,alcoholic beverages,2.9661016949152543
5965534,1,high,high,refrigerated,wraps/kebab fresh,2.0348837209302326
5965535,60,medium,high,frozen,wraps/kebab frozen,3.32
5965550,365,low,high,ambient,soft drinks,4.512820512820513
5965554,60,medium,high,frozen,sandwiches frozen,3.886363636363636
5965707,1,high,medium,refrigerated,ready-to-eat meals,9.0
5965754,365,low,high,ambient,alcoholic beverages,42.0
5965781,365,low,high,ambient,soft drinks,1.2746478873239435
5965782,90,medium,high,frozen,meat frozen,1.7959183673469388
5965788,7,medium,high,refrigerated,fresh juice/smoothie,2.6666666666666665
5965793,7,medium,high,refrigerated,fresh juice/smoothie,2.5142857142857142
5965798,365,low,high,dry,coffee/tea/hot drinks,4.093023255813954
5965799,7,low,high,dry,bread products,4.190476190476191
5965801,30,low,medium,dry,pastries shelf-stable,7.818181818181818
5965806,365,low,high,dry,coffee/tea/hot drinks,2.5142857142857142
5965808,365,low,high,dry,coffee/tea/hot drinks,4.0
5965809,365,low,high,dry,coffee/tea/hot drinks,2.793650793650793
5965814,365,low,high,dry,coffee/tea/hot drinks,2.0
5965819,60,medium,high,frozen,sandwiches frozen,1.7352941176470589
5965820,60,medium,high,frozen,sandwiches frozen,2.5142857142857142
5965822,60,medium,high,frozen,sandwiches frozen,2.64179104477612
5965830,365,low,high,dry,coffee/tea/hot drinks,1.84375
5965833,60,medium,high,frozen,sandwiches frozen,2.458333333333333
5965835,60,medium,high,frozen,sandwiches frozen,2.240506329113924
5965836,60,medium,high,frozen,processed meat frozen,2.410958904109589
5965839,365,low,high,dry,coffee/tea/hot drinks,1.475
5966211,365,low,high,dry,coffee/tea/hot drinks,1.9775280898876404
5966212,180,low,high,ambient,shelf-stable snacks,1.5663716814159292
5966437,180,low,high,ambient,shelf-stable snacks,5.035714285714286
5966449,1,high,medium,refrigerated,ready-to-eat meals,999.0
5966452,365,low,high,ambient,alcoholic beverages,5.741935483870968
5966645,90,medium,high,frozen,meat frozen,2.626865671641791
5966683,365,low,high,ambient,alcoholic beverages,4.5
5966697,3,medium,medium,refrigerated,pastries fresh,3.0
5966703,365,low,high,dry,coffee/tea/hot drinks,8.333333333333334
5966815,365,low,high,dry,coffee/tea/hot drinks,3.52
5966816,365,low,high,dry,coffee/tea/hot drinks,1.4715447154471544
5966821,365,low,high,dry,coffee/tea/hot drinks,1.371212121212121
5966865,365,low,high,ambient,alcoholic beverages,2.727272727272727
5966897,7,medium,high,refrigerated,dairy/eggs,4.405405405405405
5966904,365,low,high,dry,coffee/tea/hot drinks,10.8125
5966905,90,medium,high,frozen,meat frozen,2.9655172413793105
5966912,365,low,high,dry,coffee/tea/hot drinks,16.625
5966927,365,low,high,ambient,soft drinks,3.842105263157895
5966953,2,high,high,refrigerated,meat fresh,1.1455696202531649
5966966,365,low,high,ambient,alcoholic beverages,9.411764705882351
5966967,365,low,high,ambient,alcoholic beverages,999.0
5966969,365,low,high,dry,coffee/tea/hot drinks,1.8229166666666667
5966970,365,low,high,dry,coffee/tea/hot drinks,6.185185185185185
5966971,365,low,high,dry,coffee/tea/hot drinks,9.8
5966973,30,low,medium,dry,pastries shelf-stable,49.0
5966974,30,low,medium,dry,pastries shelf-stable,16.0
5966976,365,low,high,dry,coffee/tea/hot drinks,2.081395348837209
5966977,7,low,high,dry,bread products,4.828571428571428
5967012,365,low,high,dry,coffee/tea/hot drinks,2.104651162790698
5967013,365,low,high,dry,coffee/tea/hot drinks,1.6822429906542056
5967021,2,high,high,refrigerated,meat fresh,1.5982142857142858
5967425,365,low,high,ambient,alcoholic beverages,8.142857142857142
5967507,1,high,medium,refrigerated,ready-to-eat meals,3.70967741935484
5967509,365,low,high,ambient,alcoholic beverages,4.214285714285714
5967510,365,low,high,dry,coffee/tea/hot drinks,4.222222222222222
5967525,1,high,medium,refrigerated,ready-to-eat meals,5.0
5967624,365,low,high,ambient,soft drinks,3.888888888888889
5967634,365,low,high,dry,coffee/tea/hot drinks,999.0
5967675,1,high,medium,refrigerated,ready-to-eat meals,33.5
5967682,90,medium,high,frozen,meat frozen,57.5
5967707,365,low,high,ambient,alcoholic beverages,1.6160714285714286
5967730,365,low,high,ambient,alcoholic beverages,9.941176470588236
5967731,365,low,high,ambient,alcoholic beverages,3.0
5967732,365,low,high,ambient,alcoholic beverages,2.6029411764705883
5967734,365,low,high,ambient,alcoholic beverages,3.6875
5967743,365,low,high,ambient,alcoholic beverages,4.405405405405405
5967745,365,low,high,ambient,alcoholic beverages,3.5416666666666665
5967747,365,low,high,dry,coffee/tea/hot drinks,7.608695652173913
5967749,365,low,high,ambient,alcoholic beverages,2.7846153846153845
5967752,365,low,high,dry,coffee/tea/hot drinks,8.047619047619047
5967767,180,low,high,ambient,shelf-stable snacks,5.176470588235294
5967771,365,low,high,dry,coffee/tea/hot drinks,2.610169491525424
5967796,2,medium,medium,refrigerated,pasta/rice fresh,1.978021978021978
5967797,2,medium,medium,refrigerated,pasta/rice fresh,2.1604938271604937
5967806,365,low,high,ambient,alcoholic beverages,17.375
5967809,90,medium,high,frozen,meat frozen,19.5
5967811,2,medium,medium,refrigerated,pasta/rice fresh,1.9565217391304348
5967819,2,medium,medium,refrigerated,pasta/rice fresh,3.5098039215686274
5967821,60,medium,medium,frozen,pasta/rice frozen,16.4
5967822,60,medium,medium,frozen,pasta/rice frozen,16.333333333333332
5967823,60,medium,medium,frozen,pasta/rice frozen,999.0
5967824,365,low,high,dry,coffee/tea/hot drinks,10.0625
5967825,365,low,high,dry,coffee/tea/hot drinks,999.0
5967826,60,medium,medium,frozen,pasta/rice frozen,7.416666666666667
5967964,365,low,high,ambient,alcoholic beverages,2.275
5967965,365,low,high,ambient,alcoholic beverages,2.275
5967966,365,low,high,ambient,alcoholic beverages,2.246913580246914
5967969,365,low,high,ambient,soft drinks,2.3037974683544302
5967973,3,medium,medium,refrigerated,pastries fresh,2.4266666666666667
5967974,60,medium,medium,frozen,pasta/rice frozen,4.225
5967975,1,high,high,refrigerated,sandwiches fresh,3.033333333333333
5967983,365,low,high,dry,coffee/tea/hot drinks,2.394736842105264
5967986,2,high,high,refrigerated,meat fresh,3.760869565217391
5968326,365,low,high,dry,coffee/tea/hot drinks,999.0
5968360,1,high,medium,refrigerated,ready-to-eat meals,3.0357142857142856
5968429,365,low,high,ambient,confectionery,2.6865671641791047
5968440,365,low,high,ambient,confectionery,3.510204081632653
5968470,2,high,high,refrigerated,meat fresh,1.7281553398058251
5968471,365,low,high,ambient,confectionery,1.4516129032258065
5968496,365,low,high,ambient,alcoholic beverages,5.4
5968507,365,low,high,dry,coffee/tea/hot drinks,2.046511627906977
5968540,365,low,high,ambient,alcoholic beverages,5.892857142857143
5968806,180,low,high,ambient,shelf-stable snacks,1.8144329896907216
5968910,365,low,high,dry,coffee/tea/hot drinks,1.5083333333333333
5969025,90,medium,high,frozen,meat frozen,3.9069767441860463
5969027,365,low,high,dry,coffee/tea/hot drinks,1.2881355932203389
5969028,365,low,high,dry,coffee/tea/hot drinks,1.819277108433735
5969117,60,medium,high,frozen,wraps/kebab frozen,5.133333333333334
5969329,365,low,high,ambient,alcoholic beverages,2.0804597701149423
5969342,365,low,high,ambient,alcoholic beverages,4.146341463414634
5969346,365,low,high,ambient,alcoholic beverages,4.186046511627907
5969352,365,low,high,ambient,alcoholic beverages,2.873015873015873
5969469,365,low,high,ambient,soft drinks,4.069767441860465
5969512,30,low,medium,dry,pastries shelf-stable,5.703703703703703
5969581,60,medium,high,frozen,sandwiches frozen,2.9642857142857144
5969706,7,low,high,dry,bread products,14.0
5969930,365,low,high,ambient,soft drinks,1.5338983050847457
5969941,365,low,high,dry,coffee/tea/hot drinks,2.130952380952381
5969957,365,low,high,ambient,alcoholic beverages,3.8297872340425534
5969963,365,low,high,ambient,alcoholic beverages,2.7846153846153845
5969972,365,low,high,ambient,confectionery,2.8412698412698414
5969989,365,low,high,ambient,alcoholic beverages,2.873015873015873
5970049,365,low,high,ambient,alcoholic beverages,1.792079207920792
5970070,365,low,high,ambient,alcoholic beverages,1.935483870967742
5970071,365,low,high,ambient,alcoholic beverages,36.75
5970153,365,low,high,dry,coffee/tea/hot drinks,7.142857142857143
5970797,60,medium,high,frozen,wraps/kebab frozen,18.428571428571427
5970811,2,high,high,refrigerated,fresh pizza,2.536231884057971
5970812,90,medium,high,frozen,pizza (frozen/long shelf),13.833333333333334
5970814,90,medium,high,frozen,pizza (frozen/long shelf),12.066666666666666
5970825,2,high,high,refrigerated,meat fresh,1.6216216216216215
5970837,365,low,high,ambient,alcoholic beverages,1.492537313432836
5970838,365,low,high,ambient,alcoholic beverages,1.063157894736842
5970839,365,low,high,ambient,alcoholic beverages,1.7818181818181815
5970840,365,low,high,ambient,alcoholic beverages,8.4
5970841,365,low,high,ambient,alcoholic beverages,1.5862068965517242
5970872,365,low,high,ambient,alcoholic beverages,1.4031007751937985
5970876,365,low,high,ambient,alcoholic beverages,1.0055555555555555
5970877,365,low,high,ambient,alcoholic beverages,1.3235294117647058
5970878,365,low,high,ambient,soft drinks,1.011173184357542
5971019,3,medium,medium,refrigerated,pastries fresh,1.9
5971040,60,medium,high,frozen,sandwiches frozen,7.181818181818182
5971041,60,medium,high,frozen,sandwiches frozen,8.631578947368421
5971044,7,low,high,dry,bread products,10.0625
5971069,1,high,medium,refrigerated,ready-to-eat meals,41.66666666666666
5971082,365,low,high,ambient,confectionery,4.805555555555555
5971135,365,low,high,ambient,soft drinks,10.583333333333334
5971137,365,low,high,dry,coffee/tea/hot drinks,15.125
5971138,365,low,high,ambient,alcoholic beverages,17.428571428571427
5971161,365,low,high,ambient,alcoholic beverages,60.5
5971164,60,medium,medium,frozen,pasta/rice frozen,41.0
5971167,365,low,high,ambient,alcoholic beverages,15.625
5971169,365,low,high,ambient,alcoholic beverages,15.181818181818182
5971171,365,low,high,ambient,alcoholic beverages,1.6
5971173,365,low,high,ambient,alcoholic beverages,3.0
5971175,365,low,high,ambient,alcoholic beverages,2.333333333333333
5971176,365,low,high,dry,coffee/tea/hot drinks,59.5
5971187,180,low,high,ambient,shelf-stable snacks,21.166666666666668
5971211,365,low,high,ambient,alcoholic beverages,10.583333333333334
5971212,90,medium,high,frozen,meat frozen,10.583333333333334
5971222,365,low,high,ambient,alcoholic beverages,11.133333333333333
5971457,7,low,high,dry,bread products,20.25
5971772,365,low,high,dry,coffee/tea/hot drinks,2.140625
5971877,2,high,high,refrigerated,meat fresh,2.156626506024097
5971878,2,high,high,refrigerated,fresh pizza,1.6605504587155964
5971884,2,high,high,refrigerated,meat fresh,1.1688311688311688
5971888,365,low,high,ambient,alcoholic beverages,1.0342857142857145
5971892,365,low,high,ambient,alcoholic beverages,1.85
5971893,365,low,high,ambient,alcoholic beverages,1.7179487179487178
5971917,2,medium,medium,refrigerated,pasta/rice fresh,1.7450980392156863
5971948,365,low,high,ambient,alcoholic beverages,33.0
5972112,365,low,high,dry,coffee/tea/hot drinks,10.857142857142858
5972141,2,high,high,refrigerated,meat fresh,2.2911392405063293
5972142,365,low,high,ambient,alcoholic beverages,5.590909090909091
5972249,7,medium,high,refrigerated,fresh juice/smoothie,4.176470588235294
5972478,90,medium,high,frozen,pizza (frozen/long shelf),66.0
5972542,60,medium,high,frozen,wraps/kebab frozen,999.0
5972543,14,medium,high,refrigerated,cheese,999.0
5972623,365,low,high,dry,coffee/tea/hot drinks,2.828125
5972663,365,low,high,ambient,alcoholic beverages,1.6956521739130437
5972759,365,low,high,dry,coffee/tea/hot drinks,6.37037037037037
5972779,1,high,medium,refrigerated,ready-to-eat meals,19.0
5973045,30,low,medium,dry,pastries shelf-stable,16.142857142857142
5973062,365,low,high,dry,coffee/tea/hot drinks,6.206896551724138
5973517,365,low,high,ambient,alcoholic beverages,15.5
5973519,1,high,high,refrigerated,wraps/kebab fresh,3.0
5973521,365,low,high,ambient,alcoholic beverages,4.5
5973524,2,high,high,refrigerated,meat fresh,7.25
5973525,2,high,high,refrigerated,meat fresh,4.5
5973526,90,medium,high,frozen,meat frozen,10.666666666666666
5973527,1,high,high,refrigerated,wraps/kebab fresh,6.0
5973529,2,high,high,refrigerated,fresh pizza,1.6363636363636365
5973530,90,medium,high,frozen,meat frozen,17.0
5973535,90,medium,high,frozen,meat frozen,6.75
5973536,60,medium,high,frozen,wraps/kebab frozen,7.25
5973546,365,low,high,ambient,alcoholic beverages,1.6363636363636365
5973547,60,medium,high,frozen,wraps/kebab frozen,9.0
5973548,1,high,high,refrigerated,sandwiches fresh,2.142857142857143
5973549,1,high,high,refrigerated,sandwiches fresh,4.5
5973552,1,high,high,refrigerated,sandwiches fresh,8.666666666666666
5973553,365,low,high,dry,coffee/tea/hot drinks,1.7142857142857142
5973554,60,medium,high,frozen,wraps/kebab frozen,8.75
5973555,90,medium,high,frozen,meat frozen,10.666666666666666
5973557,90,medium,high,frozen,meat frozen,9.0
5973558,90,medium,high,frozen,meat frozen,5.166666666666667
5973559,2,high,high,refrigerated,meat fresh,5.5
5973564,365,low,high,ambient,soft drinks,6.0
5973565,365,low,high,ambient,soft drinks,2.6666666666666665
5973596,90,medium,high,frozen,meat frozen,12.066666666666666
5973599,60,medium,high,frozen,sandwiches frozen,7.6521739130434785
5973604,60,medium,high,frozen,sandwiches frozen,6.0
5973608,365,low,high,dry,coffee/tea/hot drinks,6.961538461538462
5973719,365,low,high,dry,coffee/tea/hot drinks,12.692307692307692
5973824,365,low,high,dry,coffee/tea/hot drinks,2.888888888888889
5973825,90,medium,high,frozen,meat frozen,2.9393939393939394
5973827,90,low,high,frozen,frozen fried items,1.7142857142857142
5973829,60,medium,high,frozen,seafood frozen,2.571428571428572
5973899,365,low,high,ambient,alcoholic beverages,4.195121951219512
5974065,365,low,high,ambient,alcoholic beverages,2.588235294117647
5974074,365,low,high,ambient,confectionery,2.0348837209302326
5974078,1,high,high,refrigerated,wraps/kebab fresh,1.0
5974079,1,high,high,refrigerated,wraps/kebab fresh,3.0
5974080,1,high,high,refrigerated,wraps/kebab fresh,2.2777777777777777
5974081,365,low,high,dry,coffee/tea/hot drinks,2.05
5974082,2,high,high,refrigerated,meat fresh,4.428571428571429
5974083,1,high,high,refrigerated,wraps/kebab fresh,1.025
5974085,1,high,medium,refrigerated,ready-to-eat meals,1.5
5974086,2,high,high,refrigerated,meat fresh,4.0
5974087,1,high,medium,refrigerated,ready-to-eat meals,8.0
5974088,365,low,high,dry,coffee/tea/hot drinks,4.125
5974089,2,high,high,refrigerated,meat fresh,2.6923076923076925
5974090,1,high,medium,refrigerated,ready-to-eat meals,2.833333333333333
5974093,2,high,high,refrigerated,meat fresh,1.4642857142857142
5974103,60,medium,high,frozen,wraps/kebab frozen,10.666666666666666
5974108,365,low,high,dry,coffee/tea/hot drinks,3.2
5974109,365,low,high,ambient,alcoholic beverages,3.272727272727273
5974110,3,medium,high,refrigerated,bread fresh,3.1538461538461537
5974113,365,low,high,dry,coffee/tea/hot drinks,1.7826086956521738
5974115,365,low,high,ambient,soft drinks,1.0
5974116,365,low,high,ambient,soft drinks,1.4137931034482758
5974117,365,low,high,ambient,alcoholic beverages,1.8636363636363635
5974123,365,low,high,ambient,alcoholic beverages,8.631578947368421
5974137,90,low,high,frozen,frozen fried items,999.0
5974383,365,low,high,ambient,soft drinks,1.2857142857142858
5974384,2,high,high,refrigerated,meat fresh,1.79
5974390,60,medium,high,frozen,sandwiches frozen,7.85
5974391,90,low,high,frozen,frozen fried items,2.4133333333333336
5974393,14,medium,high,refrigerated,sauces/condiments,999.0
5974447,60,medium,high,frozen,wraps/kebab frozen,2.754385964912281
5974448,60,medium,high,frozen,wraps/kebab frozen,3.14
5974449,60,medium,high,frozen,wraps/kebab frozen,3.9
5974450,60,medium,high,frozen,wraps/kebab frozen,2.888888888888889
5974455,60,medium,high,frozen,wraps/kebab frozen,12.7
5974456,60,medium,high,frozen,wraps/kebab frozen,4.363636363636363
5974457,365,low,high,dry,coffee/tea/hot drinks,3.5681818181818183
5974458,60,medium,high,frozen,wraps/kebab frozen,4.84375
5974459,60,medium,high,frozen,wraps/kebab frozen,2.7857142857142856
5974460,1,high,medium,refrigerated,ready-to-eat meals,3.627906976744186
5974462,90,low,high,frozen,frozen fried items,8.722222222222221
5974467,14,medium,high,refrigerated,sauces/condiments,9.8
5974470,14,medium,high,refrigerated,cheese,25.4
5974471,180,low,high,ambient,shelf-stable snacks,2.532258064516129
5974495,365,low,high,dry,coffee/tea/hot drinks,3.259259259259259
5974496,60,medium,medium,frozen,pasta/rice frozen,5.625
5974694,90,low,high,frozen,frozen fried items,2.3506493506493507
5974708,365,low,high,dry,coffee/tea/hot drinks,38.5
5975025,90,medium,high,frozen,pizza (frozen/long shelf),22.166666666666668
5975027,90,medium,high,frozen,pizza (frozen/long shelf),3.392156862745098
5975028,60,medium,high,frozen,sandwiches frozen,14.0
5975029,60,medium,high,frozen,sandwiches frozen,4.666666666666667
5975030,60,medium,high,frozen,sandwiches frozen,11.928571428571429
5975031,60,medium,high,frozen,sandwiches frozen,15.2
5975032,180,low,high,ambient,shelf-stable snacks,13.22222222222222
5975033,90,medium,high,frozen,meat frozen,5.827586206896552
5975034,365,low,high,dry,coffee/tea/hot drinks,7.714285714285714
5975038,90,medium,high,frozen,meat frozen,999.0
5975055,365,low,high,dry,coffee/tea/hot drinks,76.0
5975058,365,low,high,ambient,soft drinks,17.25
5975059,365,low,high,ambient,soft drinks,28.33333333333333
5975062,90,medium,high,frozen,meat frozen,62.5
5975068,365,low,high,dry,coffee/tea/hot drinks,999.0
5975122,365,low,high,dry,coffee/tea/hot drinks,77.0
5975131,365,low,high,dry,coffee/tea/hot drinks,21.25
5975274,365,low,high,dry,coffee/tea/hot drinks,2.324675324675325
5975276,365,low,high,dry,coffee/tea/hot drinks,1.924731182795699
5975285,2,high,high,refrigerated,meat fresh,2.5223880597014925
5975315,365,low,high,ambient,alcoholic beverages,2.411764705882353
5975316,365,low,high,ambient,alcoholic beverages,2.683333333333333
5975317,365,low,high,ambient,soft drinks,2.484848484848485
5975320,365,low,high,ambient,soft drinks,2.6451612903225805
5975321,365,low,high,ambient,alcoholic beverages,3.0
5975322,365,low,high,ambient,alcoholic beverages,5.1
5975324,365,low,high,dry,coffee/tea/hot drinks,2.6885245901639343
5975325,365,low,high,dry,coffee/tea/hot drinks,2.827586206896552
5975326,365,low,high,dry,coffee/tea/hot drinks,5.857142857142857
5975327,365,low,high,dry,coffee/tea/hot drinks,2.6129032258064515
5975328,365,low,high,dry,coffee/tea/hot drinks,2.7
5975329,365,low,high,dry,coffee/tea/hot drinks,4.205128205128205
5975333,180,low,high,ambient,shelf-stable snacks,2.962962962962963
5975334,180,low,high,ambient,shelf-stable snacks,3.056603773584906
5975335,1,high,medium,refrigerated,ready-to-eat meals,5.807692307692308
5975336,1,high,medium,refrigerated,ready-to-eat meals,7.5
5975508,7,low,high,dry,bread products,5.793103448275862
5975516,365,low,high,dry,coffee/tea/hot drinks,3.3191489361702127
5975519,90,low,high,frozen,frozen fried items,11.636363636363637
5975520,365,low,high,dry,coffee/tea/hot drinks,8.0625
5975527,365,low,high,dry,coffee/tea/hot drinks,3.07843137254902
5975589,365,low,high,ambient,alcoholic beverages,1.40625
5975591,365,low,high,ambient,alcoholic beverages,1.475409836065574
5975592,365,low,high,ambient,alcoholic beverages,1.3953488372093024
5975800,30,low,medium,dry,pastries shelf-stable,999.0
5976026,7,medium,high,refrigerated,dairy/eggs,3.62
5976027,7,medium,high,refrigerated,dairy/eggs,4.090909090909091
5976156,14,medium,high,refrigerated,cheese,1.862745098039216
5976230,365,low,high,ambient,soft drinks,9.705882352941176
5976315,90,medium,high,frozen,meat frozen,10.6875
5976355,365,low,high,ambient,alcoholic beverages,1.058139534883721
5976356,365,low,high,ambient,alcoholic beverages,5.65625
5976357,365,low,high,ambient,alcoholic beverages,6.384615384615385
5976363,60,medium,medium,frozen,pasta/rice frozen,22.0
5976364,60,medium,medium,frozen,pasta/rice frozen,17.0
5976366,3,high,high,refrigerated,fresh salads/vegetables,10.266666666666667
5976367,180,low,high,ambient,shelf-stable snacks,18.2
5976368,365,low,high,ambient,alcoholic beverages,1.5166666666666666
5976528,365,low,high,ambient,alcoholic beverages,28.83333333333333
5976571,2,high,high,refrigerated,fresh pizza,1.0166666666666666
5976573,1,high,high,refrigerated,wraps/kebab fresh,1.4878048780487805
5976579,365,low,high,ambient,soft drinks,1.297872340425532
5976583,2,high,high,refrigerated,meat fresh,1.22
5976590,2,high,high,refrigerated,fresh pizza,1.297872340425532
5976593,365,low,high,ambient,soft drinks,1.3636363636363635
5976595,2,medium,medium,refrigerated,pasta/rice fresh,1.25531914893617
5976596,2,medium,medium,refrigerated,pasta/rice fresh,1.326086956521739
5976597,2,medium,medium,refrigerated,pasta/rice fresh,1.4186046511627908
5976598,2,medium,medium,refrigerated,pasta/rice fresh,1.196078431372549
5976600,365,low,high,dry,coffee/tea/hot drinks,1.3409090909090908
5976603,365,low,high,dry,coffee/tea/hot drinks,1.1296296296296295
5976604,365,low,high,dry,coffee/tea/hot drinks,1.0892857142857142
5976610,365,low,high,dry,coffee/tea/hot drinks,1.297872340425532
5976643,365,low,high,dry,coffee/tea/hot drinks,12.833333333333334
5976793,3,high,high,refrigerated,fresh salads/vegetables,999.0
5977062,2,high,high,refrigerated,fresh pizza,1.8854166666666667
5977063,2,high,high,refrigerated,fresh pizza,1.375
5977074,2,high,high,refrigerated,fresh pizza,3.30188679245283
5977089,2,high,high,refrigerated,fresh pizza,3.2363636363636363
5977092,2,high,high,refrigerated,fresh pizza,1.3308823529411764
5977103,365,low,high,ambient,alcoholic beverages,3.571428571428572
5977110,365,low,high,ambient,alcoholic beverages,1.3211678832116789
5977111,60,medium,high,frozen,wraps/kebab frozen,3.5
5977141,14,medium,high,refrigerated,sauces/condiments,2.896551724137931
5977146,2,high,high,refrigerated,meat fresh,2.535211267605634
5977147,365,low,high,dry,coffee/tea/hot drinks,1.6605504587155964
5977149,1,high,high,refrigerated,wraps/kebab fresh,2.5
5977151,365,low,high,ambient,alcoholic beverages,4.023255813953488
5977154,60,medium,high,frozen,sandwiches frozen,4.971428571428572
5977162,90,medium,high,frozen,pizza (frozen/long shelf),3.911111111111111
5977163,90,medium,high,frozen,pizza (frozen/long shelf),4.578947368421052
5977164,90,low,high,frozen,frozen fried items,4.888888888888889
5977272,365,low,high,ambient,confectionery,1.2397260273972603
5977273,365,low,high,dry,coffee/tea/hot drinks,1.222972972972973
5977274,365,low,high,ambient,soft drinks,1.1830065359477124
5977276,180,low,high,frozen,frozen desserts,2.2625
5977282,365,low,high,dry,coffee/tea/hot drinks,1.5263157894736843
5977283,365,low,high,dry,coffee/tea/hot drinks,1.1257861635220126
5977284,365,low,high,dry,coffee/tea/hot drinks,1.0903614457831323
5977285,365,low,high,dry,coffee/tea/hot drinks,1.1104294478527608
5977286,365,low,high,dry,coffee/tea/hot drinks,1.3875968992248062
5977287,365,low,high,dry,coffee/tea/hot drinks,1.167741935483871
5977289,365,low,high,dry,coffee/tea/hot drinks,1.8144329896907216
5977291,7,medium,high,refrigerated,fresh juice/smoothie,2.3376623376623376
5977703,90,medium,high,frozen,meat frozen,2.022988505747126
5977869,60,medium,high,frozen,sandwiches frozen,999.0
5977882,7,low,high,dry,bread products,1.547008547008547
5977909,365,low,high,dry,coffee/tea/hot drinks,34.2
5977917,365,low,high,ambient,confectionery,18.0
5977922,90,medium,high,frozen,meat frozen,27.83333333333333
5977925,365,low,high,ambient,soft drinks,57.0
5977926,365,low,high,ambient,soft drinks,25.285714285714285
5977930,365,low,high,ambient,soft drinks,3.75
5977931,2,medium,medium,refrigerated,pasta/rice fresh,5.0
5977933,365,low,high,dry,coffee/tea/hot drinks,9.526315789473683
5977940,3,medium,high,refrigerated,bread fresh,2.75
5977941,3,medium,medium,refrigerated,pastries fresh,2.75
5977953,90,medium,high,frozen,meat frozen,999.0
5978222,60,medium,high,frozen,seafood frozen,5.838709677419355
5978229,365,low,high,dry,coffee/tea/hot drinks,5.294117647058823
5978230,90,medium,high,frozen,meat frozen,2.933333333333333
5978232,365,low,high,dry,coffee/tea/hot drinks,6.56
5978233,365,low,high,dry,coffee/tea/hot drinks,5.484848484848484
5978239,365,low,high,dry,coffee/tea/hot drinks,5.896551724137931
5978254,365,low,high,dry,coffee/tea/hot drinks,9.705882352941176
5978256,365,low,high,dry,coffee/tea/hot drinks,7.761904761904762
5978264,365,low,high,ambient,soft drinks,4.0227272727272725
5978265,365,low,high,ambient,soft drinks,2.769230769230769
5978267,2,high,high,refrigerated,meat fresh,3.0
5978268,90,medium,high,frozen,meat frozen,3.6666666666666665
5978284,365,low,high,dry,coffee/tea/hot drinks,7.0
5978297,2,high,high,refrigerated,meat fresh,4.914285714285715
5978330,365,low,high,ambient,alcoholic beverages,2.381578947368421
5978452,90,low,high,frozen,frozen fried items,1.8350515463917525
5978455,90,medium,high,frozen,meat frozen,13.384615384615383
5978456,365,low,high,dry,coffee/tea/hot drinks,3.847826086956522
5978461,90,low,medium,frozen,soup frozen,14.166666666666666
5978462,365,low,high,dry,coffee/tea/hot drinks,3.0727272727272728
5978463,365,low,high,dry,coffee/tea/hot drinks,2.4027777777777777
5978465,365,low,high,dry,coffee/tea/hot drinks,5.0
5978466,365,low,high,dry,coffee/tea/hot drinks,5.15625
5978470,365,low,high,dry,coffee/tea/hot drinks,5.483870967741935
5978475,3,high,high,refrigerated,fresh salads/vegetables,4.0
5978479,180,low,high,ambient,shelf-stable snacks,4.333333333333333
5978481,60,medium,medium,frozen,pasta/rice frozen,6.074074074074074
5978569,2,high,high,refrigerated,meat fresh,1.475409836065574
5978591,2,medium,medium,refrigerated,pasta/rice fresh,2.458333333333333
5978601,3,medium,medium,refrigerated,pastries fresh,2.565217391304348
5978604,2,high,high,refrigerated,meat fresh,2.796875
5978611,365,low,high,ambient,soft drinks,1.81
5978612,365,low,high,ambient,soft drinks,2.4444444444444446
5978632,365,low,high,dry,coffee/tea/hot drinks,2.7384615384615385
5978641,60,medium,high,frozen,sandwiches frozen,5.303030303030303
5978794,365,low,high,ambient,alcoholic beverages,7.888888888888889
5978798,365,low,high,dry,coffee/tea/hot drinks,5.666666666666667
5978801,7,low,high,dry,bread products,3.75
5978823,7,low,high,dry,bread products,7.739130434782608
5978824,365,low,high,dry,coffee/tea/hot drinks,4.219512195121951
5978840,7,low,high,dry,bread products,4.45
5978841,365,low,high,dry,coffee/tea/hot drinks,2.0454545454545454
5978844,60,medium,high,frozen,processed meat frozen,3.75
5978845,365,low,high,ambient,alcoholic beverages,11.454545454545457
5978846,60,medium,high,frozen,processed meat frozen,3.9047619047619047
5978849,7,low,high,dry,bread products,5.454545454545454
5978854,365,low,high,ambient,alcoholic beverages,5.433333333333334
5978855,365,low,high,ambient,alcoholic beverages,2.949152542372881
5978871,60,medium,high,frozen,sandwiches frozen,7.909090909090909
5978874,60,medium,high,frozen,sandwiches frozen,5.709677419354839
5978875,60,medium,high,frozen,sandwiches frozen,9.157894736842104
5978878,60,medium,high,frozen,sandwiches frozen,14.666666666666666
5978881,60,medium,high,frozen,sandwiches frozen,14.555555555555555
5978883,60,medium,high,frozen,sandwiches frozen,13.909090909090908
5978885,60,medium,high,frozen,sandwiches frozen,10.933333333333334
5978887,60,medium,high,frozen,sandwiches frozen,4.119047619047619
5978895,60,medium,high,frozen,sandwiches frozen,9.052631578947368
5978896,60,medium,high,frozen,sandwiches frozen,19.11111111111111
5978897,60,medium,high,frozen,sandwiches frozen,7.782608695652174
5978898,60,medium,high,frozen,sandwiches frozen,5.833333333333333
5978900,365,low,high,dry,coffee/tea/hot drinks,2.119047619047619
5978902,365,low,high,dry,coffee/tea/hot drinks,6.807692307692308
5978908,365,low,high,dry,coffee/tea/hot drinks,2.492957746478873
5978909,365,low,high,dry,coffee/tea/hot drinks,3.314814814814815
5978952,365,low,high,ambient,alcoholic beverages,2.0930232558139537
5978986,2,high,high,refrigerated,meat fresh,3.272727272727273
5979022,365,low,high,ambient,alcoholic beverages,4.538461538461538
5979333,60,medium,medium,frozen,pasta/rice frozen,7.95
5979338,60,medium,high,frozen,seafood frozen,3.5
5979800,365,low,high,ambient,alcoholic beverages,1.855670103092784
5979837,1,high,high,refrigerated,sandwiches fresh,1.935483870967742
5980309,1,high,high,refrigerated,sandwiches fresh,2.6865671641791047
5980310,365,low,high,dry,coffee/tea/hot drinks,2.0568181818181817
5980312,60,medium,high,frozen,sandwiches frozen,2.903225806451613
5980313,365,low,high,ambient,alcoholic beverages,4.578947368421052
5980314,3,high,high,refrigerated,fresh salads/vegetables,4.214285714285714
5980315,365,low,high,dry,coffee/tea/hot drinks,2.9047619047619047
5980316,3,medium,medium,refrigerated,pastries fresh,2.7846153846153845
5980329,365,low,high,dry,coffee/tea/hot drinks,4.891891891891892
5980333,90,medium,high,frozen,meat frozen,4.166666666666667
5980336,365,low,high,dry,coffee/tea/hot drinks,1.547008547008547
5980337,365,low,high,dry,coffee/tea/hot drinks,4.888888888888889
5980340,365,low,high,dry,coffee/tea/hot drinks,2.4
5980341,365,low,high,dry,coffee/tea/hot drinks,1.6759259259259258
5980347,365,low,high,dry,coffee/tea/hot drinks,1.4836065573770492
5980352,365,low,high,ambient,soft drinks,1.6017699115044248
5980441,3,medium,high,refrigerated,bread fresh,2.180722891566265
5980484,7,low,high,dry,bread products,12.666666666666666
5980485,7,low,high,dry,bread products,9.8
5980487,365,low,high,dry,coffee/tea/hot drinks,7.0
5980488,365,low,high,dry,coffee/tea/hot drinks,15.75
5980489,7,low,high,dry,bread products,7.125
5981291,30,low,medium,dry,pastries shelf-stable,21.857142857142858
5981382,365,low,high,ambient,soft drinks,1.0338983050847457
5981383,2,high,high,refrigerated,meat fresh,1.150943396226415
5981431,30,low,medium,dry,pastries shelf-stable,6.454545454545454
5981488,365,low,high,dry,coffee/tea/hot drinks,2.7846153846153845
5981489,3,medium,high,refrigerated,bread fresh,2.3076923076923075
5981507,2,high,high,refrigerated,meat fresh,2.873015873015873
5981548,90,medium,high,frozen,meat frozen,6.033333333333333
5981550,365,low,high,dry,coffee/tea/hot drinks,10.055555555555555
5981552,365,low,high,dry,coffee/tea/hot drinks,21.83333333333333
5981553,90,medium,high,frozen,meat frozen,25.428571428571427
5981699,365,low,high,dry,coffee/tea/hot drinks,4.073170731707317
5981701,365,low,high,dry,coffee/tea/hot drinks,4.857142857142857
5981704,365,low,high,dry,coffee/tea/hot drinks,2.6923076923076925
5981708,365,low,high,dry,coffee/tea/hot drinks,4.2
5981729,365,low,high,dry,coffee/tea/hot drinks,2.9344262295081966
5981746,365,low,high,ambient,soft drinks,2.182926829268293
5981750,365,low,high,dry,coffee/tea/hot drinks,2.430555555555556
5981762,365,low,high,ambient,alcoholic beverages,3.813953488372093
5981771,14,medium,high,refrigerated,cheese,3.8372093023255816
5981880,365,low,high,dry,coffee/tea/hot drinks,2.727272727272727
5981888,365,low,high,ambient,alcoholic beverages,3.39622641509434
5981891,365,low,high,ambient,alcoholic beverages,1.103658536585366
5981892,365,low,high,ambient,alcoholic beverages,1.4672131147540983
5981894,60,medium,medium,frozen,pasta/rice frozen,2.8524590163934427
5981896,365,low,high,ambient,soft drinks,2.4324324324324325
5981903,365,low,high,ambient,alcoholic beverages,2.3076923076923075
5981917,365,low,high,ambient,alcoholic beverages,3.272727272727273
5981929,180,low,high,ambient,shelf-stable snacks,2.104651162790698
5981930,180,low,high,ambient,shelf-stable snacks,2.1294117647058823
5981933,180,low,high,ambient,shelf-stable snacks,3.8260869565217392
5982017,365,low,high,ambient,alcoholic beverages,35.0
5982039,2,high,high,refrigerated,fresh pizza,1.6886792452830188
5982042,365,low,high,ambient,soft drinks,2.069767441860465
5982063,2,high,high,refrigerated,fresh pizza,2.8852459016393444
5982074,14,medium,high,refrigerated,cheese,999.0
5982075,14,medium,high,refrigerated,cheese,999.0
5982078,2,high,high,refrigerated,meat fresh,1.4365079365079363
5982090,2,medium,medium,refrigerated,pasta/rice fresh,1.4251968503937007
5982294,180,low,high,ambient,shelf-stable snacks,3.522727272727273
5982427,365,low,high,dry,coffee/tea/hot drinks,5.68
5982456,365,low,high,ambient,soft drinks,10.066666666666666
5982463,180,low,high,ambient,shelf-stable snacks,7.25
5982532,365,low,high,ambient,soft drinks,1.3636363636363635
5982535,90,medium,high,frozen,meat frozen,3.6041666666666665
5982584,60,medium,high,frozen,processed meat frozen,999.0
5982599,365,low,high,dry,coffee/tea/hot drinks,999.0
5982610,7,low,high,dry,bread products,999.0
5982619,365,low,high,ambient,soft drinks,7.0
5982621,365,low,high,dry,coffee/tea/hot drinks,3.8
5982729,7,low,high,dry,bread products,19.11111111111111
5982756,1,high,medium,refrigerated,ready-to-eat meals,32.0
5982779,365,low,high,ambient,alcoholic beverages,1.0
5982780,365,low,high,ambient,alcoholic beverages,1.011173184357542
5982781,365,low,high,ambient,alcoholic beverages,1.011173184357542
5982784,365,low,high,dry,coffee/tea/hot drinks,2.1707317073170733
5982786,365,low,high,ambient,soft drinks,1.0773809523809523
5982789,1,high,high,refrigerated,sandwiches fresh,2.5492957746478875
5982790,365,low,high,dry,coffee/tea/hot drinks,2.4657534246575343
5982819,365,low,high,ambient,alcoholic beverages,1.925531914893617
5983037,365,low,high,ambient,soft drinks,3.851063829787234
5983151,1,high,medium,refrigerated,ready-to-eat meals,999.0
5983185,2,high,high,refrigerated,fresh pizza,1.9565217391304348
5983186,2,high,high,refrigerated,fresh pizza,1.083832335329341
5983187,2,high,high,refrigerated,fresh pizza,1.3065693430656935
5983188,2,high,high,refrigerated,fresh pizza,1.3043478260869563
5983189,90,medium,high,frozen,pizza (frozen/long shelf),1.8227848101265824
5983192,14,medium,high,refrigerated,cheese,2.6231884057971016
5983195,14,medium,high,refrigerated,cheese,1.222972972972973
5983196,2,high,high,refrigerated,meat fresh,1.222972972972973
5983199,14,medium,high,refrigerated,sauces/condiments,1.989010989010989
5983200,2,high,high,refrigerated,meat fresh,1.1986754966887416
5983202,2,high,high,refrigerated,meat fresh,1.046242774566474
5983205,14,medium,high,refrigerated,cheese,1.2657342657342658
5983215,2,medium,medium,refrigerated,pasta/rice fresh,1.2746478873239435
5983216,14,medium,high,refrigerated,sauces/condiments,5.114285714285714
5983247,2,medium,medium,refrigerated,pasta/rice fresh,1.7142857142857142
5983295,180,low,high,ambient,shelf-stable snacks,1.0168539325842696
5983342,365,low,high,dry,coffee/tea/hot drinks,2.8
5983345,365,low,high,dry,coffee/tea/hot drinks,2.8
5983346,365,low,high,dry,coffee/tea/hot drinks,2.8
5984836,365,low,high,dry,coffee/tea/hot drinks,1.4958677685950412
5984837,365,low,high,dry,coffee/tea/hot drinks,1.660377358490566
5984838,365,low,high,dry,coffee/tea/hot drinks,1.614678899082569
5984839,365,low,high,dry,coffee/tea/hot drinks,1.547008547008547
5984842,14,medium,high,refrigerated,cheese,1.2147651006711409
5984959,180,low,high,frozen,frozen desserts,12.5
5985050,1,high,medium,refrigerated,ready-to-eat meals,20.0
5985087,90,medium,high,frozen,meat frozen,4.309523809523809
5985093,365,low,high,dry,coffee/tea/hot drinks,1.6428571428571428
5985095,365,low,high,dry,coffee/tea/hot drinks,2.090909090909091
5985096,60,medium,medium,frozen,pasta/rice frozen,4.285714285714286
5985100,365,low,high,ambient,soft drinks,1.9166666666666667
5985101,365,low,high,ambient,alcoholic beverages,2.8
5985102,365,low,high,ambient,alcoholic beverages,2.3
5985103,365,low,high,ambient,alcoholic beverages,2.3
5985108,365,low,high,ambient,alcoholic beverages,10.9375
5985168,2,high,high,refrigerated,meat fresh,4.833333333333333
5985392,3,medium,high,refrigerated,processed meat,1.1104294478527608
5985421,90,medium,high,frozen,meat frozen,999.0
5985435,365,low,high,ambient,alcoholic beverages,23.142857142857142
5985449,90,medium,high,frozen,meat frozen,999.0
5985451,365,low,high,dry,coffee/tea/hot drinks,999.0
5985475,365,low,high,ambient,alcoholic beverages,999.0
5985528,365,low,high,ambient,alcoholic beverages,1.046242774566474
5985539,3,medium,medium,refrigerated,pastries fresh,1.2569444444444444
5985542,365,low,high,dry,coffee/tea/hot drinks,1.117283950617284
5985543,365,low,high,ambient,alcoholic beverages,1.4140625
5985554,365,low,high,ambient,soft drinks,3.358490566037736
5985564,2,high,high,refrigerated,fresh pizza,1.2657342657342658
5985565,14,medium,high,refrigerated,cheese,1.0402298850574712
5985566,1,high,high,refrigerated,sandwiches fresh,1.1455696202531649
5985622,7,medium,high,refrigerated,dairy/eggs,4.285714285714286
5985625,365,low,high,ambient,soft drinks,999.0
5985715,90,medium,high,frozen,meat frozen,2.424657534246576
5985761,90,medium,high,frozen,meat frozen,9.25
5985762,90,medium,high,frozen,meat frozen,7.772727272727272
5985763,90,medium,high,frozen,meat frozen,4.72972972972973
5985764,90,medium,high,frozen,meat frozen,16.666666666666668
5985765,60,medium,high,frozen,seafood frozen,10.125
5985766,90,low,high,frozen,frozen fried items,3.150943396226415
5985768,90,medium,high,frozen,meat frozen,12.384615384615383
5985774,90,medium,high,frozen,meat frozen,89.0
5985989,365,low,high,dry,coffee/tea/hot drinks,2.310810810810811
5985995,90,medium,high,frozen,meat frozen,13.6
5986177,90,medium,high,frozen,meat frozen,10.647058823529411
5986397,90,low,high,frozen,frozen fried items,2.01123595505618
5986402,90,low,high,frozen,frozen fried items,1.7475728155339805
5986404,7,medium,high,refrigerated,dairy/eggs,2.022727272727273
5986408,14,medium,high,refrigerated,sauces/condiments,9.647058823529411
5986457,60,medium,medium,frozen,pasta/rice frozen,2.734375
5986466,180,low,high,ambient,shelf-stable snacks,1.882978723404256
5986470,90,medium,high,frozen,meat frozen,10.181818181818182
5986510,365,low,high,dry,coffee/tea/hot drinks,1.3458646616541354
5986511,365,low,high,dry,coffee/tea/hot drinks,3.2264150943396226
5986515,365,low,high,dry,coffee/tea/hot drinks,1.1455696202531649
5986598,365,low,high,dry,coffee/tea/hot drinks,1.5210084033613445
5986602,365,low,high,dry,coffee/tea/hot drinks,1.4435483870967742
5986605,365,low,high,dry,coffee/tea/hot drinks,1.2569444444444444
5986613,365,low,high,dry,coffee/tea/hot drinks,1.124223602484472
5986614,365,low,high,dry,coffee/tea/hot drinks,1.0903614457831323
5986615,365,low,high,dry,coffee/tea/hot drinks,1.6605504587155964
5986625,365,low,high,dry,coffee/tea/hot drinks,1.371212121212121
5986642,1,high,medium,refrigerated,ready-to-eat meals,1.0168539325842696
5986651,2,high,high,refrigerated,meat fresh,1.167741935483871
5986656,1,high,high,refrigerated,sandwiches fresh,1.117283950617284
5986659,365,low,high,dry,coffee/tea/hot drinks,1.2244897959183674
5986663,1,high,medium,refrigerated,ready-to-eat meals,1.6306306306306306
5986664,3,medium,medium,refrigerated,pastries fresh,1.1842105263157894
5986699,365,low,high,dry,coffee/tea/hot drinks,2.696969696969697
5986700,2,high,high,refrigerated,meat fresh,1.7142857142857142
5986701,365,low,high,dry,coffee/tea/hot drinks,3.232142857142857
5986708,90,medium,high,frozen,meat frozen,2.626865671641791
5986725,365,low,high,ambient,alcoholic beverages,13.272727272727272
5986726,365,low,high,ambient,alcoholic beverages,22.5
5986728,365,low,high,ambient,alcoholic beverages,7.631578947368421
5986733,365,low,high,dry,coffee/tea/hot drinks,2.701492537313433
5986734,365,low,high,dry,coffee/tea/hot drinks,1.863157894736842
5986735,365,low,high,dry,coffee/tea/hot drinks,7.5
5986736,365,low,high,dry,coffee/tea/hot drinks,1.6306306306306306
5986737,365,low,high,dry,coffee/tea/hot drinks,2.2222222222222223
5986739,365,low,high,dry,coffee/tea/hot drinks,3.290909090909091
5986740,365,low,high,dry,coffee/tea/hot drinks,2.754716981132076
5986741,365,low,high,dry,coffee/tea/hot drinks,5.0
5986742,90,medium,high,frozen,meat frozen,7.291666666666667
5986744,365,low,high,ambient,soft drinks,6.807692307692308
5986745,365,low,high,ambient,soft drinks,8.19047619047619
5986897,3,medium,high,refrigerated,bread fresh,1.651685393258427
5986937,7,low,high,dry,bread products,2.2857142857142856
5986939,2,high,high,refrigerated,meat fresh,1.9268292682926829
5986944,60,medium,high,frozen,sandwiches frozen,3.7708333333333335
5986945,3,high,high,refrigerated,fresh salads/vegetables,2.873015873015873
5986952,365,low,high,dry,coffee/tea/hot drinks,1.6306306306306306
5986953,365,low,high,dry,coffee/tea/hot drinks,1.448
5986954,365,low,high,dry,coffee/tea/hot drinks,1.448
5986955,365,low,high,dry,coffee/tea/hot drinks,1.3923076923076922
5986956,365,low,high,dry,coffee/tea/hot drinks,1.9673913043478264
5986959,365,low,high,dry,coffee/tea/hot drinks,2.234567901234568
5986961,60,medium,medium,frozen,pasta/rice frozen,3.549019607843137
5986962,365,low,high,ambient,soft drinks,3.290909090909091
5986964,14,medium,high,refrigerated,cheese,4.113636363636363
5986965,7,medium,high,refrigerated,fresh juice/smoothie,2.081081081081081
5986968,365,low,high,ambient,alcoholic beverages,3.12
5987086,90,medium,high,frozen,meat frozen,2.626865671641791
5987155,365,low,high,ambient,alcoholic beverages,6.739130434782608
5987156,1,high,medium,refrigerated,ready-to-eat meals,10.176470588235292
5987278,2,high,high,refrigerated,meat fresh,1.096969696969697
5987279,1,high,high,refrigerated,wraps/kebab fresh,1.3609022556390975
5987280,2,high,high,refrigerated,meat fresh,1.7075471698113207
5987281,2,high,high,refrigerated,meat fresh,1.3115942028985508
5987282,2,high,high,refrigerated,meat fresh,1.6216216216216215
5987283,60,medium,high,frozen,seafood frozen,4.611111111111111
5987285,1,high,high,refrigerated,seafood fresh,2.536231884057971
5987287,60,medium,high,frozen,seafood frozen,4.046511627906977
5987288,90,medium,high,frozen,meat frozen,4.864864864864865
5987289,90,medium,high,frozen,meat frozen,4.891891891891892
5987291,1,high,high,refrigerated,sandwiches fresh,3.7777777777777777
5987292,90,medium,high,frozen,meat frozen,3.5
5987297,1,high,high,refrigerated,wraps/kebab fresh,2.2666666666666666
5987299,60,medium,high,frozen,wraps/kebab frozen,8.2
5987300,14,medium,high,refrigerated,cheese,11.266666666666667
5987301,90,low,high,frozen,frozen fried items,3.3529411764705883
5987302,90,low,high,frozen,frozen fried items,8.1
5987303,60,medium,high,frozen,wraps/kebab frozen,3.56
5987308,365,low,high,ambient,soft drinks,2.833333333333333
5987313,365,low,high,ambient,soft drinks,1.933333333333333
5987406,365,low,high,dry,coffee/tea/hot drinks,2.719298245614035
5987427,30,low,medium,dry,pastries shelf-stable,5.875
5987609,2,high,high,refrigerated,fresh pizza,2.742424242424242
5987657,2,high,high,refrigerated,fresh pizza,2.64179104477612
5987658,2,high,high,refrigerated,fresh pizza,2.828125
5987661,2,high,high,refrigerated,fresh pizza,1.818181818181818
5987697,1,high,high,refrigerated,wraps/kebab fresh,2.422535211267605
5987739,2,high,high,refrigerated,meat fresh,2.1294117647058823
5987741,2,high,high,refrigerated,meat fresh,3.804347826086957
5987745,365,low,high,dry,coffee/tea/hot drinks,1.846938775510204
5987746,365,low,high,dry,coffee/tea/hot drinks,1.5945945945945943
5987790,365,low,high,ambient,alcoholic beverages,2.0
5987794,2,high,high,refrigerated,meat fresh,1.3432835820895523
5987795,3,high,high,refrigerated,fresh salads/vegetables,2.2278481012658227
5987796,7,medium,high,refrigerated,dairy/eggs,2.3783783783783785
5987804,180,low,high,ambient,shelf-stable snacks,1.1830065359477124
5988080,365,low,high,ambient,alcoholic beverages,999.0
5988081,365,low,high,ambient,alcoholic beverages,999.0
5988091,90,medium,high,frozen,meat frozen,3.53061224489796
5988247,180,low,high,ambient,shelf-stable snacks,4.7105263157894735
5988248,180,low,high,ambient,shelf-stable snacks,12.0
5988249,3,medium,medium,refrigerated,pastries fresh,2.857142857142857
5988381,2,high,high,refrigerated,meat fresh,1.150943396226415
5988573,365,low,high,dry,coffee/tea/hot drinks,1.2080536912751678
5988628,3,medium,medium,refrigerated,pastries fresh,1.4140625
5988654,90,medium,high,frozen,meat frozen,19.5
5988655,365,low,high,dry,coffee/tea/hot drinks,11.285714285714286
5988661,90,medium,high,frozen,meat frozen,16.571428571428573
5988666,90,medium,high,frozen,meat frozen,40.0
5988875,60,medium,high,frozen,sandwiches frozen,4.047619047619048
5988901,2,high,high,refrigerated,meat fresh,3.6666666666666665
5988909,14,medium,high,refrigerated,sauces/condiments,26.8
5988927,365,low,high,dry,coffee/tea/hot drinks,49.0
5988928,365,low,high,dry,coffee/tea/hot drinks,4.0
5989148,180,low,high,ambient,shelf-stable snacks,1.371212121212121
5989149,2,high,high,refrigerated,meat fresh,1.6666666666666667
5989151,365,low,high,ambient,soft drinks,2.424657534246576
5989287,365,low,high,ambient,alcoholic beverages,4.941176470588236
5989547,365,low,high,ambient,soft drinks,2.104651162790698
5989560,365,low,high,dry,coffee/tea/hot drinks,1.3432835820895523
5989739,365,low,high,ambient,alcoholic beverages,4.093023255813954
5989741,365,low,high,ambient,soft drinks,4.666666666666667
5989745,2,high,high,refrigerated,meat fresh,1.808080808080808
5989754,365,low,high,dry,coffee/tea/hot drinks,6.230769230769231
5989871,1,high,medium,refrigerated,ready-to-eat meals,44.66666666666666
5989873,1,high,medium,refrigerated,ready-to-eat meals,24.5
5989889,1,high,medium,refrigerated,ready-to-eat meals,17.1
5989890,7,low,high,dry,bread products,7.541666666666667
5989893,365,low,high,dry,coffee/tea/hot drinks,28.2
5989894,7,low,high,dry,bread products,14.25
5989895,7,low,high,dry,bread products,20.125
5989897,1,high,medium,refrigerated,ready-to-eat meals,44.66666666666666
5989902,14,medium,high,refrigerated,sauces/condiments,12.066666666666666
5989903,90,medium,high,frozen,meat frozen,28.0
5989905,365,low,high,dry,coffee/tea/hot drinks,12.071428571428571
5989906,365,low,high,dry,coffee/tea/hot drinks,15.545454545454543
5989908,365,low,high,dry,coffee/tea/hot drinks,21.125
5989912,365,low,high,ambient,alcoholic beverages,14.25
5989935,14,medium,high,refrigerated,cheese,36.0
5989953,365,low,high,dry,coffee/tea/hot drinks,38.5
5990048,365,low,high,ambient,alcoholic beverages,2.513888888888889
5990049,365,low,high,ambient,alcoholic beverages,1.865979381443299
5990050,365,low,high,ambient,alcoholic beverages,1.6160714285714286
5990051,365,low,high,ambient,alcoholic beverages,1.84375
5990054,365,low,high,ambient,soft drinks,1.0903614457831323
5990055,365,low,high,ambient,soft drinks,1.175324675324675
5990057,365,low,high,ambient,soft drinks,1.1528662420382163
5990058,90,medium,high,frozen,meat frozen,29.25
5990067,365,low,high,dry,coffee/tea/hot drinks,30.75
5990144,30,low,medium,dry,pastries shelf-stable,28.0
5990153,2,high,high,refrigerated,meat fresh,1.6160714285714286
5990189,365,low,high,ambient,soft drinks,1.4596774193548387
5990331,365,low,high,ambient,soft drinks,2.034090909090909
5990347,2,high,high,refrigerated,fresh pizza,1.2147651006711409
5990355,365,low,high,ambient,alcoholic beverages,1.7745098039215683
5990380,60,medium,high,frozen,processed meat frozen,3.659090909090909
5990382,365,low,high,ambient,alcoholic beverages,5.0625
5990533,1,high,high,refrigerated,wraps/kebab fresh,1.025
5990537,365,low,high,dry,coffee/tea/hot drinks,4.125
5990726,365,low,high,dry,coffee/tea/hot drinks,999.0
5990795,1,high,medium,refrigerated,ready-to-eat meals,43.66666666666666
59908,180,low,high,ambient,shelf-stable snacks,999.0
59909,7,low,high,dry,bread products,999.0
5993143,365,low,high,dry,coffee/tea/hot drinks,4.605263157894737
5993156,90,medium,high,frozen,meat frozen,5.242424242424242
5993170,365,low,high,ambient,soft drinks,5.806451612903226
5993171,365,low,high,ambient,soft drinks,2.769230769230769
5993176,90,medium,high,frozen,meat frozen,5.633333333333334
5993179,90,medium,high,frozen,meat frozen,6.6
5993244,365,low,high,ambient,soft drinks,2.8125
5993318,90,medium,high,frozen,meat frozen,13.538461538461538
5993794,365,low,high,dry,coffee/tea/hot drinks,2.0588235294117645
5994273,365,low,high,ambient,soft drinks,2.5142857142857142
5994477,60,medium,high,frozen,sandwiches frozen,6.8
5994495,3,high,high,refrigerated,fresh salads/vegetables,6.714285714285714
5994558,365,low,high,ambient,alcoholic beverages,14.0
5994845,7,low,high,dry,bread products,26.4
5995127,90,medium,high,frozen,meat frozen,56.0
5995131,365,low,high,dry,coffee/tea/hot drinks,112.0
5995132,365,low,high,dry,coffee/tea/hot drinks,12.75
5995134,365,low,high,dry,coffee/tea/hot drinks,21.0
5995147,90,medium,high,frozen,meat frozen,11.428571428571429
5995237,365,low,high,ambient,alcoholic beverages,6.206896551724138
5995244,365,low,high,ambient,alcoholic beverages,6.321428571428571
5995245,365,low,high,ambient,alcoholic beverages,11.571428571428571
5995246,365,low,high,ambient,alcoholic beverages,5.176470588235294
5995247,365,low,high,ambient,alcoholic beverages,13.363636363636363
5995248,365,low,high,ambient,alcoholic beverages,15.9
5995249,365,low,high,ambient,alcoholic beverages,13.88888888888889
5995250,365,low,high,ambient,alcoholic beverages,1.2746478873239435
5995395,2,high,high,refrigerated,fresh pizza,1.1104294478527608
5995443,1,high,high,refrigerated,wraps/kebab fresh,1.6605504587155964
5995453,1,high,high,refrigerated,wraps/kebab fresh,1.4545454545454546
5995454,1,high,high,refrigerated,wraps/kebab fresh,1.3111111111111111
5995459,2,high,high,refrigerated,meat fresh,2.28
5995463,365,low,high,ambient,alcoholic beverages,1.2605633802816902
5995500,2,high,high,refrigerated,meat fresh,3.0526315789473686
5995504,365,low,high,dry,coffee/tea/hot drinks,1.1104294478527608
5995505,365,low,high,dry,coffee/tea/hot drinks,1.2312925170068028
5995506,3,medium,high,refrigerated,processed meat,1.1907894736842106
5995507,1,high,high,refrigerated,wraps/kebab fresh,1.381679389312977
5995526,60,medium,high,frozen,sandwiches frozen,2.8125
5995533,2,high,high,refrigerated,meat fresh,2.2531645569620253
5995544,365,low,high,ambient,soft drinks,1.2746478873239435
5995545,365,low,high,ambient,soft drinks,2.696969696969697
5995546,365,low,high,ambient,soft drinks,2.661764705882353
5995547,365,low,high,ambient,alcoholic beverages,1.2312925170068028
5995549,365,low,high,ambient,alcoholic beverages,1.0402298850574712
5995557,2,high,high,refrigerated,fresh pizza,1.846938775510204
5995570,60,medium,high,frozen,sandwiches frozen,2.4657534246575343
5995618,14,medium,high,refrigerated,cheese,2.2625
5995650,90,medium,high,frozen,pizza (frozen/long shelf),12.428571428571429
5995708,7,medium,high,refrigerated,dairy/eggs,25.714285714285715
5995717,90,medium,high,frozen,meat frozen,12.928571428571429
5995718,90,medium,high,frozen,meat frozen,12.25
5995747,365,low,high,dry,coffee/tea/hot drinks,18.25
5995882,60,medium,high,frozen,wraps/kebab frozen,4.615384615384615
5996032,14,medium,high,refrigerated,cheese,10.294117647058824
5996217,90,medium,high,frozen,meat frozen,12.5
5996220,3,high,high,refrigerated,fresh salads/vegetables,15.125
5996221,365,low,high,dry,coffee/tea/hot drinks,16.8
5996247,365,low,high,dry,coffee/tea/hot drinks,29.166666666666668
5996269,60,medium,high,frozen,seafood frozen,2.864406779661017
5996273,60,medium,high,frozen,seafood frozen,3.38
5996274,3,high,high,refrigerated,fresh salads/vegetables,5.793103448275862
5996277,60,medium,high,frozen,seafood frozen,6.25
5996281,365,low,high,dry,coffee/tea/hot drinks,6.384615384615385
5996282,365,low,high,dry,coffee/tea/hot drinks,18.2
5996283,60,medium,high,frozen,seafood frozen,999.0
5996284,365,low,high,dry,coffee/tea/hot drinks,999.0
5996286,60,medium,high,frozen,sandwiches frozen,10.909090909090908
5996287,60,medium,high,frozen,sandwiches frozen,18.5
5996288,60,medium,high,frozen,sandwiches frozen,9.214285714285714
5996289,60,medium,high,frozen,sandwiches frozen,999.0
5996293,90,medium,high,frozen,meat frozen,13.25
5996294,90,medium,high,frozen,meat frozen,28.0
5996355,2,high,high,refrigerated,meat fresh,3.62
5996438,365,low,high,ambient,alcoholic beverages,43.25
5996570,90,medium,high,frozen,meat frozen,11.25
5996599,90,low,high,frozen,frozen fried items,999.0
5996694,14,medium,high,refrigerated,sauces/condiments,1.167741935483871
5996876,90,medium,high,frozen,meat frozen,21.0
5996884,365,low,high,dry,coffee/tea/hot drinks,2.0
5996904,365,low,high,dry,coffee/tea/hot drinks,35.0
5996907,90,medium,high,frozen,pizza (frozen/long shelf),11.0
5996929,2,medium,medium,refrigerated,pasta/rice fresh,9.0
5996934,90,low,high,frozen,frozen fried items,76.0
5996944,365,low,high,ambient,alcoholic beverages,8.352941176470589
5996945,60,medium,high,frozen,wraps/kebab frozen,38.75
5996946,365,low,high,ambient,soft drinks,21.5
5997116,365,low,high,ambient,soft drinks,2.324675324675325
5997143,365,low,high,ambient,alcoholic beverages,1.13125
5997265,365,low,high,dry,coffee/tea/hot drinks,8.6
5997352,365,low,high,ambient,alcoholic beverages,5.6
5997371,60,medium,high,frozen,seafood frozen,10.9375
5997426,14,medium,high,refrigerated,sauces/condiments,3.0
5997466,365,low,high,ambient,alcoholic beverages,9.411764705882351
5997528,60,medium,high,frozen,sandwiches frozen,7.909090909090909
5997791,60,medium,high,frozen,sandwiches frozen,5.166666666666667
5997792,3,high,high,refrigerated,fresh salads/vegetables,9.25
5997812,365,low,high,dry,coffee/tea/hot drinks,12.2
5997965,14,medium,high,refrigerated,cheese,1.9230769230769231
5997989,7,medium,high,refrigerated,dairy/eggs,1.8020833333333333
5997991,1,high,medium,refrigerated,ready-to-eat meals,6.807692307692308
5997994,90,medium,high,frozen,meat frozen,16.11111111111111
5998144,365,low,high,dry,coffee/tea/hot drinks,1.335820895522388
5998145,60,medium,high,frozen,sandwiches frozen,3.026315789473684
5998156,365,low,high,ambient,soft drinks,5.375
5998157,365,low,high,ambient,soft drinks,18.0
5998158,3,high,high,refrigerated,fresh salads/vegetables,9.363636363636363
5998159,1,high,high,refrigerated,seafood fresh,1.7722772277227723
5998161,7,medium,high,refrigerated,dairy/eggs,5.096774193548387
5998163,60,medium,high,frozen,seafood frozen,4.828571428571428
5998164,7,medium,high,refrigerated,dairy/eggs,4.72972972972973
5998165,60,medium,high,frozen,seafood frozen,2.057471264367816
5998166,365,low,high,dry,coffee/tea/hot drinks,2.1604938271604937
5998170,3,high,high,refrigerated,fresh salads/vegetables,2.3157894736842106
5998173,365,low,high,dry,coffee/tea/hot drinks,2.4444444444444446
5998176,60,medium,high,frozen,seafood frozen,10.181818181818182
5998179,60,medium,high,frozen,seafood frozen,8.666666666666666
5998180,7,medium,high,refrigerated,dairy/eggs,6.269230769230769
5998182,365,low,high,dry,coffee/tea/hot drinks,2.452054794520548
5998222,365,low,high,dry,coffee/tea/hot drinks,2.912280701754386
5998259,365,low,high,dry,coffee/tea/hot drinks,29.83333333333333
5998285,60,medium,medium,frozen,pasta/rice frozen,23.666666666666668
5998313,180,low,high,ambient,shelf-stable snacks,44.5
5998478,180,low,high,ambient,shelf-stable snacks,1.0705882352941176
5998550,90,medium,high,frozen,meat frozen,31.75
5998552,365,low,high,ambient,alcoholic beverages,113.0
5998554,365,low,high,ambient,soft drinks,4.116279069767442
5998555,14,medium,high,refrigerated,cheese,12.142857142857142
5998556,365,low,high,ambient,alcoholic beverages,7.434782608695652
5998562,365,low,high,ambient,alcoholic beverages,18.88888888888889
5998564,3,high,high,refrigerated,fresh salads/vegetables,38.75
5998710,30,low,medium,dry,pastries shelf-stable,65.0
5998805,1,high,high,refrigerated,sandwiches fresh,1.117283950617284
5998821,180,low,high,ambient,shelf-stable snacks,2.464788732394366
5998822,14,medium,high,refrigerated,sauces/condiments,4.513513513513513
5998862,14,medium,high,refrigerated,cheese,27.0
5998918,365,low,high,dry,coffee/tea/hot drinks,15.083333333333334
5998919,365,low,high,dry,coffee/tea/hot drinks,24.714285714285715
5998920,365,low,high,dry,coffee/tea/hot drinks,21.75
5998933,30,low,medium,dry,pastries shelf-stable,5.75
5998943,365,low,high,dry,coffee/tea/hot drinks,1.25
5998944,365,low,high,dry,coffee/tea/hot drinks,4.0
5998945,3,medium,medium,refrigerated,pastries fresh,1.3333333333333333
5998947,3,medium,medium,refrigerated,pastries fresh,1.0
5998949,365,low,high,dry,coffee/tea/hot drinks,1.0
5998955,180,low,high,frozen,frozen desserts,1.0
5998957,365,low,high,dry,coffee/tea/hot drinks,8.2
5998989,365,low,high,dry,coffee/tea/hot drinks,7.8
5998990,365,low,high,dry,coffee/tea/hot drinks,4.5
5999093,60,medium,medium,frozen,pasta/rice frozen,17.428571428571427
5999168,365,low,high,ambient,soft drinks,7.608695652173913
5999206,3,high,high,refrigerated,fresh salads/vegetables,5.777777777777778
5999207,3,high,high,refrigerated,fresh salads/vegetables,5.294117647058823
5999210,90,medium,high,frozen,meat frozen,5.473684210526316
5999211,3,high,high,refrigerated,fresh salads/vegetables,2.6904761904761907
5999241,1,high,high,refrigerated,wraps/kebab fresh,3.533333333333333
5999242,365,low,high,ambient,alcoholic beverages,12.75
5999244,90,medium,high,frozen,meat frozen,7.666666666666667
5999263,365,low,high,ambient,alcoholic beverages,1.6376811594202898
5999285,365,low,high,ambient,soft drinks,2.511111111111111
5999286,365,low,high,ambient,soft drinks,2.4324324324324325
5999295,60,medium,high,frozen,wraps/kebab frozen,12.5
5999301,365,low,high,dry,coffee/tea/hot drinks,5.75
5999387,365,low,high,ambient,alcoholic beverages,1.947368421052632
5999688,365,low,high,dry,coffee/tea/hot drinks,43.0
5999852,365,low,high,dry,coffee/tea/hot drinks,14.818181818181818
5999854,365,low,high,dry,coffee/tea/hot drinks,8.7
5999932,365,low,high,ambient,alcoholic beverages,1.2727272727272727
5999935,365,low,high,ambient,alcoholic beverages,2.15
5999948,365,low,high,ambient,soft drinks,3.44
5999958,90,medium,high,frozen,meat frozen,6.2727272727272725
5999960,90,medium,high,frozen,meat frozen,4.555555555555555
5999962,7,low,high,dry,bread products,8.75
5999963,7,low,high,dry,bread products,9.72222222222222
5999964,7,low,high,dry,bread products,3.844444444444445
5999966,3,medium,high,refrigerated,bread fresh,5.625
5999968,365,low,high,dry,coffee/tea/hot drinks,1.8285714285714283
5999970,90,medium,high,frozen,meat frozen,9.0
5999986,90,medium,high,frozen,meat frozen,7.5
6000018,90,low,high,frozen,frozen fried items,5.5
6000041,365,low,high,ambient,soft drinks,3.75
6000042,365,low,high,ambient,soft drinks,8.947368421052632
6000043,365,low,high,dry,coffee/tea/hot drinks,14.0
6000208,365,low,high,ambient,soft drinks,9.25
6000283,365,low,high,dry,coffee/tea/hot drinks,2.507042253521127
6000302,90,medium,high,frozen,meat frozen,4.382352941176471
6000305,1,high,medium,refrigerated,ready-to-eat meals,10.0
6000324,365,low,high,ambient,alcoholic beverages,10.6
6000365,90,low,medium,frozen,soup frozen,3.145454545454545
6000393,2,high,high,refrigerated,meat fresh,3.85
6000399,365,low,high,dry,coffee/tea/hot drinks,2.0
6000479,365,low,high,ambient,confectionery,1.8854166666666667
6000483,90,medium,high,frozen,meat frozen,3.7
6000531,90,medium,high,frozen,meat frozen,4.513513513513513
6000616,365,low,high,ambient,alcoholic beverages,1.2147651006711409
6000618,365,low,high,ambient,alcoholic beverages,1.167741935483871
6000619,365,low,high,ambient,soft drinks,1.875
6000620,365,low,high,ambient,alcoholic beverages,12.071428571428571
6000624,365,low,high,ambient,alcoholic beverages,999.0
6000626,365,low,high,ambient,alcoholic beverages,23.666666666666668
6000627,365,low,high,dry,coffee/tea/hot drinks,2.9344262295081966
6000629,365,low,high,ambient,alcoholic beverages,999.0
6000633,365,low,high,ambient,alcoholic beverages,11.538461538461538
6000635,180,low,high,ambient,shelf-stable snacks,15.4
6000828,60,medium,high,frozen,wraps/kebab frozen,4.166666666666667
6000829,1,high,high,refrigerated,seafood fresh,2.3421052631578947
6000853,365,low,high,ambient,soft drinks,999.0
6000878,60,medium,high,frozen,seafood frozen,999.0
6000979,90,medium,high,frozen,meat frozen,7.333333333333333
6000995,90,medium,high,frozen,meat frozen,28.0
6001005,90,medium,high,frozen,meat frozen,999.0
6001062,1,high,medium,refrigerated,ready-to-eat meals,8.8
6001063,30,low,medium,dry,pastries shelf-stable,29.5
6001246,365,low,high,dry,coffee/tea/hot drinks,2.9344262295081966
6001323,365,low,high,ambient,alcoholic beverages,4.219512195121951
6001329,2,high,high,refrigerated,meat fresh,4.076923076923077
6001331,2,high,high,refrigerated,meat fresh,4.6923076923076925
6001433,365,low,high,dry,coffee/tea/hot drinks,999.0
6001461,365,low,high,dry,coffee/tea/hot drinks,3.2830188679245285
6001465,365,low,high,dry,coffee/tea/hot drinks,2.78125
6001466,365,low,high,dry,coffee/tea/hot drinks,2.1728395061728394
6001467,365,low,high,dry,coffee/tea/hot drinks,2.588235294117647
6001470,365,low,high,dry,coffee/tea/hot drinks,2.671875
6001471,365,low,high,dry,coffee/tea/hot drinks,4.861111111111111
6001476,365,low,high,dry,coffee/tea/hot drinks,6.0
6001478,365,low,high,ambient,soft drinks,2.324675324675325
6001479,365,low,high,ambient,soft drinks,5.0
6001549,365,low,high,ambient,soft drinks,1.881720430107527
6001573,1,high,high,refrigerated,wraps/kebab fresh,1.0903614457831323
6001574,1,high,high,refrigerated,wraps/kebab fresh,1.167741935483871
6001578,365,low,high,ambient,alcoholic beverages,1.0773809523809523
6001579,365,low,high,ambient,alcoholic beverages,1.0225988700564972
6001580,365,low,high,ambient,alcoholic beverages,1.096969696969697
6001581,365,low,high,ambient,alcoholic beverages,1.0055555555555555
6001588,1,high,high,refrigerated,wraps/kebab fresh,1.117283950617284
6001589,2,high,high,refrigerated,meat fresh,1.0168539325842696
6001591,1,high,high,refrigerated,wraps/kebab fresh,1.0055555555555555
6001596,1,high,high,refrigerated,wraps/kebab fresh,1.0284090909090908
6001598,90,low,high,frozen,frozen fried items,1.0055555555555555
6001599,365,low,high,dry,coffee/tea/hot drinks,1.0055555555555555
6001602,1,high,high,refrigerated,wraps/kebab fresh,1.371212121212121
6001603,365,low,high,ambient,soft drinks,1.0055555555555555
6001779,2,high,high,refrigerated,fresh pizza,1.8833333333333333
6001781,7,medium,high,refrigerated,dairy/eggs,2.017857142857143
6001870,7,low,high,dry,bread products,8.368421052631579
6001912,1,high,medium,refrigerated,ready-to-eat meals,6.380952380952381
6001917,3,high,high,refrigerated,fresh salads/vegetables,1.0284090909090908
6002230,180,low,high,ambient,shelf-stable snacks,7.352941176470588
6002234,365,low,high,dry,coffee/tea/hot drinks,12.9
6002727,365,low,high,ambient,soft drinks,2.8852459016393444
6002728,365,low,high,ambient,soft drinks,1.946236559139785
6002730,365,low,high,dry,coffee/tea/hot drinks,3.591836734693877
6002731,365,low,high,ambient,alcoholic beverages,3.739130434782609
6002732,365,low,high,dry,coffee/tea/hot drinks,3.320754716981132
6002734,60,medium,high,frozen,sandwiches frozen,6.222222222222222
6002737,60,medium,high,frozen,sandwiches frozen,6.035714285714286
6002738,60,medium,high,frozen,processed meat frozen,2.513888888888889
6002739,365,low,high,dry,coffee/tea/hot drinks,2.742424242424242
6002740,60,medium,high,frozen,sandwiches frozen,3.36734693877551
6002741,365,low,high,ambient,alcoholic beverages,4.722222222222222
6002742,60,medium,high,frozen,wraps/kebab frozen,4.076923076923077
6002743,90,low,high,frozen,frozen fried items,3.911111111111111
6002744,365,low,high,ambient,alcoholic beverages,5.176470588235294
6002745,60,medium,high,frozen,wraps/kebab frozen,6.695652173913044
6002746,90,low,high,frozen,frozen fried items,4.631578947368421
6002911,90,low,high,frozen,frozen fried items,1.5
6003615,1,high,high,refrigerated,seafood fresh,5.071428571428571
6003714,365,low,high,dry,coffee/tea/hot drinks,3.75
6003752,1,high,medium,refrigerated,ready-to-eat meals,4.756756756756757
6003758,1,high,medium,refrigerated,ready-to-eat meals,8.842105263157896
6003773,60,medium,high,frozen,seafood frozen,12.846153846153848
6003774,365,low,high,dry,coffee/tea/hot drinks,18.77777777777778
6003781,90,low,high,frozen,frozen fried items,14.0
6003784,90,medium,high,frozen,meat frozen,7.772727272727272
6003791,365,low,high,dry,coffee/tea/hot drinks,13.384615384615383
6003792,365,low,high,ambient,soft drinks,2.9833333333333334
6003794,365,low,high,dry,coffee/tea/hot drinks,10.529411764705882
6003795,90,medium,high,frozen,meat frozen,11.2
6003797,365,low,high,ambient,alcoholic beverages,11.1875
6003805,365,low,high,ambient,alcoholic beverages,10.235294117647058
6003808,365,low,high,dry,coffee/tea/hot drinks,14.833333333333334
6003887,365,low,high,dry,coffee/tea/hot drinks,5.235294117647059
6004191,1,high,medium,refrigerated,ready-to-eat meals,4.615384615384615
6004216,365,low,high,dry,coffee/tea/hot drinks,10.411764705882351
6004338,365,low,high,dry,coffee/tea/hot drinks,4.166666666666667
6004365,180,low,high,ambient,shelf-stable snacks,4.833333333333333
6004387,90,medium,high,frozen,meat frozen,2.0
6004388,90,medium,high,frozen,meat frozen,3.62
6004515,365,low,high,ambient,alcoholic beverages,9.75
6005061,365,low,high,dry,coffee/tea/hot drinks,6.695652173913044
6005710,365,low,high,ambient,alcoholic beverages,73.5
6005784,365,low,high,ambient,alcoholic beverages,4.0
6005785,365,low,high,ambient,alcoholic beverages,4.4
6005786,365,low,high,ambient,alcoholic beverages,7.2
6005787,365,low,high,ambient,alcoholic beverages,5.264705882352941
6005789,365,low,high,ambient,alcoholic beverages,4.861111111111111
6005790,365,low,high,ambient,alcoholic beverages,8.333333333333334
6005792,365,low,high,ambient,alcoholic beverages,9.210526315789474
6005795,365,low,high,ambient,alcoholic beverages,8.947368421052632
6005799,365,low,high,ambient,alcoholic beverages,6.461538461538462
6005803,365,low,high,ambient,alcoholic beverages,8.333333333333334
6005808,365,low,high,ambient,alcoholic beverages,6.206896551724138
6005816,365,low,high,ambient,alcoholic beverages,4.0
6005817,365,low,high,ambient,alcoholic beverages,5.40625
6005822,365,low,high,ambient,alcoholic beverages,5.0
6005834,365,low,high,ambient,alcoholic beverages,6.0
6006136,7,medium,high,refrigerated,fresh juice/smoothie,6.346153846153846
6006137,365,low,high,ambient,confectionery,4.487179487179487
6006700,365,low,high,dry,coffee/tea/hot drinks,1.5855855855855856
6006705,365,low,high,dry,coffee/tea/hot drinks,3.6
6006706,365,low,high,dry,coffee/tea/hot drinks,9.38888888888889
6006707,2,high,high,refrigerated,meat fresh,2.36
6007173,3,medium,high,refrigerated,bread fresh,1.0773809523809523
6007174,365,low,high,dry,coffee/tea/hot drinks,4.956521739130435
6007314,2,high,high,refrigerated,meat fresh,1.124223602484472
6007319,365,low,high,dry,coffee/tea/hot drinks,1.2482758620689656
6007324,1,high,high,refrigerated,wraps/kebab fresh,1.0344827586206895
6007327,2,high,high,refrigerated,meat fresh,2.7
6007328,365,low,high,dry,coffee/tea/hot drinks,1.3333333333333333
6007329,1,high,high,refrigerated,sandwiches fresh,1.588235294117647
6007331,90,low,high,frozen,frozen fried items,1.6111111111111112
6007332,90,low,high,frozen,frozen fried items,2.333333333333333
6007335,14,medium,high,refrigerated,sauces/condiments,4.209302325581396
6007404,365,low,high,dry,coffee/tea/hot drinks,5.03125
6007406,365,low,high,ambient,alcoholic beverages,9.176470588235292
6007540,90,medium,high,frozen,meat frozen,999.0
6007758,7,low,high,dry,bread products,15.142857142857142
6007786,2,high,high,refrigerated,meat fresh,7.0
6007816,60,medium,medium,frozen,pasta/rice frozen,21.0
6007832,90,medium,high,frozen,meat frozen,3.0
6007837,180,low,high,ambient,shelf-stable snacks,2.4615384615384617
6007928,60,medium,high,frozen,wraps/kebab frozen,1.304878048780488
6007929,60,medium,high,frozen,wraps/kebab frozen,3.057142857142857
6007930,60,medium,high,frozen,wraps/kebab frozen,3.962962962962963
6007932,60,medium,high,frozen,wraps/kebab frozen,3.3773584905660377
6007936,365,low,high,ambient,alcoholic beverages,1.1455696202531649
6007937,365,low,high,ambient,alcoholic beverages,1.556521739130435
6007939,365,low,high,ambient,alcoholic beverages,2.0454545454545454
6007940,365,low,high,ambient,alcoholic beverages,1.81
6007941,365,low,high,ambient,alcoholic beverages,4.657894736842105
6007943,365,low,high,ambient,alcoholic beverages,5.176470588235294
6007944,60,medium,high,frozen,wraps/kebab frozen,1.292857142857143
6007945,90,medium,high,frozen,meat frozen,4.113636363636363
6007952,60,medium,high,frozen,processed meat frozen,3.787234042553192
6007953,90,low,high,frozen,frozen fried items,6.241379310344827
6007954,365,low,high,dry,coffee/tea/hot drinks,2.046511627906977
6007955,365,low,high,dry,coffee/tea/hot drinks,2.180722891566265
6007962,14,medium,high,refrigerated,sauces/condiments,3.034482758620689
6007970,365,low,high,dry,coffee/tea/hot drinks,3.1818181818181817
6007972,365,low,high,dry,coffee/tea/hot drinks,6.730769230769231
6007974,365,low,high,dry,coffee/tea/hot drinks,3.977272727272727
6007977,7,medium,high,refrigerated,fresh juice/smoothie,10.058823529411764
6007978,365,low,high,ambient,soft drinks,2.5
6007979,365,low,high,ambient,alcoholic beverages,12.538461538461538
6007980,60,medium,high,frozen,sandwiches frozen,7.608695652173913
6007983,60,medium,medium,frozen,pasta/rice frozen,3.240740740740741
6007984,365,low,high,ambient,alcoholic beverages,11.466666666666669
6007985,7,low,high,dry,bread products,5.965517241379311
6007986,30,low,medium,dry,pastries shelf-stable,2.734375
6007991,1,high,medium,refrigerated,ready-to-eat meals,6.846153846153846
6007996,365,low,high,ambient,alcoholic beverages,8.0
6007998,365,low,high,ambient,alcoholic beverages,12.785714285714286
6008002,90,medium,high,frozen,meat frozen,56.0
6008028,30,low,medium,dry,pastries shelf-stable,999.0
6008036,365,low,high,ambient,alcoholic beverages,3.7058823529411766
6008078,90,medium,high,frozen,meat frozen,3.934782608695652
6008201,365,low,high,ambient,alcoholic beverages,3.933333333333333
6008202,365,low,high,ambient,alcoholic beverages,2.034482758620689
6008205,365,low,high,ambient,alcoholic beverages,1.98876404494382
6008206,365,low,high,ambient,alcoholic beverages,2.647058823529412
6008208,365,low,high,ambient,soft drinks,4.5
6008210,60,medium,high,frozen,seafood frozen,9.5
6008211,90,medium,high,frozen,meat frozen,5.625
6008217,365,low,high,dry,coffee/tea/hot drinks,9.294117647058824
6008218,365,low,high,dry,coffee/tea/hot drinks,3.7083333333333335
6008219,365,low,high,dry,coffee/tea/hot drinks,2.3076923076923075
6008220,365,low,high,dry,coffee/tea/hot drinks,2.081395348837209
6008222,365,low,high,dry,coffee/tea/hot drinks,3.977272727272727
6008223,365,low,high,dry,coffee/tea/hot drinks,8.85
6008224,365,low,high,dry,coffee/tea/hot drinks,3.63265306122449
6008225,365,low,high,dry,coffee/tea/hot drinks,7.291666666666667
6008226,365,low,high,dry,coffee/tea/hot drinks,6.923076923076923
6008227,365,low,high,dry,coffee/tea/hot drinks,4.916666666666667
6008248,7,medium,high,refrigerated,dairy/eggs,2.4923076923076923
6008250,7,medium,high,refrigerated,dairy/eggs,6.583333333333333
6008506,180,low,high,ambient,shelf-stable snacks,5.451612903225806
6008663,365,low,high,ambient,alcoholic beverages,74.5
6008847,2,high,high,refrigerated,fresh pizza,1.925531914893617
6008946,14,medium,high,refrigerated,sauces/condiments,1.2569444444444444
6008948,1,high,high,refrigerated,wraps/kebab fresh,1.7075471698113207
6008963,1,high,high,refrigerated,wraps/kebab fresh,1.7572815533980584
6008978,2,high,high,refrigerated,meat fresh,1.9148936170212767
6008983,365,low,high,dry,coffee/tea/hot drinks,1.4596774193548387
6008984,365,low,high,dry,coffee/tea/hot drinks,1.3923076923076922
6009001,1,high,high,refrigerated,sandwiches fresh,2.1294117647058823
6009006,1,high,high,refrigerated,sandwiches fresh,1.7403846153846154
6009007,1,high,high,refrigerated,sandwiches fresh,1.222972972972973
6009008,1,high,high,refrigerated,sandwiches fresh,1.723809523809524
6009009,1,high,high,refrigerated,sandwiches fresh,2.1686746987951806
6009010,60,medium,high,frozen,sandwiches frozen,1.6071428571428572
6009011,1,high,high,refrigerated,sandwiches fresh,2.0823529411764707
6009016,2,high,high,refrigerated,meat fresh,2.207317073170732
6009018,2,high,high,refrigerated,meat fresh,1.6605504587155964
6009021,2,high,high,refrigerated,meat fresh,2.130952380952381
6009030,2,high,high,refrigerated,meat fresh,1.891304347826087
6009041,365,low,high,ambient,soft drinks,1.096969696969697
6009042,365,low,high,ambient,soft drinks,1.0342857142857145
6009043,365,low,high,ambient,soft drinks,1.5210084033613445
6009047,2,high,high,refrigerated,meat fresh,1.3407407407407408
6009048,365,low,high,ambient,soft drinks,1.6822429906542056
6009089,2,high,high,refrigerated,fresh pizza,1.448
6009091,1,high,high,refrigerated,sandwiches fresh,2.8524590163934427
6009155,365,low,high,dry,coffee/tea/hot drinks,2.2125
6009338,365,low,high,ambient,alcoholic beverages,3.6875
6009542,3,high,high,refrigerated,fresh salads/vegetables,2.8852459016393444
6009543,365,low,high,ambient,alcoholic beverages,2.0568181818181817
6009547,1,high,medium,refrigerated,ready-to-eat meals,2.513888888888889
6009554,60,medium,high,frozen,wraps/kebab frozen,1.292857142857143
6009557,60,medium,high,frozen,wraps/kebab frozen,3.4150943396226414
6009566,365,low,high,ambient,alcoholic beverages,3.1403508771929824
6009567,90,medium,high,frozen,meat frozen,3.4150943396226414
6009569,90,medium,high,frozen,meat frozen,2.2222222222222223
6009571,365,low,high,dry,coffee/tea/hot drinks,2.588235294117647
6009572,365,low,high,ambient,alcoholic beverages,1.487603305785124
6009573,90,low,high,frozen,frozen fried items,3.1607142857142856
6009577,90,medium,high,frozen,meat frozen,2.6865671641791047
6009578,90,medium,high,frozen,meat frozen,2.4927536231884058
6009582,365,low,high,dry,coffee/tea/hot drinks,3.549019607843137
6009583,90,medium,high,frozen,meat frozen,1.651376146788991
6009610,365,low,high,dry,coffee/tea/hot drinks,4.4
6009617,365,low,high,ambient,soft drinks,1.863157894736842
6009618,365,low,high,ambient,soft drinks,1.283687943262411
6009619,90,medium,high,frozen,meat frozen,2.234567901234568
6009620,90,medium,high,frozen,meat frozen,3.351851851851852
6009621,365,low,high,ambient,alcoholic beverages,1.4836065573770492
6009627,365,low,high,ambient,alcoholic beverages,2.933333333333333
6009628,365,low,high,ambient,alcoholic beverages,4.641025641025641
6009734,365,low,high,ambient,soft drinks,4.833333333333333
6009751,365,low,high,ambient,alcoholic beverages,999.0
6009808,365,low,high,ambient,alcoholic beverages,1.0
6009809,365,low,high,ambient,alcoholic beverages,2.2098765432098766
6009810,365,low,high,ambient,alcoholic beverages,1.988888888888889
6009811,365,low,high,ambient,alcoholic beverages,1.7821782178217822
6009813,365,low,high,ambient,soft drinks,1.0225988700564972
6009823,365,low,high,ambient,alcoholic beverages,1.4916666666666667
6009826,60,medium,medium,frozen,pasta/rice frozen,16.0
6009827,180,low,high,ambient,shelf-stable snacks,5.393939393939394
6009828,365,low,high,ambient,alcoholic beverages,3.2545454545454544
6009829,365,low,high,ambient,soft drinks,6.555555555555555
6009843,365,low,high,ambient,alcoholic beverages,4.6
6009956,365,low,high,dry,coffee/tea/hot drinks,6.111111111111111
6010201,365,low,high,ambient,alcoholic beverages,999.0
6010485,3,high,high,refrigerated,fresh salads/vegetables,2.8867924528301887
6010508,60,medium,high,frozen,wraps/kebab frozen,18.55555555555556
6010516,1,high,high,refrigerated,wraps/kebab fresh,1.0402298850574712
6010517,60,medium,high,frozen,wraps/kebab frozen,9.555555555555555
6010518,60,medium,high,frozen,wraps/kebab frozen,12.0
6010519,60,medium,high,frozen,wraps/kebab frozen,9.285714285714286
6010522,365,low,high,ambient,alcoholic beverages,1.0284090909090908
6010523,365,low,high,ambient,alcoholic beverages,9.1875
6010524,365,low,high,ambient,alcoholic beverages,5.833333333333333
6010525,365,low,high,ambient,alcoholic beverages,15.0
6010532,60,medium,high,frozen,wraps/kebab frozen,6.956521739130435
6010533,365,low,high,dry,coffee/tea/hot drinks,1.2397260273972603
6010534,90,medium,high,frozen,meat frozen,13.1
6010541,90,medium,high,frozen,meat frozen,18.25
6010543,60,medium,high,frozen,sandwiches frozen,10.428571428571429
6010544,60,medium,high,frozen,sandwiches frozen,6.866666666666666
6010546,60,medium,high,frozen,sandwiches frozen,12.909090909090908
6010551,90,medium,high,frozen,meat frozen,21.25
6010567,365,low,high,ambient,alcoholic beverages,17.88888888888889
6010685,90,medium,high,frozen,meat frozen,5.5
6010737,90,medium,high,frozen,pizza (frozen/long shelf),18.55555555555556
6011026,1,high,high,refrigerated,wraps/kebab fresh,1.2075471698113207
6011027,60,medium,high,frozen,wraps/kebab frozen,2.4444444444444446
6011028,365,low,high,dry,coffee/tea/hot drinks,2.2857142857142856
6011029,1,high,high,refrigerated,wraps/kebab fresh,1.564102564102564
6011032,365,low,high,dry,coffee/tea/hot drinks,6.75
6011034,3,high,high,refrigerated,fresh salads/vegetables,4.545454545454546
6011035,365,low,high,dry,coffee/tea/hot drinks,4.066666666666666
6011036,365,low,high,dry,coffee/tea/hot drinks,4.125
6011037,365,low,high,dry,coffee/tea/hot drinks,11.75
6011038,365,low,high,dry,coffee/tea/hot drinks,11.25
6011039,365,low,high,dry,coffee/tea/hot drinks,5.4
6011040,365,low,high,dry,coffee/tea/hot drinks,2.4166666666666665
6011041,90,low,high,frozen,frozen fried items,5.666666666666667
6011042,90,low,high,frozen,frozen fried items,2.75
6011044,2,high,high,refrigerated,meat fresh,7.666666666666667
6011047,14,medium,high,refrigerated,sauces/condiments,5.714285714285714
6011048,365,low,high,dry,coffee/tea/hot drinks,3.857142857142857
6011049,365,low,high,ambient,soft drinks,2.064516129032258
6011050,365,low,high,ambient,alcoholic beverages,13.0
6011066,14,medium,high,refrigerated,cheese,1.1528662420382163
6011070,14,medium,high,refrigerated,sauces/condiments,1.0055555555555555
6011071,14,medium,high,refrigerated,sauces/condiments,1.0055555555555555
6011072,14,medium,high,refrigerated,sauces/condiments,1.0168539325842696
6011155,90,medium,high,frozen,pizza (frozen/long shelf),7.25
6011156,90,medium,high,frozen,pizza (frozen/long shelf),999.0
6011157,90,medium,high,frozen,pizza (frozen/long shelf),47.0
6011160,365,low,high,ambient,alcoholic beverages,1.38
6011161,365,low,high,ambient,alcoholic beverages,999.0
6011164,1,high,high,refrigerated,wraps/kebab fresh,2.857142857142857
6011165,90,medium,high,frozen,meat frozen,4.45
6011166,365,low,high,ambient,alcoholic beverages,19.4
6011167,365,low,high,dry,coffee/tea/hot drinks,1.9047619047619049
6011168,90,low,high,frozen,frozen fried items,8.727272727272727
6011169,365,low,high,ambient,soft drinks,4.111111111111111
6011170,365,low,high,ambient,soft drinks,999.0
6011323,1,high,high,refrigerated,wraps/kebab fresh,1.0055555555555555
6011325,1,high,high,refrigerated,wraps/kebab fresh,1.0710059171597632
6011326,1,high,high,refrigerated,wraps/kebab fresh,1.0055555555555555
6011327,1,high,high,refrigerated,wraps/kebab fresh,1.011173184357542
6011328,1,high,high,refrigerated,wraps/kebab fresh,1.0168539325842696
6011388,90,low,high,frozen,frozen fried items,1.175324675324675
6011399,90,medium,high,frozen,pizza (frozen/long shelf),3.942857142857143
6011408,2,high,high,refrigerated,meat fresh,1.011173184357542
6012061,365,low,high,dry,coffee/tea/hot drinks,5.625
6012361,365,low,high,ambient,alcoholic beverages,4.4
6012374,365,low,high,ambient,soft drinks,1.8333333333333333
6012375,365,low,high,ambient,soft drinks,1.8144329896907216
6012376,90,medium,high,frozen,meat frozen,2.2564102564102564
6012379,365,low,high,ambient,soft drinks,2.3972602739726026
6012380,90,medium,high,frozen,meat frozen,1.9130434782608696
6012382,90,medium,high,frozen,meat frozen,2.1728395061728394
6012387,365,low,high,dry,coffee/tea/hot drinks,2.2
6012392,365,low,high,dry,coffee/tea/hot drinks,2.626865671641791
6012397,7,low,high,dry,bread products,8.75
6012402,3,high,high,refrigerated,fresh salads/vegetables,2.095238095238096
6012408,365,low,high,ambient,alcoholic beverages,2.410958904109589
6012410,365,low,high,ambient,alcoholic beverages,2.1463414634146343
6012411,365,low,high,ambient,alcoholic beverages,2.2857142857142856
6012422,365,low,high,ambient,alcoholic beverages,4.631578947368421
6012432,7,medium,high,refrigerated,dairy/eggs,1.648148148148148
6012530,1,high,high,refrigerated,wraps/kebab fresh,1.0710059171597632
6012565,365,low,high,ambient,alcoholic beverages,4.238095238095238
6012612,60,medium,high,frozen,processed meat frozen,2.8870967741935485
6012651,2,high,high,refrigerated,meat fresh,3.5625
6012692,365,low,high,dry,coffee/tea/hot drinks,10.055555555555555
6012716,365,low,high,ambient,soft drinks,8.529411764705882
6012717,365,low,high,ambient,soft drinks,8.05
6012731,365,low,high,ambient,soft drinks,7.666666666666667
6012736,365,low,high,dry,coffee/tea/hot drinks,17.3
6012759,365,low,high,dry,coffee/tea/hot drinks,6.807692307692308
6012763,365,low,high,dry,coffee/tea/hot drinks,1.3333333333333333
6012806,90,medium,high,frozen,pizza (frozen/long shelf),6.071428571428571
6012821,2,high,high,refrigerated,fresh pizza,3.196428571428572
6012822,90,medium,high,frozen,pizza (frozen/long shelf),14.88888888888889
6012823,90,medium,high,frozen,pizza (frozen/long shelf),7.409090909090909
6012824,365,low,high,dry,coffee/tea/hot drinks,7.636363636363637
6012826,90,medium,high,frozen,pizza (frozen/long shelf),8.65
6012836,60,medium,high,frozen,wraps/kebab frozen,18.125
6012840,60,medium,high,frozen,wraps/kebab frozen,21.857142857142858
6012852,365,low,high,ambient,alcoholic beverages,3.617021276595745
6012853,365,low,high,ambient,alcoholic beverages,13.0
6012855,365,low,high,ambient,alcoholic beverages,12.5
6012858,365,low,high,ambient,alcoholic beverages,11.857142857142858
6012862,60,medium,high,frozen,sandwiches frozen,14.25
6012885,90,medium,high,frozen,meat frozen,7.909090909090909
6012890,60,medium,high,frozen,wraps/kebab frozen,11.153846153846152
6012895,365,low,high,dry,coffee/tea/hot drinks,4.861111111111111
6012896,365,low,high,dry,coffee/tea/hot drinks,4.666666666666667
6012897,365,low,high,ambient,soft drinks,9.5
6012900,90,medium,high,frozen,meat frozen,12.4
6012982,365,low,high,ambient,alcoholic beverages,1.1612903225806452
6012983,365,low,high,ambient,alcoholic beverages,3.847826086956522
6012984,60,medium,high,frozen,wraps/kebab frozen,5.027777777777778
6013023,14,medium,high,refrigerated,sauces/condiments,1.4365079365079363
6013029,14,medium,high,refrigerated,cheese,3.358490566037736
6013032,365,low,high,ambient,alcoholic beverages,5.833333333333333
6013036,365,low,high,ambient,soft drinks,6.214285714285714
6013057,2,high,high,refrigerated,meat fresh,4.0
6013059,180,low,high,frozen,frozen desserts,1.3333333333333333
6013083,365,low,high,ambient,confectionery,8.5
6013118,365,low,high,ambient,alcoholic beverages,2.5942028985507246
6013339,90,medium,high,frozen,meat frozen,9.333333333333334
6014086,3,high,high,refrigerated,fresh salads/vegetables,1.222972972972973
6014090,1,high,high,refrigerated,seafood fresh,1.660377358490566
6014093,2,high,high,refrigerated,meat fresh,1.3923076923076922
6014119,1,high,high,refrigerated,seafood fresh,1.81
6014122,2,high,high,refrigerated,meat fresh,1.78
6014142,1,high,high,refrigerated,seafood fresh,1.9772727272727275
6014153,1,high,high,refrigerated,seafood fresh,1.390625
6014165,1,high,medium,refrigerated,ready-to-eat meals,1.3235294117647058
6014166,1,high,medium,refrigerated,ready-to-eat meals,1.6071428571428572
6014167,1,high,medium,refrigerated,ready-to-eat meals,1.8282828282828285
6014172,2,medium,medium,refrigerated,pasta/rice fresh,1.797979797979798
6014184,2,high,high,refrigerated,meat fresh,2.3421052631578947
6014197,365,low,high,dry,coffee/tea/hot drinks,1.69811320754717
6014200,2,high,high,refrigerated,meat fresh,1.967032967032967
6014218,14,medium,high,refrigerated,sauces/condiments,1.330827067669173
6014296,7,medium,high,refrigerated,fresh juice/smoothie,7.666666666666667
6014297,7,medium,high,refrigerated,fresh juice/smoothie,37.0
6014298,7,medium,high,refrigerated,dairy/eggs,3.902439024390244
6014299,90,medium,high,frozen,meat frozen,999.0
6014302,365,low,high,dry,coffee/tea/hot drinks,5.0
6014303,7,low,high,dry,bread products,29.4
6014304,7,medium,high,refrigerated,dairy/eggs,7.0
6014305,7,low,high,dry,bread products,49.5
6014306,7,low,high,dry,bread products,999.0
6014309,60,medium,medium,frozen,pasta/rice frozen,50.5
6014314,60,medium,high,frozen,seafood frozen,159.0
6014315,90,medium,high,frozen,meat frozen,17.333333333333332
6014319,3,high,high,refrigerated,fresh salads/vegetables,6.111111111111111
6014320,7,low,high,dry,bread products,10.642857142857142
6014321,60,medium,high,frozen,seafood frozen,55.0
6014322,365,low,high,dry,coffee/tea/hot drinks,5.689655172413793
6014323,365,low,high,dry,coffee/tea/hot drinks,31.666666666666668
6014324,365,low,high,dry,coffee/tea/hot drinks,14.454545454545457
6014402,365,low,high,dry,coffee/tea/hot drinks,17.142857142857142
6014407,180,low,high,ambient,shelf-stable snacks,1.096969696969697
6014415,3,high,high,refrigerated,fresh salads/vegetables,18.2
6014546,365,low,high,ambient,confectionery,7.5
6014843,365,low,high,ambient,soft drinks,1.9213483146067416
6014849,3,high,high,refrigerated,fresh salads/vegetables,4.17948717948718
6014854,365,low,high,dry,coffee/tea/hot drinks,4.666666666666667
6014857,365,low,high,ambient,alcoholic beverages,5.966666666666667
6014918,2,high,high,refrigerated,meat fresh,2.967741935483871
6014920,365,low,high,dry,coffee/tea/hot drinks,1.3376623376623376
6014921,2,high,high,refrigerated,meat fresh,2.0
6014922,90,medium,high,frozen,meat frozen,3.72
6014923,2,high,high,refrigerated,meat fresh,3.4482758620689653
6014924,2,high,high,refrigerated,meat fresh,3.76
6014925,2,high,high,refrigerated,meat fresh,1.4782608695652173
6014926,2,high,high,refrigerated,meat fresh,2.5
6014927,365,low,high,dry,coffee/tea/hot drinks,3.4827586206896552
6014928,2,high,high,refrigerated,meat fresh,3.433333333333333
6014929,2,high,high,refrigerated,meat fresh,1.8545454545454545
6014930,2,high,high,refrigerated,meat fresh,3.3666666666666667
6014932,2,high,high,refrigerated,meat fresh,2.463414634146341
6014941,2,high,high,refrigerated,meat fresh,3.642857142857143
6014951,2,high,high,refrigerated,meat fresh,1.3783783783783785
6014952,3,medium,high,refrigerated,bread fresh,1.1724137931034482
6014955,365,low,high,dry,coffee/tea/hot drinks,3.9166666666666665
6014965,2,high,high,refrigerated,meat fresh,3.21875
6014966,365,low,high,ambient,soft drinks,2.1702127659574466
6014967,365,low,high,dry,coffee/tea/hot drinks,4.3478260869565215
6014974,365,low,high,ambient,alcoholic beverages,5.1
6015168,365,low,high,ambient,alcoholic beverages,10.375
6015189,1,high,high,refrigerated,sandwiches fresh,1.487394957983193
6015210,365,low,high,dry,coffee/tea/hot drinks,2.207317073170732
6015243,7,low,high,dry,bread products,22.166666666666668
6015276,365,low,high,ambient,alcoholic beverages,14.857142857142858
6015277,365,low,high,ambient,alcoholic beverages,999.0
6015278,365,low,high,ambient,soft drinks,6.392857142857143
6015320,365,low,high,ambient,alcoholic beverages,5.171428571428572
6015321,60,medium,medium,frozen,pasta/rice frozen,7.5
6015323,365,low,high,ambient,soft drinks,4.0
6015439,90,medium,high,frozen,meat frozen,5.482758620689655
6015524,14,medium,high,refrigerated,cheese,2.3076923076923075
6015535,7,low,high,dry,bread products,13.555555555555555
6015792,90,medium,high,frozen,meat frozen,13.461538461538462
6015943,365,low,high,ambient,alcoholic beverages,9.210526315789474
6016083,365,low,high,ambient,alcoholic beverages,3.8181818181818175
6016086,2,high,high,refrigerated,meat fresh,1.0055555555555555
6016087,2,high,high,refrigerated,meat fresh,1.0055555555555555
6016088,2,high,high,refrigerated,meat fresh,1.0168539325842696
6016089,2,high,high,refrigerated,meat fresh,1.0168539325842696
6016125,7,low,high,dry,bread products,17.142857142857142
6016129,365,low,high,ambient,alcoholic beverages,3.3076923076923075
6016256,365,low,high,dry,coffee/tea/hot drinks,1.1666666666666667
6016339,365,low,high,ambient,alcoholic beverages,7.0
6016688,365,low,high,dry,coffee/tea/hot drinks,11.4
6016711,365,low,high,ambient,alcoholic beverages,6.0
6017022,365,low,high,dry,coffee/tea/hot drinks,3.3
6017061,60,medium,high,frozen,wraps/kebab frozen,5.142857142857143
6017105,365,low,high,dry,coffee/tea/hot drinks,29.0
6017110,365,low,high,ambient,alcoholic beverages,1.7647058823529411
6017167,90,medium,high,frozen,meat frozen,51.0
6017177,365,low,high,ambient,soft drinks,1.0338983050847457
6017229,90,medium,high,frozen,meat frozen,10.5
6017254,365,low,high,ambient,alcoholic beverages,1.565217391304348
6017277,365,low,high,dry,coffee/tea/hot drinks,5.916666666666667
6017404,365,low,high,dry,coffee/tea/hot drinks,1.4285714285714286
6017461,365,low,high,ambient,soft drinks,1.5128205128205128
6017464,365,low,high,ambient,soft drinks,1.967032967032967
6017504,365,low,high,ambient,soft drinks,6.730769230769231
6017534,365,low,high,ambient,alcoholic beverages,1.432
6017536,365,low,high,ambient,soft drinks,1.6160714285714286
6017537,365,low,high,ambient,soft drinks,4.142857142857143
6017560,365,low,high,dry,coffee/tea/hot drinks,1.65
6017580,365,low,high,ambient,confectionery,40.5
6017588,2,high,high,refrigerated,fresh pizza,1.1320754716981132
6017589,2,high,high,refrigerated,fresh pizza,1.125
6017592,180,low,high,ambient,shelf-stable snacks,2.588235294117647
6017594,365,low,high,ambient,confectionery,26.0
6017596,2,high,high,refrigerated,meat fresh,11.0
6017702,365,low,high,dry,coffee/tea/hot drinks,1.2708333333333333
6017750,365,low,high,ambient,alcoholic beverages,1.925531914893617
6017927,1,high,high,refrigerated,seafood fresh,1.5384615384615383
6017928,1,high,high,refrigerated,seafood fresh,1.5
6017929,60,medium,high,frozen,seafood frozen,2.278481012658228
6017930,365,low,high,dry,coffee/tea/hot drinks,2.278481012658228
6017931,14,medium,high,refrigerated,sauces/condiments,1.5384615384615383
6017932,14,medium,high,refrigerated,sauces/condiments,8.0
6017933,3,high,high,refrigerated,fresh salads/vegetables,5.454545454545454
6017934,3,high,high,refrigerated,fresh salads/vegetables,1.875
6017937,60,medium,high,frozen,seafood frozen,2.0930232558139537
6017941,60,medium,high,frozen,seafood frozen,2.982142857142857
6017943,60,medium,high,frozen,seafood frozen,2.6507936507936507
6017947,60,medium,high,frozen,seafood frozen,4.2631578947368425
6017949,1,high,medium,refrigerated,ready-to-eat meals,21.6
6018105,1,high,medium,refrigerated,ready-to-eat meals,1.421487603305785
6018106,2,high,high,refrigerated,fresh pizza,1.5357142857142858
6018108,2,high,high,refrigerated,fresh pizza,1.4913793103448276
6018110,3,high,high,refrigerated,fresh salads/vegetables,1.3307692307692307
6018111,3,medium,medium,refrigerated,pastries fresh,1.2835820895522387
6018146,365,low,high,ambient,alcoholic beverages,1.1610738255033557
6018147,2,high,high,refrigerated,meat fresh,1.6476190476190475
6018150,1,high,high,refrigerated,sandwiches fresh,1.5087719298245614
6018152,2,high,high,refrigerated,meat fresh,1.7128712871287128
6018156,3,medium,high,refrigerated,processed meat,1.4827586206896552
6018166,365,low,high,dry,coffee/tea/hot drinks,1.3650793650793651
6018309,365,low,high,dry,coffee/tea/hot drinks,1.1700680272108843
6018311,365,low,high,dry,coffee/tea/hot drinks,1.0613496932515338
6018313,365,low,high,dry,coffee/tea/hot drinks,1.4615384615384617
6018365,365,low,high,ambient,confectionery,1.4956521739130435
6018656,365,low,high,dry,coffee/tea/hot drinks,21.666666666666668
6018664,365,low,high,ambient,soft drinks,2.536231884057971
6018704,365,low,high,ambient,alcoholic beverages,10.733333333333333
6018709,365,low,high,dry,coffee/tea/hot drinks,20.0
6018711,365,low,high,dry,coffee/tea/hot drinks,7.0
6018712,365,low,high,dry,coffee/tea/hot drinks,23.0
6018764,7,low,high,dry,bread products,4.375
6018966,365,low,high,ambient,soft drinks,1.4206349206349207
6019048,365,low,high,dry,coffee/tea/hot drinks,20.0
6019064,365,low,high,dry,coffee/tea/hot drinks,15.0
6019089,365,low,high,ambient,alcoholic beverages,6.0344827586206895
6019168,1,high,medium,refrigerated,ready-to-eat meals,2.0823529411764707
6019264,365,low,high,ambient,soft drinks,1.0055555555555555
6019266,365,low,high,ambient,soft drinks,2.0804597701149423
6019268,365,low,high,dry,coffee/tea/hot drinks,69.5
6019271,365,low,high,dry,coffee/tea/hot drinks,999.0
6019377,365,low,high,dry,coffee/tea/hot drinks,1.1042944785276074
6019379,365,low,high,dry,coffee/tea/hot drinks,1.046242774566474
6019411,1,high,high,refrigerated,wraps/kebab fresh,1.2
6019412,1,high,high,refrigerated,wraps/kebab fresh,2.901639344262295
6019415,1,high,high,refrigerated,wraps/kebab fresh,1.6216216216216215
6019416,1,high,high,refrigerated,wraps/kebab fresh,1.2147651006711409
6019417,1,high,high,refrigerated,wraps/kebab fresh,2.0804597701149423
6019418,1,high,high,refrigerated,wraps/kebab fresh,3.103448275862069
6019419,1,high,high,refrigerated,wraps/kebab fresh,1.167741935483871
6019420,365,low,high,ambient,alcoholic beverages,1.0284090909090908
6019421,365,low,high,ambient,alcoholic beverages,1.6126126126126126
6019422,365,low,high,ambient,alcoholic beverages,1.7745098039215683
6019423,365,low,high,ambient,alcoholic beverages,1.9148936170212767
6019424,365,low,high,ambient,alcoholic beverages,1.0903614457831323
6019426,1,high,high,refrigerated,sandwiches fresh,2.579710144927536
6019438,1,high,high,refrigerated,wraps/kebab fresh,2.933333333333333
6019439,1,high,high,refrigerated,wraps/kebab fresh,1.913978494623656
6019440,365,low,high,ambient,alcoholic beverages,1.175324675324675
6019441,60,medium,high,frozen,sandwiches frozen,3.4
6019442,1,high,high,refrigerated,wraps/kebab fresh,1.1104294478527608
6019444,90,low,high,frozen,frozen fried items,1.3021582733812949
6019445,90,low,high,frozen,frozen fried items,1.1907894736842106
6019448,365,low,high,ambient,soft drinks,2.104651162790698
6019449,365,low,high,ambient,alcoholic beverages,1.4715447154471544
6019450,365,low,high,ambient,soft drinks,1.9565217391304348
6019452,60,medium,high,frozen,processed meat frozen,2.723076923076923
6019453,365,low,high,ambient,alcoholic beverages,5.821428571428571
6019454,365,low,high,ambient,alcoholic beverages,6.269230769230769
6019455,365,low,high,dry,coffee/tea/hot drinks,21.0
6019456,60,medium,high,frozen,sandwiches frozen,14.77777777777778
6019465,365,low,high,ambient,soft drinks,1.8265306122448977
6019466,365,low,high,ambient,alcoholic beverages,3.6808510638297873
6019469,365,low,high,dry,coffee/tea/hot drinks,4.648648648648648
6019472,365,low,high,ambient,soft drinks,2.636363636363636
6019475,365,low,high,dry,coffee/tea/hot drinks,4.552631578947368
6019491,365,low,high,ambient,alcoholic beverages,6.185185185185185
6019492,365,low,high,ambient,confectionery,2.5
6019494,365,low,high,dry,coffee/tea/hot drinks,6.681818181818182
6019682,90,medium,high,frozen,meat frozen,13.833333333333334
6019686,365,low,high,dry,coffee/tea/hot drinks,1.0284090909090908
6019688,365,low,high,dry,coffee/tea/hot drinks,1.0284090909090908
6019689,365,low,high,dry,coffee/tea/hot drinks,1.0342857142857145
6019691,365,low,high,dry,coffee/tea/hot drinks,1.0284090909090908
6019692,365,low,high,dry,coffee/tea/hot drinks,1.1383647798742138
6019694,365,low,high,dry,coffee/tea/hot drinks,1.1320754716981132
6019699,3,medium,high,refrigerated,bread fresh,1.0284090909090908
6019700,3,medium,high,refrigerated,bread fresh,1.1830065359477124
6019810,365,low,high,ambient,soft drinks,9.529411764705882
6020392,365,low,high,dry,coffee/tea/hot drinks,8.555555555555555
6020447,90,low,high,frozen,frozen fried items,3.3191489361702127
6020513,3,medium,high,refrigerated,bread fresh,1.0903614457831323
6020514,3,medium,medium,refrigerated,pastries fresh,1.117283950617284
6020515,365,low,high,dry,coffee/tea/hot drinks,1.2162162162162162
6020517,3,medium,medium,refrigerated,pastries fresh,1.2147651006711409
6020587,365,low,high,dry,coffee/tea/hot drinks,3.3529411764705883
6020623,90,medium,high,frozen,pizza (frozen/long shelf),1.30188679245283
6020676,365,low,high,ambient,soft drinks,3.6
6020677,365,low,high,dry,coffee/tea/hot drinks,3.8461538461538463
6020678,2,medium,medium,refrigerated,pasta/rice fresh,2.7058823529411766
6020757,365,low,high,ambient,alcoholic beverages,1.3308823529411764
6020843,365,low,high,dry,coffee/tea/hot drinks,1.292857142857143
6020870,90,medium,high,frozen,meat frozen,4.170731707317073
6020871,60,medium,high,frozen,sandwiches frozen,10.176470588235292
6020947,365,low,high,dry,coffee/tea/hot drinks,1.1455696202531649
6020963,365,low,high,ambient,alcoholic beverages,2.1294117647058823
6020964,365,low,high,ambient,soft drinks,2.033707865168539
6020968,365,low,high,ambient,alcoholic beverages,9.166666666666666
6020970,7,medium,high,refrigerated,fresh juice/smoothie,5.379310344827586
6020971,180,low,high,ambient,shelf-stable snacks,4.512820512820513
6020972,60,medium,high,frozen,sandwiches frozen,4.317073170731708
6020973,180,low,high,ambient,shelf-stable snacks,22.0
6020975,365,low,high,dry,coffee/tea/hot drinks,6.703703703703703
6020976,365,low,high,dry,coffee/tea/hot drinks,15.909090909090908
6020978,14,medium,high,refrigerated,cheese,3.5
6020979,14,medium,high,refrigerated,cheese,8.0
6020996,3,medium,high,refrigerated,bread fresh,1.2244897959183674
6020997,3,medium,medium,refrigerated,pastries fresh,1.4173228346456692
6021000,90,low,medium,frozen,soup frozen,3.739130434782609
6021003,90,low,medium,frozen,soup frozen,3.30188679245283
6021007,365,low,high,ambient,alcoholic beverages,5.862068965517241
6021092,365,low,high,ambient,alcoholic beverages,79.5
6021101,365,low,high,ambient,alcoholic beverages,3.977272727272727
6021127,90,low,high,frozen,frozen fried items,1.4836065573770492
6021128,365,low,high,ambient,alcoholic beverages,2.983050847457627
6021131,3,high,high,refrigerated,fresh salads/vegetables,1.6822429906542056
6021132,90,medium,high,frozen,meat frozen,3.290909090909091
6021133,365,low,high,dry,coffee/tea/hot drinks,1.7572815533980584
6021136,365,low,high,dry,coffee/tea/hot drinks,2.104651162790698
6021137,90,medium,high,frozen,meat frozen,5.962962962962963
6021195,14,medium,high,refrigerated,cheese,1.6666666666666667
6021196,365,low,high,dry,coffee/tea/hot drinks,3.0508474576271185
6021197,7,low,high,dry,bread products,1.865979381443299
6021198,365,low,high,ambient,alcoholic beverages,3.930232558139535
6021199,365,low,high,ambient,alcoholic beverages,1.846938775510204
6021200,365,low,high,ambient,alcoholic beverages,3.804347826086957
6021201,365,low,high,ambient,alcoholic beverages,2.207317073170732
6021202,365,low,high,ambient,alcoholic beverages,4.567567567567568
6021203,365,low,high,ambient,alcoholic beverages,6.703703703703703
6021204,365,low,high,ambient,soft drinks,1.6454545454545455
6021206,90,medium,high,frozen,meat frozen,5.323529411764706
6021207,365,low,high,dry,coffee/tea/hot drinks,4.5
6021208,365,low,high,dry,coffee/tea/hot drinks,7.041666666666667
6021209,365,low,high,dry,coffee/tea/hot drinks,8.85
6021260,365,low,high,dry,coffee/tea/hot drinks,1.3407407407407408
6021270,365,low,high,ambient,alcoholic beverages,1.431372549019608
6021316,3,medium,high,refrigerated,bread fresh,5.071428571428571
6021402,365,low,high,ambient,alcoholic beverages,26.4
6021403,365,low,high,ambient,soft drinks,12.0
6021411,365,low,high,ambient,alcoholic beverages,26.2
6021414,365,low,high,ambient,alcoholic beverages,20.666666666666668
6021415,365,low,high,ambient,alcoholic beverages,131.0
6021416,365,low,high,ambient,alcoholic beverages,31.5
6021420,90,medium,high,frozen,meat frozen,32.75
6021442,90,medium,high,frozen,meat frozen,9.428571428571429
6021472,365,low,high,dry,coffee/tea/hot drinks,33.0
6021473,90,medium,high,frozen,meat frozen,19.0
6021609,365,low,high,ambient,confectionery,3.6666666666666665
6021615,180,low,high,ambient,shelf-stable snacks,5.066666666666666
6021621,365,low,high,ambient,soft drinks,2.0568181818181817
6021622,7,medium,high,refrigerated,fresh juice/smoothie,6.428571428571429
6021725,365,low,high,ambient,alcoholic beverages,17.3
6021730,365,low,high,ambient,alcoholic beverages,1.925531914893617
6021794,365,low,high,dry,coffee/tea/hot drinks,34.666666666666664
6021812,365,low,high,ambient,alcoholic beverages,5.205882352941177
6021830,60,medium,high,frozen,sandwiches frozen,9.058823529411764
6021832,180,low,high,ambient,shelf-stable snacks,7.208333333333333
6021843,90,low,high,frozen,frozen fried items,11.428571428571429
6021856,1,high,medium,refrigerated,ready-to-eat meals,11.916666666666666
6021857,365,low,high,ambient,soft drinks,9.533333333333331
6021892,1,high,high,refrigerated,sandwiches fresh,1.356060606060606
6021897,365,low,high,ambient,alcoholic beverages,2.217948717948718
6021898,365,low,high,ambient,soft drinks,2.3783783783783785
6022071,14,medium,high,refrigerated,sauces/condiments,22.5
6022090,60,medium,medium,frozen,pasta/rice frozen,7.647058823529412
6022119,365,low,high,dry,coffee/tea/hot drinks,1.2244897959183674
6022122,365,low,high,ambient,confectionery,1.3636363636363635
6022124,365,low,high,dry,coffee/tea/hot drinks,1.44
6022129,365,low,high,ambient,soft drinks,1.894736842105263
6022130,7,medium,high,refrigerated,dairy/eggs,1.2
6022178,365,low,high,dry,coffee/tea/hot drinks,1.512605042016807
6022179,365,low,high,dry,coffee/tea/hot drinks,1.267605633802817
6022186,365,low,high,dry,coffee/tea/hot drinks,1.6216216216216215
6022187,365,low,high,dry,coffee/tea/hot drinks,1.5701754385964912
6022188,365,low,high,dry,coffee/tea/hot drinks,1.313868613138686
6022189,365,low,high,dry,coffee/tea/hot drinks,1.3846153846153846
6022193,7,medium,high,refrigerated,dairy/eggs,1.2587412587412588
6022203,365,low,high,dry,coffee/tea/hot drinks,1.6216216216216215
6022204,365,low,high,dry,coffee/tea/hot drinks,1.5517241379310345
6022205,365,low,high,dry,coffee/tea/hot drinks,1.512605042016807
6022211,2,high,high,refrigerated,meat fresh,1.40625
6022212,180,low,high,frozen,frozen desserts,1.2949640287769784
6022215,3,medium,high,refrigerated,bread fresh,1.2949640287769784
6022216,7,low,high,dry,bread products,1.5789473684210529
6022217,14,medium,high,refrigerated,cheese,1.2765957446808511
6022229,14,medium,high,refrigerated,cheese,1.175324675324675
6022264,365,low,high,ambient,alcoholic beverages,6.2
6022323,14,medium,high,refrigerated,cheese,2.76
6022328,1,high,medium,refrigerated,ready-to-eat meals,2.6862745098039214
6022329,365,low,high,ambient,alcoholic beverages,2.4363636363636365
6022330,365,low,high,ambient,alcoholic beverages,1.691358024691358
6022333,365,low,high,ambient,alcoholic beverages,2.0294117647058822
6022334,365,low,high,ambient,alcoholic beverages,1.9166666666666667
6022337,2,high,high,refrigerated,meat fresh,2.5283018867924527
6022338,2,high,high,refrigerated,meat fresh,2.3389830508474576
6022340,2,high,high,refrigerated,meat fresh,3.116279069767442
6022342,365,low,high,dry,coffee/tea/hot drinks,5.727272727272728
6022347,365,low,high,ambient,soft drinks,2.537037037037037
6022441,365,low,high,dry,coffee/tea/hot drinks,4.186046511627907
6022484,2,medium,medium,refrigerated,pasta/rice fresh,5.25
6022502,365,low,high,ambient,alcoholic beverages,999.0
6022508,2,high,high,refrigerated,meat fresh,5.8
6022523,60,medium,medium,frozen,pasta/rice frozen,7.666666666666667
6022527,90,medium,high,frozen,meat frozen,12.75
6022533,1,high,high,refrigerated,seafood fresh,2.0
6022543,60,medium,high,frozen,sandwiches frozen,12.8
6022549,1,high,high,refrigerated,sandwiches fresh,2.5
6022556,90,medium,high,frozen,pizza (frozen/long shelf),27.5
6022562,2,high,high,refrigerated,meat fresh,7.0
6022565,3,high,high,refrigerated,fresh salads/vegetables,4.0
6022567,365,low,high,dry,coffee/tea/hot drinks,7.571428571428571
6022569,365,low,high,dry,coffee/tea/hot drinks,23.0
6022576,365,low,high,dry,coffee/tea/hot drinks,11.0
6022638,365,low,high,ambient,alcoholic beverages,4.589743589743589
6022824,180,low,high,ambient,shelf-stable snacks,5.111111111111111
6023103,365,low,high,ambient,soft drinks,7.1
6023256,365,low,high,ambient,alcoholic beverages,3.39622641509434
6023262,365,low,high,ambient,alcoholic beverages,2.275
6023360,60,medium,high,frozen,wraps/kebab frozen,2.579710144927536
6023369,60,medium,high,frozen,wraps/kebab frozen,2.769230769230769
6023373,1,high,high,refrigerated,seafood fresh,1.44
6023374,60,medium,high,frozen,seafood frozen,1.776470588235294
6023396,180,low,high,ambient,shelf-stable snacks,12.428571428571429
6023573,365,low,high,ambient,alcoholic beverages,4.666666666666667
6023594,14,medium,high,refrigerated,cheese,6.346153846153846
6023596,365,low,high,dry,coffee/tea/hot drinks,8.4
6023617,180,low,high,ambient,shelf-stable snacks,10.5
6023777,365,low,high,ambient,alcoholic beverages,34.25
6023811,90,medium,high,frozen,meat frozen,6.8
6023919,7,low,high,dry,bread products,14.2
6024302,60,medium,medium,frozen,pasta/rice frozen,7.333333333333333
6024329,2,high,high,refrigerated,meat fresh,9.0
6024353,365,low,high,dry,coffee/tea/hot drinks,4.285714285714286
6024356,7,low,high,dry,bread products,4.093023255813954
6024581,365,low,high,ambient,alcoholic beverages,44.0
6024616,365,low,high,ambient,alcoholic beverages,4.529411764705882
6024706,365,low,high,ambient,alcoholic beverages,1.297709923664122
6024713,365,low,high,ambient,alcoholic beverages,1.2413793103448276
6024714,365,low,high,ambient,alcoholic beverages,7.384615384615385
6024715,365,low,high,ambient,alcoholic beverages,4.941176470588236
6024759,365,low,high,ambient,alcoholic beverages,5.25
6024802,365,low,high,ambient,alcoholic beverages,9.105263157894736
6024834,365,low,high,ambient,alcoholic beverages,13.0
6024862,365,low,high,dry,coffee/tea/hot drinks,1.0168539325842696
6024863,3,high,high,refrigerated,fresh salads/vegetables,1.0227272727272727
6024864,3,high,high,refrigerated,fresh salads/vegetables,1.0168539325842696
6024865,1,high,high,refrigerated,wraps/kebab fresh,2.033707865168539
6024869,3,high,high,refrigerated,fresh salads/vegetables,3.431372549019608
6024870,1,high,high,refrigerated,seafood fresh,1.3308823529411764
6024871,365,low,high,dry,coffee/tea/hot drinks,6.56
6024912,365,low,high,dry,coffee/tea/hot drinks,1.222972972972973
6025032,365,low,high,ambient,alcoholic beverages,16.0
6025201,180,low,high,ambient,shelf-stable snacks,24.2
6025239,1,high,medium,refrigerated,ready-to-eat meals,2.381578947368421
6025241,365,low,high,dry,coffee/tea/hot drinks,1.925531914893617
6025242,365,low,high,dry,coffee/tea/hot drinks,3.0166666666666666
6025243,365,low,high,dry,coffee/tea/hot drinks,1.865979381443299
6025244,365,low,high,dry,coffee/tea/hot drinks,1.7745098039215683
6025245,365,low,high,dry,coffee/tea/hot drinks,2.1951219512195124
6025246,365,low,high,dry,coffee/tea/hot drinks,2.765625
6025247,365,low,high,dry,coffee/tea/hot drinks,2.2911392405063293
6025251,3,high,high,refrigerated,fresh salads/vegetables,3.480769230769231
6025261,1,high,high,refrigerated,seafood fresh,2.0
6025262,365,low,high,dry,coffee/tea/hot drinks,1.8
6025281,365,low,high,ambient,soft drinks,2.0804597701149423
6025284,2,high,high,refrigerated,meat fresh,1.7572815533980584
6025556,365,low,high,dry,coffee/tea/hot drinks,4.702702702702703
6026094,180,low,high,ambient,shelf-stable snacks,1.167741935483871
6026126,90,low,high,frozen,frozen fried items,4.048780487804878
6026161,1,high,high,refrigerated,wraps/kebab fresh,1.175324675324675
6026162,1,high,high,refrigerated,wraps/kebab fresh,2.575757575757576
6026163,1,high,high,refrigerated,wraps/kebab fresh,3.627906976744186
6026169,365,low,high,ambient,alcoholic beverages,1.135483870967742
6026170,365,low,high,ambient,alcoholic beverages,3.840909090909091
6026171,365,low,high,ambient,alcoholic beverages,2.5217391304347827
6026181,60,medium,high,frozen,wraps/kebab frozen,2.621212121212121
6026202,1,high,high,refrigerated,wraps/kebab fresh,1.283687943262411
6026212,1,high,high,refrigerated,wraps/kebab fresh,2.933333333333333
6026235,90,low,high,frozen,frozen fried items,1.4227642276422765
6026236,365,low,high,dry,coffee/tea/hot drinks,1.7755102040816326
6026238,365,low,high,ambient,soft drinks,2.693548387096774
6026240,365,low,high,ambient,soft drinks,1.2397260273972603
6026246,1,high,high,refrigerated,wraps/kebab fresh,3.95
6026247,365,low,high,ambient,alcoholic beverages,3.840909090909091
6026264,1,high,high,refrigerated,wraps/kebab fresh,1.4112903225806452
6026265,365,low,high,ambient,alcoholic beverages,1.3358778625954195
6026266,60,medium,high,frozen,wraps/kebab frozen,4.8
6026267,90,medium,high,frozen,meat frozen,4.2682926829268295
6026269,365,low,high,ambient,alcoholic beverages,2.7777777777777777
6026270,60,medium,high,frozen,wraps/kebab frozen,3.977272727272727
6026274,1,high,high,refrigerated,wraps/kebab fresh,1.6826923076923077
6026275,90,medium,high,frozen,meat frozen,4.352941176470588
6026388,365,low,high,dry,coffee/tea/hot drinks,4.026315789473684
6026477,365,low,high,ambient,soft drinks,4.190476190476191
6026478,365,low,high,dry,coffee/tea/hot drinks,87.0
6026492,60,medium,high,frozen,wraps/kebab frozen,4.552631578947368
6026496,365,low,high,dry,coffee/tea/hot drinks,5.642857142857143
6026506,365,low,high,ambient,alcoholic beverages,1.5405405405405406
6026536,365,low,high,ambient,alcoholic beverages,10.9375
6026544,365,low,high,dry,coffee/tea/hot drinks,5.217391304347826
6026545,365,low,high,dry,coffee/tea/hot drinks,4.129032258064516
6026578,365,low,high,dry,coffee/tea/hot drinks,3.8260869565217392
6026619,365,low,high,ambient,alcoholic beverages,5.67741935483871
6026635,1,high,high,refrigerated,sandwiches fresh,1.2066666666666668
6026638,365,low,high,dry,coffee/tea/hot drinks,1.3507462686567164
6026648,1,high,high,refrigerated,seafood fresh,1.1383647798742138
6026649,2,high,high,refrigerated,meat fresh,1.1830065359477124
6026651,2,high,high,refrigerated,meat fresh,1.1528662420382163
6026655,14,medium,high,refrigerated,sauces/condiments,1.3211678832116789
6026656,2,high,high,refrigerated,meat fresh,1.083832335329341
6026657,1,high,high,refrigerated,seafood fresh,1.371212121212121
6026658,90,low,high,frozen,frozen fried items,1.0903614457831323
6026905,365,low,high,dry,coffee/tea/hot drinks,45.333333333333336
6026906,365,low,high,dry,coffee/tea/hot drinks,6.545454545454546
6026907,365,low,high,dry,coffee/tea/hot drinks,8.4
6027034,2,high,high,refrigerated,meat fresh,1.167741935483871
6027035,365,low,high,dry,coffee/tea/hot drinks,1.0710059171597632
6027036,365,low,high,dry,coffee/tea/hot drinks,1.0647058823529412
6027038,365,low,high,dry,coffee/tea/hot drinks,1.1830065359477124
6027043,365,low,high,dry,coffee/tea/hot drinks,1.2244897959183674
6027044,365,low,high,dry,coffee/tea/hot drinks,1.0284090909090908
6027045,365,low,high,dry,coffee/tea/hot drinks,1.3059701492537314
6027046,365,low,high,dry,coffee/tea/hot drinks,1.371212121212121
6027054,365,low,high,dry,coffee/tea/hot drinks,1.1104294478527608
6027062,7,medium,high,refrigerated,fresh juice/smoothie,1.283687943262411
6027065,7,medium,high,refrigerated,fresh juice/smoothie,1.1602564102564104
6027067,7,medium,high,refrigerated,fresh juice/smoothie,1.3407407407407408
6027088,365,low,high,ambient,soft drinks,3.0727272727272728
6027134,365,low,high,ambient,alcoholic beverages,1.328358208955224
6027135,365,low,high,ambient,alcoholic beverages,1.353846153846154
6027136,365,low,high,ambient,alcoholic beverages,999.0
6027137,365,low,high,ambient,soft drinks,1.4666666666666666
6027145,365,low,high,ambient,alcoholic beverages,3.909090909090909
6027147,365,low,high,ambient,alcoholic beverages,7.125
6027178,180,low,high,ambient,shelf-stable snacks,7.0
6027187,1,high,medium,refrigerated,ready-to-eat meals,3.4150943396226414
6027228,365,low,high,dry,coffee/tea/hot drinks,18.428571428571427
6027316,2,high,high,refrigerated,meat fresh,2.6666666666666665
6027330,365,low,high,ambient,soft drinks,6.0
6027331,365,low,high,dry,coffee/tea/hot drinks,1.6296296296296295
6027332,365,low,high,dry,coffee/tea/hot drinks,1.1090909090909091
6027334,365,low,high,ambient,soft drinks,12.25
6027341,365,low,high,ambient,alcoholic beverages,5.366666666666666
6027346,14,medium,high,refrigerated,cheese,14.727272727272728
6027347,365,low,high,ambient,alcoholic beverages,4.891891891891892
6027355,365,low,high,ambient,alcoholic beverages,5.428571428571429
6027356,365,low,high,ambient,alcoholic beverages,4.113636363636363
6027419,365,low,high,ambient,soft drinks,2.5849056603773586
6027423,1,high,medium,refrigerated,ready-to-eat meals,5.666666666666667
6027426,365,low,high,dry,coffee/tea/hot drinks,3.0
6027431,90,medium,high,frozen,meat frozen,8.61111111111111
6027432,90,medium,high,frozen,meat frozen,10.066666666666666
6027438,90,medium,high,frozen,meat frozen,10.428571428571429
6027439,90,medium,high,frozen,meat frozen,999.0
6027441,365,low,high,ambient,alcoholic beverages,24.5
6027511,1,high,medium,refrigerated,ready-to-eat meals,2.445945945945946
6027538,365,low,high,dry,coffee/tea/hot drinks,7.304347826086956
6027539,3,high,high,refrigerated,fresh salads/vegetables,7.869565217391305
6027542,60,medium,high,frozen,seafood frozen,8.05
6027547,365,low,high,dry,coffee/tea/hot drinks,8.75
6027550,7,low,high,dry,bread products,13.416666666666666
6027556,365,low,high,ambient,alcoholic beverages,3.5319148936170213
6027559,365,low,high,dry,coffee/tea/hot drinks,12.461538461538462
6027564,365,low,high,ambient,alcoholic beverages,8.421052631578947
6027565,365,low,high,ambient,alcoholic beverages,12.666666666666666
6027566,365,low,high,dry,coffee/tea/hot drinks,3.619047619047619
6027578,365,low,high,ambient,alcoholic beverages,3.0508474576271185
6027680,1,high,high,refrigerated,wraps/kebab fresh,1.6
6027681,365,low,high,ambient,alcoholic beverages,1.4736842105263157
6027683,365,low,high,ambient,alcoholic beverages,1.0
6027684,365,low,high,ambient,alcoholic beverages,1.0754716981132075
6027686,365,low,high,ambient,alcoholic beverages,1.3488372093023255
6027687,365,low,high,ambient,alcoholic beverages,1.0980392156862746
6027688,365,low,high,ambient,alcoholic beverages,1.1153846153846154
6027689,365,low,high,ambient,alcoholic beverages,1.2954545454545454
6027695,365,low,high,ambient,soft drinks,1.0
6027696,365,low,high,ambient,soft drinks,1.0363636363636364
6027705,1,high,high,refrigerated,wraps/kebab fresh,1.0357142857142858
6027706,365,low,high,dry,coffee/tea/hot drinks,1.2127659574468086
6027708,1,high,high,refrigerated,wraps/kebab fresh,1.435897435897436
6027709,1,high,high,refrigerated,wraps/kebab fresh,2.1481481481481484
6027712,2,high,high,refrigerated,meat fresh,1.0
6027713,365,low,high,dry,coffee/tea/hot drinks,1.0357142857142858
6027715,1,high,high,refrigerated,wraps/kebab fresh,1.4146341463414631
6027724,2,high,high,refrigerated,meat fresh,2.1739130434782608
6027726,365,low,high,dry,coffee/tea/hot drinks,1.542857142857143
6027728,2,high,high,refrigerated,meat fresh,2.074074074074074
6027730,365,low,high,dry,coffee/tea/hot drinks,1.0175438596491229
6027736,2,high,high,refrigerated,meat fresh,1.862068965517241
6027738,3,high,high,refrigerated,fresh salads/vegetables,1.14
6027837,365,low,high,dry,coffee/tea/hot drinks,1.3923076923076922
6027839,365,low,high,ambient,alcoholic beverages,1.0
6027841,365,low,high,ambient,alcoholic beverages,2.0294117647058822
6027843,365,low,high,ambient,alcoholic beverages,3.8285714285714287
6027844,365,low,high,ambient,alcoholic beverages,1.7848101265822784
6027845,365,low,high,ambient,alcoholic beverages,1.0071942446043165
6027846,365,low,high,ambient,soft drinks,1.0
6027847,365,low,high,ambient,soft drinks,1.6341463414634143
6027848,365,low,high,dry,coffee/tea/hot drinks,7.157894736842105
6027850,365,low,high,dry,coffee/tea/hot drinks,1.0294117647058822
6027853,365,low,high,dry,coffee/tea/hot drinks,1.068181818181818
6027857,365,low,high,ambient,alcoholic beverages,2.893617021276596
6027858,365,low,high,dry,coffee/tea/hot drinks,1.0220588235294117
6027861,365,low,high,dry,coffee/tea/hot drinks,16.142857142857142
6027864,365,low,high,ambient,alcoholic beverages,1.3979591836734695
6027868,365,low,high,dry,coffee/tea/hot drinks,10.818181818181818
6027874,90,medium,high,frozen,meat frozen,6.346153846153846
6027875,365,low,high,ambient,alcoholic beverages,7.0
6027878,60,medium,high,frozen,wraps/kebab frozen,5.965517241379311
6027879,365,low,high,dry,coffee/tea/hot drinks,6.142857142857143
6027880,60,medium,high,frozen,wraps/kebab frozen,5.931034482758621
6027881,90,medium,high,frozen,meat frozen,8.95
6027882,365,low,high,dry,coffee/tea/hot drinks,3.2
6027888,60,medium,high,frozen,wraps/kebab frozen,6.321428571428571
6027892,60,medium,high,frozen,wraps/kebab frozen,5.057142857142857
6027893,90,medium,high,frozen,meat frozen,8.133333333333333
6027894,90,medium,high,frozen,meat frozen,6.111111111111111
6027896,1,high,medium,refrigerated,ready-to-eat meals,7.0
6027900,90,medium,high,frozen,meat frozen,8.045454545454545
6027901,90,medium,high,frozen,meat frozen,6.107142857142857
6027902,60,medium,medium,frozen,pasta/rice frozen,7.434782608695652
6027907,365,low,high,dry,coffee/tea/hot drinks,7.043478260869565
6027909,365,low,high,ambient,soft drinks,2.582089552238806
6027910,90,medium,high,frozen,meat frozen,6.32
6027913,365,low,high,ambient,alcoholic beverages,10.214285714285714
6027954,2,high,high,refrigerated,meat fresh,1.6542056074766356
6027974,2,high,high,refrigerated,fresh pizza,1.371212121212121
6027976,1,high,high,refrigerated,wraps/kebab fresh,2.2278481012658227
6027978,365,low,high,ambient,alcoholic beverages,1.2857142857142858
6028086,2,high,high,refrigerated,meat fresh,2.0804597701149423
6028089,1,high,high,refrigerated,wraps/kebab fresh,2.5
6028104,365,low,high,dry,coffee/tea/hot drinks,1.4206349206349207
6028106,365,low,high,dry,coffee/tea/hot drinks,3.627906976744186
6028124,1,high,high,refrigerated,sandwiches fresh,2.034090909090909
6028145,365,low,high,ambient,soft drinks,2.25
6028149,365,low,high,ambient,soft drinks,2.8833333333333333
6028255,90,medium,high,frozen,meat frozen,46.66666666666666
6028277,365,low,high,ambient,alcoholic beverages,7.090909090909091
6028290,365,low,high,ambient,soft drinks,1.3953488372093024
6028291,365,low,high,ambient,soft drinks,2.351351351351352
6028294,365,low,high,ambient,alcoholic beverages,3.4081632653061225
6028317,2,high,high,refrigerated,meat fresh,2.5588235294117645
6028329,365,low,high,ambient,alcoholic beverages,4.891891891891892
6028355,180,low,high,frozen,frozen desserts,10.625
6028368,2,high,high,refrigerated,fresh pizza,2.276315789473684
6028371,365,low,high,dry,coffee/tea/hot drinks,5.333333333333333
6028398,365,low,high,ambient,alcoholic beverages,3.5405405405405403
6029352,60,medium,high,frozen,seafood frozen,999.0
6029355,365,low,high,ambient,alcoholic beverages,60.0
6029356,365,low,high,ambient,alcoholic beverages,40.66666666666666
6029408,7,low,high,dry,bread products,38.5
6029478,365,low,high,dry,coffee/tea/hot drinks,1.1971830985915493
6029505,90,medium,high,frozen,meat frozen,12.727272727272728
6029573,365,low,high,dry,coffee/tea/hot drinks,5.0
6029636,365,low,high,dry,coffee/tea/hot drinks,6.0
6029668,365,low,high,ambient,alcoholic beverages,10.733333333333333
6029710,60,medium,high,frozen,sandwiches frozen,5.46875
6029718,90,medium,high,frozen,meat frozen,4.941176470588236
6029719,365,low,high,dry,coffee/tea/hot drinks,4.694444444444445
6029726,365,low,high,ambient,alcoholic beverages,5.566666666666666
6029744,14,medium,high,refrigerated,cheese,20.5
6029863,365,low,high,dry,coffee/tea/hot drinks,3.130434782608696
6029898,7,medium,high,refrigerated,fresh juice/smoothie,6.0
6029899,7,medium,high,refrigerated,fresh juice/smoothie,5.0
6029900,7,medium,high,refrigerated,fresh juice/smoothie,10.0
6029901,7,medium,high,refrigerated,fresh juice/smoothie,1.0
6029902,7,medium,high,refrigerated,fresh juice/smoothie,3.0
6029907,365,low,high,dry,coffee/tea/hot drinks,5.833333333333333
6029911,180,low,high,frozen,frozen desserts,24.0
6029918,365,low,high,dry,coffee/tea/hot drinks,9.0
6029919,365,low,high,dry,coffee/tea/hot drinks,9.0
6029920,365,low,high,dry,coffee/tea/hot drinks,6.0
6029925,365,low,high,ambient,soft drinks,4.375
6029927,365,low,high,ambient,soft drinks,9.5
6029931,365,low,high,ambient,soft drinks,4.8
6030194,2,high,high,refrigerated,meat fresh,1.2
6030195,2,high,high,refrigerated,meat fresh,1.8125
6030196,60,medium,high,frozen,seafood frozen,4.970588235294118
6030197,90,medium,high,frozen,meat frozen,7.181818181818182
6030198,90,medium,high,frozen,meat frozen,999.0
6030199,365,low,high,dry,coffee/tea/hot drinks,4.588235294117647
6030200,180,low,high,ambient,shelf-stable snacks,1.45
6030201,1,high,medium,refrigerated,ready-to-eat meals,1.6571428571428573
6030202,14,medium,high,refrigerated,cheese,11.428571428571429
6030204,180,low,high,ambient,shelf-stable snacks,4.935483870967742
6030205,180,low,high,ambient,shelf-stable snacks,23.5
6030206,90,medium,high,frozen,meat frozen,4.970588235294118
6030207,60,medium,medium,frozen,pasta/rice frozen,8.842105263157896
6030210,365,low,high,dry,coffee/tea/hot drinks,38.0
6030213,365,low,high,dry,coffee/tea/hot drinks,999.0
6030215,7,medium,high,refrigerated,dairy/eggs,999.0
6030220,365,low,high,ambient,soft drinks,6.64
6030221,365,low,high,ambient,soft drinks,34.0
6030229,365,low,high,ambient,alcoholic beverages,6.333333333333333
6030248,30,low,medium,dry,pastries shelf-stable,6.857142857142857
6030283,365,low,high,ambient,soft drinks,1.067901234567901
6030286,365,low,high,ambient,soft drinks,1.4098360655737705
6030292,365,low,high,dry,coffee/tea/hot drinks,1.2198581560283688
6030340,14,medium,high,refrigerated,sauces/condiments,1.1849315068493151
6030381,90,medium,high,frozen,meat frozen,9.6
6030386,365,low,high,ambient,alcoholic beverages,999.0
6030389,365,low,high,ambient,soft drinks,5.125
6030494,60,medium,high,frozen,seafood frozen,1.5576923076923077
6030495,60,medium,high,frozen,seafood frozen,1.5576923076923077
6030496,365,low,high,dry,coffee/tea/hot drinks,1.5576923076923077
6030614,2,high,high,refrigerated,meat fresh,2.294117647058824
6030621,90,medium,high,frozen,meat frozen,17.666666666666668
6030625,2,high,high,refrigerated,meat fresh,1.2014925373134329
6030627,90,medium,high,frozen,meat frozen,4.157894736842105
6030634,2,high,high,refrigerated,meat fresh,3.477272727272727
6030639,90,medium,high,frozen,meat frozen,8.8
6030640,180,low,high,ambient,shelf-stable snacks,5.241379310344827
6030641,14,medium,high,refrigerated,cheese,18.875
6030650,3,high,high,refrigerated,fresh salads/vegetables,8.157894736842104
6030651,365,low,high,dry,coffee/tea/hot drinks,8.5
6030654,2,high,high,refrigerated,meat fresh,2.076923076923077
6030658,365,low,high,ambient,alcoholic beverages,5.88
6030660,14,medium,high,refrigerated,cheese,5.607142857142857
6030662,2,high,high,refrigerated,meat fresh,1.5728155339805825
6031001,365,low,high,dry,coffee/tea/hot drinks,1.528735632183908
6031059,365,low,high,ambient,soft drinks,1.0212765957446808
6031080,365,low,high,ambient,alcoholic beverages,31.5
6031091,365,low,high,ambient,alcoholic beverages,28.33333333333333
6031204,60,medium,high,frozen,seafood frozen,4.075
6031207,1,high,high,refrigerated,seafood fresh,3.6666666666666665
6031209,60,medium,high,frozen,seafood frozen,3.863636363636364
6031212,2,high,high,refrigerated,meat fresh,3.2115384615384617
6031213,60,medium,high,frozen,wraps/kebab frozen,5.566666666666666
6031215,60,medium,high,frozen,seafood frozen,4.128205128205129
6031219,90,medium,high,frozen,meat frozen,5.193548387096774
6031226,365,low,high,dry,coffee/tea/hot drinks,7.7894736842105265
6031286,90,medium,high,frozen,meat frozen,2.509433962264151
6031295,14,medium,high,refrigerated,cheese,3.3777777777777778
6031299,1,high,high,refrigerated,seafood fresh,2.015151515151515
6031303,1,high,high,refrigerated,seafood fresh,2.015151515151515
6031308,60,medium,high,frozen,seafood frozen,2.046153846153846
6031344,365,low,high,dry,coffee/tea/hot drinks,2.64
6031354,365,low,high,ambient,soft drinks,1.1176470588235294
6031373,7,medium,high,refrigerated,fresh juice/smoothie,1.9253731343283584
6031376,365,low,high,dry,coffee/tea/hot drinks,1.2912621359223302
6031377,365,low,high,dry,coffee/tea/hot drinks,2.0
6031379,365,low,high,dry,coffee/tea/hot drinks,1.1271186440677967
6031381,365,low,high,dry,coffee/tea/hot drinks,1.2429906542056075
6031388,365,low,high,dry,coffee/tea/hot drinks,1.9275362318840576
6031390,365,low,high,dry,coffee/tea/hot drinks,1.3818181818181818
6031514,14,medium,high,refrigerated,cheese,2.833333333333333
6031559,365,low,high,dry,coffee/tea/hot drinks,1.880952380952381
6031560,365,low,high,dry,coffee/tea/hot drinks,1.256
6031561,365,low,high,dry,coffee/tea/hot drinks,1.1703703703703705
6031562,365,low,high,dry,coffee/tea/hot drinks,1.1205673758865249
6031565,365,low,high,dry,coffee/tea/hot drinks,4.108108108108108
6031566,365,low,high,dry,coffee/tea/hot drinks,2.095890410958904
6031568,365,low,high,dry,coffee/tea/hot drinks,1.4259259259259258
6031574,1,high,medium,refrigerated,ready-to-eat meals,28.2
6031579,365,low,high,ambient,alcoholic beverages,7.272727272727272
6031583,365,low,high,ambient,alcoholic beverages,9.125
6031585,365,low,high,dry,coffee/tea/hot drinks,11.583333333333334
6031592,30,low,medium,dry,pastries shelf-stable,27.0
6031766,365,low,high,ambient,alcoholic beverages,9.6875
6031780,365,low,high,ambient,alcoholic beverages,999.0
6031788,365,low,high,dry,coffee/tea/hot drinks,20.5
6031794,1,high,high,refrigerated,seafood fresh,3.909090909090909
6031809,365,low,high,ambient,alcoholic beverages,2.737704918032787
6031872,180,low,high,ambient,shelf-stable snacks,9.055555555555555
6031873,365,low,high,ambient,alcoholic beverages,4.194444444444445
6031874,30,low,medium,dry,pastries shelf-stable,22.25
6031875,365,low,high,dry,coffee/tea/hot drinks,26.83333333333333
6031884,365,low,high,ambient,alcoholic beverages,4.8
6031885,365,low,high,ambient,alcoholic beverages,1.2857142857142858
6031981,365,low,high,dry,coffee/tea/hot drinks,21.4
6031992,90,medium,high,frozen,meat frozen,9.8
6032002,365,low,high,ambient,soft drinks,4.0
6032003,365,low,high,ambient,soft drinks,3.2222222222222223
6032008,365,low,high,ambient,soft drinks,14.0
6032013,30,low,medium,dry,pastries shelf-stable,12.833333333333334
6032018,30,low,medium,dry,pastries shelf-stable,47.333333333333336
6032024,365,low,high,ambient,alcoholic beverages,13.583333333333334
6032034,180,low,high,ambient,shelf-stable snacks,5.0
6032054,1,high,medium,refrigerated,ready-to-eat meals,23.33333333333333
6032055,1,high,medium,refrigerated,ready-to-eat meals,32.25
6032114,60,medium,medium,frozen,pasta/rice frozen,5.846153846153846
6032272,365,low,high,dry,coffee/tea/hot drinks,20.857142857142858
6032277,365,low,high,dry,coffee/tea/hot drinks,1.9518072289156627
6032313,1,high,medium,refrigerated,ready-to-eat meals,3.8536585365853657
6032464,365,low,high,dry,coffee/tea/hot drinks,4.054054054054054
6032465,365,low,high,dry,coffee/tea/hot drinks,2.807017543859649
6032466,90,medium,high,frozen,meat frozen,3.72093023255814
6032467,365,low,high,dry,coffee/tea/hot drinks,1.879518072289157
6032472,1,high,high,refrigerated,wraps/kebab fresh,2.7586206896551726
6032473,365,low,high,ambient,alcoholic beverages,2.090909090909091
6032515,180,low,high,ambient,shelf-stable snacks,1.962962962962963
6032630,7,low,high,dry,bread products,999.0
6032663,90,low,high,frozen,frozen fried items,3.1904761904761907
6032664,90,low,high,frozen,frozen fried items,11.77777777777778
6032668,14,medium,high,refrigerated,sauces/condiments,12.875
6032675,14,medium,high,refrigerated,sauces/condiments,10.4
6032677,60,medium,high,frozen,sandwiches frozen,15.11111111111111
6032679,60,medium,high,frozen,sandwiches frozen,9.818181818181818
6032697,365,low,high,dry,coffee/tea/hot drinks,12.3
6032700,365,low,high,dry,coffee/tea/hot drinks,9.5
6032709,90,medium,high,frozen,pizza (frozen/long shelf),3.8285714285714287
6032711,90,medium,high,frozen,meat frozen,5.652173913043479
6032712,365,low,high,ambient,soft drinks,11.4
6032720,365,low,high,ambient,alcoholic beverages,8.333333333333334
6032726,90,low,high,frozen,frozen fried items,7.75
6032727,90,medium,high,frozen,pizza (frozen/long shelf),9.8
6032728,365,low,high,ambient,soft drinks,3.2790697674418605
6032859,365,low,high,ambient,alcoholic beverages,6.0
6032862,365,low,high,ambient,alcoholic beverages,3.0
6032886,365,low,high,ambient,alcoholic beverages,3.609756097560976
6032889,30,low,medium,dry,pastries shelf-stable,10.428571428571429
6032901,2,medium,medium,refrigerated,pasta/rice fresh,3.357142857142857
6032905,180,low,high,ambient,shelf-stable snacks,2.107142857142857
6032909,365,low,high,ambient,alcoholic beverages,29.75
6033021,365,low,high,dry,coffee/tea/hot drinks,2.423076923076923
6033060,365,low,high,dry,coffee/tea/hot drinks,4.285714285714286
6033152,365,low,high,ambient,alcoholic beverages,1.103448275862069
6033182,365,low,high,ambient,alcoholic beverages,51.66666666666666
6033185,365,low,high,ambient,alcoholic beverages,999.0
6033186,365,low,high,ambient,alcoholic beverages,84.0
6033197,365,low,high,ambient,alcoholic beverages,999.0
6033199,365,low,high,dry,coffee/tea/hot drinks,50.0
6033221,365,low,high,ambient,confectionery,25.2
6033226,365,low,high,dry,coffee/tea/hot drinks,999.0
6033229,365,low,high,dry,coffee/tea/hot drinks,20.0
6033230,365,low,high,dry,coffee/tea/hot drinks,32.0
6033231,365,low,high,dry,coffee/tea/hot drinks,14.363636363636363
6033237,2,medium,medium,refrigerated,pasta/rice fresh,3.674418604651162
6033240,30,low,medium,dry,pastries shelf-stable,2.015384615384616
6033241,365,low,high,dry,coffee/tea/hot drinks,2.333333333333333
6033247,30,low,medium,dry,pastries shelf-stable,2.6333333333333333
6033249,90,medium,high,frozen,meat frozen,3.07843137254902
6033252,30,low,medium,dry,pastries shelf-stable,3.9
6033263,365,low,high,dry,coffee/tea/hot drinks,22.75
6033266,365,low,high,dry,coffee/tea/hot drinks,6.0
6033267,365,low,high,dry,coffee/tea/hot drinks,4.916666666666667
6033282,365,low,high,dry,coffee/tea/hot drinks,1.4495412844036697
6033346,1,high,high,refrigerated,seafood fresh,1.32
6033373,1,high,high,refrigerated,wraps/kebab fresh,1.046875
6033377,2,high,high,refrigerated,meat fresh,1.425531914893617
6033393,2,high,high,refrigerated,fresh pizza,1.65
6033401,365,low,high,ambient,alcoholic beverages,1.0634920634920637
6033402,365,low,high,ambient,alcoholic beverages,1.1578947368421053
6033406,365,low,high,ambient,alcoholic beverages,1.6923076923076923
6033409,1,high,high,refrigerated,wraps/kebab fresh,1.425531914893617
6033410,1,high,high,refrigerated,wraps/kebab fresh,1.4666666666666666
6033412,1,high,high,refrigerated,wraps/kebab fresh,1.0307692307692309
6033413,1,high,high,refrigerated,wraps/kebab fresh,1.3958333333333333
6033420,1,high,high,refrigerated,sandwiches fresh,1.4042553191489362
6033421,1,high,high,refrigerated,sandwiches fresh,1.5
6033422,365,low,high,dry,coffee/tea/hot drinks,1.046875
6033423,365,low,high,dry,coffee/tea/hot drinks,1.0806451612903225
6033426,1,high,high,refrigerated,wraps/kebab fresh,1.1551724137931034
6033435,2,high,high,refrigerated,fresh pizza,1.5
6033444,2,high,high,refrigerated,meat fresh,1.4042553191489362
6033467,1,high,high,refrigerated,sandwiches fresh,1.4772727272727273
603347,60,medium,high,frozen,sandwiches frozen,2.0588235294117645
603350,60,medium,high,frozen,sandwiches frozen,1.819148936170213
603353,365,low,high,ambient,confectionery,1.8478260869565213
6033561,180,low,high,ambient,shelf-stable snacks,2.25
6033566,7,low,high,dry,bread products,1.411764705882353
603357,7,low,high,dry,bread products,1.7011494252873562
6033570,365,low,high,dry,coffee/tea/hot drinks,1.3333333333333333
603359,1,high,medium,refrigerated,ready-to-eat meals,3.744186046511628
603361,7,low,high,dry,bread products,3.2115384615384617
603362,30,low,medium,dry,pastries shelf-stable,3.25
603363,365,low,high,ambient,soft drinks,2.4696969696969697
603368,365,low,high,dry,coffee/tea/hot drinks,2.397058823529412
6033702,7,low,high,dry,bread products,22.4
603371,365,low,high,dry,coffee/tea/hot drinks,4.588235294117647
603372,365,low,high,dry,coffee/tea/hot drinks,2.8
603373,365,low,high,ambient,confectionery,3.0535714285714284
6033736,3,medium,medium,refrigerated,pastries fresh,1.8333333333333333
6033737,365,low,high,dry,coffee/tea/hot drinks,3.5
6033742,365,low,high,ambient,alcoholic beverages,1.0816326530612246
6033753,365,low,high,ambient,soft drinks,3.9743589743589753
6033754,7,medium,high,refrigerated,fresh juice/smoothie,6.565217391304348
6033755,365,low,high,ambient,alcoholic beverages,5.8
6033756,365,low,high,ambient,alcoholic beverages,5.0
6033757,365,low,high,ambient,alcoholic beverages,11.071428571428571
6033758,365,low,high,ambient,alcoholic beverages,7.842105263157895
6033765,365,low,high,dry,coffee/tea/hot drinks,2.689655172413793
6033766,365,low,high,dry,coffee/tea/hot drinks,3.04
6033773,365,low,high,ambient,soft drinks,2.888888888888889
6033774,365,low,high,ambient,soft drinks,6.416666666666667
6033779,2,high,high,refrigerated,meat fresh,2.15
6033787,1,high,high,refrigerated,sandwiches fresh,2.353846153846154
6033814,365,low,high,ambient,alcoholic beverages,8.5625
6033819,365,low,high,dry,coffee/tea/hot drinks,2.696428571428572
6033828,365,low,high,dry,coffee/tea/hot drinks,2.675675675675676
603386,90,medium,high,frozen,meat frozen,999.0
6033956,365,low,high,dry,coffee/tea/hot drinks,3.96
6033957,365,low,high,dry,coffee/tea/hot drinks,24.33333333333333
6033960,14,medium,high,refrigerated,sauces/condiments,2.32
6033978,14,medium,high,refrigerated,cheese,1.7415730337078652
6033981,60,medium,high,frozen,seafood frozen,3.1020408163265305
6033982,7,low,high,dry,bread products,4.25
6033984,60,medium,high,frozen,seafood frozen,7.15
6033997,365,low,high,dry,coffee/tea/hot drinks,3.025
6033998,365,low,high,dry,coffee/tea/hot drinks,9.583333333333334
6034006,7,medium,high,refrigerated,dairy/eggs,999.0
6034010,60,medium,high,frozen,sandwiches frozen,6.16
6034014,60,medium,high,frozen,sandwiches frozen,4.741935483870968
6034016,1,high,medium,refrigerated,ready-to-eat meals,2.642857142857143
6034017,60,medium,high,frozen,sandwiches frozen,5.8
6034018,1,high,high,refrigerated,sandwiches fresh,4.352941176470588
6034019,60,medium,high,frozen,sandwiches frozen,6.375
6034020,60,medium,high,frozen,sandwiches frozen,6.7727272727272725
6034041,90,medium,high,frozen,pizza (frozen/long shelf),5.25
6034042,7,low,high,dry,bread products,2.041095890410959
6034044,2,high,high,refrigerated,fresh pizza,2.095890410958904
6034084,365,low,high,dry,coffee/tea/hot drinks,2.709090909090909
6034085,365,low,high,dry,coffee/tea/hot drinks,18.875
6034089,365,low,high,dry,coffee/tea/hot drinks,3.3225806451612905
6034279,365,low,high,dry,coffee/tea/hot drinks,2.576923076923077
6034286,365,low,high,dry,coffee/tea/hot drinks,999.0
6034375,90,medium,high,frozen,meat frozen,18.375
6034377,365,low,high,ambient,alcoholic beverages,999.0
6034379,365,low,high,dry,coffee/tea/hot drinks,7.473684210526316
6034397,2,high,high,refrigerated,meat fresh,3.2058823529411766
6034398,2,high,high,refrigerated,meat fresh,3.085714285714286
6034413,2,high,high,refrigerated,meat fresh,3.0
6034416,2,high,high,refrigerated,meat fresh,1.3333333333333333
6034424,365,low,high,ambient,alcoholic beverages,1.0
6034425,1,high,high,refrigerated,wraps/kebab fresh,1.0
6034430,365,low,high,ambient,alcoholic beverages,1.0
6034447,365,low,high,dry,coffee/tea/hot drinks,1.5934065934065933
6034448,365,low,high,dry,coffee/tea/hot drinks,1.380952380952381
6034449,365,low,high,dry,coffee/tea/hot drinks,1.6292134831460674
6034450,365,low,high,ambient,soft drinks,1.3425925925925926
6034451,365,low,high,dry,coffee/tea/hot drinks,2.1666666666666665
6034452,365,low,high,dry,coffee/tea/hot drinks,2.7358490566037736
6034455,365,low,high,ambient,soft drinks,2.2153846153846155
6034471,365,low,high,dry,coffee/tea/hot drinks,3.8378378378378377
6034472,365,low,high,dry,coffee/tea/hot drinks,1.6292134831460674
6034473,14,medium,high,refrigerated,sauces/condiments,1.933333333333333
6034475,2,high,high,refrigerated,meat fresh,2.0422535211267605
6034476,1,high,high,refrigerated,sandwiches fresh,2.1323529411764706
6034483,180,low,high,ambient,shelf-stable snacks,1.7058823529411764
6034488,365,low,high,dry,coffee/tea/hot drinks,1.2357723577235773
6034511,365,low,high,ambient,alcoholic beverages,6.636363636363637
6034552,2,high,high,refrigerated,meat fresh,1.786885245901639
6034556,365,low,high,dry,coffee/tea/hot drinks,3.106382978723404
6034560,365,low,high,ambient,alcoholic beverages,13.11111111111111
6034622,365,low,high,dry,coffee/tea/hot drinks,9.0
6034624,90,medium,high,frozen,meat frozen,4.375
6034681,90,medium,high,frozen,meat frozen,21.0
6034682,2,high,high,refrigerated,meat fresh,2.4285714285714284
6034689,2,high,high,refrigerated,meat fresh,3.625
6034692,365,low,high,ambient,alcoholic beverages,3.2222222222222223
6034693,3,medium,medium,refrigerated,pastries fresh,3.2222222222222223
6034694,365,low,high,dry,coffee/tea/hot drinks,3.2222222222222223
6034696,365,low,high,dry,coffee/tea/hot drinks,3.2222222222222223
6034697,365,low,high,dry,coffee/tea/hot drinks,3.2222222222222223
6034719,365,low,high,dry,coffee/tea/hot drinks,2.8076923076923075
6034720,365,low,high,dry,coffee/tea/hot drinks,4.171428571428572
6034722,365,low,high,dry,coffee/tea/hot drinks,2.618181818181818
6034724,90,medium,high,frozen,meat frozen,4.03125
6034726,90,medium,high,frozen,meat frozen,4.580645161290323
6034727,365,low,high,dry,coffee/tea/hot drinks,3.0416666666666665
6034729,365,low,high,dry,coffee/tea/hot drinks,3.5609756097560976
6034730,365,low,high,dry,coffee/tea/hot drinks,2.6296296296296298
6034731,365,low,high,dry,coffee/tea/hot drinks,6.545454545454546
6034732,365,low,high,dry,coffee/tea/hot drinks,2.703703703703704
6034747,90,medium,high,frozen,meat frozen,3.1666666666666665
6034752,60,medium,high,frozen,sandwiches frozen,999.0
6034753,60,medium,high,frozen,processed meat frozen,999.0
6034754,90,low,high,frozen,frozen fried items,139.0
6034755,60,medium,high,frozen,sandwiches frozen,999.0
6034757,365,low,high,ambient,soft drinks,2.5454545454545454
6034806,60,medium,high,frozen,sandwiches frozen,9.0
6034807,1,high,high,refrigerated,sandwiches fresh,1.7826086956521738
6034925,365,low,high,dry,coffee/tea/hot drinks,3.210526315789474
6034933,365,low,high,ambient,alcoholic beverages,1.9726027397260275
6034974,7,medium,high,refrigerated,fresh juice/smoothie,1.4444444444444444
6034975,7,medium,high,refrigerated,dairy/eggs,1.3979591836734695
6034976,7,medium,high,refrigerated,fresh juice/smoothie,1.2307692307692308
6034978,3,high,high,refrigerated,fresh salads/vegetables,7.0
6035002,365,low,high,dry,coffee/tea/hot drinks,4.0
6035003,365,low,high,ambient,alcoholic beverages,1.8148148148148149
6035009,365,low,high,dry,coffee/tea/hot drinks,1.4190476190476191
6035055,2,high,high,refrigerated,meat fresh,1.913793103448276
6035057,2,high,high,refrigerated,fresh pizza,1.5857142857142856
6035059,2,high,high,refrigerated,meat fresh,1.85
6035061,2,high,high,refrigerated,meat fresh,1.734375
6035063,90,medium,high,frozen,meat frozen,1.947368421052632
6035068,90,medium,high,frozen,meat frozen,4.7727272727272725
6035070,90,medium,high,frozen,meat frozen,3.9642857142857135
6035071,365,low,high,dry,coffee/tea/hot drinks,2.6
6035072,365,low,high,dry,coffee/tea/hot drinks,2.022222222222222
6035082,1,high,medium,refrigerated,ready-to-eat meals,6.923076923076923
6035086,365,low,high,ambient,alcoholic beverages,999.0
6035090,365,low,high,dry,coffee/tea/hot drinks,21.5
6035091,365,low,high,ambient,alcoholic beverages,999.0
6035104,365,low,high,dry,coffee/tea/hot drinks,1.2521008403361344
6035110,365,low,high,ambient,alcoholic beverages,999.0
6035114,365,low,high,dry,coffee/tea/hot drinks,1.8148148148148149
6035117,1,high,medium,refrigerated,ready-to-eat meals,32.0
6035174,365,low,high,dry,coffee/tea/hot drinks,2.1956521739130435
6035175,365,low,high,dry,coffee/tea/hot drinks,1.7428571428571429
6035217,90,medium,high,frozen,meat frozen,1.7959183673469388
6035240,365,low,high,dry,coffee/tea/hot drinks,2.537037037037037
6035325,365,low,high,dry,coffee/tea/hot drinks,5.833333333333333
6035343,365,low,high,ambient,alcoholic beverages,3.842105263157895
6035409,365,low,high,dry,coffee/tea/hot drinks,6.25
6035417,365,low,high,dry,coffee/tea/hot drinks,19.4
6035448,365,low,high,ambient,confectionery,2.2580645161290325
6035493,365,low,high,ambient,soft drinks,1.7088607594936709
6035521,365,low,high,dry,coffee/tea/hot drinks,5.285714285714286
6035524,3,high,high,refrigerated,fresh salads/vegetables,3.6052631578947367
6035546,90,medium,high,frozen,meat frozen,5.7727272727272725
6035550,365,low,high,ambient,alcoholic beverages,10.0
6035557,365,low,high,ambient,alcoholic beverages,1.8243243243243243
603575,365,low,high,ambient,soft drinks,999.0
6035757,365,low,high,ambient,soft drinks,1.6385542168674698
603576,365,low,high,ambient,soft drinks,999.0
6035760,365,low,high,ambient,alcoholic beverages,1.2363636363636363
6035772,180,low,high,ambient,shelf-stable snacks,3.6666666666666665
6035774,180,low,high,ambient,shelf-stable snacks,7.4
6035781,180,low,high,ambient,shelf-stable snacks,2.4166666666666665
603579,365,low,high,ambient,alcoholic beverages,999.0
6035872,365,low,high,ambient,confectionery,18.428571428571427
6035891,365,low,high,ambient,alcoholic beverages,3.571428571428572
6035896,365,low,high,ambient,alcoholic beverages,1.1068702290076335
6035933,365,low,high,dry,coffee/tea/hot drinks,3.0
6035940,60,medium,high,frozen,sandwiches frozen,3.392857142857143
6035941,1,high,high,refrigerated,sandwiches fresh,2.911111111111111
6035942,1,high,high,refrigerated,sandwiches fresh,3.069767441860465
6035957,365,low,high,ambient,alcoholic beverages,14.0
6035969,365,low,high,dry,coffee/tea/hot drinks,1.0
6035987,365,low,high,dry,coffee/tea/hot drinks,999.0
6035988,1,high,high,refrigerated,sandwiches fresh,3.2222222222222223
6035989,3,medium,medium,refrigerated,pastries fresh,3.0
6035991,60,medium,medium,frozen,pasta/rice frozen,16.0
6035992,60,medium,medium,frozen,pasta/rice frozen,5.333333333333333
6035993,365,low,high,ambient,alcoholic beverages,2.1818181818181817
6035994,1,high,medium,refrigerated,ready-to-eat meals,5.7727272727272725
6035995,365,low,high,ambient,soft drinks,2.82
6036007,365,low,high,ambient,soft drinks,5.363636363636363
6036008,90,medium,high,frozen,meat frozen,14.142857142857142
6036015,365,low,high,dry,coffee/tea/hot drinks,8.0
6036016,365,low,high,dry,coffee/tea/hot drinks,9.416666666666666
6036444,365,low,high,dry,coffee/tea/hot drinks,1.4891304347826086
603659,365,low,high,dry,coffee/tea/hot drinks,3.6458333333333335
603664,1,high,high,refrigerated,sandwiches fresh,1.3923076923076922
603668,365,low,high,dry,coffee/tea/hot drinks,3.930232558139535
603669,2,medium,medium,refrigerated,pasta/rice fresh,2.8225806451612905
603674,90,medium,high,frozen,pizza (frozen/long shelf),4.022222222222222
603681,365,low,high,dry,coffee/tea/hot drinks,2.324675324675325
603683,2,high,high,refrigerated,fresh pizza,4.090909090909091
603684,2,high,high,refrigerated,fresh pizza,2.933333333333333
603685,2,high,high,refrigerated,fresh pizza,3.086206896551724
603695,90,medium,high,frozen,pizza (frozen/long shelf),3.723404255319149
603698,2,high,high,refrigerated,fresh pizza,2.9833333333333334
603701,90,medium,high,frozen,pizza (frozen/long shelf),3.6458333333333335
603702,14,medium,high,refrigerated,cheese,3.977777777777778
6037194,2,high,high,refrigerated,meat fresh,1.3
603771,365,low,high,ambient,alcoholic beverages,2.4
603772,365,low,high,ambient,alcoholic beverages,2.278481012658228
603773,365,low,high,dry,coffee/tea/hot drinks,2.933333333333333
603774,365,low,high,ambient,alcoholic beverages,2.8125
603775,365,low,high,dry,coffee/tea/hot drinks,3.510204081632653
603776,90,medium,high,frozen,meat frozen,4.605263157894737
603777,365,low,high,ambient,alcoholic beverages,2.117647058823529
603779,60,medium,high,frozen,processed meat frozen,2.5
603780,365,low,high,dry,coffee/tea/hot drinks,2.535211267605634
603785,365,low,high,dry,coffee/tea/hot drinks,2.6865671641791047
603786,60,medium,high,frozen,processed meat frozen,6.222222222222222
603791,90,medium,high,frozen,meat frozen,2.142857142857143
603792,90,medium,high,frozen,meat frozen,2.142857142857143
603793,60,medium,high,frozen,sandwiches frozen,5.121212121212121
603794,60,medium,high,frozen,sandwiches frozen,4.578947368421052
603795,60,medium,high,frozen,sandwiches frozen,7.818181818181818
603800,365,low,high,dry,coffee/tea/hot drinks,2.6865671641791047
603801,365,low,high,dry,coffee/tea/hot drinks,6.0
603802,14,medium,high,refrigerated,sauces/condiments,2.646153846153846
603803,365,low,high,ambient,alcoholic beverages,6.428571428571429
603808,60,medium,high,frozen,sandwiches frozen,2.723076923076923
603810,90,medium,high,frozen,meat frozen,15.2
603817,365,low,high,ambient,soft drinks,2.0930232558139537
603818,365,low,high,ambient,soft drinks,2.1686746987951806
603819,365,low,high,dry,coffee/tea/hot drinks,2.9655172413793105
6038596,90,low,medium,frozen,soup frozen,4.354838709677419
6038598,90,low,medium,frozen,soup frozen,16.8
6038604,365,low,high,ambient,alcoholic beverages,1.1956521739130437
6038802,365,low,high,ambient,soft drinks,1.7375
6038827,365,low,high,dry,coffee/tea/hot drinks,16.375
6038828,90,medium,high,frozen,meat frozen,15.555555555555555
6038829,365,low,high,dry,coffee/tea/hot drinks,15.0
6038830,60,medium,high,frozen,seafood frozen,14.666666666666666
6038832,365,low,high,ambient,soft drinks,1.3786407766990292
6038845,365,low,high,ambient,alcoholic beverages,20.25
6038983,365,low,high,dry,coffee/tea/hot drinks,13.666666666666666
6039066,60,medium,high,frozen,sandwiches frozen,999.0
6039069,365,low,high,dry,coffee/tea/hot drinks,14.75
6039077,30,low,medium,dry,pastries shelf-stable,999.0
6039109,365,low,high,ambient,soft drinks,2.7
6039110,365,low,high,dry,coffee/tea/hot drinks,4.366666666666666
6039450,365,low,high,ambient,alcoholic beverages,3.5
6039453,7,medium,high,refrigerated,dairy/eggs,3.2222222222222223
6040032,365,low,high,ambient,alcoholic beverages,1.2181818181818185
6040043,365,low,high,dry,coffee/tea/hot drinks,2.15
6040045,1,high,high,refrigerated,seafood fresh,2.5636363636363635
6040046,7,low,high,dry,bread products,2.82
6040088,365,low,high,ambient,alcoholic beverages,29.666666666666668
6040093,365,low,high,ambient,alcoholic beverages,13.444444444444445
6040099,365,low,high,dry,coffee/tea/hot drinks,5.48
6040147,365,low,high,ambient,alcoholic beverages,1.551282051282051
6040148,365,low,high,ambient,alcoholic beverages,1.7285714285714286
6040149,365,low,high,ambient,alcoholic beverages,1.7536231884057971
6040150,365,low,high,ambient,alcoholic beverages,1.6216216216216215
6040151,365,low,high,dry,coffee/tea/hot drinks,1.5921052631578947
6040152,365,low,high,ambient,alcoholic beverages,1.935483870967742
6040153,365,low,high,ambient,alcoholic beverages,1.5714285714285714
6040154,365,low,high,dry,coffee/tea/hot drinks,1.5316455696202531
6040155,365,low,high,ambient,alcoholic beverages,1.5316455696202531
6040157,2,high,high,refrigerated,meat fresh,3.142857142857143
6040158,3,medium,high,refrigerated,processed meat,1.5316455696202531
6040159,365,low,high,ambient,alcoholic beverages,3.333333333333333
6040160,365,low,high,dry,coffee/tea/hot drinks,2.230769230769231
6040164,14,medium,high,refrigerated,cheese,2.0338983050847457
6040165,365,low,high,dry,coffee/tea/hot drinks,1.9672131147540983
6040168,1,high,high,refrigerated,sandwiches fresh,1.5921052631578947
6040169,1,high,high,refrigerated,sandwiches fresh,1.7647058823529411
6040170,1,high,high,refrigerated,sandwiches fresh,1.5316455696202531
6040171,365,low,high,dry,coffee/tea/hot drinks,1.5316455696202531
6040172,2,high,high,refrigerated,meat fresh,1.7846153846153847
6040173,1,high,high,refrigerated,sandwiches fresh,2.38
6040181,7,medium,high,refrigerated,fresh juice/smoothie,2.4166666666666665
6040182,365,low,high,ambient,soft drinks,2.230769230769231
6040183,365,low,high,ambient,soft drinks,1.5316455696202531
6040204,365,low,high,ambient,alcoholic beverages,11.1
6040206,365,low,high,dry,coffee/tea/hot drinks,7.7
6040316,14,medium,high,refrigerated,cheese,3.2
604035,1,high,high,refrigerated,sandwiches fresh,1.8041237113402064
6040351,365,low,high,dry,coffee/tea/hot drinks,3.571428571428572
6040397,3,medium,high,refrigerated,processed meat,2.2063492063492065
6040398,3,medium,high,refrigerated,processed meat,1.8289473684210529
6040407,1,high,medium,refrigerated,ready-to-eat meals,7.0
6040431,365,low,high,dry,coffee/tea/hot drinks,7.75
6040432,365,low,high,dry,coffee/tea/hot drinks,21.0
6040436,365,low,high,dry,coffee/tea/hot drinks,4.0
6040459,14,medium,high,refrigerated,cheese,1.2989690721649485
6040460,2,high,high,refrigerated,meat fresh,1.431818181818182
6040462,1,high,high,refrigerated,sandwiches fresh,2.259259259259259
6040463,180,low,high,ambient,shelf-stable snacks,5.25
6040464,365,low,high,dry,coffee/tea/hot drinks,8.545454545454545
6040466,14,medium,high,refrigerated,sauces/condiments,12.428571428571429
6040476,90,medium,high,frozen,meat frozen,7.076923076923077
6040479,90,low,high,frozen,frozen fried items,1.305263157894737
6040481,90,low,high,frozen,frozen fried items,2.951219512195122
6040482,14,medium,high,refrigerated,cheese,2.744186046511628
6040484,14,medium,high,refrigerated,cheese,5.0
6040485,2,high,high,refrigerated,meat fresh,3.048780487804878
6040487,365,low,high,ambient,alcoholic beverages,1.305263157894737
604049,365,low,high,dry,coffee/tea/hot drinks,1.4836065573770492
604052,1,high,high,refrigerated,seafood fresh,1.6216216216216215
604054,2,medium,medium,refrigerated,pasta/rice fresh,1.4552845528455285
604058,1,high,high,refrigerated,sandwiches fresh,1.096969696969697
604059,1,high,high,refrigerated,sandwiches fresh,1.6822429906542056
604076,2,high,high,refrigerated,fresh pizza,1.7281553398058251
604088,3,medium,medium,refrigerated,pastries fresh,1.4916666666666667
604108,365,low,high,dry,coffee/tea/hot drinks,1.3235294117647058
604109,365,low,high,dry,coffee/tea/hot drinks,1.2094594594594594
6041091,365,low,high,ambient,alcoholic beverages,2.08
6041093,14,medium,high,refrigerated,cheese,2.0
604110,365,low,high,dry,coffee/tea/hot drinks,1.1528662420382163
604112,365,low,high,dry,coffee/tea/hot drinks,1.3065693430656935
6041121,1,high,high,refrigerated,wraps/kebab fresh,1.045112781954887
6041122,60,medium,high,frozen,wraps/kebab frozen,4.03030303030303
6041123,1,high,high,refrigerated,wraps/kebab fresh,3.45
6041124,365,low,high,dry,coffee/tea/hot drinks,3.209302325581396
6041125,90,medium,high,frozen,meat frozen,12.25
6041126,1,high,high,refrigerated,wraps/kebab fresh,1.30188679245283
6041127,1,high,high,refrigerated,wraps/kebab fresh,1.1209677419354838
6041128,1,high,medium,refrigerated,ready-to-eat meals,2.893617021276596
6041129,90,medium,high,frozen,meat frozen,12.444444444444445
6041130,1,high,medium,refrigerated,ready-to-eat meals,12.9
6041131,365,low,high,dry,coffee/tea/hot drinks,8.666666666666666
6041132,90,medium,high,frozen,meat frozen,7.823529411764706
6041133,1,high,medium,refrigerated,ready-to-eat meals,15.0
6041135,2,high,high,refrigerated,meat fresh,2.2419354838709675
6041138,365,low,high,dry,coffee/tea/hot drinks,9.133333333333333
6041150,365,low,high,dry,coffee/tea/hot drinks,13.555555555555555
6041151,365,low,high,ambient,alcoholic beverages,6.181818181818182
6041152,7,low,high,dry,bread products,4.517241379310345
6041155,365,low,high,dry,coffee/tea/hot drinks,3.136363636363636
6041156,365,low,high,ambient,soft drinks,1.8783783783783785
6041157,365,low,high,ambient,soft drinks,4.3125
6041158,365,low,high,ambient,alcoholic beverages,4.28125
604118,7,medium,high,refrigerated,fresh juice/smoothie,1.1329113924050631
6041180,90,low,medium,frozen,soup frozen,999.0
6041181,90,low,medium,frozen,soup frozen,14.25
6041184,365,low,high,ambient,alcoholic beverages,4.3125
6041186,365,low,high,dry,coffee/tea/hot drinks,6.947368421052632
6041187,60,medium,medium,frozen,pasta/rice frozen,6.75
6041189,60,medium,medium,frozen,pasta/rice frozen,8.857142857142858
6041190,90,medium,high,frozen,meat frozen,14.625
6041191,90,low,high,frozen,frozen fried items,29.0
6041192,60,medium,high,frozen,seafood frozen,24.5
6041193,365,low,high,dry,coffee/tea/hot drinks,999.0
6041195,365,low,high,dry,coffee/tea/hot drinks,31.5
604120,7,medium,high,refrigerated,fresh juice/smoothie,1.1633986928104576
604123,365,low,high,ambient,soft drinks,1.011173184357542
6041231,60,medium,high,frozen,wraps/kebab frozen,999.0
6041238,90,medium,high,frozen,meat frozen,3.615384615384616
604126,365,low,high,ambient,alcoholic beverages,1.0843373493975903
6041262,365,low,high,ambient,soft drinks,18.83333333333333
6041409,365,low,high,ambient,alcoholic beverages,16.0
6041416,365,low,high,ambient,alcoholic beverages,4.2
6041481,365,low,high,ambient,alcoholic beverages,1.7808219178082192
6041493,365,low,high,ambient,alcoholic beverages,1.404494382022472
6041544,365,low,high,dry,coffee/tea/hot drinks,84.0
6041590,14,medium,high,refrigerated,cheese,4.666666666666667
6041591,14,medium,high,refrigerated,cheese,4.5
6041596,365,low,high,dry,coffee/tea/hot drinks,8.375
6041615,365,low,high,ambient,alcoholic beverages,21.0
6041625,365,low,high,ambient,alcoholic beverages,16.0
6041631,365,low,high,ambient,alcoholic beverages,12.2
6041638,365,low,high,ambient,alcoholic beverages,8.333333333333334
6041678,365,low,high,dry,coffee/tea/hot drinks,3.4166666666666665
6041679,365,low,high,dry,coffee/tea/hot drinks,2.5
6042000,60,medium,high,frozen,wraps/kebab frozen,14.0
6042001,365,low,high,ambient,alcoholic beverages,4.444444444444445
6042002,60,medium,high,frozen,wraps/kebab frozen,5.0
6042003,365,low,high,ambient,alcoholic beverages,999.0
6042005,365,low,high,dry,coffee/tea/hot drinks,999.0
6042052,3,medium,high,refrigerated,bread fresh,4.666666666666667
6042105,1,high,high,refrigerated,sandwiches fresh,1.4651162790697674
6042107,1,high,high,refrigerated,sandwiches fresh,1.3195876288659794
6042109,1,high,high,refrigerated,sandwiches fresh,1.1743119266055049
6042110,1,high,high,refrigerated,sandwiches fresh,1.1228070175438596
6042113,2,high,high,refrigerated,meat fresh,1.4883720930232558
6042114,365,low,high,ambient,alcoholic beverages,1.0403225806451613
6042115,1,high,high,refrigerated,wraps/kebab fresh,1.1727272727272726
6042116,2,high,high,refrigerated,meat fresh,1.2427184466019416
6042118,365,low,high,dry,coffee/tea/hot drinks,1.162162162162162
6042124,2,high,high,refrigerated,meat fresh,1.5180722891566265
6042139,3,medium,high,refrigerated,bread fresh,1.0403225806451613
6042140,3,medium,high,refrigerated,processed meat,1.0403225806451613
6042141,3,medium,high,refrigerated,processed meat,1.048780487804878
6042144,365,low,high,ambient,alcoholic beverages,1.648648648648649
6042145,365,low,high,ambient,alcoholic beverages,1.131578947368421
6042146,365,low,high,ambient,alcoholic beverages,1.391304347826087
6042147,1,high,high,refrigerated,sandwiches fresh,1.048780487804878
6042148,1,high,high,refrigerated,sandwiches fresh,1.048780487804878
6042151,1,high,high,refrigerated,wraps/kebab fresh,1.1517857142857142
6042162,365,low,high,dry,coffee/tea/hot drinks,1.0932203389830508
6042163,365,low,high,ambient,soft drinks,1.084033613445378
6042190,365,low,high,dry,coffee/tea/hot drinks,2.1666666666666665
6042193,365,low,high,dry,coffee/tea/hot drinks,1.608108108108108
6042206,2,high,high,refrigerated,fresh pizza,2.36734693877551
6042213,90,low,high,frozen,frozen fried items,2.1666666666666665
6042218,365,low,high,dry,coffee/tea/hot drinks,1.6857142857142855
6042219,365,low,high,dry,coffee/tea/hot drinks,1.5833333333333333
6042223,2,high,high,refrigerated,meat fresh,1.836065573770492
6042224,1,high,high,refrigerated,wraps/kebab fresh,3.1621621621621623
6042229,1,high,high,refrigerated,sandwiches fresh,3.135135135135135
6042238,1,high,high,refrigerated,wraps/kebab fresh,2.6
6042243,365,low,high,ambient,alcoholic beverages,1.2526315789473683
6042312,1,high,medium,refrigerated,ready-to-eat meals,999.0
6042322,90,medium,high,frozen,meat frozen,7.0
6042326,180,low,high,ambient,shelf-stable snacks,16.5
6042369,365,low,high,ambient,alcoholic beverages,33.0
6042945,14,medium,high,refrigerated,cheese,1.0683760683760684
6042946,14,medium,high,refrigerated,cheese,3.388888888888889
6042947,2,high,high,refrigerated,meat fresh,1.2277227722772277
604302,2,medium,medium,refrigerated,pasta/rice fresh,2.5
6043040,3,medium,medium,refrigerated,pastries fresh,2.875
6043069,14,medium,high,refrigerated,cheese,7.25
6043092,365,low,high,ambient,alcoholic beverages,1.608695652173913
6043109,365,low,high,dry,coffee/tea/hot drinks,6.941176470588236
6043110,60,medium,high,frozen,sandwiches frozen,9.076923076923077
6043122,365,low,high,dry,coffee/tea/hot drinks,2.0
6043123,1,high,high,refrigerated,sandwiches fresh,2.0
6043126,365,low,high,ambient,soft drinks,2.0
6043133,365,low,high,dry,coffee/tea/hot drinks,7.117647058823529
6043151,365,low,high,dry,coffee/tea/hot drinks,2.6739130434782608
6043152,365,low,high,dry,coffee/tea/hot drinks,1.3777777777777778
6043153,365,low,high,dry,coffee/tea/hot drinks,3.4285714285714284
6043155,7,low,high,dry,bread products,3.026315789473684
6043158,30,low,medium,dry,pastries shelf-stable,6.368421052631579
6043159,365,low,high,ambient,soft drinks,1.3404255319148937
6043160,365,low,high,ambient,soft drinks,1.4642857142857142
6043162,365,low,high,ambient,soft drinks,1.631578947368421
6043163,365,low,high,ambient,soft drinks,2.36
6043164,365,low,high,ambient,alcoholic beverages,3.757575757575758
6043166,365,low,high,ambient,alcoholic beverages,7.916666666666667
6043168,365,low,high,ambient,alcoholic beverages,3.027027027027027
6043169,365,low,high,ambient,alcoholic beverages,4.357142857142857
6043170,365,low,high,ambient,alcoholic beverages,2.196428571428572
6043171,365,low,high,ambient,alcoholic beverages,6.75
6043177,365,low,high,ambient,alcoholic beverages,3.1621621621621623
6043178,60,medium,high,frozen,sandwiches frozen,1.7971014492753623
6043180,60,medium,high,frozen,sandwiches frozen,7.733333333333333
6043181,60,medium,high,frozen,processed meat frozen,2.5
6043187,365,low,high,dry,coffee/tea/hot drinks,2.0338983050847457
6043188,365,low,high,dry,coffee/tea/hot drinks,2.065573770491804
6043189,14,medium,high,refrigerated,sauces/condiments,4.5
6043198,7,low,high,dry,bread products,2.707317073170732
6043201,60,medium,high,frozen,sandwiches frozen,3.210526315789474
6043206,1,high,medium,refrigerated,ready-to-eat meals,2.636363636363636
6043207,180,low,high,ambient,shelf-stable snacks,1.55
6043210,1,high,medium,refrigerated,ready-to-eat meals,2.520833333333333
6043211,1,high,medium,refrigerated,ready-to-eat meals,4.608695652173913
6043332,3,medium,medium,refrigerated,pastries fresh,1.0
6043334,2,high,high,refrigerated,meat fresh,3.0
6043335,90,medium,high,frozen,meat frozen,999.0
6043383,90,medium,high,frozen,pizza (frozen/long shelf),28.33333333333333
6043384,90,medium,high,frozen,pizza (frozen/long shelf),38.333333333333336
6043388,60,medium,high,frozen,wraps/kebab frozen,5.391304347826087
6043394,2,high,high,refrigerated,fresh pizza,10.0
6043410,365,low,high,ambient,soft drinks,15.5
6043413,60,medium,medium,frozen,pasta/rice frozen,23.75
6043422,60,medium,high,frozen,sandwiches frozen,23.6
6043425,90,medium,high,frozen,meat frozen,30.666666666666668
6043436,365,low,high,dry,coffee/tea/hot drinks,54.0
6043444,90,medium,high,frozen,meat frozen,11.4
6043445,60,medium,high,frozen,wraps/kebab frozen,6.2105263157894735
6043446,60,medium,high,frozen,wraps/kebab frozen,39.333333333333336
6043451,1,high,high,refrigerated,wraps/kebab fresh,4.714285714285714
6043459,90,medium,high,frozen,meat frozen,31.25
6043463,365,low,high,dry,coffee/tea/hot drinks,10.909090909090908
6043464,365,low,high,dry,coffee/tea/hot drinks,7.117647058823529
6043470,60,medium,high,frozen,sandwiches frozen,28.0
6043471,60,medium,high,frozen,sandwiches frozen,21.666666666666668
6043475,60,medium,high,frozen,sandwiches frozen,34.333333333333336
6043801,365,low,high,dry,coffee/tea/hot drinks,999.0
6043803,365,low,high,ambient,confectionery,6.105263157894737
6043851,60,medium,high,frozen,sandwiches frozen,7.0
6043852,90,medium,high,frozen,meat frozen,21.75
6043918,1,high,high,refrigerated,wraps/kebab fresh,2.6744186046511627
6043919,365,low,high,ambient,alcoholic beverages,2.036363636363636
6043927,1,high,medium,refrigerated,ready-to-eat meals,3.305555555555556
6043991,365,low,high,dry,coffee/tea/hot drinks,1.0
6044033,365,low,high,dry,coffee/tea/hot drinks,1.2095238095238094
6044053,365,low,high,dry,coffee/tea/hot drinks,1.0666666666666669
6044085,365,low,high,dry,coffee/tea/hot drinks,1.0578512396694215
6044086,365,low,high,dry,coffee/tea/hot drinks,1.0406504065040652
6044089,14,medium,high,refrigerated,sauces/condiments,1.984126984126984
6044098,60,medium,high,frozen,seafood frozen,7.1875
6044108,365,low,high,dry,coffee/tea/hot drinks,2.5
6044109,365,low,high,dry,coffee/tea/hot drinks,4.172413793103448
6044110,3,medium,medium,refrigerated,pastries fresh,5.25
6044111,3,medium,medium,refrigerated,pastries fresh,3.0
6044154,365,low,high,dry,coffee/tea/hot drinks,14.0
6044155,365,low,high,dry,coffee/tea/hot drinks,999.0
6044204,365,low,high,dry,coffee/tea/hot drinks,1.3623188405797102
6044261,90,medium,high,frozen,meat frozen,4.0
6044267,365,low,high,dry,coffee/tea/hot drinks,1.2019230769230769
6044268,90,medium,high,frozen,meat frozen,999.0
6044277,365,low,high,dry,coffee/tea/hot drinks,3.25
6044354,1,high,high,refrigerated,sandwiches fresh,3.5161290322580645
6044357,14,medium,high,refrigerated,cheese,3.21875
6044358,60,medium,high,frozen,sandwiches frozen,3.25
6044359,1,high,high,refrigerated,sandwiches fresh,1.946428571428572
6044360,1,high,high,refrigerated,sandwiches fresh,10.5
6044361,90,medium,high,frozen,meat frozen,52.0
6044370,365,low,high,dry,coffee/tea/hot drinks,9.3
6044371,90,medium,high,frozen,meat frozen,6.214285714285714
6044373,14,medium,high,refrigerated,cheese,12.625
6044374,90,medium,high,frozen,meat frozen,12.166666666666666
6044376,365,low,high,dry,coffee/tea/hot drinks,8.333333333333334
6044379,90,low,high,frozen,frozen fried items,27.0
6044380,14,medium,high,refrigerated,cheese,29.666666666666668
6044381,180,low,high,ambient,shelf-stable snacks,5.333333333333333
6044409,365,low,high,dry,coffee/tea/hot drinks,13.0
6044410,180,low,high,ambient,shelf-stable snacks,4.875
6044632,90,low,high,frozen,frozen fried items,3.75
6044634,3,high,high,refrigerated,fresh salads/vegetables,5.95
6044635,1,high,high,refrigerated,seafood fresh,3.05
6044636,365,low,high,dry,coffee/tea/hot drinks,7.5
6044637,365,low,high,dry,coffee/tea/hot drinks,10.3
6044640,90,low,medium,frozen,soup frozen,16.666666666666668
6044643,90,medium,high,frozen,meat frozen,15.285714285714286
6044653,1,high,medium,refrigerated,ready-to-eat meals,2.6956521739130435
6044654,1,high,medium,refrigerated,ready-to-eat meals,6.923076923076923
6044658,2,medium,medium,refrigerated,pasta/rice fresh,5.5
6044664,365,low,high,dry,coffee/tea/hot drinks,8.133333333333333
6044667,1,high,medium,refrigerated,ready-to-eat meals,2.05
6044668,1,high,medium,refrigerated,ready-to-eat meals,7.75
6044672,1,high,medium,refrigerated,ready-to-eat meals,10.4
6044708,60,medium,high,frozen,seafood frozen,24.5
6044724,3,high,high,refrigerated,fresh salads/vegetables,11.3
6044727,60,medium,high,frozen,seafood frozen,19.83333333333333
6044747,60,medium,medium,frozen,pasta/rice frozen,16.833333333333332
6044779,90,medium,high,frozen,meat frozen,15.0
6044800,365,low,high,ambient,alcoholic beverages,23.0
6044801,365,low,high,ambient,alcoholic beverages,7.666666666666667
6044808,180,low,high,ambient,shelf-stable snacks,1.6956521739130437
6044995,365,low,high,ambient,soft drinks,9.181818181818182
6044997,365,low,high,dry,coffee/tea/hot drinks,5.7
6045035,365,low,high,ambient,soft drinks,13.666666666666666
6045036,14,medium,high,refrigerated,cheese,13.428571428571429
6045037,365,low,high,ambient,alcoholic beverages,20.5
6045040,1,high,high,refrigerated,sandwiches fresh,1.2222222222222223
6045041,1,high,high,refrigerated,sandwiches fresh,1.4404761904761905
6045042,365,low,high,ambient,soft drinks,1.3595505617977528
6045043,365,low,high,ambient,soft drinks,1.9672131147540983
6045044,3,high,high,refrigerated,fresh salads/vegetables,1.375
6045045,7,medium,high,refrigerated,fresh juice/smoothie,1.608108108108108
6045047,7,medium,high,refrigerated,fresh juice/smoothie,1.635135135135135
6045049,14,medium,high,refrigerated,cheese,4.576923076923077
6045050,90,medium,high,frozen,meat frozen,10.272727272727272
6045051,90,medium,high,frozen,meat frozen,34.666666666666664
6045052,7,low,high,dry,bread products,5.333333333333333
6045054,60,medium,high,frozen,seafood frozen,12.571428571428571
6045056,3,high,high,refrigerated,fresh salads/vegetables,8.916666666666666
6045057,365,low,high,dry,coffee/tea/hot drinks,2.717948717948718
6045058,365,low,high,dry,coffee/tea/hot drinks,11.0
6045059,365,low,high,dry,coffee/tea/hot drinks,17.8
6045060,365,low,high,dry,coffee/tea/hot drinks,3.5
6045074,365,low,high,ambient,alcoholic beverages,23.25
6045101,3,high,high,refrigerated,fresh salads/vegetables,11.1
6045115,90,medium,high,frozen,meat frozen,3.305555555555556
6045154,1,high,high,refrigerated,seafood fresh,7.0
6045185,90,medium,high,frozen,meat frozen,59.5
6045206,365,low,high,ambient,alcoholic beverages,999.0
6045222,1,high,high,refrigerated,sandwiches fresh,1.0982142857142858
6045235,365,low,high,ambient,alcoholic beverages,5.0
6045236,365,low,high,ambient,alcoholic beverages,999.0
6045238,90,medium,high,frozen,meat frozen,14.0
6045288,365,low,high,ambient,confectionery,1.7575757575757576
6045329,90,medium,high,frozen,meat frozen,39.66666666666666
6045389,90,medium,high,frozen,meat frozen,17.5
6045391,365,low,high,dry,coffee/tea/hot drinks,16.0
6045411,365,low,high,ambient,alcoholic beverages,11.0
6045413,365,low,high,ambient,soft drinks,20.4
6045526,365,low,high,dry,coffee/tea/hot drinks,5.090909090909091
6045537,365,low,high,dry,coffee/tea/hot drinks,7.0625
6045614,3,high,high,refrigerated,fresh salads/vegetables,8.555555555555555
6045624,90,medium,high,frozen,meat frozen,11.0
6045626,3,high,high,refrigerated,fresh salads/vegetables,23.2
6045627,3,high,high,refrigerated,fresh salads/vegetables,9.583333333333334
6045653,60,medium,medium,frozen,pasta/rice frozen,15.166666666666666
6045679,90,medium,high,frozen,pizza (frozen/long shelf),16.0
6045695,60,medium,high,frozen,sandwiches frozen,16.166666666666668
6045701,365,low,high,dry,coffee/tea/hot drinks,1.8307692307692307
6045702,365,low,high,dry,coffee/tea/hot drinks,1.6857142857142855
6045707,365,low,high,ambient,soft drinks,3.6875
6045708,365,low,high,ambient,soft drinks,6.875
6045716,365,low,high,ambient,alcoholic beverages,7.666666666666667
6045717,60,medium,high,frozen,wraps/kebab frozen,5.136363636363637
6045724,365,low,high,ambient,alcoholic beverages,5.666666666666667
6045738,90,medium,high,frozen,meat frozen,11.142857142857142
6045740,60,medium,high,frozen,wraps/kebab frozen,15.285714285714286
6045835,180,low,high,ambient,shelf-stable snacks,3.0789473684210527
6045900,365,low,high,dry,coffee/tea/hot drinks,999.0
6045902,365,low,high,dry,coffee/tea/hot drinks,3.4411764705882355
6045969,2,high,high,refrigerated,fresh pizza,1.0084745762711864
6045997,365,low,high,dry,coffee/tea/hot drinks,2.756097560975609
6046026,365,low,high,ambient,soft drinks,1.0
6046111,365,low,high,ambient,alcoholic beverages,106.0
6046203,365,low,high,ambient,alcoholic beverages,15.428571428571429
6046263,365,low,high,ambient,alcoholic beverages,1.0
6046264,365,low,high,ambient,alcoholic beverages,2.475
6046271,2,high,high,refrigerated,meat fresh,1.507462686567164
6046272,2,high,high,refrigerated,meat fresh,1.2345679012345678
6046274,1,high,high,refrigerated,sandwiches fresh,2.3095238095238093
6046277,365,low,high,ambient,alcoholic beverages,1.02020202020202
6046390,1,high,medium,refrigerated,ready-to-eat meals,1.1744186046511629
6046391,1,high,medium,refrigerated,ready-to-eat meals,2.7222222222222223
6046392,1,high,medium,refrigerated,ready-to-eat meals,2.967741935483871
6046393,1,high,medium,refrigerated,ready-to-eat meals,7.0
6046394,365,low,high,ambient,soft drinks,18.5
6046421,365,low,high,dry,coffee/tea/hot drinks,13.6
6046425,365,low,high,dry,coffee/tea/hot drinks,3.2
6046550,365,low,high,dry,coffee/tea/hot drinks,999.0
6046563,365,low,high,dry,coffee/tea/hot drinks,1.5
6046900,90,medium,high,frozen,meat frozen,999.0
6046902,365,low,high,dry,coffee/tea/hot drinks,2.72972972972973
6046904,365,low,high,ambient,alcoholic beverages,12.857142857142858
6046914,365,low,high,dry,coffee/tea/hot drinks,55.0
6047024,365,low,high,dry,coffee/tea/hot drinks,3.0
6047031,365,low,high,ambient,alcoholic beverages,999.0
6047058,90,medium,high,frozen,meat frozen,7.428571428571429
6047060,90,medium,high,frozen,meat frozen,8.8
6047078,90,medium,high,frozen,meat frozen,6.470588235294118
6047104,365,low,high,dry,coffee/tea/hot drinks,8.545454545454545
6047105,365,low,high,dry,coffee/tea/hot drinks,3.7142857142857135
6047109,90,medium,high,frozen,meat frozen,7.363636363636363
6047134,90,medium,high,frozen,meat frozen,8.666666666666666
6047137,60,medium,medium,frozen,pasta/rice frozen,11.666666666666666
6047142,90,medium,high,frozen,meat frozen,6.666666666666667
6047202,2,medium,medium,refrigerated,pasta/rice fresh,1.5
6047289,60,medium,medium,frozen,pasta/rice frozen,6.454545454545454
6047318,1,high,medium,refrigerated,ready-to-eat meals,5.705882352941177
6047347,1,high,high,refrigerated,seafood fresh,2.1951219512195124
6047358,365,low,high,ambient,alcoholic beverages,12.142857142857142
6047375,365,low,high,dry,coffee/tea/hot drinks,1.6029411764705883
6047428,1,high,high,refrigerated,sandwiches fresh,3.555555555555556
6047486,7,low,high,dry,bread products,6.5
6047669,365,low,high,ambient,alcoholic beverages,999.0
6047700,365,low,high,ambient,alcoholic beverages,999.0
6047776,365,low,high,dry,coffee/tea/hot drinks,1.431372549019608
6047777,365,low,high,dry,coffee/tea/hot drinks,4.214285714285714
6047903,1,high,high,refrigerated,sandwiches fresh,1.5576923076923077
6047904,1,high,high,refrigerated,sandwiches fresh,1.62
6047905,1,high,high,refrigerated,wraps/kebab fresh,1.975609756097561
6047907,2,high,high,refrigerated,fresh pizza,1.5384615384615383
6047908,1,high,high,refrigerated,sandwiches fresh,6.166666666666667
6047909,3,high,high,refrigerated,fresh salads/vegetables,2.4375
6047910,3,high,high,refrigerated,fresh salads/vegetables,2.703703703703704
6047913,365,low,high,ambient,soft drinks,5.642857142857143
6047914,365,low,high,dry,coffee/tea/hot drinks,1.5
6047927,365,low,high,ambient,alcoholic beverages,3.060606060606061
6047929,365,low,high,ambient,confectionery,12.6
6047932,365,low,high,dry,coffee/tea/hot drinks,1.553846153846154
6047954,365,low,high,dry,coffee/tea/hot drinks,8.0
6047957,365,low,high,dry,coffee/tea/hot drinks,3.347826086956522
6047964,365,low,high,dry,coffee/tea/hot drinks,10.0
6048104,365,low,high,dry,coffee/tea/hot drinks,4.352941176470588
6048106,365,low,high,dry,coffee/tea/hot drinks,1.7674418604651163
6048108,365,low,high,ambient,soft drinks,1.947368421052632
6048109,365,low,high,ambient,soft drinks,1.6170212765957446
6048110,365,low,high,dry,coffee/tea/hot drinks,1.6521739130434785
6048111,365,low,high,ambient,alcoholic beverages,4.933333333333334
6048112,365,low,high,ambient,alcoholic beverages,4.466666666666667
6048119,60,medium,high,frozen,sandwiches frozen,2.4482758620689653
6048120,60,medium,high,frozen,processed meat frozen,2.3548387096774195
6048121,60,medium,high,frozen,sandwiches frozen,2.147058823529412
6048122,90,medium,high,frozen,meat frozen,2.0588235294117645
6048123,365,low,high,dry,coffee/tea/hot drinks,2.958333333333333
6048126,90,medium,high,frozen,meat frozen,4.3125
6048156,7,low,high,dry,bread products,6.2
6048431,365,low,high,ambient,alcoholic beverages,1.3157894736842106
6048486,365,low,high,ambient,alcoholic beverages,16.0
6048488,7,low,high,dry,bread products,27.666666666666668
6048515,14,medium,high,refrigerated,cheese,5.0
6048521,365,low,high,ambient,soft drinks,17.5
6048599,365,low,high,ambient,soft drinks,6.333333333333333
6048603,365,low,high,ambient,alcoholic beverages,6.071428571428571
6048605,365,low,high,ambient,soft drinks,14.833333333333334
6048606,365,low,high,ambient,soft drinks,6.071428571428571
6048629,365,low,high,dry,coffee/tea/hot drinks,999.0
6048669,365,low,high,ambient,confectionery,4.166666666666667
6048671,90,medium,high,frozen,meat frozen,999.0
6048712,365,low,high,dry,coffee/tea/hot drinks,1.5789473684210529
6048713,365,low,high,dry,coffee/tea/hot drinks,1.2857142857142858
6048714,365,low,high,ambient,alcoholic beverages,28.666666666666668
6048716,365,low,high,dry,coffee/tea/hot drinks,3.074074074074074
6048717,365,low,high,dry,coffee/tea/hot drinks,11.333333333333334
6048719,365,low,high,dry,coffee/tea/hot drinks,15.0
6048721,365,low,high,ambient,confectionery,14.0
6048723,365,low,high,dry,coffee/tea/hot drinks,4.2631578947368425
6048740,365,low,high,dry,coffee/tea/hot drinks,1.072289156626506
6048750,365,low,high,dry,coffee/tea/hot drinks,1.4705882352941178
6048756,3,medium,high,refrigerated,bread fresh,3.875
6048757,3,medium,high,refrigerated,bread fresh,2.5641025641025643
6048864,365,low,high,ambient,alcoholic beverages,3.2666666666666666
6048865,1,high,high,refrigerated,wraps/kebab fresh,1.3888888888888888
6048878,2,high,high,refrigerated,meat fresh,3.888888888888889
6048881,2,medium,medium,refrigerated,pasta/rice fresh,2.324324324324324
6048887,365,low,high,dry,coffee/tea/hot drinks,12.166666666666666
6048890,3,high,high,refrigerated,fresh salads/vegetables,1.2647058823529411
6048891,14,medium,high,refrigerated,cheese,1.3650793650793651
6048894,180,low,high,ambient,shelf-stable snacks,1.5357142857142858
6048900,14,medium,high,refrigerated,sauces/condiments,15.0
6048903,90,medium,high,frozen,meat frozen,6.538461538461538
6048904,30,low,medium,dry,pastries shelf-stable,9.25
6048908,60,medium,medium,frozen,pasta/rice frozen,7.7
6048917,90,medium,high,frozen,meat frozen,7.3076923076923075
6048944,365,low,high,ambient,alcoholic beverages,1.7692307692307692
6048946,365,low,high,ambient,alcoholic beverages,9.428571428571429
6048947,365,low,high,ambient,alcoholic beverages,999.0
6048948,180,low,high,ambient,shelf-stable snacks,3.6666666666666665
6048949,365,low,high,dry,coffee/tea/hot drinks,3.888888888888889
6048951,60,medium,high,frozen,processed meat frozen,3.1
6048952,365,low,high,dry,coffee/tea/hot drinks,3.321428571428572
6048953,1,high,high,refrigerated,sandwiches fresh,3.125
6048954,1,high,medium,refrigerated,ready-to-eat meals,73.0
6048955,365,low,high,dry,coffee/tea/hot drinks,3.0
6048956,7,low,high,dry,bread products,3.4285714285714284
6048965,1,high,high,refrigerated,sandwiches fresh,10.0
6048966,60,medium,high,frozen,sandwiches frozen,12.5
6048967,1,high,high,refrigerated,sandwiches fresh,4.0
6048972,365,low,high,dry,coffee/tea/hot drinks,11.25
6048973,60,medium,high,frozen,sandwiches frozen,10.0
6048974,60,medium,high,frozen,wraps/kebab frozen,7.818181818181818
6048975,90,medium,high,frozen,meat frozen,999.0
6048979,90,medium,high,frozen,meat frozen,999.0
6048980,90,medium,high,frozen,meat frozen,26.0
6048981,90,medium,high,frozen,meat frozen,999.0
6048982,365,low,high,dry,coffee/tea/hot drinks,999.0
6048984,90,low,high,frozen,frozen fried items,11.0
6048985,90,low,high,frozen,frozen fried items,9.0
6048986,14,medium,high,refrigerated,cheese,2.0
6048991,90,low,high,frozen,frozen fried items,999.0
6049010,365,low,high,ambient,soft drinks,1.3
6049011,7,medium,high,refrigerated,fresh juice/smoothie,5.5
6049012,365,low,high,dry,coffee/tea/hot drinks,999.0
6049048,365,low,high,dry,coffee/tea/hot drinks,999.0
6049050,365,low,high,ambient,alcoholic beverages,1.0
6049158,365,low,high,ambient,alcoholic beverages,1.3714285714285714
6049161,365,low,high,ambient,alcoholic beverages,3.1
6049167,365,low,high,ambient,alcoholic beverages,2.90625
6049169,2,high,high,refrigerated,meat fresh,2.111111111111111
6049173,365,low,high,ambient,alcoholic beverages,3.695652173913044
6049187,365,low,high,ambient,soft drinks,3.2
6049195,365,low,high,ambient,alcoholic beverages,3.772727272727273
6049434,365,low,high,ambient,alcoholic beverages,3.875
6049435,60,medium,medium,frozen,pasta/rice frozen,3.576923076923077
6049445,365,low,high,dry,coffee/tea/hot drinks,1.875
6049446,365,low,high,ambient,soft drinks,3.206896551724138
6049447,365,low,high,ambient,soft drinks,3.4444444444444446
6049474,365,low,high,ambient,alcoholic beverages,29.0
6049480,365,low,high,dry,coffee/tea/hot drinks,4.666666666666667
6049482,365,low,high,dry,coffee/tea/hot drinks,4.65
6049483,365,low,high,dry,coffee/tea/hot drinks,4.428571428571429
6049484,365,low,high,dry,coffee/tea/hot drinks,5.166666666666667
6049485,365,low,high,dry,coffee/tea/hot drinks,3.4
6049486,365,low,high,dry,coffee/tea/hot drinks,9.0
6049491,60,medium,high,frozen,sandwiches frozen,5.357142857142857
6049492,60,medium,high,frozen,sandwiches frozen,9.375
6049493,365,low,high,dry,coffee/tea/hot drinks,5.166666666666667
6049518,7,low,high,dry,bread products,8.5
6049526,90,medium,high,frozen,meat frozen,6.2727272727272725
6049594,2,medium,medium,refrigerated,pasta/rice fresh,1.5087719298245614
6049595,60,medium,medium,frozen,pasta/rice frozen,999.0
6049598,365,low,high,dry,coffee/tea/hot drinks,3.652173913043478
6049613,365,low,high,dry,coffee/tea/hot drinks,999.0
6049615,365,low,high,dry,coffee/tea/hot drinks,2.333333333333333
6049620,365,low,high,dry,coffee/tea/hot drinks,24.0
6049634,365,low,high,dry,coffee/tea/hot drinks,999.0
6049653,1,high,medium,refrigerated,ready-to-eat meals,999.0
6049723,365,low,high,dry,coffee/tea/hot drinks,12.0
6049748,365,low,high,dry,coffee/tea/hot drinks,2.696969696969697
6049780,365,low,high,ambient,alcoholic beverages,9.333333333333334
6049785,365,low,high,dry,coffee/tea/hot drinks,52.0
6049786,365,low,high,ambient,soft drinks,11.4
6049787,365,low,high,ambient,soft drinks,10.25
6049789,3,medium,medium,refrigerated,pastries fresh,1.5
6049793,1,high,high,refrigerated,sandwiches fresh,1.6730769230769231
6049798,3,medium,high,refrigerated,bread fresh,1.11864406779661
6049806,7,medium,high,refrigerated,fresh juice/smoothie,1.7777777777777777
6049807,365,low,high,dry,coffee/tea/hot drinks,1.326530612244898
6049830,365,low,high,dry,coffee/tea/hot drinks,1.0819672131147542
6049834,1,high,medium,refrigerated,ready-to-eat meals,999.0
6050692,2,high,high,refrigerated,meat fresh,2.0
6050711,90,low,high,frozen,frozen fried items,1.4655172413793105
6050713,1,high,high,refrigerated,seafood fresh,1.4736842105263157
6050714,2,high,high,refrigerated,meat fresh,2.131578947368421
6050738,1,high,high,refrigerated,seafood fresh,2.189189189189189
6050740,2,high,high,refrigerated,meat fresh,1.2878787878787878
6050755,1,high,high,refrigerated,seafood fresh,1.5714285714285714
6050764,365,low,high,dry,coffee/tea/hot drinks,2.5
6050894,7,medium,high,refrigerated,dairy/eggs,7.0
6050996,365,low,high,dry,coffee/tea/hot drinks,1.72
6051061,180,low,high,ambient,shelf-stable snacks,2.5625
6051088,365,low,high,ambient,confectionery,999.0
6051089,365,low,high,ambient,confectionery,14.0
6051090,365,low,high,ambient,confectionery,999.0
6051109,2,medium,medium,refrigerated,pasta/rice fresh,1.5
6051123,365,low,high,dry,coffee/tea/hot drinks,7.0
6051146,365,low,high,dry,coffee/tea/hot drinks,5.4
6051153,365,low,high,dry,coffee/tea/hot drinks,1.0886075949367089
6051290,1,high,high,refrigerated,sandwiches fresh,4.333333333333333
6051291,7,low,high,dry,bread products,999.0
6051299,1,high,high,refrigerated,sandwiches fresh,1.9318181818181817
6051309,2,medium,medium,refrigerated,pasta/rice fresh,1.7826086956521738
6051314,90,low,high,frozen,frozen fried items,1.826086956521739
6051321,2,high,high,refrigerated,meat fresh,2.305555555555556
6051330,2,high,high,refrigerated,meat fresh,2.0
6051333,2,high,high,refrigerated,meat fresh,2.131578947368421
6051649,365,low,high,dry,coffee/tea/hot drinks,7.333333333333333
6051675,2,medium,medium,refrigerated,pasta/rice fresh,2.0
6051676,365,low,high,ambient,soft drinks,3.347826086956522
6051678,365,low,high,ambient,soft drinks,3.24
6051691,365,low,high,ambient,soft drinks,1.880952380952381
6051696,14,medium,high,refrigerated,cheese,1.2238805970149254
6051697,2,high,high,refrigerated,meat fresh,1.490909090909091
6051698,2,high,high,refrigerated,meat fresh,1.025
6051701,14,medium,high,refrigerated,cheese,2.102564102564102
6051716,7,medium,high,refrigerated,dairy/eggs,1.837209302325581
6051717,1,high,high,refrigerated,wraps/kebab fresh,1.588235294117647
6051736,90,medium,high,frozen,meat frozen,2.484848484848485
6051737,14,medium,high,refrigerated,cheese,3.1153846153846154
6051741,14,medium,high,refrigerated,cheese,2.9285714285714284
6051743,365,low,high,ambient,alcoholic beverages,1.125
6051744,365,low,high,ambient,alcoholic beverages,2.677419354838709
6051750,180,low,high,ambient,shelf-stable snacks,5.642857142857143
6051772,180,low,high,ambient,shelf-stable snacks,1.9285714285714288
6051799,365,low,high,dry,coffee/tea/hot drinks,3.071428571428572
6051975,7,medium,high,refrigerated,fresh juice/smoothie,999.0
6052283,3,medium,high,refrigerated,bread fresh,3.6818181818181817
6052284,3,medium,high,refrigerated,bread fresh,3.391304347826087
6052285,3,medium,high,refrigerated,bread fresh,3.5
6052331,2,high,high,refrigerated,meat fresh,7.5
6052332,60,medium,high,frozen,wraps/kebab frozen,9.0
6052333,3,high,high,refrigerated,fresh salads/vegetables,4.466666666666667
6052334,90,medium,high,frozen,meat frozen,4.0
6052335,14,medium,high,refrigerated,cheese,5.153846153846154
6052336,14,medium,high,refrigerated,sauces/condiments,6.8
6052425,365,low,high,dry,coffee/tea/hot drinks,17.0
6052531,365,low,high,dry,coffee/tea/hot drinks,4.777777777777778
6052534,365,low,high,dry,coffee/tea/hot drinks,999.0
6052549,1,high,medium,refrigerated,ready-to-eat meals,6.0
6052550,1,high,medium,refrigerated,ready-to-eat meals,3.8461538461538463
6052552,1,high,medium,refrigerated,ready-to-eat meals,49.0
6052557,90,medium,high,frozen,meat frozen,29.0
6052558,90,medium,high,frozen,meat frozen,999.0
6052624,3,high,high,refrigerated,fresh salads/vegetables,2.6538461538461537
6052699,365,low,high,ambient,soft drinks,1.3392857142857142
6052753,365,low,high,dry,coffee/tea/hot drinks,1.8
6052787,2,high,high,refrigerated,meat fresh,2.5517241379310347
6052792,14,medium,high,refrigerated,cheese,1.4807692307692308
6052833,365,low,high,dry,coffee/tea/hot drinks,25.33333333333333
6052866,365,low,high,dry,coffee/tea/hot drinks,1.0476190476190477
6052867,2,high,high,refrigerated,meat fresh,2.2857142857142856
6052871,365,low,high,dry,coffee/tea/hot drinks,2.9545454545454546
6052872,2,medium,medium,refrigerated,pasta/rice fresh,1.2352941176470589
6052873,60,medium,medium,frozen,pasta/rice frozen,3.4444444444444446
6052874,2,medium,medium,refrigerated,pasta/rice fresh,4.4
6052879,1,high,high,refrigerated,wraps/kebab fresh,3.6666666666666665
6052884,1,high,high,refrigerated,sandwiches fresh,2.3448275862068964
6052885,1,high,high,refrigerated,sandwiches fresh,2.576923076923077
6052886,1,high,high,refrigerated,sandwiches fresh,2.161290322580645
6052891,90,medium,high,frozen,meat frozen,3.6666666666666665
6052894,365,low,high,dry,coffee/tea/hot drinks,3.4705882352941178
6052896,90,low,high,frozen,frozen fried items,2.193548387096774
6052901,2,medium,medium,refrigerated,pasta/rice fresh,2.739130434782609
6052906,365,low,high,dry,coffee/tea/hot drinks,2.56
6052911,14,medium,high,refrigerated,sauces/condiments,1.1166666666666667
6052929,365,low,high,dry,coffee/tea/hot drinks,1.375
6052937,365,low,high,dry,coffee/tea/hot drinks,5.555555555555555
6052938,365,low,high,dry,coffee/tea/hot drinks,1.7916666666666667
6052943,2,high,high,refrigerated,meat fresh,2.125
6052951,365,low,high,dry,coffee/tea/hot drinks,3.5625
6052990,365,low,high,ambient,soft drinks,6.6
6053060,365,low,high,dry,coffee/tea/hot drinks,7.2
6053064,365,low,high,dry,coffee/tea/hot drinks,2.3
6053200,1,high,high,refrigerated,sandwiches fresh,2.0
6053202,365,low,high,ambient,confectionery,2.054054054054054
6053203,365,low,high,ambient,confectionery,2.4516129032258065
6053208,30,low,medium,dry,pastries shelf-stable,6.363636363636363
6053209,180,low,high,ambient,shelf-stable snacks,2.375
6053210,365,low,high,dry,coffee/tea/hot drinks,3.083333333333333
6053232,365,low,high,ambient,alcoholic beverages,999.0
6053236,90,medium,high,frozen,meat frozen,3.227272727272727
6053250,90,low,high,frozen,frozen fried items,3.0
6053251,90,low,high,frozen,frozen fried items,2.958333333333333
6053252,90,low,high,frozen,frozen fried items,5.583333333333333
6053253,14,medium,high,refrigerated,sauces/condiments,7.1
6053254,14,medium,high,refrigerated,sauces/condiments,4.714285714285714
6053256,14,medium,high,refrigerated,sauces/condiments,4.1875
6053270,365,low,high,dry,coffee/tea/hot drinks,1.8125
6053313,2,high,high,refrigerated,meat fresh,2.037037037037037
6053316,1,high,high,refrigerated,sandwiches fresh,2.185185185185185
6053324,365,low,high,dry,coffee/tea/hot drinks,2.5
6053582,2,high,high,refrigerated,fresh pizza,4.545454545454546
6053584,2,high,high,refrigerated,fresh pizza,4.571428571428571
6053592,2,high,high,refrigerated,fresh pizza,1.5208333333333333
6053594,60,medium,medium,frozen,pasta/rice frozen,3.875
6053599,365,low,high,ambient,soft drinks,2.4642857142857144
6053621,60,medium,high,frozen,wraps/kebab frozen,3.947368421052632
6053628,365,low,high,dry,coffee/tea/hot drinks,3.684210526315789
6053629,365,low,high,dry,coffee/tea/hot drinks,2.875
6053771,365,low,high,dry,coffee/tea/hot drinks,4.357142857142857
6053772,365,low,high,dry,coffee/tea/hot drinks,2.8461538461538463
6053775,365,low,high,ambient,alcoholic beverages,3.611111111111111
6053782,1,high,high,refrigerated,wraps/kebab fresh,2.607142857142857
6053806,1,high,medium,refrigerated,ready-to-eat meals,999.0
6053812,365,low,high,dry,coffee/tea/hot drinks,13.666666666666666
6053870,1,high,high,refrigerated,wraps/kebab fresh,1.0579710144927537
6053871,1,high,high,refrigerated,wraps/kebab fresh,1.825
6053873,1,high,high,refrigerated,wraps/kebab fresh,3.238095238095238
6053880,365,low,high,dry,coffee/tea/hot drinks,1.1304347826086956
6054275,1,high,medium,refrigerated,ready-to-eat meals,3.8333333333333335
6054276,365,low,high,dry,coffee/tea/hot drinks,1.7317073170731707
6054277,365,low,high,dry,coffee/tea/hot drinks,1.7142857142857142
6054279,60,medium,high,frozen,sandwiches frozen,7.6
6056021,365,low,high,dry,coffee/tea/hot drinks,39.0
6056620,365,low,high,dry,coffee/tea/hot drinks,5.153846153846154
6056700,2,high,high,refrigerated,meat fresh,1.5135135135135136
6056885,7,medium,high,refrigerated,dairy/eggs,3.4444444444444446
6056886,7,medium,high,refrigerated,dairy/eggs,19.33333333333333
6056950,7,low,high,dry,bread products,999.0
6057094,365,low,high,ambient,alcoholic beverages,8.25
6057120,1,high,medium,refrigerated,ready-to-eat meals,56.0
6057133,365,low,high,dry,coffee/tea/hot drinks,3.1
6057144,2,high,high,refrigerated,meat fresh,3.1875
6057164,1,high,medium,refrigerated,ready-to-eat meals,8.0
6057166,1,high,medium,refrigerated,ready-to-eat meals,8.0
6057167,14,medium,high,refrigerated,cheese,3.25
6057168,7,medium,high,refrigerated,fresh juice/smoothie,4.0
6057170,1,high,medium,refrigerated,ready-to-eat meals,999.0
6057212,365,low,high,dry,coffee/tea/hot drinks,6.444444444444445
6057246,365,low,high,ambient,alcoholic beverages,1.5675675675675675
6057247,365,low,high,ambient,alcoholic beverages,2.736842105263158
6057256,7,medium,high,refrigerated,dairy/eggs,2.421052631578948
6057330,365,low,high,dry,coffee/tea/hot drinks,10.25
6057346,365,low,high,dry,coffee/tea/hot drinks,2.8181818181818183
6057347,365,low,high,ambient,alcoholic beverages,3.5
6057350,365,low,high,ambient,soft drinks,2.8181818181818183
6057352,365,low,high,ambient,soft drinks,2.952380952380953
6057353,365,low,high,dry,coffee/tea/hot drinks,2.9444444444444446
6057357,365,low,high,ambient,alcoholic beverages,3.647058823529412
6057365,365,low,high,dry,coffee/tea/hot drinks,6.75
6057373,365,low,high,ambient,alcoholic beverages,3.411764705882353
6057375,365,low,high,dry,coffee/tea/hot drinks,3.588235294117647
6057377,365,low,high,ambient,alcoholic beverages,2.9047619047619047
6057400,365,low,high,ambient,alcoholic beverages,3.263157894736842
6057584,365,low,high,dry,coffee/tea/hot drinks,1.5
6057585,365,low,high,dry,coffee/tea/hot drinks,2.2
6057633,2,high,high,refrigerated,meat fresh,1.26
6057666,365,low,high,dry,coffee/tea/hot drinks,24.0
6057681,90,medium,high,frozen,meat frozen,999.0
6057682,90,medium,high,frozen,meat frozen,17.5
6057683,365,low,high,ambient,alcoholic beverages,999.0
6057684,365,low,high,ambient,alcoholic beverages,35.0
6057687,2,high,high,refrigerated,meat fresh,4.083333333333333
6057688,2,high,high,refrigerated,meat fresh,4.133333333333334
6057689,365,low,high,ambient,alcoholic beverages,7.0
6057690,365,low,high,ambient,alcoholic beverages,4.583333333333333
6057693,90,medium,high,frozen,meat frozen,8.166666666666666
6057694,2,high,high,refrigerated,meat fresh,7.0
6057695,365,low,high,ambient,alcoholic beverages,8.75
6057696,365,low,high,ambient,alcoholic beverages,8.166666666666666
6057901,3,high,high,refrigerated,fresh salads/vegetables,3.055555555555556
6057907,3,high,high,refrigerated,fresh salads/vegetables,1.8
6057911,1,high,high,refrigerated,wraps/kebab fresh,3.2857142857142856
6057912,90,medium,high,frozen,meat frozen,5.25
6057915,2,high,high,refrigerated,meat fresh,5.166666666666667
6057916,1,high,high,refrigerated,wraps/kebab fresh,2.894736842105264
6057928,365,low,high,ambient,alcoholic beverages,1.6842105263157894
6057934,365,low,high,ambient,soft drinks,1.878787878787879
6057936,365,low,high,ambient,soft drinks,2.25
6057949,365,low,high,dry,coffee/tea/hot drinks,2.75
6058113,3,high,high,refrigerated,fresh salads/vegetables,3.4166666666666665
6058118,3,high,high,refrigerated,fresh salads/vegetables,2.3529411764705883
6058203,365,low,high,dry,coffee/tea/hot drinks,2.0
6058204,2,medium,medium,refrigerated,pasta/rice fresh,2.8095238095238093
6058300,2,high,high,refrigerated,meat fresh,3.263157894736842
6058302,365,low,high,dry,coffee/tea/hot drinks,3.588235294117647
6058303,90,medium,high,frozen,meat frozen,5.6
6058304,60,medium,high,frozen,sandwiches frozen,4.769230769230769
6058315,2,high,high,refrigerated,fresh pizza,1.75
6058320,14,medium,high,refrigerated,cheese,3.8
6058443,2,high,high,refrigerated,fresh pizza,1.9
6058461,365,low,high,ambient,alcoholic beverages,4.666666666666667
6058474,1,high,high,refrigerated,wraps/kebab fresh,2.761904761904762
6058484,365,low,high,dry,coffee/tea/hot drinks,2.333333333333333
6058505,365,low,high,ambient,soft drinks,3.2222222222222223
6058686,90,medium,high,frozen,pizza (frozen/long shelf),999.0
6058688,1,high,high,refrigerated,seafood fresh,3.5
6058719,2,high,high,refrigerated,meat fresh,1.1333333333333333
6058738,365,low,high,dry,coffee/tea/hot drinks,1.84375
6058768,365,low,high,ambient,soft drinks,1.16
6058847,365,low,high,dry,coffee/tea/hot drinks,1.4
6058984,365,low,high,dry,coffee/tea/hot drinks,3.5
6058985,365,low,high,dry,coffee/tea/hot drinks,3.571428571428572
6059019,2,high,high,refrigerated,meat fresh,2.636363636363636
6059028,1,high,medium,refrigerated,ready-to-eat meals,2.4285714285714284
6059037,7,medium,high,refrigerated,dairy/eggs,1.2790697674418603
6059038,180,low,high,ambient,shelf-stable snacks,1.5
6059043,90,medium,high,frozen,meat frozen,19.0
6059046,1,high,medium,refrigerated,ready-to-eat meals,999.0
6059049,1,high,medium,refrigerated,ready-to-eat meals,10.75
6059092,365,low,high,dry,coffee/tea/hot drinks,4.583333333333333
6059121,365,low,high,ambient,alcoholic beverages,1.3333333333333333
6059122,365,low,high,dry,coffee/tea/hot drinks,3.0
6059128,365,low,high,ambient,soft drinks,4.666666666666667
6059129,365,low,high,ambient,soft drinks,7.2
6059131,90,medium,high,frozen,meat frozen,17.5
6059134,14,medium,high,refrigerated,cheese,11.666666666666666
6059135,365,low,high,dry,coffee/tea/hot drinks,7.0
6059136,365,low,high,dry,coffee/tea/hot drinks,2.631578947368421
6059137,365,low,high,dry,coffee/tea/hot drinks,4.555555555555555
6059138,365,low,high,dry,coffee/tea/hot drinks,5.4
6059139,365,low,high,dry,coffee/tea/hot drinks,9.25
6059140,3,medium,high,refrigerated,bread fresh,3.583333333333333
6059141,3,medium,high,refrigerated,bread fresh,3.6666666666666665
6059148,3,medium,medium,refrigerated,pastries fresh,2.1739130434782608
6059241,2,high,high,refrigerated,meat fresh,2.333333333333333
6059308,365,low,high,dry,coffee/tea/hot drinks,3.1333333333333333
6059318,90,medium,high,frozen,meat frozen,999.0
6059327,7,medium,high,refrigerated,fresh juice/smoothie,6.25
6059335,2,high,high,refrigerated,meat fresh,5.5
6059342,7,medium,high,refrigerated,dairy/eggs,999.0
6060150,365,low,high,dry,coffee/tea/hot drinks,1.0
6060230,60,medium,high,frozen,seafood frozen,18.0
6060231,365,low,high,ambient,alcoholic beverages,2.6666666666666665
6060232,365,low,high,ambient,alcoholic beverages,4.0
6060234,1,high,medium,refrigerated,ready-to-eat meals,4.4
6060266,2,high,high,refrigerated,fresh pizza,2.636363636363636
6060268,2,high,high,refrigerated,fresh pizza,2.1333333333333333
6060269,365,low,high,ambient,alcoholic beverages,3.090909090909091
6060270,2,high,high,refrigerated,fresh pizza,4.5
6060271,2,high,high,refrigerated,fresh pizza,1.2916666666666667
6060272,2,high,high,refrigerated,fresh pizza,1.4166666666666667
6060273,2,high,high,refrigerated,fresh pizza,2.2857142857142856
6060282,2,high,high,refrigerated,fresh pizza,2.4545454545454546
6060283,2,high,high,refrigerated,fresh pizza,3.0
6060286,2,high,high,refrigerated,fresh pizza,1.736842105263158
6060287,2,high,high,refrigerated,fresh pizza,2.5384615384615383
6060288,365,low,high,ambient,alcoholic beverages,3.2
6060291,2,high,high,refrigerated,fresh pizza,1.6666666666666667
6060294,365,low,high,ambient,alcoholic beverages,3.090909090909091
6060295,2,high,high,refrigerated,fresh pizza,1.5217391304347827
6060296,2,high,high,refrigerated,fresh pizza,2.2
6060299,365,low,high,ambient,alcoholic beverages,2.1538461538461537
6060307,3,high,high,refrigerated,fresh salads/vegetables,1.25
6060308,2,high,high,refrigerated,meat fresh,1.2962962962962965
6060312,1,high,high,refrigerated,wraps/kebab fresh,1.75
6060314,1,high,high,refrigerated,wraps/kebab fresh,4.25
6060315,365,low,high,ambient,alcoholic beverages,1.4166666666666667
6060327,365,low,high,dry,coffee/tea/hot drinks,1.4782608695652173
6060330,2,high,high,refrigerated,meat fresh,3.2222222222222223
6060336,365,low,high,dry,coffee/tea/hot drinks,1.206896551724138
6060357,2,high,high,refrigerated,meat fresh,2.2777777777777777
6060367,3,medium,medium,refrigerated,pastries fresh,1.7916666666666667
6060370,2,high,high,refrigerated,meat fresh,1.6785714285714286
6060377,2,high,high,refrigerated,meat fresh,1.2727272727272727
6060382,2,high,high,refrigerated,fresh pizza,2.8666666666666667
6060383,2,high,high,refrigerated,fresh pizza,2.333333333333333
6060384,2,high,high,refrigerated,fresh pizza,1.68
6060392,2,medium,medium,refrigerated,pasta/rice fresh,2.1578947368421053
6060406,2,high,high,refrigerated,fresh pizza,2.333333333333333
6060407,2,high,high,refrigerated,fresh pizza,2.15
6060416,2,medium,medium,refrigerated,pasta/rice fresh,1.4545454545454546
6060417,2,medium,medium,refrigerated,pasta/rice fresh,2.411764705882353
6060419,2,medium,medium,refrigerated,pasta/rice fresh,3.142857142857143
6060420,2,medium,medium,refrigerated,pasta/rice fresh,1.76
6060436,365,low,high,dry,coffee/tea/hot drinks,2.333333333333333
6060437,365,low,high,dry,coffee/tea/hot drinks,2.6875
6060443,2,high,high,refrigerated,fresh pizza,1.3636363636363635
6060444,1,high,high,refrigerated,sandwiches fresh,1.6206896551724137
6060445,3,medium,high,refrigerated,bread fresh,7.0
6060674,3,medium,medium,refrigerated,pastries fresh,5.222222222222222
6060757,365,low,high,ambient,alcoholic beverages,6.25
6060966,365,low,high,ambient,alcoholic beverages,19.0
6061031,365,low,high,ambient,alcoholic beverages,20.0
6061125,2,high,high,refrigerated,fresh pizza,1.9565217391304348
6061131,365,low,high,dry,coffee/tea/hot drinks,3.692307692307693
6061132,3,high,high,refrigerated,fresh salads/vegetables,1.92
6061133,3,high,high,refrigerated,fresh salads/vegetables,1.7777777777777777
6061134,3,high,high,refrigerated,fresh salads/vegetables,4.4
6061136,3,high,high,refrigerated,fresh salads/vegetables,3.75
6061166,2,high,high,refrigerated,meat fresh,4.363636363636363
6061167,1,high,high,refrigerated,wraps/kebab fresh,2.333333333333333
6061168,365,low,high,dry,coffee/tea/hot drinks,5.222222222222222
6061203,365,low,high,dry,coffee/tea/hot drinks,1.5483870967741935
6061205,2,high,high,refrigerated,fresh pizza,5.111111111111111
6061215,365,low,high,ambient,soft drinks,3.9166666666666665
6061333,365,low,high,dry,coffee/tea/hot drinks,9.4
6061530,365,low,high,ambient,alcoholic beverages,18.0
6062216,90,medium,high,frozen,meat frozen,999.0
6062502,7,medium,high,refrigerated,fresh juice/smoothie,2.230769230769231
6062512,365,low,high,dry,coffee/tea/hot drinks,1.25
6062513,365,low,high,dry,coffee/tea/hot drinks,1.0714285714285714
6062515,365,low,high,dry,coffee/tea/hot drinks,1.2222222222222223
6062516,365,low,high,dry,coffee/tea/hot drinks,1.064516129032258
6062517,365,low,high,dry,coffee/tea/hot drinks,1.2608695652173914
6062520,365,low,high,dry,coffee/tea/hot drinks,1.1538461538461535
6062525,3,medium,medium,refrigerated,pastries fresh,1.2692307692307692
6062526,365,low,high,dry,coffee/tea/hot drinks,1.2222222222222223
6062531,3,medium,high,refrigerated,bread fresh,1.2
6062534,14,medium,high,refrigerated,cheese,1.0344827586206895
6062543,3,medium,high,refrigerated,bread fresh,2.142857142857143
6062554,2,high,high,refrigerated,meat fresh,1.588235294117647
6062698,1,high,medium,refrigerated,ready-to-eat meals,999.0
6063134,365,low,high,dry,coffee/tea/hot drinks,1.0
6063208,365,low,high,ambient,alcoholic beverages,1.4736842105263157
6063224,180,low,high,ambient,shelf-stable snacks,1.5
6063417,2,high,high,refrigerated,meat fresh,3.111111111111111
6063423,2,high,high,refrigerated,fresh pizza,1.9411764705882355
6063436,2,high,high,refrigerated,meat fresh,3.625
6063437,1,high,high,refrigerated,wraps/kebab fresh,3.5
6063441,1,high,high,refrigerated,wraps/kebab fresh,1.8235294117647056
6063444,2,high,high,refrigerated,meat fresh,1.631578947368421
6063445,1,high,high,refrigerated,wraps/kebab fresh,1.103448275862069
6063446,1,high,high,refrigerated,wraps/kebab fresh,1.8333333333333333
6063447,365,low,high,ambient,alcoholic beverages,2.066666666666667
6063448,365,low,high,ambient,alcoholic beverages,1.25
6063449,365,low,high,ambient,alcoholic beverages,1.875
6063450,365,low,high,ambient,alcoholic beverages,1.375
6063453,365,low,high,ambient,alcoholic beverages,1.55
6063454,365,low,high,ambient,alcoholic beverages,2.5
6063455,365,low,high,ambient,alcoholic beverages,2.8181818181818183
6063456,365,low,high,ambient,alcoholic beverages,2.5454545454545454
6063460,2,high,high,refrigerated,meat fresh,1.8235294117647056
6063461,1,high,high,refrigerated,wraps/kebab fresh,1.1851851851851851
6063462,365,low,high,dry,coffee/tea/hot drinks,1.32
6063463,365,low,high,dry,coffee/tea/hot drinks,1.3478260869565215
6063464,3,high,high,refrigerated,fresh salads/vegetables,1.32
6063468,365,low,high,ambient,soft drinks,1.2692307692307692
6063471,365,low,high,ambient,soft drinks,1.65
6063816,365,low,high,ambient,soft drinks,1.3548387096774193
6063817,365,low,high,ambient,soft drinks,1.3333333333333333
6063819,365,low,high,ambient,alcoholic beverages,3.4166666666666665
6063958,365,low,high,ambient,alcoholic beverages,6.4
6063971,90,medium,high,frozen,meat frozen,999.0
6064132,2,medium,medium,refrigerated,pasta/rice fresh,2.2
6064133,14,medium,high,refrigerated,cheese,999.0
6064134,365,low,high,dry,coffee/tea/hot drinks,7.5
6064317,90,medium,high,frozen,meat frozen,999.0
6064344,365,low,high,dry,coffee/tea/hot drinks,999.0
6064715,2,high,high,refrigerated,fresh pizza,1.318181818181818
6064725,2,high,high,refrigerated,fresh pizza,2.076923076923077
6064738,1,high,high,refrigerated,wraps/kebab fresh,1.1153846153846154
6064740,2,high,high,refrigerated,meat fresh,1.7333333333333334
6064772,1,high,high,refrigerated,wraps/kebab fresh,2.333333333333333
6064777,365,low,high,ambient,alcoholic beverages,1.0740740740740742
6064779,2,high,high,refrigerated,meat fresh,1.8571428571428568
6064806,1,high,high,refrigerated,wraps/kebab fresh,1.0
6064808,2,high,high,refrigerated,fresh pizza,2.0
6064818,365,low,high,dry,coffee/tea/hot drinks,1.12
6064819,365,low,high,dry,coffee/tea/hot drinks,1.0357142857142858
6064820,3,high,high,refrigerated,fresh salads/vegetables,1.0
6064826,365,low,high,ambient,soft drinks,1.0769230769230769
6064827,365,low,high,ambient,soft drinks,1.933333333333333
6064829,2,high,high,refrigerated,meat fresh,2.230769230769231
6064831,1,high,high,refrigerated,wraps/kebab fresh,2.2
6064832,1,high,high,refrigerated,wraps/kebab fresh,1.588235294117647
6064833,365,low,high,ambient,alcoholic beverages,1.588235294117647
6064836,1,high,high,refrigerated,wraps/kebab fresh,1.9285714285714288
6064839,1,high,high,refrigerated,sandwiches fresh,1.5
6064840,365,low,high,ambient,alcoholic beverages,1.7857142857142858
6064841,1,high,high,refrigerated,wraps/kebab fresh,1.2173913043478262
6065234,365,low,high,dry,coffee/tea/hot drinks,1.4210526315789471
6065580,365,low,high,ambient,alcoholic beverages,1.875
6065627,2,high,high,refrigerated,fresh pizza,1.3461538461538465
6065632,365,low,high,ambient,alcoholic beverages,1.5909090909090908
6065637,365,low,high,ambient,alcoholic beverages,1.5909090909090908
6065639,365,low,high,ambient,alcoholic beverages,2.2
6065640,365,low,high,ambient,alcoholic beverages,1.1290322580645162
6065642,365,low,high,ambient,alcoholic beverages,1.25
6065688,3,high,high,refrigerated,fresh salads/vegetables,1.8421052631578947
6065720,365,low,high,ambient,soft drinks,1.0606060606060606
6065793,365,low,high,dry,coffee/tea/hot drinks,2.4166666666666665
6065809,365,low,high,ambient,soft drinks,4.0
6065812,365,low,high,ambient,soft drinks,2.272727272727273
6065871,2,high,high,refrigerated,meat fresh,7.0
6065875,7,medium,high,refrigerated,dairy/eggs,3.0
6066049,1,high,medium,refrigerated,ready-to-eat meals,1.1875
6066050,365,low,high,ambient,soft drinks,2.727272727272727
6066170,90,medium,high,frozen,pizza (frozen/long shelf),999.0
6066372,365,low,high,ambient,alcoholic beverages,999.0
6066387,60,medium,high,frozen,sandwiches frozen,29.0
6066429,365,low,high,dry,coffee/tea/hot drinks,4.666666666666667
6066534,180,low,high,ambient,shelf-stable snacks,3.5
6066554,60,medium,high,frozen,seafood frozen,999.0
6067098,3,medium,high,refrigerated,bread fresh,2.333333333333333
6067227,2,high,high,refrigerated,meat fresh,3.375
6067286,365,low,high,ambient,soft drinks,2.2
6067290,365,low,high,ambient,alcoholic beverages,1.5789473684210529
6067617,365,low,high,dry,coffee/tea/hot drinks,1.2727272727272727
6067800,3,medium,medium,refrigerated,pastries fresh,9.0
6068297,2,high,high,refrigerated,meat fresh,2.4444444444444446
6068506,365,low,high,ambient,alcoholic beverages,4.2
6068507,365,low,high,ambient,alcoholic beverages,4.0
6068820,365,low,high,dry,coffee/tea/hot drinks,4.666666666666667
6068825,365,low,high,dry,coffee/tea/hot drinks,1.0
6068849,2,high,high,refrigerated,meat fresh,5.0
6069876,365,low,high,dry,coffee/tea/hot drinks,1.8
6069988,365,low,high,dry,coffee/tea/hot drinks,1.2941176470588236
6070092,180,low,high,ambient,shelf-stable snacks,1.105263157894737
6070536,365,low,high,ambient,soft drinks,2.5
6070950,7,medium,high,refrigerated,fresh juice/smoothie,2.0
6070990,365,low,high,ambient,alcoholic beverages,6.333333333333333
6071404,1,high,high,refrigerated,seafood fresh,2.0
6071656,1,high,high,refrigerated,seafood fresh,2.8
6071744,365,low,high,dry,coffee/tea/hot drinks,999.0
6071782,365,low,high,dry,coffee/tea/hot drinks,2.0
6071786,1,high,high,refrigerated,sandwiches fresh,2.0
6071790,365,low,high,dry,coffee/tea/hot drinks,2.75
6071796,14,medium,high,refrigerated,cheese,2.0
6071836,1,high,medium,refrigerated,ready-to-eat meals,7.0
6071844,365,low,high,ambient,soft drinks,999.0
607198,7,medium,high,refrigerated,fresh juice/smoothie,2.4133333333333336
6072435,2,medium,medium,refrigerated,pasta/rice fresh,3.6666666666666665
6072442,7,medium,high,refrigerated,fresh juice/smoothie,3.6666666666666665
6073343,365,low,high,ambient,alcoholic beverages,999.0
6073495,365,low,high,dry,coffee/tea/hot drinks,4.0
6073634,365,low,high,ambient,soft drinks,2.25
6073636,365,low,high,ambient,soft drinks,2.6666666666666665
6074518,14,medium,high,refrigerated,cheese,5.0
6074523,60,medium,high,frozen,sandwiches frozen,999.0
6074757,365,low,high,dry,coffee/tea/hot drinks,999.0
6074772,1,high,medium,refrigerated,ready-to-eat meals,999.0
6074787,365,low,high,dry,coffee/tea/hot drinks,1.0
6074789,365,low,high,ambient,soft drinks,5.0
6074817,2,medium,medium,refrigerated,pasta/rice fresh,1.0
6074832,365,low,high,ambient,alcoholic beverages,1.5
6074901,365,low,high,dry,coffee/tea/hot drinks,999.0
6075494,365,low,high,ambient,alcoholic beverages,999.0
6075504,2,high,high,refrigerated,meat fresh,1.0
6076972,180,low,high,ambient,shelf-stable snacks,6.0
6077004,14,medium,high,refrigerated,cheese,999.0
6079634,1,high,medium,refrigerated,ready-to-eat meals,999.0
6079635,7,low,high,dry,bread products,999.0
608957,3,high,high,refrigerated,fresh salads/vegetables,19.375
611152,2,high,high,refrigerated,fresh pizza,2.6818181818181817
611157,2,medium,medium,refrigerated,pasta/rice fresh,2.1707317073170733
611167,1,high,high,refrigerated,sandwiches fresh,2.0454545454545454
611170,2,high,high,refrigerated,meat fresh,2.0
611180,2,high,high,refrigerated,fresh pizza,2.4657534246575343
611187,90,medium,high,frozen,meat frozen,2.2948717948717947
611197,365,low,high,ambient,alcoholic beverages,2.0
611198,365,low,high,ambient,alcoholic beverages,2.617647058823529
611205,2,high,high,refrigerated,fresh pizza,1.175324675324675
611213,365,low,high,ambient,alcoholic beverages,1.923913043478261
611214,365,low,high,dry,coffee/tea/hot drinks,1.3043478260869563
611215,365,low,high,dry,coffee/tea/hot drinks,1.222972972972973
611218,365,low,high,ambient,soft drinks,1.855670103092784
611219,365,low,high,ambient,soft drinks,1.1907894736842106
611220,365,low,high,ambient,soft drinks,1.2657342657342658
611231,365,low,high,dry,coffee/tea/hot drinks,29.6
611232,180,low,high,ambient,shelf-stable snacks,1.7254901960784317
611337,60,medium,high,frozen,seafood frozen,20.142857142857142
611354,1,high,medium,refrigerated,ready-to-eat meals,25.33333333333333
611355,1,high,medium,refrigerated,ready-to-eat meals,20.428571428571427
611356,1,high,medium,refrigerated,ready-to-eat meals,12.833333333333334
611357,1,high,medium,refrigerated,ready-to-eat meals,10.923076923076923
611397,365,low,high,ambient,soft drinks,5.0
611403,365,low,high,ambient,alcoholic beverages,8.25
612158,365,low,high,ambient,soft drinks,20.125
613046,90,medium,high,frozen,meat frozen,5.027777777777778
613047,60,medium,high,frozen,sandwiches frozen,3.866666666666666
613048,60,medium,high,frozen,sandwiches frozen,3.760869565217391
613049,60,medium,high,frozen,sandwiches frozen,2.857142857142857
613050,90,medium,high,frozen,meat frozen,2.3289473684210527
613051,60,medium,high,frozen,sandwiches frozen,4.190476190476191
613053,90,medium,high,frozen,meat frozen,4.666666666666667
613058,60,medium,high,frozen,sandwiches frozen,2.069767441860465
613059,60,medium,high,frozen,wraps/kebab frozen,6.111111111111111
613062,7,low,high,dry,bread products,2.4722222222222223
613064,365,low,high,ambient,alcoholic beverages,2.9827586206896552
613065,365,low,high,dry,coffee/tea/hot drinks,5.413793103448276
613066,365,low,high,dry,coffee/tea/hot drinks,5.205882352941177
613068,365,low,high,dry,coffee/tea/hot drinks,1.6306306306306306
613070,60,medium,high,frozen,processed meat frozen,2.582089552238806
613071,365,low,high,dry,coffee/tea/hot drinks,1.7115384615384617
613072,365,low,high,dry,coffee/tea/hot drinks,2.351351351351352
613075,90,medium,high,frozen,meat frozen,1.875
613078,60,medium,high,frozen,wraps/kebab frozen,2.492957746478873
613079,365,low,high,ambient,alcoholic beverages,1.7450980392156863
613080,90,medium,high,frozen,meat frozen,2.3205128205128207
613086,60,medium,high,frozen,sandwiches frozen,5.121212121212121
613098,365,low,high,ambient,soft drinks,2.1463414634146343
613380,365,low,high,ambient,alcoholic beverages,2.588235294117647
613381,365,low,high,ambient,alcoholic beverages,3.591836734693877
613382,365,low,high,dry,coffee/tea/hot drinks,4.641025641025641
613384,365,low,high,dry,coffee/tea/hot drinks,2.445945945945946
613386,365,low,high,ambient,alcoholic beverages,1.6160714285714286
613389,365,low,high,dry,coffee/tea/hot drinks,1.7572815533980584
613390,3,medium,high,refrigerated,processed meat,2.180722891566265
613391,60,medium,high,frozen,sandwiches frozen,3.977272727272727
613392,60,medium,high,frozen,sandwiches frozen,2.4166666666666665
613393,60,medium,high,frozen,sandwiches frozen,4.8108108108108105
613394,1,high,high,refrigerated,sandwiches fresh,2.011111111111111
613396,90,medium,high,frozen,meat frozen,4.238095238095238
613397,2,high,high,refrigerated,meat fresh,2.701492537313433
613400,1,high,high,refrigerated,sandwiches fresh,4.022222222222222
613403,1,high,high,refrigerated,sandwiches fresh,4.209302325581396
613405,365,low,high,dry,coffee/tea/hot drinks,2.6515151515151514
613406,365,low,high,dry,coffee/tea/hot drinks,1.6759259259259258
613407,365,low,high,ambient,alcoholic beverages,2.0689655172413794
613408,90,medium,high,frozen,meat frozen,5.333333333333333
613409,1,high,high,refrigerated,wraps/kebab fresh,2.185185185185185
613412,365,low,high,dry,coffee/tea/hot drinks,1.4047619047619049
613413,365,low,high,dry,coffee/tea/hot drinks,1.5083333333333333
613414,365,low,high,dry,coffee/tea/hot drinks,2.6231884057971016
613416,365,low,high,ambient,soft drinks,1.6160714285714286
613480,1,high,high,refrigerated,wraps/kebab fresh,1.0254237288135593
613481,1,high,high,refrigerated,wraps/kebab fresh,1.6133333333333333
613482,1,high,high,refrigerated,wraps/kebab fresh,1.2244897959183674
613489,1,high,high,refrigerated,wraps/kebab fresh,1.2244897959183674
613494,365,low,high,ambient,alcoholic beverages,1.818181818181818
613503,1,high,high,refrigerated,wraps/kebab fresh,1.0256410256410255
613504,1,high,high,refrigerated,wraps/kebab fresh,1.2371134020618555
613534,2,high,high,refrigerated,fresh pizza,1.1142857142857143
613560,2,high,high,refrigerated,fresh pizza,1.818181818181818
614929,365,low,high,dry,coffee/tea/hot drinks,5.333333333333333
614941,365,low,high,dry,coffee/tea/hot drinks,4.414634146341464
614980,60,medium,high,frozen,wraps/kebab frozen,3.9318181818181817
614992,1,high,high,refrigerated,wraps/kebab fresh,1.7087378640776698
614993,90,medium,high,frozen,meat frozen,5.0
615005,90,medium,high,frozen,meat frozen,7.2
615006,2,high,high,refrigerated,meat fresh,2.6231884057971016
615010,365,low,high,dry,coffee/tea/hot drinks,1.6017699115044248
615011,365,low,high,ambient,alcoholic beverages,5.4
615013,90,low,high,frozen,frozen fried items,4.515151515151516
615014,1,high,high,refrigerated,wraps/kebab fresh,3.0689655172413794
615030,365,low,high,ambient,soft drinks,7.523809523809524
615188,365,low,high,ambient,soft drinks,2.0689655172413794
615211,365,low,high,ambient,alcoholic beverages,1.0169491525423728
615212,365,low,high,ambient,alcoholic beverages,1.0810810810810811
615213,365,low,high,ambient,alcoholic beverages,1.1214953271028036
615220,365,low,high,dry,coffee/tea/hot drinks,1.1383647798742138
615221,365,low,high,dry,coffee/tea/hot drinks,1.5210084033613445
615222,365,low,high,dry,coffee/tea/hot drinks,1.117283950617284
615223,365,low,high,dry,coffee/tea/hot drinks,1.117283950617284
615224,365,low,high,dry,coffee/tea/hot drinks,1.9565217391304348
615225,365,low,high,dry,coffee/tea/hot drinks,5.205882352941177
615226,365,low,high,dry,coffee/tea/hot drinks,1.6542056074766356
615227,365,low,high,dry,coffee/tea/hot drinks,3.4705882352941178
615229,365,low,high,dry,coffee/tea/hot drinks,3.693877551020408
615232,3,medium,medium,refrigerated,pastries fresh,1.1986754966887416
615233,365,low,high,ambient,soft drinks,1.4251968503937007
615418,365,low,high,ambient,alcoholic beverages,1.0459770114942528
615419,365,low,high,ambient,alcoholic beverages,1.4140625
615421,365,low,high,ambient,alcoholic beverages,1.95
615428,2,high,high,refrigerated,meat fresh,1.096969696969697
615429,90,medium,high,frozen,meat frozen,4.146341463414634
615430,365,low,high,ambient,alcoholic beverages,1.40625
615431,365,low,high,ambient,alcoholic beverages,15.6
615432,365,low,high,ambient,alcoholic beverages,21.5
615436,365,low,high,ambient,alcoholic beverages,4.023809523809524
615442,365,low,high,dry,coffee/tea/hot drinks,17.75
615450,365,low,high,dry,coffee/tea/hot drinks,4.7368421052631575
615456,365,low,high,dry,coffee/tea/hot drinks,1.3507462686567164
615548,365,low,high,ambient,alcoholic beverages,3.339622641509434
615551,365,low,high,ambient,alcoholic beverages,7.85
615552,365,low,high,ambient,alcoholic beverages,4.684210526315789
615554,365,low,high,ambient,alcoholic beverages,10.428571428571429
615555,365,low,high,ambient,alcoholic beverages,13.153846153846152
615556,365,low,high,ambient,soft drinks,6.103448275862069
615560,365,low,high,ambient,alcoholic beverages,999.0
615561,365,low,high,ambient,alcoholic beverages,16.444444444444443
615562,180,low,high,ambient,shelf-stable snacks,8.0
615579,60,medium,high,frozen,processed meat frozen,1.81
615580,365,low,high,dry,coffee/tea/hot drinks,1.723809523809524
615581,60,medium,high,frozen,processed meat frozen,1.723809523809524
615582,365,low,high,ambient,alcoholic beverages,2.903225806451613
615583,365,low,high,ambient,soft drinks,5.774193548387097
615585,365,low,high,ambient,soft drinks,8.95
615586,365,low,high,ambient,alcoholic beverages,5.147058823529412
615587,365,low,high,ambient,alcoholic beverages,4.186046511627907
616475,365,low,high,dry,coffee/tea/hot drinks,2.734375
616476,365,low,high,dry,coffee/tea/hot drinks,2.2151898734177213
616477,365,low,high,dry,coffee/tea/hot drinks,3.395833333333333
616479,365,low,high,dry,coffee/tea/hot drinks,3.723404255319149
616480,365,low,high,dry,coffee/tea/hot drinks,3.0535714285714284
616481,30,low,medium,dry,pastries shelf-stable,2.272727272727273
616482,365,low,high,ambient,soft drinks,3.0172413793103448
616484,90,low,high,frozen,frozen fried items,3.888888888888889
616485,14,medium,high,refrigerated,cheese,2.083333333333333
616490,90,medium,high,frozen,meat frozen,4.435897435897436
616496,365,low,high,dry,coffee/tea/hot drinks,4.073170731707317
616499,365,low,high,ambient,soft drinks,3.1818181818181817
616501,365,low,high,ambient,alcoholic beverages,6.730769230769231
616505,14,medium,high,refrigerated,cheese,3.0701754385964914
616720,365,low,high,ambient,alcoholic beverages,5.235294117647059
616807,365,low,high,ambient,alcoholic beverages,6.037037037037037
616824,365,low,high,ambient,alcoholic beverages,9.545454545454543
616825,365,low,high,ambient,alcoholic beverages,4.121951219512195
616831,365,low,high,ambient,alcoholic beverages,21.0
616846,365,low,high,ambient,alcoholic beverages,38.0
616852,365,low,high,ambient,alcoholic beverages,16.166666666666668
616854,365,low,high,ambient,soft drinks,2.982142857142857
616861,365,low,high,ambient,alcoholic beverages,2.234567901234568
617042,365,low,high,dry,coffee/tea/hot drinks,1.435483870967742
617043,365,low,high,dry,coffee/tea/hot drinks,1.2397260273972603
617044,90,low,high,frozen,frozen fried items,1.448
617045,14,medium,high,refrigerated,sauces/condiments,2.919354838709677
617046,14,medium,high,refrigerated,sauces/condiments,6.739130434782608
617047,14,medium,high,refrigerated,sauces/condiments,3.75
617048,365,low,high,dry,coffee/tea/hot drinks,5.612903225806452
617049,14,medium,high,refrigerated,sauces/condiments,9.5
617050,365,low,high,ambient,soft drinks,1.1104294478527608
617051,365,low,high,ambient,soft drinks,5.0
617123,365,low,high,ambient,alcoholic beverages,1.0710059171597632
617124,365,low,high,ambient,alcoholic beverages,5.9
617126,365,low,high,ambient,alcoholic beverages,1.0
617127,365,low,high,ambient,alcoholic beverages,6.481481481481482
617128,365,low,high,ambient,alcoholic beverages,1.0903614457831323
617129,365,low,high,ambient,alcoholic beverages,2.769230769230769
617130,365,low,high,ambient,alcoholic beverages,1.046242774566474
617133,365,low,high,ambient,alcoholic beverages,2.5492957746478875
617134,365,low,high,dry,coffee/tea/hot drinks,1.1907894736842106
617136,365,low,high,ambient,soft drinks,1.052325581395349
617137,365,low,high,ambient,alcoholic beverages,6.428571428571429
617138,365,low,high,dry,coffee/tea/hot drinks,7.9
617155,365,low,high,ambient,alcoholic beverages,1.0710059171597632
617156,365,low,high,ambient,alcoholic beverages,8.7
617158,365,low,high,ambient,alcoholic beverages,1.8
617160,365,low,high,ambient,alcoholic beverages,11.0
617161,365,low,high,ambient,alcoholic beverages,11.733333333333333
617162,365,low,high,ambient,alcoholic beverages,4.512820512820513
617165,365,low,high,ambient,alcoholic beverages,6.172413793103448
617166,365,low,high,dry,coffee/tea/hot drinks,2.185185185185185
617168,365,low,high,ambient,soft drinks,1.4552845528455285
617169,365,low,high,ambient,alcoholic beverages,45.5
617170,365,low,high,dry,coffee/tea/hot drinks,11.857142857142858
617565,365,low,high,ambient,alcoholic beverages,6.103448275862069
617577,365,low,high,ambient,alcoholic beverages,10.375
617585,365,low,high,dry,coffee/tea/hot drinks,51.5
619217,60,medium,high,frozen,sandwiches frozen,1.3779527559055118
619218,60,medium,high,frozen,sandwiches frozen,8.631578947368421
619219,7,low,high,dry,bread products,24.714285714285715
619220,365,low,high,ambient,alcoholic beverages,7.590909090909091
619231,365,low,high,dry,coffee/tea/hot drinks,8.529411764705882
619232,60,medium,high,frozen,sandwiches frozen,999.0
619233,365,low,high,ambient,soft drinks,999.0
619234,14,medium,high,refrigerated,cheese,5.121212121212121
619240,365,low,high,dry,coffee/tea/hot drinks,8.31578947368421
619244,365,low,high,ambient,soft drinks,2.011494252873564
619245,365,low,high,ambient,soft drinks,3.240740740740741
619246,365,low,high,dry,coffee/tea/hot drinks,2.514705882352941
619248,365,low,high,dry,coffee/tea/hot drinks,1.5
619249,365,low,high,dry,coffee/tea/hot drinks,4.861111111111111
619250,365,low,high,dry,coffee/tea/hot drinks,10.1875
619252,365,low,high,dry,coffee/tea/hot drinks,11.428571428571429
619537,3,high,high,refrigerated,fresh salads/vegetables,22.0
619538,60,medium,high,frozen,sandwiches frozen,4.567567567567568
619541,90,medium,high,frozen,meat frozen,4.525
619542,60,medium,high,frozen,seafood frozen,8.764705882352942
619544,365,low,high,dry,coffee/tea/hot drinks,7.304347826086956
619546,180,low,high,ambient,shelf-stable snacks,9.823529411764708
619548,365,low,high,dry,coffee/tea/hot drinks,127.0
619549,365,low,high,dry,coffee/tea/hot drinks,70.0
619550,1,high,medium,refrigerated,ready-to-eat meals,20.4
619555,90,low,medium,frozen,soup frozen,33.6
619578,365,low,high,ambient,alcoholic beverages,21.4
619590,365,low,high,ambient,alcoholic beverages,7.3478260869565215
619592,365,low,high,ambient,soft drinks,11.733333333333333
619593,365,low,high,ambient,soft drinks,14.583333333333334
619598,365,low,high,dry,coffee/tea/hot drinks,13.461538461538462
619780,365,low,high,dry,coffee/tea/hot drinks,1.6666666666666667
619781,90,low,high,frozen,frozen fried items,1.3846153846153846
619798,90,medium,high,frozen,meat frozen,2.919354838709677
619799,2,high,high,refrigerated,meat fresh,1.691588785046729
619800,365,low,high,ambient,soft drinks,1.2312925170068028
619801,365,low,high,ambient,soft drinks,1.5892857142857142
619803,365,low,high,ambient,alcoholic beverages,1.448
619804,365,low,high,ambient,alcoholic beverages,1.925531914893617
619805,365,low,high,ambient,alcoholic beverages,1.3923076923076922
619806,365,low,high,dry,coffee/tea/hot drinks,1.9148936170212767
622066,2,high,high,refrigerated,meat fresh,1.2312925170068028
622122,2,medium,medium,refrigerated,pasta/rice fresh,2.3289473684210527
622128,2,medium,medium,refrigerated,pasta/rice fresh,2.034090909090909
622151,3,medium,medium,refrigerated,pastries fresh,1.6126126126126126
622192,365,low,high,ambient,alcoholic beverages,1.3065693430656935
622194,1,high,high,refrigerated,wraps/kebab fresh,1.7403846153846154
622195,365,low,high,ambient,alcoholic beverages,1.4634146341463414
622196,1,high,high,refrigerated,wraps/kebab fresh,1.0168539325842696
622199,1,high,high,refrigerated,wraps/kebab fresh,1.651376146788991
622204,1,high,high,refrigerated,wraps/kebab fresh,1.0168539325842696
622205,1,high,high,refrigerated,wraps/kebab fresh,2.3552631578947367
622207,2,high,high,refrigerated,meat fresh,1.831578947368421
622211,1,high,high,refrigerated,wraps/kebab fresh,2.0689655172413794
622213,1,high,high,refrigerated,sandwiches fresh,2.6231884057971016
622218,1,high,high,refrigerated,wraps/kebab fresh,1.0225988700564972
622219,2,high,high,refrigerated,meat fresh,2.0853658536585367
622220,1,high,high,refrigerated,wraps/kebab fresh,2.8412698412698414
622221,1,high,high,refrigerated,wraps/kebab fresh,2.3506493506493507
622228,1,high,high,refrigerated,wraps/kebab fresh,1.0903614457831323
622236,365,low,high,dry,coffee/tea/hot drinks,1.13125
622237,365,low,high,dry,coffee/tea/hot drinks,1.1602564102564104
622244,365,low,high,dry,coffee/tea/hot drinks,1.3308823529411764
622246,365,low,high,dry,coffee/tea/hot drinks,1.2482758620689656
622247,365,low,high,dry,coffee/tea/hot drinks,3.259259259259259
622251,1,high,medium,refrigerated,ready-to-eat meals,999.0
622252,1,high,medium,refrigerated,ready-to-eat meals,999.0
622253,1,high,medium,refrigerated,ready-to-eat meals,14.0
622258,7,low,high,dry,bread products,3.549019607843137
622259,365,low,high,dry,coffee/tea/hot drinks,22.5
622260,365,low,high,dry,coffee/tea/hot drinks,8.777777777777779
622261,7,medium,high,refrigerated,dairy/eggs,20.375
622262,7,medium,high,refrigerated,dairy/eggs,46.5
622263,7,low,high,dry,bread products,999.0
622268,60,medium,medium,frozen,pasta/rice frozen,999.0
622368,2,medium,medium,refrigerated,pasta/rice fresh,1.6306306306306306
622373,2,high,high,refrigerated,fresh pizza,2.9672131147540983
622393,2,high,high,refrigerated,fresh pizza,3.339622641509434
622416,365,low,high,ambient,alcoholic beverages,4.2
622420,365,low,high,ambient,alcoholic beverages,2.7384615384615385
622425,2,high,high,refrigerated,meat fresh,2.2125
622429,60,medium,high,frozen,wraps/kebab frozen,4.35
622438,365,low,high,dry,coffee/tea/hot drinks,2.918032786885246
622441,365,low,high,ambient,soft drinks,7.0
622442,365,low,high,ambient,alcoholic beverages,8.65
622462,1,high,high,refrigerated,sandwiches fresh,2.2531645569620253
622463,1,high,high,refrigerated,sandwiches fresh,1.565217391304348
622465,1,high,high,refrigerated,sandwiches fresh,1.2949640287769784
622467,1,high,high,refrigerated,sandwiches fresh,1.2413793103448276
622468,1,high,high,refrigerated,sandwiches fresh,1.7075471698113207
622469,1,high,high,refrigerated,sandwiches fresh,1.5338983050847457
622472,365,low,high,dry,coffee/tea/hot drinks,1.6822429906542056
622474,365,low,high,dry,coffee/tea/hot drinks,1.5384615384615383
622475,365,low,high,dry,coffee/tea/hot drinks,1.2569444444444444
622478,90,low,high,frozen,frozen fried items,2.180722891566265
622479,365,low,high,dry,coffee/tea/hot drinks,2.727272727272727
622480,365,low,high,dry,coffee/tea/hot drinks,2.108433734939759
622484,365,low,high,ambient,alcoholic beverages,1.371212121212121
622486,365,low,high,dry,coffee/tea/hot drinks,1.3407407407407408
622490,3,medium,high,refrigerated,processed meat,1.1602564102564104
622493,3,medium,high,refrigerated,bread fresh,1.1383647798742138
622494,365,low,high,dry,coffee/tea/hot drinks,1.1104294478527608
622495,365,low,high,dry,coffee/tea/hot drinks,1.117283950617284
622496,365,low,high,ambient,alcoholic beverages,1.371212121212121
622497,365,low,high,ambient,alcoholic beverages,1.882978723404256
622498,2,high,high,refrigerated,meat fresh,2.081395348837209
622500,1,high,high,refrigerated,wraps/kebab fresh,1.7075471698113207
622504,2,high,high,refrigerated,meat fresh,1.4836065573770492
622509,365,low,high,ambient,soft drinks,1.6071428571428572
622534,90,medium,high,frozen,meat frozen,2.537313432835821
622798,60,medium,high,frozen,sandwiches frozen,1.096969696969697
622799,60,medium,high,frozen,sandwiches frozen,1.083832335329341
622800,60,medium,high,frozen,sandwiches frozen,1.0773809523809523
622801,60,medium,high,frozen,sandwiches frozen,2.966666666666667
622802,60,medium,high,frozen,sandwiches frozen,1.2328767123287672
622803,60,medium,high,frozen,sandwiches frozen,3.1818181818181817
622804,3,high,high,refrigerated,fresh salads/vegetables,4.285714285714286
622805,90,medium,high,frozen,meat frozen,2.3205128205128207
622806,60,medium,high,frozen,sandwiches frozen,11.642857142857142
622807,60,medium,high,frozen,sandwiches frozen,4.641025641025641
622808,60,medium,high,frozen,sandwiches frozen,7.818181818181818
622809,60,medium,high,frozen,sandwiches frozen,7.260869565217392
622810,60,medium,high,frozen,sandwiches frozen,2.0454545454545454
622813,90,medium,high,frozen,meat frozen,12.5
622814,90,medium,high,frozen,meat frozen,1.2066666666666668
628873,365,low,high,dry,coffee/tea/hot drinks,3.56
629046,365,low,high,ambient,soft drinks,3.612244897959184
629058,3,medium,high,refrigerated,bread fresh,2.269230769230769
629059,3,medium,high,refrigerated,bread fresh,2.011111111111111
629060,3,medium,high,refrigerated,bread fresh,1.175324675324675
629335,3,medium,high,refrigerated,bread fresh,1.7821782178217822
629336,3,medium,high,refrigerated,bread fresh,1.935483870967742
629337,2,high,high,refrigerated,meat fresh,1.8
629339,365,low,high,ambient,alcoholic beverages,1.9662921348314608
629340,365,low,high,dry,coffee/tea/hot drinks,2.78688524590164
629341,3,medium,high,refrigerated,processed meat,2.3783783783783785
629342,365,low,high,dry,coffee/tea/hot drinks,2.1686746987951806
629343,365,low,high,dry,coffee/tea/hot drinks,1.967032967032967
629344,365,low,high,ambient,alcoholic beverages,2.057471264367816
629346,365,low,high,ambient,soft drinks,1.512605042016807
629348,365,low,high,ambient,soft drinks,1.6071428571428572
629349,90,medium,high,frozen,meat frozen,2.4788732394366195
629352,7,medium,high,refrigerated,dairy/eggs,1.8
629353,1,high,high,refrigerated,sandwiches fresh,1.9444444444444444
629355,365,low,high,dry,coffee/tea/hot drinks,1.8265306122448977
629356,365,low,high,dry,coffee/tea/hot drinks,2.293333333333333
629357,1,high,high,refrigerated,sandwiches fresh,2.3684210526315788
629361,60,medium,high,frozen,sandwiches frozen,1.7549019607843137
629362,7,medium,high,refrigerated,dairy/eggs,2.646153846153846
629373,365,low,high,dry,coffee/tea/hot drinks,2.1948051948051948
631943,90,medium,high,frozen,meat frozen,1.925531914893617
631975,60,medium,high,frozen,seafood frozen,4.857142857142857
633282,365,low,high,dry,coffee/tea/hot drinks,3.95
633283,365,low,high,dry,coffee/tea/hot drinks,4.305555555555555
634392,1,high,medium,refrigerated,ready-to-eat meals,13.727272727272728
634396,1,high,medium,refrigerated,ready-to-eat meals,21.857142857142858
635405,180,low,high,ambient,shelf-stable snacks,2.7301587301587302
636767,30,low,medium,dry,pastries shelf-stable,10.5
638292,60,medium,high,frozen,wraps/kebab frozen,4.256410256410256
638304,60,medium,high,frozen,wraps/kebab frozen,5.806451612903226
638311,90,medium,high,frozen,meat frozen,5.65625
638320,365,low,high,dry,coffee/tea/hot drinks,3.6666666666666665
638324,60,medium,high,frozen,sandwiches frozen,4.914285714285715
638346,2,high,high,refrigerated,meat fresh,2.011111111111111
638350,90,medium,high,frozen,meat frozen,3.175438596491228
638352,90,medium,high,frozen,meat frozen,4.023809523809524
638356,90,medium,high,frozen,meat frozen,4.903225806451613
638366,365,low,high,dry,coffee/tea/hot drinks,2.0588235294117645
638367,365,low,high,dry,coffee/tea/hot drinks,2.590909090909091
638368,365,low,high,dry,coffee/tea/hot drinks,2.234567901234568
638370,2,high,high,refrigerated,meat fresh,1.6666666666666667
638380,1,high,high,refrigerated,sandwiches fresh,1.7575757575757576
638381,2,high,high,refrigerated,meat fresh,3.2
638386,2,high,high,refrigerated,meat fresh,2.180722891566265
638388,365,low,high,ambient,soft drinks,1.3407407407407408
638764,2,high,high,refrigerated,fresh pizza,2.3194444444444446
638778,365,low,high,ambient,soft drinks,1.335820895522388
638779,365,low,high,ambient,soft drinks,3.320754716981132
638787,60,medium,high,frozen,wraps/kebab frozen,3.30188679245283
638806,2,high,high,refrigerated,fresh pizza,2.513888888888889
638819,2,high,high,refrigerated,fresh pizza,1.0402298850574712
638848,365,low,high,ambient,alcoholic beverages,1.0710059171597632
638855,1,high,high,refrigerated,wraps/kebab fresh,3.320754716981132
638872,2,high,high,refrigerated,meat fresh,1.5299145299145298
638890,1,high,high,refrigerated,wraps/kebab fresh,1.13125
638904,365,low,high,dry,coffee/tea/hot drinks,1.1111111111111112
638905,365,low,high,dry,coffee/tea/hot drinks,1.1455696202531649
638933,365,low,high,ambient,soft drinks,2.2467532467532467
638935,365,low,high,ambient,soft drinks,3.175438596491228
638950,365,low,high,ambient,alcoholic beverages,2.901639344262295
639857,60,medium,high,frozen,processed meat frozen,3.3461538461538463
640478,90,medium,high,frozen,meat frozen,9.526315789473683
640693,365,low,high,ambient,alcoholic beverages,17.9
640711,90,medium,high,frozen,meat frozen,9.352941176470589
640738,365,low,high,dry,coffee/tea/hot drinks,5.027777777777778
640761,365,low,high,dry,coffee/tea/hot drinks,13.083333333333334
641002,365,low,high,dry,coffee/tea/hot drinks,22.125
641052,365,low,high,dry,coffee/tea/hot drinks,17.714285714285715
641087,365,low,high,ambient,alcoholic beverages,2.701492537313433
641100,365,low,high,ambient,alcoholic beverages,5.0
641113,365,low,high,ambient,soft drinks,2.5211267605633805
641139,365,low,high,ambient,alcoholic beverages,27.0
641144,365,low,high,dry,coffee/tea/hot drinks,3.62
641220,365,low,high,ambient,alcoholic beverages,12.428571428571429
641475,14,medium,high,refrigerated,cheese,999.0
641476,90,medium,high,frozen,meat frozen,999.0
641479,90,low,high,frozen,frozen fried items,85.0
641488,60,medium,high,frozen,sandwiches frozen,28.0
641492,60,medium,high,frozen,sandwiches frozen,999.0
641498,60,medium,high,frozen,sandwiches frozen,21.285714285714285
641501,90,medium,high,frozen,meat frozen,61.0
641504,60,medium,high,frozen,sandwiches frozen,39.0
641505,60,medium,high,frozen,sandwiches frozen,999.0
641507,60,medium,high,frozen,sandwiches frozen,999.0
641508,60,medium,high,frozen,sandwiches frozen,132.0
641509,60,medium,high,frozen,sandwiches frozen,999.0
641510,365,low,high,dry,coffee/tea/hot drinks,34.333333333333336
641520,60,medium,medium,frozen,pasta/rice frozen,999.0
641521,60,medium,medium,frozen,pasta/rice frozen,999.0
641527,60,medium,high,frozen,seafood frozen,999.0
641533,365,low,high,dry,coffee/tea/hot drinks,45.5
641536,365,low,high,dry,coffee/tea/hot drinks,999.0
641541,365,low,high,ambient,soft drinks,22.666666666666668
641545,365,low,high,ambient,soft drinks,66.5
643700,14,medium,high,refrigerated,cheese,7.0
645245,365,low,high,ambient,alcoholic beverages,5.53125
646437,365,low,high,dry,coffee/tea/hot drinks,4.425
646446,365,low,high,dry,coffee/tea/hot drinks,999.0
646448,365,low,high,dry,coffee/tea/hot drinks,999.0
646457,365,low,high,ambient,alcoholic beverages,24.0
646609,30,low,medium,dry,pastries shelf-stable,29.4
647623,1,high,high,refrigerated,wraps/kebab fresh,1.096969696969697
647635,1,high,high,refrigerated,wraps/kebab fresh,2.3205128205128207
647638,365,low,high,ambient,alcoholic beverages,1.0903614457831323
647639,365,low,high,ambient,alcoholic beverages,2.838709677419355
647643,2,high,high,refrigerated,meat fresh,1.6759259259259258
648908,7,low,high,dry,bread products,3.423076923076923
648909,7,low,high,dry,bread products,4.190476190476191
648914,365,low,high,dry,coffee/tea/hot drinks,6.730769230769231
648915,365,low,high,dry,coffee/tea/hot drinks,7.291666666666667
648916,365,low,high,ambient,alcoholic beverages,4.285714285714286
648918,365,low,high,dry,coffee/tea/hot drinks,1.5739130434782609
648919,60,medium,high,frozen,processed meat frozen,2.125
648921,365,low,high,ambient,alcoholic beverages,3.75
648924,1,high,high,refrigerated,sandwiches fresh,1.8854166666666667
648926,1,high,high,refrigerated,sandwiches fresh,1.846938775510204
648927,1,high,high,refrigerated,sandwiches fresh,2.636363636363636
648930,1,high,high,refrigerated,sandwiches fresh,1.836734693877551
648932,1,high,high,refrigerated,sandwiches fresh,1.504201680672269
648933,90,low,high,frozen,frozen fried items,1.4031007751937985
648934,90,low,high,frozen,frozen fried items,1.371212121212121
648936,90,medium,high,frozen,meat frozen,3.203703703703704
648941,365,low,high,dry,coffee/tea/hot drinks,1.3923076923076922
648943,1,high,high,refrigerated,seafood fresh,3.5098039215686274
648944,1,high,high,refrigerated,seafood fresh,2.2222222222222223
648945,1,high,high,refrigerated,seafood fresh,4.461538461538462
648950,1,high,high,refrigerated,wraps/kebab fresh,2.983050847457627
648951,365,low,high,ambient,alcoholic beverages,1.7075471698113207
648967,365,low,high,ambient,soft drinks,1.6160714285714286
648971,365,low,high,ambient,alcoholic beverages,1.9673913043478264
648972,365,low,high,ambient,alcoholic beverages,3.4705882352941178
648976,7,medium,high,refrigerated,dairy/eggs,2.796875
650357,365,low,high,ambient,alcoholic beverages,1.7727272727272727
654961,90,low,high,frozen,frozen fried items,1.6363636363636365
654990,365,low,high,dry,coffee/tea/hot drinks,1.5
655031,180,low,high,ambient,shelf-stable snacks,1.6422018348623852
655140,90,medium,high,frozen,meat frozen,3.4150943396226414
655229,1,high,medium,refrigerated,ready-to-eat meals,2.3972602739726026
655310,1,high,medium,refrigerated,ready-to-eat meals,1.6160714285714286
655320,1,high,medium,refrigerated,ready-to-eat meals,2.1219512195121952
655549,180,low,high,ambient,shelf-stable snacks,1.7938144329896908
656155,365,low,high,ambient,alcoholic beverages,1.2569444444444444
656206,2,high,high,refrigerated,meat fresh,1.6454545454545455
656215,2,high,high,refrigerated,fresh pizza,2.278481012658228
656231,2,high,high,refrigerated,fresh pizza,1.2569444444444444
656244,365,low,high,ambient,alcoholic beverages,1.1986754966887416
656245,365,low,high,ambient,alcoholic beverages,1.9673913043478264
656251,90,low,high,frozen,frozen fried items,2.1463414634146343
656255,2,high,high,refrigerated,meat fresh,1.226027397260274
656259,1,high,high,refrigerated,wraps/kebab fresh,2.104651162790698
656270,90,low,high,frozen,frozen fried items,1.9673913043478264
656276,1,high,high,refrigerated,wraps/kebab fresh,1.4836065573770492
656283,1,high,high,refrigerated,sandwiches fresh,2.234567901234568
656288,365,low,high,dry,coffee/tea/hot drinks,1.117283950617284
656289,365,low,high,dry,coffee/tea/hot drinks,1.117283950617284
656310,365,low,high,dry,coffee/tea/hot drinks,1.3014705882352942
656426,1,high,medium,refrigerated,ready-to-eat meals,23.33333333333333
656466,90,medium,high,frozen,meat frozen,2.458333333333333
656688,365,low,high,dry,coffee/tea/hot drinks,1.2162162162162162
656692,1,high,high,refrigerated,sandwiches fresh,1.4285714285714286
656698,1,high,medium,refrigerated,ready-to-eat meals,1.3740458015267176
656709,365,low,high,ambient,soft drinks,1.3235294117647058
656713,365,low,high,ambient,soft drinks,1.3636363636363635
656716,365,low,high,dry,coffee/tea/hot drinks,1.25
656717,365,low,high,dry,coffee/tea/hot drinks,1.2162162162162162
656720,365,low,high,dry,coffee/tea/hot drinks,1.313868613138686
656721,365,low,high,dry,coffee/tea/hot drinks,1.2949640287769784
656722,365,low,high,dry,coffee/tea/hot drinks,1.2162162162162162
656723,365,low,high,dry,coffee/tea/hot drinks,1.2162162162162162
656724,365,low,high,dry,coffee/tea/hot drinks,1.4206349206349207
656726,365,low,high,dry,coffee/tea/hot drinks,1.267605633802817
656728,365,low,high,dry,coffee/tea/hot drinks,1.2587412587412588
656735,1,high,high,refrigerated,seafood fresh,1.3333333333333333
656739,1,high,high,refrigerated,sandwiches fresh,1.3636363636363635
656740,1,high,high,refrigerated,sandwiches fresh,1.3740458015267176
657204,365,low,high,ambient,soft drinks,1.4457831325301205
657751,1,high,high,refrigerated,sandwiches fresh,1.696078431372549
658024,365,low,high,ambient,soft drinks,2.2948717948717947
658048,2,high,high,refrigerated,meat fresh,1.2312925170068028
658058,365,low,high,ambient,alcoholic beverages,1.7403846153846154
658363,1,high,high,refrigerated,sandwiches fresh,1.8041237113402064
658447,3,high,high,refrigerated,fresh salads/vegetables,1.4672131147540983
658459,3,medium,high,refrigerated,bread fresh,1.967032967032967
658834,14,medium,high,refrigerated,sauces/condiments,3.617021276595745
658842,180,low,high,ambient,shelf-stable snacks,2.0588235294117645
660406,180,low,high,ambient,shelf-stable snacks,1.1528662420382163
662094,3,high,high,refrigerated,fresh salads/vegetables,3.6666666666666665
662095,90,low,high,frozen,frozen fried items,4.375
662151,60,medium,high,frozen,seafood frozen,4.666666666666667
662159,3,high,high,refrigerated,fresh salads/vegetables,8.2
662177,60,medium,high,frozen,seafood frozen,3.975609756097561
662180,60,medium,high,frozen,seafood frozen,11.357142857142858
662185,90,medium,high,frozen,meat frozen,9.294117647058824
662236,2,high,high,refrigerated,meat fresh,3.175438596491228
662258,14,medium,high,refrigerated,sauces/condiments,2.838709677419355
662259,365,low,high,dry,coffee/tea/hot drinks,6.769230769230769
662266,180,low,high,ambient,shelf-stable snacks,1.1042944785276074
666091,365,low,high,dry,coffee/tea/hot drinks,1.1830065359477124
666136,60,medium,high,frozen,sandwiches frozen,4.9393939393939394
666154,365,low,high,dry,coffee/tea/hot drinks,2.1341463414634148
666163,365,low,high,dry,coffee/tea/hot drinks,2.189873417721519
666271,3,high,high,refrigerated,fresh salads/vegetables,4.351351351351352
666272,3,high,high,refrigerated,fresh salads/vegetables,5.733333333333333
666276,60,medium,high,frozen,sandwiches frozen,7.842105263157895
666283,1,high,high,refrigerated,sandwiches fresh,3.617021276595745
666284,1,high,high,refrigerated,sandwiches fresh,3.897435897435898
666295,365,low,high,dry,coffee/tea/hot drinks,1.904255319148936
666296,365,low,high,dry,coffee/tea/hot drinks,1.904255319148936
666300,365,low,high,ambient,soft drinks,2.608695652173913
666305,365,low,high,ambient,soft drinks,2.1645569620253164
666388,7,low,high,dry,bread products,9.529411764705882
666604,1,high,high,refrigerated,sandwiches fresh,2.486111111111111
667254,365,low,high,dry,coffee/tea/hot drinks,4.317073170731708
667275,365,low,high,ambient,alcoholic beverages,1.8526315789473684
667285,14,medium,high,refrigerated,cheese,5.65625
667286,14,medium,high,refrigerated,cheese,5.866666666666666
667289,60,medium,high,frozen,sandwiches frozen,4.414634146341464
667291,1,high,high,refrigerated,wraps/kebab fresh,2.3421052631578947
667296,2,high,high,refrigerated,meat fresh,3.125
667299,2,high,high,refrigerated,meat fresh,5.176470588235294
667302,365,low,high,dry,coffee/tea/hot drinks,2.2948717948717947
667303,365,low,high,dry,coffee/tea/hot drinks,2.1294117647058823
669006,3,medium,high,refrigerated,bread fresh,1.5384615384615383
66938,365,low,high,dry,coffee/tea/hot drinks,999.0
672927,90,medium,high,frozen,pizza (frozen/long shelf),15.714285714285714
672939,90,medium,high,frozen,pizza (frozen/long shelf),23.0
672951,90,medium,high,frozen,pizza (frozen/long shelf),7.684210526315789
672954,90,medium,high,frozen,pizza (frozen/long shelf),24.5
672977,60,medium,high,frozen,wraps/kebab frozen,21.6
672983,60,medium,high,frozen,sandwiches frozen,55.0
672984,90,medium,high,frozen,meat frozen,20.666666666666668
672990,90,medium,high,frozen,meat frozen,10.6
672996,90,low,high,frozen,frozen fried items,9.0
673120,365,low,high,ambient,alcoholic beverages,1.5517241379310345
674946,2,high,high,refrigerated,fresh pizza,2.574468085106383
674971,1,high,high,refrigerated,wraps/kebab fresh,2.4615384615384617
674992,60,medium,medium,frozen,pasta/rice frozen,4.916666666666667
674999,2,high,high,refrigerated,meat fresh,3.113636363636364
675004,1,high,high,refrigerated,wraps/kebab fresh,3.176470588235294
675014,60,medium,high,frozen,wraps/kebab frozen,3.941176470588236
675021,90,low,high,frozen,frozen fried items,2.767857142857143
675024,60,medium,high,frozen,sandwiches frozen,5.842105263157895
675044,90,medium,high,frozen,meat frozen,8.235294117647058
675046,90,medium,high,frozen,meat frozen,8.5625
678701,365,low,high,ambient,soft drinks,4.275
679276,365,low,high,ambient,soft drinks,2.278481012658228
679279,365,low,high,ambient,soft drinks,1.2094594594594594
679281,365,low,high,ambient,soft drinks,2.0
679283,3,medium,high,refrigerated,bread fresh,1.9444444444444444
679344,365,low,high,dry,coffee/tea/hot drinks,1.7378640776699028
684228,60,medium,high,frozen,sandwiches frozen,20.0
684309,7,low,high,dry,bread products,1.8421052631578947
684312,7,low,high,dry,bread products,23.5
684314,7,low,high,dry,bread products,9.058823529411764
684317,365,low,high,dry,coffee/tea/hot drinks,1.7676767676767675
684328,90,medium,high,frozen,pizza (frozen/long shelf),1.9662921348314608
684347,365,low,high,ambient,alcoholic beverages,4.685714285714286
684372,60,medium,high,frozen,sandwiches frozen,1.7156862745098038
684378,60,medium,high,frozen,sandwiches frozen,1.7857142857142858
684386,60,medium,high,frozen,sandwiches frozen,1.9662921348314608
684464,3,high,high,refrigerated,fresh salads/vegetables,1.699029126213592
684872,90,low,high,frozen,frozen fried items,16.6
684876,3,high,high,refrigerated,fresh salads/vegetables,14.88888888888889
684878,1,high,medium,refrigerated,ready-to-eat meals,3.7083333333333335
684880,1,high,medium,refrigerated,ready-to-eat meals,30.5
684884,1,high,medium,refrigerated,ready-to-eat meals,20.285714285714285
684885,1,high,medium,refrigerated,ready-to-eat meals,10.5
684888,1,high,medium,refrigerated,ready-to-eat meals,31.2
684889,1,high,medium,refrigerated,ready-to-eat meals,22.33333333333333
684897,60,medium,high,frozen,seafood frozen,56.0
684901,2,high,high,refrigerated,meat fresh,7.5
684905,60,medium,high,frozen,seafood frozen,70.0
684946,365,low,high,dry,coffee/tea/hot drinks,21.0
684948,365,low,high,dry,coffee/tea/hot drinks,18.375
684967,14,medium,high,refrigerated,sauces/condiments,35.666666666666664
684973,365,low,high,ambient,soft drinks,46.333333333333336
685985,7,medium,high,refrigerated,fresh juice/smoothie,7.0
686019,365,low,high,dry,coffee/tea/hot drinks,5.821428571428571
686356,365,low,high,ambient,soft drinks,2.123456790123457
686367,365,low,high,ambient,soft drinks,4.941176470588236
686383,365,low,high,dry,coffee/tea/hot drinks,12.4
686400,365,low,high,ambient,soft drinks,8.055555555555555
686437,365,low,high,dry,coffee/tea/hot drinks,999.0
686442,365,low,high,dry,coffee/tea/hot drinks,999.0
686463,30,low,medium,dry,pastries shelf-stable,999.0
689412,365,low,high,ambient,alcoholic beverages,3.0701754385964914
693329,365,low,high,dry,coffee/tea/hot drinks,1.7572815533980584
693331,365,low,high,dry,coffee/tea/hot drinks,1.5338983050847457
693336,365,low,high,dry,coffee/tea/hot drinks,1.8222222222222224
693337,365,low,high,dry,coffee/tea/hot drinks,1.3185185185185184
693338,365,low,high,dry,coffee/tea/hot drinks,1.4031007751937985
693339,365,low,high,dry,coffee/tea/hot drinks,2.536231884057971
693340,365,low,high,dry,coffee/tea/hot drinks,1.13125
693341,365,low,high,dry,coffee/tea/hot drinks,1.587719298245614
693349,365,low,high,dry,coffee/tea/hot drinks,2.1686746987951806
693594,365,low,high,dry,coffee/tea/hot drinks,2.567164179104477
693595,365,low,high,dry,coffee/tea/hot drinks,2.1951219512195124
693597,365,low,high,dry,coffee/tea/hot drinks,2.585714285714286
693601,365,low,high,dry,coffee/tea/hot drinks,1.2080536912751678
693637,365,low,high,dry,coffee/tea/hot drinks,1.3923076923076922
694016,2,medium,medium,refrigerated,pasta/rice fresh,1.4655172413793105
694988,90,medium,high,frozen,pizza (frozen/long shelf),5.59375
694989,2,high,high,refrigerated,fresh pizza,4.2682926829268295
694991,90,medium,high,frozen,pizza (frozen/long shelf),4.638888888888889
695005,90,medium,high,frozen,meat frozen,5.666666666666667
695007,2,high,high,refrigerated,meat fresh,3.549019607843137
695010,2,high,high,refrigerated,meat fresh,2.0352941176470587
695023,7,medium,high,refrigerated,dairy/eggs,4.095238095238095
695025,1,high,high,refrigerated,wraps/kebab fresh,1.946236559139785
695032,365,low,high,dry,coffee/tea/hot drinks,1.40625
695033,2,high,high,refrigerated,meat fresh,2.2911392405063293
695037,60,medium,high,frozen,wraps/kebab frozen,3.851063829787234
695041,90,medium,high,frozen,meat frozen,4.7631578947368425
695044,60,medium,high,frozen,sandwiches frozen,5.7
695047,1,high,high,refrigerated,sandwiches fresh,4.605263157894737
695049,60,medium,high,frozen,sandwiches frozen,2.796875
695058,365,low,high,dry,coffee/tea/hot drinks,6.0
695468,365,low,high,dry,coffee/tea/hot drinks,2.0689655172413794
695471,365,low,high,dry,coffee/tea/hot drinks,3.2452830188679247
695472,365,low,high,dry,coffee/tea/hot drinks,2.0930232558139537
695473,365,low,high,dry,coffee/tea/hot drinks,2.2222222222222223
695474,365,low,high,dry,coffee/tea/hot drinks,5.566666666666666
695475,365,low,high,dry,coffee/tea/hot drinks,5.117647058823529
695480,365,low,high,dry,coffee/tea/hot drinks,2.2098765432098766
695481,365,low,high,dry,coffee/tea/hot drinks,2.3376623376623376
695482,365,low,high,dry,coffee/tea/hot drinks,2.9344262295081966
695483,365,low,high,dry,coffee/tea/hot drinks,2.647058823529412
695485,90,medium,high,frozen,meat frozen,4.390243902439025
695489,365,low,high,ambient,soft drinks,2.870967741935484
695493,60,medium,high,frozen,sandwiches frozen,4.694444444444445
695494,60,medium,high,frozen,wraps/kebab frozen,2.1951219512195124
695496,3,high,high,refrigerated,fresh salads/vegetables,6.923076923076923
695498,7,low,high,dry,bread products,3.0
695499,7,low,high,dry,bread products,2.0454545454545454
695500,30,low,medium,dry,pastries shelf-stable,2.142857142857143
695501,90,medium,high,frozen,meat frozen,4.2682926829268295
696185,2,high,high,refrigerated,meat fresh,1.0773809523809523
696229,2,high,high,refrigerated,meat fresh,1.2397260273972603
696428,365,low,high,dry,coffee/tea/hot drinks,1.096969696969697
696481,365,low,high,dry,coffee/tea/hot drinks,1.925531914893617
696584,3,high,high,refrigerated,fresh salads/vegetables,1.8842105263157896
696743,1,high,medium,refrigerated,ready-to-eat meals,2.2857142857142856
696983,365,low,high,dry,coffee/tea/hot drinks,1.0778443113772456
697135,180,low,high,ambient,shelf-stable snacks,4.972222222222222
69792,14,medium,high,refrigerated,sauces/condiments,13.0
699534,1,high,high,refrigerated,wraps/kebab fresh,1.818181818181818
699972,365,low,high,ambient,alcoholic beverages,1.0714285714285714
699980,365,low,high,ambient,alcoholic beverages,1.5584415584415583
699986,365,low,high,ambient,alcoholic beverages,1.9672131147540983
700051,365,low,high,ambient,alcoholic beverages,1.1442307692307692
702136,365,low,high,ambient,alcoholic beverages,999.0
702150,365,low,high,dry,coffee/tea/hot drinks,999.0
702169,365,low,high,dry,coffee/tea/hot drinks,17.88888888888889
708130,180,low,high,ambient,shelf-stable snacks,2.2911392405063293
708162,180,low,high,ambient,shelf-stable snacks,2.011111111111111
708171,180,low,high,ambient,shelf-stable snacks,1.1383647798742138
708176,180,low,high,ambient,shelf-stable snacks,1.222972972972973
712126,2,high,high,refrigerated,meat fresh,1.2741935483870968
712130,365,low,high,ambient,soft drinks,1.869047619047619
712254,3,high,high,refrigerated,fresh salads/vegetables,5.625
716632,365,low,high,ambient,alcoholic beverages,1.0
716633,365,low,high,ambient,alcoholic beverages,1.2397260273972603
716634,365,low,high,ambient,alcoholic beverages,2.0
716635,365,low,high,ambient,alcoholic beverages,1.5486725663716814
716639,365,low,high,ambient,alcoholic beverages,12.166666666666666
716642,365,low,high,ambient,soft drinks,1.167741935483871
716643,90,medium,high,frozen,meat frozen,4.861111111111111
716644,90,medium,high,frozen,meat frozen,999.0
716646,7,medium,high,refrigerated,fresh juice/smoothie,7.238095238095238
716649,365,low,high,ambient,alcoholic beverages,999.0
716655,2,medium,medium,refrigerated,pasta/rice fresh,3.0
716661,365,low,high,dry,coffee/tea/hot drinks,33.666666666666664
716662,180,low,high,ambient,shelf-stable snacks,4.666666666666667
716675,60,medium,high,frozen,sandwiches frozen,2.333333333333333
716676,60,medium,medium,frozen,pasta/rice frozen,7.0
716677,365,low,high,dry,coffee/tea/hot drinks,18.375
716678,365,low,high,dry,coffee/tea/hot drinks,6.074074074074074
716679,365,low,high,dry,coffee/tea/hot drinks,17.0
716680,365,low,high,dry,coffee/tea/hot drinks,8.117647058823529
716681,365,low,high,ambient,soft drinks,5.5
716682,60,medium,high,frozen,sandwiches frozen,2.0348837209302326
716683,1,high,medium,refrigerated,ready-to-eat meals,70.0
716757,2,high,high,refrigerated,fresh pizza,2.8095238095238093
716776,90,medium,high,frozen,pizza (frozen/long shelf),3.934782608695652
716795,90,medium,high,frozen,pizza (frozen/long shelf),6.068965517241379
716800,60,medium,high,frozen,wraps/kebab frozen,4.048780487804878
716816,2,high,high,refrigerated,meat fresh,2.046511627906977
716820,365,low,high,ambient,alcoholic beverages,4.909090909090909
716822,60,medium,high,frozen,sandwiches frozen,7.818181818181818
716823,60,medium,high,frozen,sandwiches frozen,7.0
716824,1,high,high,refrigerated,sandwiches fresh,4.309523809523809
716825,60,medium,high,frozen,sandwiches frozen,3.6458333333333335
716827,365,low,high,dry,coffee/tea/hot drinks,1.901098901098901
716828,365,low,high,dry,coffee/tea/hot drinks,1.5083333333333333
716830,365,low,high,dry,coffee/tea/hot drinks,1.89247311827957
716847,365,low,high,dry,coffee/tea/hot drinks,7.736842105263157
716848,90,medium,high,frozen,meat frozen,13.272727272727272
716849,1,high,medium,refrigerated,ready-to-eat meals,9.38888888888889
716852,365,low,high,dry,coffee/tea/hot drinks,6.0
716890,365,low,high,ambient,alcoholic beverages,6.833333333333333
716891,3,medium,high,refrigerated,processed meat,3.3076923076923075
716893,365,low,high,ambient,alcoholic beverages,5.6
716894,365,low,high,dry,coffee/tea/hot drinks,4.928571428571429
716895,60,medium,high,frozen,sandwiches frozen,5.916666666666667
716896,365,low,high,ambient,alcoholic beverages,4.0625
716899,90,medium,high,frozen,meat frozen,8.428571428571429
716900,2,high,high,refrigerated,meat fresh,1.871794871794872
716901,365,low,high,dry,coffee/tea/hot drinks,2.142857142857143
716902,365,low,high,dry,coffee/tea/hot drinks,999.0
716934,365,low,high,dry,coffee/tea/hot drinks,8.076923076923077
716939,365,low,high,ambient,alcoholic beverages,1.3211678832116789
716940,365,low,high,ambient,alcoholic beverages,1.7333333333333334
716941,365,low,high,ambient,soft drinks,2.011111111111111
716946,365,low,high,dry,coffee/tea/hot drinks,2.2911392405063293
716949,365,low,high,ambient,alcoholic beverages,3.954545454545455
716953,180,low,high,ambient,shelf-stable snacks,17.2
716954,180,low,high,ambient,shelf-stable snacks,14.0
716955,365,low,high,ambient,alcoholic beverages,10.588235294117649
716956,365,low,high,ambient,alcoholic beverages,23.5
716957,365,low,high,ambient,alcoholic beverages,8.38888888888889
717372,365,low,high,ambient,alcoholic beverages,1.2244897959183674
717373,365,low,high,ambient,alcoholic beverages,1.0588235294117647
717374,365,low,high,ambient,alcoholic beverages,1.4426229508196722
717376,365,low,high,dry,coffee/tea/hot drinks,1.139240506329114
717377,365,low,high,dry,coffee/tea/hot drinks,1.139240506329114
717378,365,low,high,dry,coffee/tea/hot drinks,1.1320754716981132
717379,365,low,high,dry,coffee/tea/hot drinks,1.267605633802817
717380,365,low,high,dry,coffee/tea/hot drinks,1.2040816326530612
717392,1,high,high,refrigerated,sandwiches fresh,1.1920529801324504
717396,1,high,high,refrigerated,sandwiches fresh,1.0909090909090908
717398,1,high,high,refrigerated,sandwiches fresh,1.4471544715447155
717410,365,low,high,dry,coffee/tea/hot drinks,1.0975609756097562
717411,365,low,high,dry,coffee/tea/hot drinks,1.1320754716981132
717412,365,low,high,ambient,alcoholic beverages,1.3828125
717417,1,high,high,refrigerated,sandwiches fresh,1.2587412587412588
717424,2,high,high,refrigerated,meat fresh,1.2714285714285714
718523,3,high,high,refrigerated,fresh salads/vegetables,6.071428571428571
718545,60,medium,medium,frozen,pasta/rice frozen,9.25
718620,14,medium,high,refrigerated,sauces/condiments,17.5
739556,365,low,high,dry,coffee/tea/hot drinks,6.7
739562,365,low,high,dry,coffee/tea/hot drinks,1.0
739563,1,high,medium,refrigerated,ready-to-eat meals,15.0
739564,1,high,medium,refrigerated,ready-to-eat meals,10.0
739567,1,high,medium,refrigerated,ready-to-eat meals,22.0
739569,365,low,high,dry,coffee/tea/hot drinks,14.0
739573,365,low,high,dry,coffee/tea/hot drinks,8.75
739896,365,low,high,ambient,alcoholic beverages,999.0
739946,60,medium,high,frozen,seafood frozen,999.0
739978,3,high,high,refrigerated,fresh salads/vegetables,999.0
739981,60,medium,high,frozen,seafood frozen,999.0
740006,1,high,medium,refrigerated,ready-to-eat meals,155.0
740014,1,high,medium,refrigerated,ready-to-eat meals,999.0
740034,365,low,high,ambient,soft drinks,999.0
740035,365,low,high,ambient,soft drinks,999.0
740037,365,low,high,ambient,soft drinks,999.0
740041,90,medium,high,frozen,meat frozen,49.5
741922,365,low,high,ambient,alcoholic beverages,1.2657342657342658
748958,180,low,high,ambient,shelf-stable snacks,1.475409836065574
751341,180,low,high,ambient,shelf-stable snacks,1.3636363636363635
751578,365,low,high,dry,coffee/tea/hot drinks,2.6865671641791047
751586,365,low,high,ambient,alcoholic beverages,11.285714285714286
751588,90,medium,high,frozen,meat frozen,6.56
751589,60,medium,high,frozen,sandwiches frozen,7.7
751598,60,medium,high,frozen,sandwiches frozen,4.0
751704,365,low,high,ambient,alcoholic beverages,1.0055555555555555
751705,365,low,high,ambient,alcoholic beverages,1.2857142857142858
751706,365,low,high,ambient,alcoholic beverages,47.0
751707,365,low,high,dry,coffee/tea/hot drinks,7.818181818181818
751708,365,low,high,ambient,soft drinks,1.125
751710,365,low,high,dry,coffee/tea/hot drinks,1.25
751711,365,low,high,dry,coffee/tea/hot drinks,2.057471264367816
751712,365,low,high,dry,coffee/tea/hot drinks,2.0930232558139537
751713,365,low,high,ambient,alcoholic beverages,2.571428571428572
751714,365,low,high,ambient,alcoholic beverages,2.3684210526315788
751715,365,low,high,ambient,alcoholic beverages,2.3076923076923075
751716,365,low,high,ambient,alcoholic beverages,70.0
751718,365,low,high,ambient,alcoholic beverages,8.181818181818182
751719,365,low,high,ambient,alcoholic beverages,8.722222222222221
751720,365,low,high,ambient,alcoholic beverages,15.5
752036,3,high,high,refrigerated,fresh salads/vegetables,14.0
752080,365,low,high,dry,coffee/tea/hot drinks,27.4
752717,90,medium,high,frozen,meat frozen,28.0
756697,365,low,high,ambient,soft drinks,3.0350877192982457
756724,365,low,high,ambient,soft drinks,3.909090909090909
758686,14,medium,high,refrigerated,cheese,2.6923076923076925
762220,365,low,high,dry,coffee/tea/hot drinks,2.0930232558139537
762315,180,low,high,ambient,shelf-stable snacks,4.8108108108108105
762322,90,medium,high,frozen,meat frozen,2.647058823529412
762330,30,low,medium,dry,pastries shelf-stable,12.692307692307692
764236,365,low,high,ambient,alcoholic beverages,2.104651162790698
764237,365,low,high,ambient,alcoholic beverages,3.96
764238,365,low,high,ambient,alcoholic beverages,1.7378640776699028
764240,365,low,high,ambient,alcoholic beverages,2.585714285714286
764243,365,low,high,ambient,soft drinks,1.84375
764252,90,medium,high,frozen,meat frozen,11.571428571428571
764253,90,medium,high,frozen,meat frozen,11.2
764254,365,low,high,ambient,alcoholic beverages,2.9672131147540983
764255,365,low,high,ambient,alcoholic beverages,2.445945945945946
764256,365,low,high,ambient,alcoholic beverages,3.4150943396226414
764257,3,medium,medium,refrigerated,pastries fresh,2.6666666666666665
764259,60,medium,medium,frozen,pasta/rice frozen,9.8125
764260,365,low,high,ambient,alcoholic beverages,9.615384615384617
769426,365,low,high,ambient,alcoholic beverages,2.3376623376623376
769636,365,low,high,ambient,soft drinks,4.309523809523809
770180,365,low,high,dry,coffee/tea/hot drinks,3.1206896551724137
770292,365,low,high,ambient,alcoholic beverages,1.865979381443299
771218,365,low,high,ambient,alcoholic beverages,999.0
771224,365,low,high,ambient,alcoholic beverages,1.381679389312977
771240,365,low,high,ambient,alcoholic beverages,18.33333333333333
773394,2,high,high,refrigerated,fresh pizza,1.44
781079,365,low,high,dry,coffee/tea/hot drinks,1.103658536585366
781083,365,low,high,dry,coffee/tea/hot drinks,1.1986754966887416
781090,365,low,high,dry,coffee/tea/hot drinks,1.69811320754717
781093,7,medium,high,refrigerated,fresh juice/smoothie,1.0225988700564972
781094,7,medium,high,refrigerated,fresh juice/smoothie,1.0225988700564972
781105,14,medium,high,refrigerated,cheese,2.5294117647058822
781110,1,high,high,refrigerated,sandwiches fresh,1.6306306306306306
781111,1,high,high,refrigerated,sandwiches fresh,1.0225988700564972
781112,1,high,high,refrigerated,sandwiches fresh,1.0647058823529412
781113,3,high,high,refrigerated,fresh salads/vegetables,1.2785714285714285
781114,2,medium,medium,refrigerated,soup fresh,2.6029411764705883
781121,1,high,high,refrigerated,wraps/kebab fresh,2.01123595505618
781126,365,low,high,ambient,alcoholic beverages,1.6728971962616823
781128,3,medium,medium,refrigerated,pastries fresh,2.647058823529412
786324,365,low,high,ambient,alcoholic beverages,1.4814814814814814
787456,365,low,high,dry,coffee/tea/hot drinks,1.647887323943662
787463,365,low,high,dry,coffee/tea/hot drinks,1.818181818181818
787482,365,low,high,dry,coffee/tea/hot drinks,1.3953488372093024
788065,365,low,high,dry,coffee/tea/hot drinks,5.88
788070,365,low,high,ambient,alcoholic beverages,9.166666666666666
788078,60,medium,high,frozen,processed meat frozen,9.166666666666666
788081,365,low,high,ambient,alcoholic beverages,999.0
788083,365,low,high,ambient,alcoholic beverages,6.214285714285714
788094,365,low,high,ambient,soft drinks,4.142857142857143
788108,365,low,high,ambient,soft drinks,5.419354838709677
788113,365,low,high,dry,coffee/tea/hot drinks,8.4
788121,365,low,high,dry,coffee/tea/hot drinks,9.625
788150,180,low,high,ambient,shelf-stable snacks,999.0
788166,180,low,high,ambient,shelf-stable snacks,11.714285714285714
788182,365,low,high,ambient,confectionery,11.9
788382,60,medium,medium,frozen,pasta/rice frozen,23.0
792042,14,medium,high,refrigerated,sauces/condiments,2.381578947368421
792096,2,high,high,refrigerated,fresh pizza,1.124223602484472
799847,2,high,high,refrigerated,fresh pizza,4.357142857142857
799859,365,low,high,dry,coffee/tea/hot drinks,4.0
799865,365,low,high,dry,coffee/tea/hot drinks,4.285714285714286
799868,2,high,high,refrigerated,fresh pizza,6.857142857142857
799869,2,high,high,refrigerated,fresh pizza,4.916666666666667
799880,90,medium,high,frozen,pizza (frozen/long shelf),4.625
799881,2,high,high,refrigerated,fresh pizza,1.736842105263158
799883,90,medium,high,frozen,pizza (frozen/long shelf),9.0
799884,90,medium,high,frozen,pizza (frozen/long shelf),7.5
799885,90,medium,high,frozen,pizza (frozen/long shelf),8.666666666666666
799889,365,low,high,ambient,soft drinks,8.0
799952,365,low,high,dry,coffee/tea/hot drinks,8.6
799953,365,low,high,dry,coffee/tea/hot drinks,3.0
799965,365,low,high,ambient,alcoholic beverages,2.4074074074074074
799966,365,low,high,ambient,alcoholic beverages,5.4
799969,60,medium,high,frozen,wraps/kebab frozen,5.333333333333333
799982,365,low,high,ambient,soft drinks,8.0
802379,14,medium,high,refrigerated,sauces/condiments,1.263157894736842
805149,180,low,high,ambient,shelf-stable snacks,1.3740458015267176
806453,365,low,high,dry,coffee/tea/hot drinks,1.0465116279069768
807120,1,high,high,refrigerated,sandwiches fresh,1.139240506329114
807905,365,low,high,ambient,alcoholic beverages,5.142857142857143
808518,365,low,high,ambient,alcoholic beverages,2.5526315789473686
808954,14,medium,high,refrigerated,cheese,1.2569444444444444
808962,2,high,high,refrigerated,meat fresh,1.7647058823529411
808963,2,high,high,refrigerated,meat fresh,1.6635514018691588
808964,2,high,high,refrigerated,fresh pizza,1.1464968152866242
808966,1,high,high,refrigerated,wraps/kebab fresh,1.2857142857142858
808967,1,high,high,refrigerated,wraps/kebab fresh,1.7572815533980584
808974,1,high,medium,refrigerated,ready-to-eat meals,1.925531914893617
808979,2,high,high,refrigerated,meat fresh,1.691588785046729
808983,2,high,high,refrigerated,meat fresh,1.5169491525423728
808987,2,high,high,refrigerated,meat fresh,2.011494252873564
808995,1,high,high,refrigerated,sandwiches fresh,1.0402298850574712
808996,1,high,high,refrigerated,wraps/kebab fresh,1.3115942028985508
808997,1,high,high,refrigerated,sandwiches fresh,1.083832335329341
809001,1,high,high,refrigerated,sandwiches fresh,1.267605633802817
809007,2,medium,medium,refrigerated,pasta/rice fresh,2.0
809009,2,medium,medium,refrigerated,pasta/rice fresh,1.5789473684210529
809011,2,medium,medium,refrigerated,pasta/rice fresh,1.946236559139785
809018,365,low,high,ambient,alcoholic beverages,1.4715447154471544
809022,365,low,high,ambient,soft drinks,1.0710059171597632
809023,365,low,high,ambient,soft drinks,2.033707865168539
809636,365,low,high,ambient,alcoholic beverages,1.5789473684210529
809745,180,low,high,ambient,shelf-stable snacks,1.2162162162162162
810483,365,low,high,ambient,alcoholic beverages,7.291666666666667
813091,180,low,high,ambient,shelf-stable snacks,17.333333333333332
817578,365,low,high,ambient,alcoholic beverages,94.0
817617,365,low,high,ambient,alcoholic beverages,6.206896551724138
821332,14,medium,high,refrigerated,cheese,22.0
821773,1,high,medium,refrigerated,ready-to-eat meals,1.584070796460177
821938,7,medium,high,refrigerated,fresh juice/smoothie,1.3740458015267176
822600,90,medium,high,frozen,meat frozen,2.255813953488372
822616,90,medium,high,frozen,meat frozen,2.255813953488372
822738,365,low,high,ambient,soft drinks,1.0344827586206895
822767,365,low,high,ambient,alcoholic beverages,1.0055555555555555
822768,365,low,high,ambient,alcoholic beverages,1.818181818181818
822769,365,low,high,ambient,alcoholic beverages,1.0
822773,365,low,high,dry,coffee/tea/hot drinks,2.2658227848101267
822774,2,medium,medium,refrigerated,pasta/rice fresh,2.8852459016393444
822777,365,low,high,ambient,soft drinks,1.2746478873239435
822778,365,low,high,dry,coffee/tea/hot drinks,3.695652173913044
822779,365,low,high,ambient,soft drinks,3.74468085106383
822780,365,low,high,ambient,alcoholic beverages,11.266666666666667
822781,365,low,high,ambient,alcoholic beverages,6.68
822782,90,medium,high,frozen,meat frozen,6.703703703703703
822785,365,low,high,dry,coffee/tea/hot drinks,1.547008547008547
822786,365,low,high,dry,coffee/tea/hot drinks,10.875
822787,90,medium,high,frozen,meat frozen,4.0
822788,180,low,high,ambient,shelf-stable snacks,5.454545454545454
822789,365,low,high,ambient,alcoholic beverages,6.541666666666667
822790,365,low,high,ambient,alcoholic beverages,11.454545454545457
823730,365,low,high,dry,coffee/tea/hot drinks,8.333333333333334
824448,60,medium,high,frozen,seafood frozen,8.1
824798,2,high,high,refrigerated,meat fresh,1.2413793103448276
824808,365,low,high,dry,coffee/tea/hot drinks,1.4173228346456692
825373,30,low,medium,dry,pastries shelf-stable,3.976744186046512
826291,365,low,high,ambient,soft drinks,1.1320754716981132
826454,365,low,high,dry,coffee/tea/hot drinks,1.9791666666666667
826461,3,medium,medium,refrigerated,pastries fresh,1.40625
826464,365,low,high,dry,coffee/tea/hot drinks,1.7592592592592593
829833,2,high,high,refrigerated,fresh pizza,2.3026315789473686
829948,1,high,high,refrigerated,sandwiches fresh,1.5254237288135593
829955,1,high,high,refrigerated,wraps/kebab fresh,2.130952380952381
830006,365,low,high,ambient,alcoholic beverages,2.769230769230769
833474,3,medium,high,refrigerated,bread fresh,1.0344827586206895
834885,3,medium,high,refrigerated,processed meat,1.0909090909090908
834942,3,medium,high,refrigerated,processed meat,1.2244897959183674
835612,30,low,medium,dry,pastries shelf-stable,6.76
836111,365,low,high,dry,coffee/tea/hot drinks,1.0714285714285714
837387,365,low,high,ambient,confectionery,9.666666666666666
861815,365,low,high,ambient,alcoholic beverages,35.4
861826,365,low,high,ambient,alcoholic beverages,3.0
861846,365,low,high,ambient,alcoholic beverages,1.7403846153846154
861914,365,low,high,ambient,alcoholic beverages,1.011173184357542
868293,365,low,high,ambient,alcoholic beverages,1.2868217054263569
893339,365,low,high,ambient,alcoholic beverages,1.0101010101010102
893341,365,low,high,ambient,alcoholic beverages,2.3902439024390243
893343,365,low,high,ambient,soft drinks,1.0416666666666667
893345,365,low,high,ambient,alcoholic beverages,3.769230769230769
893346,365,low,high,ambient,alcoholic beverages,56.0
893349,365,low,high,dry,coffee/tea/hot drinks,5.3125
893356,365,low,high,ambient,alcoholic beverages,7.0
893366,365,low,high,dry,coffee/tea/hot drinks,10.75
893368,180,low,high,ambient,shelf-stable snacks,13.0
893371,365,low,high,ambient,alcoholic beverages,5.6875
893372,365,low,high,dry,coffee/tea/hot drinks,25.0
893374,365,low,high,ambient,alcoholic beverages,5.5
893685,365,low,high,dry,coffee/tea/hot drinks,1.7592592592592593
894243,3,medium,high,refrigerated,bread fresh,1.565217391304348
894512,180,low,high,ambient,shelf-stable snacks,2.536231884057971
894679,365,low,high,dry,coffee/tea/hot drinks,1.7592592592592593
896825,365,low,high,dry,coffee/tea/hot drinks,1.7592592592592593
897886,365,low,high,ambient,alcoholic beverages,2.80327868852459
898358,1,high,high,refrigerated,wraps/kebab fresh,3.067796610169492
898367,365,low,high,ambient,alcoholic beverages,4.611111111111111
898387,2,high,high,refrigerated,fresh pizza,2.723076923076923
907147,365,low,high,dry,coffee/tea/hot drinks,52.0
907148,365,low,high,ambient,soft drinks,8.0
908806,2,high,high,refrigerated,fresh pizza,2.071428571428572
908833,60,medium,high,frozen,sandwiches frozen,4.809523809523809
908844,365,low,high,dry,coffee/tea/hot drinks,2.0
908855,1,high,high,refrigerated,wraps/kebab fresh,2.4375
908870,365,low,high,ambient,soft drinks,2.8292682926829267
909102,365,low,high,dry,coffee/tea/hot drinks,1.946236559139785
909103,60,medium,high,frozen,seafood frozen,3.0701754385964914
909115,90,medium,high,frozen,meat frozen,1.845360824742268
909116,60,medium,high,frozen,sandwiches frozen,1.4140625
909122,90,medium,high,frozen,meat frozen,2.4657534246575343
909129,365,low,high,dry,coffee/tea/hot drinks,3.480769230769231
909160,365,low,high,dry,coffee/tea/hot drinks,1.381679389312977
909162,365,low,high,dry,coffee/tea/hot drinks,2.3552631578947367
909163,365,low,high,dry,coffee/tea/hot drinks,2.2911392405063293
909167,365,low,high,dry,coffee/tea/hot drinks,2.0568181818181817
909169,365,low,high,ambient,alcoholic beverages,1.4365079365079363
909171,365,low,high,ambient,alcoholic beverages,1.4365079365079363
909173,365,low,high,ambient,alcoholic beverages,1.5739130434782609
909175,365,low,high,ambient,alcoholic beverages,2.381578947368421
909181,365,low,high,ambient,alcoholic beverages,3.851063829787234
909182,365,low,high,ambient,alcoholic beverages,4.512820512820513
909185,365,low,high,ambient,soft drinks,1.292857142857143
909187,365,low,high,dry,coffee/tea/hot drinks,1.7403846153846154
909191,365,low,high,dry,coffee/tea/hot drinks,2.011111111111111
909197,365,low,high,dry,coffee/tea/hot drinks,3.0172413793103448
909691,365,low,high,dry,coffee/tea/hot drinks,999.0
910614,7,low,high,dry,bread products,1.7592592592592593
912691,365,low,high,dry,coffee/tea/hot drinks,1.0404624277456649
913677,7,low,high,dry,bread products,1.7722772277227723
916889,365,low,high,dry,coffee/tea/hot drinks,1.1942446043165469
916908,365,low,high,dry,coffee/tea/hot drinks,2.894736842105264
917130,365,low,high,dry,coffee/tea/hot drinks,3.775
917859,3,medium,medium,refrigerated,pastries fresh,2.647058823529412
917916,3,medium,high,refrigerated,bread fresh,1.7019230769230769
917926,365,low,high,ambient,alcoholic beverages,1.217687074829932
918099,365,low,high,ambient,soft drinks,1.2695035460992907
918166,365,low,high,ambient,alcoholic beverages,24.33333333333333
919558,2,high,high,refrigerated,meat fresh,1.1180124223602483
930341,365,low,high,dry,coffee/tea/hot drinks,1.85
931541,3,medium,medium,refrigerated,pastries fresh,1.3043478260869563
932300,30,low,medium,dry,pastries shelf-stable,11.533333333333331
945689,60,medium,medium,frozen,pasta/rice frozen,4.648648648648648
945696,365,low,high,ambient,soft drinks,1.6216216216216215
945697,2,high,high,refrigerated,fresh pizza,2.5
945726,1,high,high,refrigerated,wraps/kebab fresh,1.1538461538461535
945731,60,medium,medium,frozen,pasta/rice frozen,3.2
945750,1,high,high,refrigerated,wraps/kebab fresh,3.0338983050847457
945754,365,low,high,ambient,alcoholic beverages,1.3308823529411764
945757,365,low,high,ambient,alcoholic beverages,3.5625
945765,60,medium,high,frozen,sandwiches frozen,4.119047619047619
945773,365,low,high,ambient,soft drinks,3.52
951741,180,low,high,ambient,shelf-stable snacks,999.0
954739,365,low,high,ambient,alcoholic beverages,11.4
955429,365,low,high,ambient,alcoholic beverages,1.096969696969697
955441,2,high,high,refrigerated,fresh pizza,1.7647058823529411
955457,365,low,high,ambient,alcoholic beverages,1.547008547008547
955476,2,high,high,refrigerated,fresh pizza,1.1464968152866242
955484,90,medium,high,frozen,pizza (frozen/long shelf),4.777777777777778
955492,2,high,high,refrigerated,fresh pizza,1.6071428571428572
955502,2,high,high,refrigerated,fresh pizza,4.138888888888889
955543,90,medium,high,frozen,pizza (frozen/long shelf),10.785714285714286
955548,90,medium,high,frozen,pizza (frozen/long shelf),4.611111111111111
955554,2,high,high,refrigerated,fresh pizza,3.0526315789473686
955570,90,medium,high,frozen,pizza (frozen/long shelf),4.046511627906977
968963,365,low,high,dry,coffee/tea/hot drinks,2.535211267605634
968971,7,low,high,dry,bread products,4.475
969004,30,low,medium,dry,pastries shelf-stable,2.8225806451612905
1006599,365,low,high,ambient,Beverage/alcohol: Oprah,35.333333333333336
1025731,365,low,high,ambient,Beverage/alcohol: sommersby,12.4
1045589,5,medium,low,refrigerated,Short shelf (max_gap 9.0): Unspecified,2.3506493506493507
1063904,9999,low,high,non_food,Service/non-food: Akupunktur,9.22222222222222
1066011,30,medium,medium,ambient,Medium shelf (max_gap 14.0): Unspecified,5.28125
1066388,3,high,high,refrigerated,Prepared meal/salad: Frikadelle,2.3972602739726026
1068946,365,low,high,ambient,Beverage/alcohol: Energidrik,1.8526315789473684
1073078,2,high,high,refrigerated,Prepared meal/salad: Quiche + salade,10.5
1075017,3,high,high,refrigerated,Prepared meal/salad: Brunch,12.75
1075333,3,high,high,refrigerated,Prepared meal/salad: Håndmad,108.0
1083823,9999,low,high,non_food,Service/non-food: 1 Time Oliemassage,999.0
1083828,9999,low,high,non_food,Service/non-food: 1 Time Aromamassage,10.142857142857142
1083829,9999,low,high,non_food,Service/non-food: 1/2 Time Fodmassage,999.0
1083830,9999,low,high,non_food,Service/non-food: 1 Time Fodmassage,999.0
1090102,2,high,low,refrigerated,Fresh perishable (max_gap 1.0): Unspecified,1.0
1105817,5,medium,low,refrigerated,Short shelf (max_gap 3.0): Unspecified,1.222972972972973
1118805,5,medium,low,refrigerated,Short shelf (max_gap 3.0): Special,2.0
1137892,5,high,high,ambient,Fresh bread/bakery: Floedeis,6.76
1145644,9999,low,high,non_food,Service/non-food: Manicure med ensfarvet lak/Shellac,10.5
1173432,3,high,high,refrigerated,Prepared meal/salad: Brunch,51.5
1227284,90,low,high,dry,Shelf-stable bakery: 3 stk Cookies,13.416666666666666
1229449,365,low,high,refrigerated,Beverage/alcohol: Antons ØKO Saft,2.3506493506493507
1229478,9999,low,high,non_food,Service/non-food: Adelhardt ØKO Rabarber,15.4
1229993,5,high,high,ambient,Fresh bread/bakery: Napoleonshat,3.0338983050847457
1230081,90,low,high,dry,Shelf-stable bakery: Cookie,4.414634146341464
1230165,5,high,high,ambient,Fresh bread/bakery: Kanelsnurre ØKO,1.6306306306306306
1230798,3,high,high,refrigerated,Prepared meal/salad: Sancocho,10.466666666666669
1240477,365,low,high,ambient,Beverage/alcohol: Sirup shot,7.826086956521739
1247438,5,medium,low,refrigerated,Short shelf (max_gap 13.0): Unspecified,3.0
1259241,9999,low,high,non_food,Service/non-food: Herreklip,1.651376146788991
1259242,9999,low,high,non_food,Service/non-food: Dameklip,14.727272727272728
1259243,9999,low,high,non_food,Service/non-food: Børneklip,7.272727272727272
1259246,9999,low,high,non_food,Service/non-food: Maskineklip,5.8
1259249,9999,low,high,non_food,Service/non-food: Hårvasker,999.0
1269683,365,low,high,ambient,Beverage/alcohol: Cocio  store,1.9565217391304348
1297198,365,low,high,ambient,Beverage/alcohol: Tuborg pilsner,1.1764705882352942
1297454,365,low,high,ambient,Beverage/alcohol: Tuborg classic,1.2746478873239435
1297963,365,low,high,ambient,Beverage/alcohol: Mikkeler burst ipa,2.3376623376623376
1298038,365,low,high,ambient,Beverage/alcohol: Grimbergen double,2.25
1298065,365,low,high,ambient,Beverage/alcohol: Jacobsen juicy IPA,1.5789473684210529
1298131,365,low,high,ambient,Beverage/alcohol: Mikkeller ich bin rasberry,1.7403846153846154
1298157,365,low,high,ambient,Beverage/alcohol: Playa De Brooklyn,2.8548387096774195
1298178,365,low,high,ambient,Beverage/alcohol: 1664 blanc,1.283687943262411
1298205,365,low,high,ambient,Beverage/alcohol: Brooklyn stonewall IPA,1.5338983050847457
1298243,365,low,high,ambient,Beverage/alcohol: Brooklyn pulp art IPA,2.573529411764706
1298310,365,low,high,ambient,Beverage/alcohol: Passion attraction,2.671641791044776
1298336,365,low,high,ambient,Beverage/alcohol: Tuborg pilsner,2.3376623376623376
1299021,365,low,high,ambient,Beverage/alcohol: Basil sour smash,4.512820512820513
1299096,365,low,high,ambient,Beverage/alcohol: Raspberry rascal,3.911111111111111
1320387,30,medium,medium,ambient,"Medium shelf (max_gap 19.0): 2 ens for 135,-",2.373333333333333
1333981,180,low,medium,dry,Long shelf (max_gap 105.0): Runnig dinner,105.0
1393766,180,low,medium,dry,Long shelf (max_gap 999.0): Branca Menta,999.0
1419418,30,medium,medium,ambient,Medium shelf (max_gap 84.0): S. Brugsen,84.0
1420839,5,medium,low,refrigerated,Short shelf (max_gap 10.0): Hoddok,1.7475728155339805
1439345,30,medium,medium,ambient,Medium shelf (max_gap 34.0): Unspecified,8.166666666666666
1439475,5,medium,low,refrigerated,Short shelf (max_gap 11.0): Unspecified,1.894736842105263
1447752,5,medium,low,refrigerated,Short shelf (max_gap 12.0): Unspecified,2.227272727272727
1452945,365,low,high,ambient,Beverage/alcohol: Drikkelse,2.4788732394366195
1452957,365,low,high,ambient,Beverage/alcohol: Drikkelse,1.6363636363636365
1452990,9999,low,high,non_food,Service/non-food: Gavekort,1.978021978021978
1465913,9999,low,high,non_food,Service/non-food: Herreklip,2.194029850746269
1465915,9999,low,high,non_food,Service/non-food: Børneklip,4.4375
1465916,9999,low,high,non_food,Service/non-food: Maskineklip,8.428571428571429
1465918,9999,low,high,non_food,Service/non-food: Hårvasker,8.8125
1465921,5,medium,low,refrigerated,Short shelf (max_gap 11.0): Cologne,11.0
1499351,5,medium,low,refrigerated,Short shelf (max_gap 8.0): SVÆR,1.894736842105263
1499361,5,medium,low,refrigerated,Short shelf (max_gap 12.0): Energi Drink,3.087719298245614
1499364,2,high,low,refrigerated,Fresh perishable (max_gap 2.0): Sprit (22),1.0520231213872833
1499366,5,medium,low,refrigerated,Short shelf (max_gap 8.0): Sprit (25),1.5739130434782609
1499367,30,medium,medium,ambient,Medium shelf (max_gap 27.0): Sprit (31),5.114285714285714
1499368,30,medium,medium,ambient,Medium shelf (max_gap 18.0): Sprit (43),6.666666666666667
1499372,30,medium,medium,ambient,Medium shelf (max_gap 20.0): Husets Sprit,7.391304347826087
1499376,365,low,high,ambient,Beverage/alcohol: Mokai,2.246913580246914
1499377,365,low,high,ambient,Beverage/alcohol: 3 Mokai,2.275
1499379,5,medium,low,refrigerated,Short shelf (max_gap 7.0): Underberg,2.2625
1499380,5,medium,low,refrigerated,Short shelf (max_gap 10.0): Billig Dring,2.2375
1499384,5,high,high,ambient,Fresh bread/bakery: Isbjørn,4.090909090909091
1499392,9999,low,high,non_food,Service/non-food: 20 Røg,1.3308823529411764
1523513,9999,low,high,non_food,Service/non-food: Herreklip,1.3043478260869563
1523515,9999,low,high,non_food,Service/non-food: Børneklip,4.837837837837838
1523519,5,medium,low,refrigerated,Short shelf (max_gap 5.0): Wax,5.0
1618344,30,medium,medium,ambient,Medium shelf (max_gap 68.0): Unspecified,23.142857142857142
1642620,9999,low,high,non_food,Service/non-food: Rabatkort,1.0342857142857145
1642695,2,high,low,refrigerated,Fresh perishable (max_gap 2.0): Spiritus 25,1.011173184357542
1642708,30,medium,medium,ambient,Medium shelf (max_gap 19.0): Spiritus 35,5.774193548387097
1642725,365,low,high,ambient,Beverage/alcohol: Redbull,1.4031007751937985
1648820,5,medium,low,refrigerated,Short shelf (max_gap 3.0): Flaeskesvaer,1.32
1658503,5,medium,low,refrigerated,Short shelf (max_gap 8.0): Margharita,2.452054794520548
1658504,3,high,high,refrigerated,Fresh pizza: Hawaii,1.79
1658505,30,medium,medium,ambient,Medium shelf (max_gap 14.0): Danmark,4.885714285714286
1658511,365,low,high,ambient,Beverage/alcohol: Vesuvio,2.701492537313433
1658514,5,medium,low,refrigerated,Short shelf (max_gap 11.0): Alfreso De Palermo,2.8095238095238093
1658520,5,medium,low,refrigerated,Short shelf (max_gap 11.0): Hornsyld,3.723404255319149
1658522,3,high,high,refrigerated,Fresh pizza: Pepperoni,1.846938775510204
1658524,5,medium,low,refrigerated,Short shelf (max_gap 10.0): Mamma Rosa,3.6666666666666665
1658528,5,medium,low,refrigerated,Short shelf (max_gap 5.0): Herkules,1.4031007751937985
1658536,30,medium,medium,ambient,Medium shelf (max_gap 33.0): President,5.454545454545454
1658537,30,medium,medium,ambient,Medium shelf (max_gap 23.0): Florida,5.67741935483871
1658538,5,medium,low,refrigerated,Short shelf (max_gap 6.0): Mumi's,1.6160714285714286
1658556,30,medium,medium,ambient,Medium shelf (max_gap 23.0): Talo,5.419354838709677
1663110,5,medium,low,refrigerated,Short shelf (max_gap 10.0): Dåse,2.034090909090909
1668414,2,high,low,refrigerated,Fresh perishable (max_gap 2.0): Fad Nat,1.0266666666666666
1668418,2,high,low,refrigerated,Fresh perishable (max_gap 2.0): Lux Fad,1.088235294117647
1668419,5,medium,low,refrigerated,Short shelf (max_gap 7.0): Jameson,1.809523809523809
1668422,5,medium,low,refrigerated,Short shelf (max_gap 5.0): Fad Dag,1.4339622641509433
1668437,30,medium,medium,ambient,Medium shelf (max_gap 26.0): Underberg,5.416666666666667
1668441,365,low,high,ambient,Beverage/alcohol: Redbull,7.888888888888889
1694574,30,medium,medium,ambient,Medium shelf (max_gap 25.0): Unspecified,1.4634146341463414
1733918,30,medium,medium,ambient,Medium shelf (max_gap 21.0): Dark n stormy,5.0285714285714285
1757310,3,high,high,refrigerated,Prepared meal/salad: Brunch,15.428571428571429
1786602,30,medium,medium,ambient,Medium shelf (max_gap 44.0): sambuca,6.461538461538462
1814606,30,medium,medium,ambient,Medium shelf (max_gap 25.0): Mad,5.387096774193548
1816213,365,low,high,ambient,Beverage/alcohol: Big Carlsberg,1.4958677685950412
1816214,365,low,high,ambient,Beverage/alcohol: Small Carlsberg,1.2147651006711409
1816215,365,low,high,ambient,Beverage/alcohol: Big Jacobsen,4.209302325581396
1816217,365,low,high,ambient,Beverage/alcohol: Big 1664,2.3205128205128207
1816218,365,low,high,ambient,Beverage/alcohol: Small 1664,3.2142857142857144
1816219,365,low,high,ambient,Beverage/alcohol: Big Grimbergen,1.946236559139785
1816220,365,low,high,ambient,Beverage/alcohol: Small Grimbergen,3.0338983050847457
1816221,365,low,high,ambient,Beverage/alcohol: Big Tuborg,1.0647058823529412
1816231,5,medium,low,refrigerated,Short shelf (max_gap 4.0): Happy Hour Pint,1.120253164556962
1816233,5,medium,low,refrigerated,Short shelf (max_gap 6.0): Small Soda,2.011111111111111
1816234,5,medium,low,refrigerated,Short shelf (max_gap 6.0): Big Soda,2.5492957746478875
1816235,30,medium,medium,ambient,Medium shelf (max_gap 20.0): Drink of Month,4.833333333333333
1816236,30,medium,medium,ambient,Medium shelf (max_gap 16.0): Alcopop,4.589743589743589
1816237,5,medium,low,refrigerated,Short shelf (max_gap 6.0): 2cl Drink,2.234567901234568
1816238,5,medium,low,refrigerated,Short shelf (max_gap 10.0): 4cl Drink,2.513888888888889
1816246,365,low,high,ambient,Beverage/alcohol: Shot,1.81
1816247,5,medium,low,refrigerated,Short shelf (max_gap 10.0): U Boat,2.0120481927710845
1816274,365,low,high,ambient,Beverage/alcohol: Staff Shot,2.104651162790698
1816275,5,medium,low,refrigerated,Short shelf (max_gap 6.0): Staff Drink,1.543103448275862
1816276,365,low,high,ambient,Beverage/alcohol: Staff Beer,1.4596774193548387
1830816,30,medium,medium,ambient,Medium shelf (max_gap 25.0): A. Skinke,1.691588785046729
1830817,30,medium,high,frozen,Frozen pizza: B. Pepperoni,1.381679389312977
1830820,30,medium,medium,ambient,Medium shelf (max_gap 26.0): Margarita,2.4788732394366195
1830825,5,high,high,ambient,Fresh bread/bakery: Barcelona,4.285714285714286
1830826,365,low,high,ambient,Beverage/alcohol: Roma,3.52
1830827,30,medium,medium,ambient,Medium shelf (max_gap 27.0): Columbus,3.351851851851852
1830828,30,medium,medium,ambient,Medium shelf (max_gap 27.0): Sidarth,2.492957746478873
1830829,30,medium,medium,ambient,Medium shelf (max_gap 31.0): Ninorta,4.0
1830831,30,medium,medium,ambient,Medium shelf (max_gap 24.0): Amore,3.0535714285714284
1830833,30,medium,medium,ambient,Medium shelf (max_gap 29.0): Babylon,4.090909090909091
1830835,30,medium,medium,ambient,Medium shelf (max_gap 31.0): Las Vegas,3.290909090909091
1830836,30,medium,medium,ambient,Medium shelf (max_gap 27.0): Viking,2.796875
1830838,30,medium,medium,ambient,Medium shelf (max_gap 24.0): DK,1.371212121212121
1830839,30,medium,medium,ambient,Medium shelf (max_gap 25.0): Matador,1.6822429906542056
1830846,30,medium,medium,ambient,Medium shelf (max_gap 24.0): Ottito,2.2564102564102564
1871024,5,medium,low,refrigerated,Short shelf (max_gap 3.0): Diverse Dype.,1.0647058823529412
1875543,30,medium,medium,ambient,Medium shelf (max_gap 63.0): Nr 2 humus,54.0
1891767,30,medium,medium,ambient,Medium shelf (max_gap 81.0): Dubbel Nougat,17.444444444444443
1894929,30,medium,medium,ambient,Medium shelf (max_gap 40.0): Big,14.0
1981432,5,medium,low,refrigerated,Short shelf (max_gap 6.0): Nordic Soda -  Ny fyldt,1.7019230769230769
1982156,30,medium,medium,ambient,Medium shelf (max_gap 25.0): Nordic Soda - Ombytning,4.631578947368421
2047173,30,medium,medium,ambient,Medium shelf (max_gap 22.0): Jungle Drink,5.607142857142857
2093680,30,medium,medium,ambient,Medium shelf (max_gap 14.0): Nerds Rope Tropical,6.45
2096929,30,medium,medium,ambient,Medium shelf (max_gap 19.0): Smoking deluxe,5.8
2099274,5,high,high,ambient,Fresh bread/bakery: Takis Fuego,10.266666666666667
2099304,365,low,high,ambient,Beverage/alcohol: Cheetos Crunchy Fromage,18.22222222222222
2127130,5,medium,low,refrigerated,Short shelf (max_gap 4.0): Diverse,1.1830065359477124
2127167,5,medium,low,refrigerated,Short shelf (max_gap 4.0): Cafe,1.2147651006711409
2128134,2,high,low,refrigerated,Fresh perishable (max_gap 2.0): Unspecified,1.0773809523809523
2134661,5,medium,low,refrigerated,Short shelf (max_gap 10.0): Extra råvarer,3.232142857142857
2135827,30,medium,medium,ambient,Medium shelf (max_gap 19.0): Indloesning af oelkort,7.555555555555555
2152809,3,high,high,refrigerated,Prepared meal/salad: FRIKADELLE,1.6896551724137931
2153143,365,low,high,ambient,Beverage/alcohol: COCIO,999.0
2156416,30,medium,medium,ambient,Medium shelf (max_gap 18.0): lille pofritt,3.145454545454545
2156487,30,medium,medium,ambient,Medium shelf (max_gap 17.0): svøb,1.6605504587155964
2162834,30,medium,medium,ambient,Medium shelf (max_gap 32.0): Smoking blu,10.058823529411764
2162862,30,medium,medium,ambient,Medium shelf (max_gap 15.0): Smoking duluxi,4.358974358974359
2162878,30,medium,medium,ambient,Medium shelf (max_gap 48.0): Papel Smoking King Size Brown,14.0
2162904,30,medium,medium,ambient,Medium shelf (max_gap 18.0): Smoking blue,5.548387096774194
2267546,30,medium,medium,ambient,Medium shelf (max_gap 17.0): Unspecified,1.6730769230769231
2270821,30,medium,medium,ambient,Medium shelf (max_gap 28.0): Unspecified,5.793103448275862
2295358,365,low,high,ambient,Beverage/alcohol: Long drink 4cl,3.1578947368421053
2305088,365,low,high,ambient,Beverage/alcohol: Glass wine,1.052325581395349
2306720,30,medium,medium,ambient,Medium shelf (max_gap 52.0): 10turskort(personale),14.818181818181818
2306902,365,low,high,ambient,Beverage/alcohol: Energidrik(personale),2.0
2307166,30,medium,medium,ambient,Medium shelf (max_gap 59.0): Unspecified,6.653846153846154
2331498,5,medium,low,refrigerated,Short shelf (max_gap 6.0): Big Guinness,1.865979381443299
2351593,30,medium,medium,ambient,Medium shelf (max_gap 47.0): Cacao,12.0
2351599,365,low,high,ambient,Beverage/alcohol: Ingefær Kold Drik,32.0
2351611,365,low,high,ambient,Beverage/alcohol: Kokos Romkugle,13.307692307692308
2351612,365,low,high,ambient,Beverage/alcohol: Peanuts Romkugle,10.533333333333331
2351617,365,low,high,ambient,Beverage/alcohol: Tivoli Romkugle,14.0
2386329,30,medium,medium,ambient,Medium shelf (max_gap 35.0): 12 cones king size,10.727272727272728
2386451,30,medium,medium,ambient,Medium shelf (max_gap 20.0): Smokers choice,6.142857142857143
2386473,30,medium,medium,ambient,Medium shelf (max_gap 45.0): Smokers,12.923076923076923
2386494,30,medium,medium,ambient,Medium shelf (max_gap 25.0): Brown,7.041666666666667
2431798,30,medium,medium,ambient,Medium shelf (max_gap 14.0): Nordic,2.573529411764706
2452257,30,medium,medium,ambient,Medium shelf (max_gap 26.0): Personale shaker,7.7894736842105265
2452272,365,low,high,ambient,Beverage/alcohol: Personale shot,5.151515151515151
2452373,30,medium,medium,ambient,Medium shelf (max_gap 28.0): Personale dobbelt drink,3.0350877192982457
2452526,30,medium,medium,ambient,Medium shelf (max_gap 28.0): Personale smøger,5.242424242424242
2456973,365,low,high,ambient,Beverage/alcohol: 1 æske romkugler a 5 stk,2.8870967741935485
2512010,30,medium,medium,ambient,Medium shelf (max_gap 21.0): Happy Hour Royal,8.75
2548338,30,medium,medium,ambient,Medium shelf (max_gap 21.0): Mad a 25 kr.,7.25
2548349,30,medium,medium,ambient,Medium shelf (max_gap 21.0): Mad a 35 kr.,7.25
2562148,30,medium,medium,ambient,Medium shelf (max_gap 25.0): Knoppers,2.2666666666666666
2562166,365,low,high,ambient,Beverage/alcohol: Redbull,1.74
2562171,30,medium,medium,ambient,Medium shelf (max_gap 18.0): Capri Sun,1.7755102040816326
2562185,30,medium,medium,ambient,Medium shelf (max_gap 55.0): Samosa,9.052631578947368
2582095,180,low,medium,dry,Long shelf (max_gap 102.0): Unspecified,7.5
2600151,365,low,high,ambient,Beverage/alcohol: Weekend Mokai / Ice / Breezer,3.0
2605004,5,medium,low,refrigerated,Short shelf (max_gap 11.0): Frugt,3.571428571428572
2611327,30,medium,medium,ambient,Medium shelf (max_gap 58.0): Classic 25cl,3.851063829787234
2611328,365,low,high,ambient,Beverage/alcohol: 1664 33 cl,13.846153846153848
2611329,30,medium,medium,ambient,Medium shelf (max_gap 64.0): Grimberg 33cl,4.7631578947368425
2611330,30,medium,medium,ambient,Medium shelf (max_gap 71.0): Classic alkoholfri 33cl,10.9375
2611370,180,low,medium,dry,Long shelf (max_gap 118.0): Wienersnitzel,9.473684210526317
2701786,30,medium,medium,ambient,Medium shelf (max_gap 41.0): Jagerbomb,9.333333333333334
2706137,30,medium,medium,ambient,Medium shelf (max_gap 54.0): Donut,21.428571428571427
2733507,30,medium,medium,ambient,Medium shelf (max_gap 20.0): Burrata,5.333333333333333
2733511,30,medium,medium,ambient,Medium shelf (max_gap 21.0): Napoletani,3.450980392156863
2733515,30,medium,medium,ambient,Medium shelf (max_gap 20.0): Capricciosa,3.888888888888889
2733516,30,medium,medium,ambient,Medium shelf (max_gap 15.0): Tartufo,4.093023255813954
2733518,5,medium,low,refrigerated,Short shelf (max_gap 12.0): Matios,2.4788732394366195
2733519,30,medium,medium,ambient,Medium shelf (max_gap 14.0): Prociutto,3.125
2733522,30,medium,high,refrigerated,Dairy: Gorgonzola,2.8852459016393444
2733523,30,medium,medium,ambient,Medium shelf (max_gap 20.0): Vegetariano,4.941176470588236
2733543,365,low,high,ambient,Beverage/alcohol: Grimbergen 33cl,8.285714285714286
2733554,30,medium,medium,ambient,Medium shelf (max_gap 20.0): Pellegrino m. Brus 50 cl,4.848484848484849
2733798,30,medium,medium,ambient,Medium shelf (max_gap 21.0): Alovera king,2.2337662337662336
2735094,365,low,high,ambient,Beverage/alcohol: Tuborg 50cl,9.526315789473683
2735141,30,medium,medium,ambient,Medium shelf (max_gap 55.0): Classic 50cl,3.0166666666666666
2788294,5,medium,low,refrigerated,Short shelf (max_gap 13.0): Fodpleje,3.313725490196078
2835661,30,medium,medium,ambient,Medium shelf (max_gap 39.0): jim beam,22.0
2854405,30,medium,medium,ambient,Medium shelf (max_gap 76.0): Unspecified,23.714285714285715
2904729,30,medium,medium,ambient,Medium shelf (max_gap 26.0): Lille Fritz,7.727272727272727
2925479,5,medium,low,refrigerated,Short shelf (max_gap 9.0): Tilbud,1.5739130434782609
2941301,30,medium,medium,ambient,Medium shelf (max_gap 14.0): Croque Madame,5.461538461538462
2953447,365,low,high,ambient,Beverage/alcohol: Stor Pilsner,5.8
2953480,5,medium,low,refrigerated,Short shelf (max_gap 12.0): Stor Classic,3.571428571428572
2953594,30,medium,medium,ambient,Medium shelf (max_gap 15.0): Royal Alkoholfri,7.2
2976230,365,low,high,refrigerated,Beverage/alcohol: Saft,35.666666666666664
2981575,30,medium,medium,ambient,Medium shelf (max_gap 21.0): Unspecified,2.626865671641791
3002005,5,medium,low,refrigerated,Short shelf (max_gap 9.0): Unspecified,9.0
3003184,30,medium,medium,ambient,Medium shelf (max_gap 28.0): Spiritus,7.863636363636363
3005558,5,medium,low,refrigerated,Short shelf (max_gap 6.0): Underberg,1.7378640776699028
3005581,365,low,high,ambient,Beverage/alcohol: Redbull,1.6160714285714286
3033630,365,low,high,ambient,Beverage/alcohol: 1/2 ltr. sodav/ cocia/kildev. m/brus/energidrik,3.3877551020408165
3033680,30,medium,medium,ambient,Medium shelf (max_gap 67.0): Stor slusch-ich,39.5
3033684,180,low,medium,dry,Long shelf (max_gap 999.0): Breezer,999.0
306789,180,low,medium,dry,Long shelf (max_gap 157.0): Unspecified,157.0
3077477,365,low,high,ambient,Beverage/alcohol: Drikkevarer div,999.0
3077823,30,medium,medium,ambient,Medium shelf (max_gap 19.0): Div.,2.109756097560976
3081119,5,medium,low,refrigerated,Short shelf (max_gap 4.0): Mad,1.0402298850574712
3081128,30,medium,medium,ambient,Medium shelf (max_gap 36.0): Spiritus,11.076923076923077
3147643,30,medium,medium,ambient,Medium shelf (max_gap 34.0): Nr. 7 Pad Prik Gaeng,18.22222222222222
316234,30,medium,medium,ambient,Medium shelf (max_gap 23.0): Unspecified,1.8
317225,365,low,high,ambient,Beverage/alcohol: Pilsner,2.278481012658228
317238,30,medium,medium,ambient,Medium shelf (max_gap 37.0): Velkomstdrink,18.375
324798,30,medium,medium,ambient,Medium shelf (max_gap 33.0): Unspecified,10.666666666666666
3259599,30,medium,medium,ambient,Medium shelf (max_gap 15.0): Bøger,1.9047619047619049
3259606,30,medium,medium,ambient,Medium shelf (max_gap 25.0): Plader,13.125
3298303,30,medium,medium,ambient,Medium shelf (max_gap 30.0): Frimærker,8.15
3298540,5,medium,low,refrigerated,Short shelf (max_gap 12.0): Tilbehør,3.176470588235294
331126,5,medium,low,refrigerated,Short shelf (max_gap 7.0): Unspecified,1.7572815533980584
3331130,365,low,high,dry,Beverage/alcohol: 3. The Classic (Beef),4.25
3340674,30,medium,medium,ambient,Medium shelf (max_gap 36.0): Bag(small),11.2
3343620,30,medium,medium,ambient,Medium shelf (max_gap 49.0): Instant Japanese Fresh Udon 200g*4,13.0
3347532,30,medium,medium,ambient,Medium shelf (max_gap 19.0): Mad,2.75
3374805,30,medium,medium,ambient,Medium shelf (max_gap 41.0): Fredagstapas 7,33.5
3374824,30,medium,medium,ambient,Medium shelf (max_gap 62.0): Fredagstapas 3,42.0
3379441,7,medium,high,refrigerated,Dairy: Aroy-D Coconut Milk 500ml,14.5
338411,5,medium,low,refrigerated,Short shelf (max_gap 6.0): Unspecified,1.432
3391866,30,medium,medium,ambient,Medium shelf (max_gap 50.0): Citrongreas 100g,20.142857142857142
3391943,30,medium,medium,ambient,Medium shelf (max_gap 77.0): Small Noodle,13.75
3392153,30,medium,medium,ambient,Medium shelf (max_gap 44.0): Big Noodle,8.789473684210526
3392633,30,medium,medium,ambient,Medium shelf (max_gap 35.0): Vegetable,13.363636363636363
3392722,30,medium,medium,ambient,Medium shelf (max_gap 20.0): Dagligvare,4.487179487179487
339332,30,medium,medium,ambient,Medium shelf (max_gap 23.0): Snaps 2 cl,6.222222222222222
3397959,365,low,high,ambient,Beverage/alcohol: Drikkepenge/Tips,5.0606060606060606
3409362,180,low,medium,dry,Long shelf (max_gap 999.0): Søm,999.0
3454995,30,medium,medium,ambient,Medium shelf (max_gap 15.0): Unspecified,4.888888888888889
3460079,30,medium,medium,ambient,Medium shelf (max_gap 33.0): Patty Mealy,20.33333333333333
3460082,30,medium,high,frozen,Frozen pizza: Mad For BBQ,43.5
3460109,30,medium,high,frozen,Frozen pizza: (5 Pcs) BBQ Wings,999.0
3460131,180,low,medium,dry,Long shelf (max_gap 105.0): Dall Makhani,56.66666666666666
3460132,30,medium,medium,ambient,Medium shelf (max_gap 15.0): Channa Daal (Vegan),15.0
3460140,30,medium,medium,ambient,Medium shelf (max_gap 37.0): Samosa 2tsk,24.75
3460141,180,low,medium,dry,Long shelf (max_gap 999.0): Raita,999.0
3460143,30,medium,medium,ambient,Medium shelf (max_gap 60.0): Papadam 3 skt,53.0
3460156,180,low,medium,dry,Long shelf (max_gap 999.0): Cans (33 cl),999.0
3467938,30,medium,medium,ambient,"Medium shelf (max_gap 47.0): Happy Belly, Gyoza Skin 300g",17.4
3468019,30,medium,medium,ambient,Medium shelf (max_gap 58.0): Mogu Mogu,12.571428571428571
3468296,30,medium,medium,ambient,Medium shelf (max_gap 84.0): Golden Dragon Eggnoodle 400g,19.33333333333333
3470117,5,medium,low,refrigerated,Short shelf (max_gap 11.0): Lille Rib,2.566666666666667
3470147,30,medium,medium,ambient,Medium shelf (max_gap 18.0): Stor Rib,2.621621621621621
3473971,365,low,high,ambient,Beverage/alcohol: 3 stk. Mokai / ice / breezer,2.3376623376623376
3490288,30,medium,medium,ambient,Medium shelf (max_gap 57.0): Grimberg 50cl,4.7631578947368425
3500795,5,medium,low,refrigerated,Short shelf (max_gap 7.0): Rice Noodle(small),4.0
3500842,30,medium,medium,ambient,Medium shelf (max_gap 23.0): Cut Cabbage Kimchi 500g,7.0
3500915,180,low,medium,dry,Long shelf (max_gap 129.0): Yaki Sushi Nori 25g,28.2
350407,3,high,high,refrigerated,Fresh pizza: 2. Pepperoni,1.2587412587412588
3520715,365,low,high,ambient,Beverage/alcohol: Bluetail Tom Passion,5.866666666666666
3526007,365,low,high,ambient,Beverage/alcohol: 1664 50 cl,12.928571428571429
3526776,30,medium,medium,ambient,Medium shelf (max_gap 35.0): Naem 180g,35.0
352702,5,medium,low,refrigerated,Short shelf (max_gap 9.0): Unspecified,1.8854166666666667
3529851,30,medium,medium,ambient,Medium shelf (max_gap 50.0): Capri sun,5.294117647058823
3547211,5,medium,low,refrigerated,Short shelf (max_gap 9.0): La Zulema - Malbec,2.3506493506493507
3547226,5,medium,low,refrigerated,Short shelf (max_gap 4.0): Empanada,1.0284090909090908
3547228,5,medium,low,refrigerated,Short shelf (max_gap 4.0): 2 x empanadas,1.0284090909090908
3547231,5,medium,low,refrigerated,Short shelf (max_gap 4.0): 3 x empanadas,1.0284090909090908
3547232,5,medium,low,refrigerated,Short shelf (max_gap 4.0): extra empanada,1.0284090909090908
3547235,5,medium,low,refrigerated,Short shelf (max_gap 4.0): combo + salad,1.0773809523809523
3547236,5,medium,low,refrigerated,Short shelf (max_gap 4.0): combo  + alfajor,1.4836065573770492
3547238,5,medium,low,refrigerated,Short shelf (max_gap 6.0): Quesadilla,1.475409836065574
3547239,5,medium,low,refrigerated,Short shelf (max_gap 5.0): Burrito,1.292857142857143
3552802,5,medium,low,refrigerated,Short shelf (max_gap 4.0): Unspecified,1.1383647798742138
3561785,30,medium,medium,ambient,Medium shelf (max_gap 87.0): Super Tahoe Tofu 500g,15.818181818181818
3599431,365,low,high,ambient,Beverage/alcohol: Tuborg Classic 50 cl.,3.320754716981132
3599483,365,low,high,ambient,Beverage/alcohol: Tuborg pilsner 50 cl.,6.285714285714286
360661,365,low,high,ambient,Beverage/alcohol: Cocio lille,2.7384615384615385
360665,30,medium,medium,ambient,Medium shelf (max_gap 29.0): Hånddelle,9.75
363814,30,medium,medium,ambient,Medium shelf (max_gap 35.0): NACHOS,6.444444444444445
363816,30,medium,medium,ambient,Medium shelf (max_gap 16.0): POTATO WEDGES,6.24
363834,30,medium,medium,ambient,Medium shelf (max_gap 18.0): HOT WINGS BOX 8 STK,5.484848484848484
363836,5,medium,low,refrigerated,Short shelf (max_gap 5.0): Dåse Soda,1.5739130434782609
363915,30,medium,medium,ambient,Medium shelf (max_gap 25.0): Capri sun,7.722222222222222
3644155,5,high,high,ambient,Fresh bread/bakery: Vaffel is,15.6
3644240,30,medium,medium,ambient,Medium shelf (max_gap 49.0): Evy Keramik,9.1875
367982,5,medium,low,refrigerated,Short shelf (max_gap 11.0): Slush ice - lille,1.699029126213592
367985,90,low,high,dry,Shelf-stable bakery: Cookies,3.652173913043478
368011,365,low,high,ambient,Beverage/alcohol: Royal Pilsner,7.041666666666667
3698012,30,medium,medium,ambient,Medium shelf (max_gap 28.0): Gry & Sif,5.393939393939394
3724390,5,medium,low,refrigerated,Short shelf (max_gap 10.0): Unspecified,1.945054945054945
3726551,180,low,medium,dry,Long shelf (max_gap 98.0): Spiritus 2 cl,13.846153846153848
372866,30,medium,medium,ambient,Medium shelf (max_gap 35.0): Unspecified,4.941176470588236
3729940,30,medium,medium,ambient,Medium shelf (max_gap 65.0): Analog fremkaldelse,65.0
3729949,30,medium,medium,ambient,Medium shelf (max_gap 45.0): Digital billedproduktion,45.0
3730029,30,medium,medium,ambient,Medium shelf (max_gap 84.0): Amatør album,45.0
3730038,5,high,high,ambient,Fresh bread/bakery: Digitalisering af film,20.33333333333333
3730046,180,low,medium,dry,Long shelf (max_gap 999.0): Fotografering,999.0
3731346,5,medium,low,refrigerated,Short shelf (max_gap 10.0): Pasfoto med print,2.9833333333333334
3731354,30,medium,medium,ambient,Medium shelf (max_gap 41.0): Pasfoto digitalt,29.5
3731384,30,medium,medium,ambient,Medium shelf (max_gap 17.0): Ekstra pasfoto print,17.0
3731404,180,low,medium,dry,Long shelf (max_gap 999.0): Ekstra pasfoto digitalt,999.0
3731490,9999,low,high,non_food,Service/non-food: Gavekort,999.0
373170,3,high,high,refrigerated,Fresh pizza: Pepperoni,1.5855855855855856
373171,3,high,high,refrigerated,Fresh pizza: Margherita,2.351351351351352
373173,5,medium,low,refrigerated,Short shelf (max_gap 11.0): Capricciosa,3.320754716981132
373176,30,medium,high,frozen,Frozen pizza: Hawaii,3.954545454545455
373178,30,low,medium,dry,Processed food: Parma,3.886363636363636
373206,5,medium,low,refrigerated,Short shelf (max_gap 8.0): Toscane,2.915254237288136
373211,30,medium,medium,ambient,Medium shelf (max_gap 15.0): Mex Mix,3.56
373222,3,high,high,refrigerated,Fresh pizza: Prosciutto,1.69811320754717
373223,3,high,high,refrigerated,Fresh pizza: Prosciutto Di Parma,3.1818181818181817
373227,30,medium,high,refrigerated,Dairy: Gorgonzola,4.048780487804878
3740163,365,low,high,ambient,Beverage/alcohol: Cocio,6.875
3745627,30,medium,medium,ambient,Medium shelf (max_gap 83.0): 1 kugle,17.5
3745650,30,medium,medium,ambient,Medium shelf (max_gap 63.0): 2 kugler,13.363636363636363
3745658,180,low,medium,dry,Long shelf (max_gap 115.0): 3 kugler,28.6
3746454,30,medium,medium,ambient,Medium shelf (max_gap 28.0): Take Away Boks Lille,10.2
3746479,30,medium,medium,ambient,Medium shelf (max_gap 74.0): Take Away Boks Stor,14.11111111111111
378244,5,medium,low,refrigerated,Short shelf (max_gap 3.0): Dåse,1.1104294478527608
3782459,5,medium,low,refrigerated,Short shelf (max_gap 8.0): Diverse,2.4133333333333336
3790605,3,high,high,refrigerated,Fresh pizza: Margherita,3.2777777777777777
3790607,30,medium,high,frozen,Frozen pizza: Hawaii,3.693877551020408
3790612,3,high,high,refrigerated,Fresh pizza: Pepperoni 1,2.2125
3790614,30,medium,high,refrigerated,Dairy: Gorgonzola,7.291666666666667
3790629,30,medium,medium,ambient,Medium shelf (max_gap 24.0): Malling Special,7.541666666666667
3790632,30,medium,medium,ambient,Medium shelf (max_gap 39.0): Vegetar,11.133333333333333
3790647,30,medium,medium,ambient,Medium shelf (max_gap 44.0): Indbagt 1,12.384615384615383
3790649,30,medium,medium,ambient,Medium shelf (max_gap 28.0): Indbagt 3,10.166666666666666
3790703,365,low,high,ambient,"Beverage/alcohol: Cocio 0,40L",8.75
379315,30,medium,medium,ambient,Medium shelf (max_gap 64.0): Unspecified,2.901639344262295
3804685,365,low,high,ambient,Beverage/alcohol: Beer,11.25
380521,5,medium,low,refrigerated,Short shelf (max_gap 12.0): Unspecified,2.033707865168539
3806369,5,medium,low,refrigerated,Short shelf (max_gap 4.0): Alfajor,1.046242774566474
381605,30,medium,medium,ambient,Medium shelf (max_gap 22.0): Unspecified,1.4871794871794872
3819194,5,medium,low,refrigerated,Short shelf (max_gap 8.0): Ice/shaker,2.6029411764705883
383265,30,medium,medium,ambient,Medium shelf (max_gap 40.0): Toilet besøg,1.5083333333333333
3844284,180,low,medium,dry,Long shelf (max_gap 999.0): Unspecified,999.0
3866244,30,medium,medium,ambient,Medium shelf (max_gap 15.0): Kasse RTD 2.0,7.333333333333333
390478,5,medium,low,refrigerated,Short shelf (max_gap 5.0): Kow Strips,1.4672131147540983
390479,5,medium,low,refrigerated,Short shelf (max_gap 6.0): Wantons,1.4715447154471544
3941909,30,medium,medium,ambient,Medium shelf (max_gap 25.0): Færdigvarer,2.2222222222222223
3941959,9999,low,high,non_food,Service/non-food: 1 stk. røget makrel,5.892857142857143
398663,30,low,medium,dry,Processed food: Slush ice - mellem,1.7857142857142858
398669,5,medium,low,refrigerated,Short shelf (max_gap 12.0): Slush ice - stor,2.4857142857142858
3986789,9999,low,high,non_food,Service/non-food: Herreklip Pensionist,2.156626506024097
4015941,365,low,high,ambient,Beverage/alcohol: Sweet Basilikum 80g,11.76923076923077
4029968,5,medium,low,refrigerated,Short shelf (max_gap 7.0): Calzone Vulkano,2.0689655172413794
4029970,30,medium,medium,ambient,Medium shelf (max_gap 15.0): Bolognia Calzone,3.0
4036160,30,medium,medium,ambient,Medium shelf (max_gap 21.0): Carambar x 10 stk,3.6458333333333335
4042459,365,low,high,ambient,Beverage/alcohol: combo + beer/jarrito,1.0584795321637428
4042712,5,medium,low,refrigerated,Short shelf (max_gap 4.0): Yerba 75 kr,1.3211678832116789
4042814,5,medium,low,refrigerated,Short shelf (max_gap 10.0): Tapas,1.7378640776699028
4042825,5,medium,low,refrigerated,"Short shelf (max_gap 6.0): Dulce de leche, small",1.81
4042827,5,medium,low,refrigerated,"Short shelf (max_gap 11.0): Dulce de leche, large",1.946236559139785
4043082,5,medium,low,refrigerated,Short shelf (max_gap 8.0): Valentina,1.903225806451613
4043452,30,medium,medium,ambient,Medium shelf (max_gap 23.0): Pan de queso,2.919354838709677
4043578,5,medium,low,refrigerated,Short shelf (max_gap 4.0): Soda,1.1383647798742138
4043595,5,medium,low,refrigerated,Short shelf (max_gap 4.0): Jarrito,1.0584795321637428
4043666,365,low,high,ambient,Beverage/alcohol: Beer,1.0647058823529412
404460,365,low,high,ambient,Beverage/alcohol: Vesuvio,6.103448275862069
404463,30,medium,medium,ambient,Medium shelf (max_gap 78.0): Rustica,10.75
404464,30,medium,medium,ambient,Medium shelf (max_gap 33.0): Valentino,4.742857142857143
404465,30,medium,high,frozen,Frozen pizza: Tyrkisk Pepperoni,5.962962962962963
404466,30,medium,medium,ambient,Medium shelf (max_gap 39.0): Mexican,15.090909090909092
404468,5,medium,low,refrigerated,Short shelf (max_gap 7.0): Cacciatroa,2.3026315789473686
404472,30,medium,medium,ambient,Medium shelf (max_gap 14.0): Margarita,3.6739130434782608
404474,30,medium,medium,ambient,Medium shelf (max_gap 54.0): Busola,8.166666666666666
404475,5,high,high,ambient,Fresh bread/bakery: Francisco,11.416666666666666
404477,30,medium,high,frozen,Frozen pizza: Hawaii,10.117647058823527
404478,30,medium,medium,ambient,Medium shelf (max_gap 88.0): Burina,10.866666666666667
404481,30,medium,medium,ambient,Medium shelf (max_gap 80.0): Vegetariana,11.583333333333334
404484,30,medium,medium,ambient,Medium shelf (max_gap 52.0): Bueno,8.666666666666666
404485,30,medium,medium,ambient,Medium shelf (max_gap 62.0): Amigo,13.75
4068600,5,medium,low,refrigerated,Short shelf (max_gap 5.0): Take-away bags,1.1528662420382163
4077939,30,medium,medium,ambient,Medium shelf (max_gap 35.0): 4cl. with soda,9.166666666666666
4079682,180,low,medium,dry,Long shelf (max_gap 91.0): NEU Curl Perfecting Creme,91.0
4079757,9999,low,high,non_food,Service/non-food: NEU Styling Air-Dry Shaper,118.0
4079782,9999,low,high,non_food,Service/non-food: NEU Styling Clay,25.0
4079795,9999,low,high,non_food,Service/non-food: NEU Styling Fiber,147.0
4089669,5,medium,low,refrigerated,Short shelf (max_gap 4.0): Happy empanadas,1.1986754966887416
4112430,30,medium,medium,ambient,Medium shelf (max_gap 29.0): Unspecified,3.290909090909091
4123289,30,medium,medium,ambient,Medium shelf (max_gap 18.0): Lille,4.068181818181818
4123908,30,medium,medium,ambient,Medium shelf (max_gap 19.0): Stor,4.25
4156064,30,medium,medium,ambient,Medium shelf (max_gap 26.0): Smykker,15.5
415814,2,high,low,refrigerated,Fresh perishable (max_gap 1.0): Unspecified,1.0
417785,5,medium,low,refrigerated,Short shelf (max_gap 5.0): Unspecified,1.0284090909090908
418882,30,medium,medium,ambient,Medium shelf (max_gap 71.0): Unspecified,26.5
419354,30,medium,medium,ambient,Medium shelf (max_gap 33.0): Unspecified,7.375
420837,30,medium,medium,ambient,Medium shelf (max_gap 30.0): Unspecified,4.375
422918,30,medium,medium,ambient,Medium shelf (max_gap 25.0): Unspecified,1.3432835820895523
4277896,365,low,high,dry,Beverage/alcohol: Ligther,3.351851851851852
429091,30,medium,medium,ambient,Medium shelf (max_gap 36.0): ½ Power m.m.,6.72
429098,30,medium,medium,ambient,Medium shelf (max_gap 33.0): Slushice,5.758620689655173
429116,365,low,high,ambient,Beverage/alcohol: Cocio.,8.6
429138,5,medium,low,refrigerated,Short shelf (max_gap 6.0): Unspecified,2.3846153846153846
429172,365,low,high,ambient,Beverage/alcohol: Luksus Shot,1.1986754966887416
429179,5,medium,low,refrigerated,Short shelf (max_gap 8.0): Spiritus,1.723809523809524
4293296,30,medium,medium,ambient,Medium shelf (max_gap 18.0): Special 40,6.25925925925926
429648,30,medium,medium,ambient,Medium shelf (max_gap 15.0): Spiritus,2.135802469135802
429652,365,low,high,ambient,Beverage/alcohol: Cocio,2.3076923076923075
429682,5,medium,low,refrigerated,Short shelf (max_gap 3.0): Viking,1.2482758620689656
429683,5,medium,low,refrigerated,"Short shelf (max_gap 3.0): Prince,kings",1.267605633802817
429689,30,medium,medium,ambient,Medium shelf (max_gap 52.0): Cecil,4.714285714285714
429752,30,medium,medium,ambient,Medium shelf (max_gap 22.0): Margarita,6.875
429790,30,medium,medium,ambient,Medium shelf (max_gap 26.0): Bla Kings,7.818181818181818
429793,30,medium,medium,ambient,Medium shelf (max_gap 46.0): Rød Cecil,6.809523809523809
429797,5,medium,low,refrigerated,Short shelf (max_gap 13.0): Lang Viking,1.8350515463917525
429807,5,medium,low,refrigerated,Short shelf (max_gap 12.0): Prince Rød,3.12280701754386
429828,365,low,high,ambient,Beverage/alcohol: Shaket Shot,15.727272727272728
429829,365,low,high,ambient,Beverage/alcohol: 10 Shot,10.4375
429832,180,low,medium,dry,Long shelf (max_gap 999.0): Fødselsdag,999.0
430887,5,medium,low,refrigerated,Short shelf (max_gap 9.0): Unspecified,2.543859649122807
430977,180,low,medium,dry,Long shelf (max_gap 999.0): Natmad,999.0
431018,180,low,medium,dry,Long shelf (max_gap 999.0): Nytårstapas,999.0
431022,5,medium,low,refrigerated,Short shelf (max_gap 10.0): Snaps,10.0
431028,3,high,high,refrigerated,"Prepared meal/salad: Brunch - 295,-",22.0
431029,3,high,high,refrigerated,Prepared meal/salad: Brunch – Barn,111.0
431062,30,medium,medium,ambient,Medium shelf (max_gap 30.0): Corneybar.,7.227272727272727
431114,9999,low,high,non_food,Service/non-food: Dameklip,1.7307692307692308
431115,9999,low,high,non_food,Service/non-food: Herreklip,2.571428571428572
431116,9999,low,high,non_food,Service/non-food: Børneklip,46.5
431118,30,medium,medium,ambient,Medium shelf (max_gap 25.0): Farve (630),7.0
431119,30,medium,medium,ambient,Medium shelf (max_gap 28.0): Farve (750),7.041666666666667
431120,30,medium,medium,ambient,Medium shelf (max_gap 37.0): Farve (880),11.071428571428571
431121,30,medium,medium,ambient,Medium shelf (max_gap 46.0): Farve (1010),16.6
431123,30,medium,medium,ambient,Medium shelf (max_gap 42.0): Farve (1190),16.7
431124,30,medium,medium,ambient,Medium shelf (max_gap 41.0): Farve (1290),12.307692307692308
431129,180,low,medium,dry,Long shelf (max_gap 104.0): Vippe Farve,45.0
431130,30,medium,medium,ambient,Medium shelf (max_gap 22.0): Bryn Farve,6.6923076923076925
431132,30,medium,medium,ambient,Medium shelf (max_gap 47.0): Vippe Og Bryn Farve,13.833333333333334
431269,5,medium,low,refrigerated,Short shelf (max_gap 12.0): Unspecified,4.023809523809524
431381,30,medium,medium,ambient,Medium shelf (max_gap 83.0): Diverse,19.142857142857142
431592,30,medium,medium,ambient,Medium shelf (max_gap 42.0): Unspecified,9.333333333333334
431916,5,medium,low,refrigerated,Short shelf (max_gap 7.0): Unspecified,1.8282828282828285
4326174,5,medium,low,refrigerated,Short shelf (max_gap 11.0): Matcha,1.8282828282828285
433871,30,medium,medium,ambient,Medium shelf (max_gap 48.0): Unspecified,16.375
4340518,30,medium,medium,ambient,Medium shelf (max_gap 66.0): Halleje,34.0
435961,9999,low,high,non_food,Service/non-food: NEU Volume Styling Spray,142.0
436255,30,medium,medium,ambient,Medium shelf (max_gap 33.0): Unspecified,9.9375
436443,30,medium,medium,ambient,Medium shelf (max_gap 85.0): Unspecified,30.25
437704,365,low,high,ambient,Beverage/alcohol: Shot (20),5.888888888888889
437705,365,low,high,ambient,Beverage/alcohol: Shot (25),1.978021978021978
437706,365,low,high,ambient,Beverage/alcohol: Shot (200),15.555555555555555
438354,30,medium,medium,ambient,Medium shelf (max_gap 32.0): Unspecified,6.0
438768,180,low,medium,dry,Long shelf (max_gap 98.0): Vask og føntørring,46.0
440025,30,medium,high,frozen,Frozen pizza: Hawaii,7.904761904761905
440026,30,medium,medium,ambient,Medium shelf (max_gap 57.0): Bologna,11.066666666666666
440027,30,medium,medium,ambient,Medium shelf (max_gap 37.0): Venedig,13.0
440028,30,medium,medium,ambient,Medium shelf (max_gap 78.0): Vegetar,27.166666666666668
440029,30,medium,medium,ambient,Medium shelf (max_gap 28.0): Toscana,10.636363636363637
440030,30,medium,medium,ambient,Medium shelf (max_gap 37.0): Napoli,9.882352941176473
440031,30,medium,medium,ambient,Medium shelf (max_gap 22.0): Mexico,4.888888888888889
440032,30,medium,medium,ambient,Medium shelf (max_gap 40.0): Catania,8.875
440033,30,medium,medium,ambient,Medium shelf (max_gap 20.0): Seciliano,5.5
440034,30,medium,medium,ambient,Medium shelf (max_gap 52.0): Gevona,22.285714285714285
440036,30,medium,medium,ambient,Medium shelf (max_gap 36.0): Armin,7.125
440040,30,medium,medium,ambient,Medium shelf (max_gap 55.0): Firenze,18.375
440041,30,medium,medium,ambient,Medium shelf (max_gap 30.0): Verona,15.0
440042,30,medium,medium,ambient,Medium shelf (max_gap 52.0): Milano,33.5
440043,30,medium,medium,ambient,Medium shelf (max_gap 38.0): Prima,12.857142857142858
440044,30,medium,medium,ambient,Medium shelf (max_gap 20.0): Modena,4.090909090909091
444486,3,high,high,refrigerated,Fresh pizza: Margherita,2.138888888888889
444489,30,medium,medium,ambient,Medium shelf (max_gap 26.0): Hot American,6.5
444493,30,medium,medium,ambient,Medium shelf (max_gap 26.0): Napoli,2.736842105263158
444523,5,medium,low,refrigerated,Short shelf (max_gap 11.0): Meat Lover,3.5454545454545454
445260,30,medium,medium,ambient,Medium shelf (max_gap 61.0): Unspecified,34.2
446285,180,low,medium,dry,Long shelf (max_gap 127.0): Stjerneskud,11.25
446301,365,low,high,ambient,Beverage/alcohol: Pilsner/classic på dåse,19.88888888888889
446307,180,low,medium,dry,Long shelf (max_gap 109.0): Snaps,22.375
446489,5,medium,low,refrigerated,Short shelf (max_gap 5.0): Unspecified,1.0342857142857145
446508,365,low,high,refrigerated,Beverage/alcohol: Økosaft,9.125
446509,180,low,medium,dry,Long shelf (max_gap 97.0): Karma Kola,26.75
446524,9999,low,high,non_food,Service/non-food: Pant Kop (Tilkøb),3.510204081632653
446537,5,medium,low,refrigerated,Short shelf (max_gap 7.0): Unspecified,1.925531914893617
446563,90,low,high,dry,Shelf-stable bakery: Cookie 1stk,6.0
446652,180,low,medium,dry,Long shelf (max_gap 999.0): Tatar,999.0
446820,3,high,high,refrigerated,Fresh pizza: Margherita,2.5
446828,5,medium,low,refrigerated,Short shelf (max_gap 8.0): Proscitutto,2.3384615384615386
446830,3,high,high,refrigerated,Fresh pizza: Pepperoni,1.2950819672131149
446831,5,medium,low,refrigerated,Short shelf (max_gap 11.0): Capriccioca,2.6333333333333333
446836,5,medium,low,refrigerated,Short shelf (max_gap 9.0): Italia,2.8545454545454545
446846,365,low,high,ambient,Beverage/alcohol: Roma,2.6333333333333333
446863,5,medium,low,refrigerated,Short shelf (max_gap 7.0): Marcel,2.3484848484848486
446873,5,medium,low,refrigerated,Short shelf (max_gap 12.0): Rustica,3.9743589743589753
446878,30,medium,medium,ambient,Medium shelf (max_gap 20.0): Cacciatore,3.590909090909091
446901,30,medium,medium,ambient,Medium shelf (max_gap 15.0): Mafioso,3.4444444444444446
446911,5,medium,low,refrigerated,Short shelf (max_gap 10.0): Mexicana,2.851851851851852
446912,30,medium,high,ambient,Medium shelf item (gorgonzola),2.980769230769231
446927,3,high,medium,refrigerated,Fresh/short shelf (max_gap=6.0),1.793103448275862
447117,14,medium,medium,ambient,Unspecified item - default to medium shelf,2.2222222222222223
447269,30,medium,medium,ambient,Medium shelf (max_gap=19.0),4.388888888888889
447270,7,medium,medium,refrigerated,Short shelf (max_gap=13.0),3.690476190476191
447274,3,high,medium,refrigerated,Fresh/short shelf (max_gap=5.0),1.319327731092437
447277,7,medium,medium,refrigerated,Short shelf (max_gap=8.0),1.7555555555555555
447278,7,medium,medium,refrigerated,Short shelf (max_gap=8.0),2.051948051948052
447292,3,high,medium,refrigerated,Fresh/short shelf (max_gap=6.0),1.6631578947368422
447299,30,medium,medium,ambient,Medium shelf (max_gap=15.0),3.9743589743589753
448437,30,medium,medium,ambient,Medium shelf (max_gap=14.0),4.512820512820513
448439,180,low,high,frozen,Long shelf item (is),4.8
448447,30,medium,medium,ambient,Medium shelf (max_gap=20.0),6.1923076923076925
448462,7,medium,high,refrigerated,Short shelf item (biksemad),19.25
448463,7,medium,high,refrigerated,Short shelf item (filet),999.0
448509,9999,low,high,non_food,Non-food service/item,4.552631578947368
448510,9999,low,high,non_food,Non-food service/item,8.181818181818182
448511,9999,low,high,non_food,Non-food service/item,6.652173913043479
448512,9999,low,high,non_food,Non-food service/item,5.181818181818182
448513,9999,low,high,non_food,Non-food service/item,21.33333333333333
448515,9999,low,high,non_food,Non-food service/item,101.0
448516,9999,low,high,non_food,Non-food service/item,58.0
448517,9999,low,high,non_food,Non-food service/item,999.0
448518,9999,low,high,non_food,Non-food service/item,13.583333333333334
448519,9999,low,high,non_food,Non-food service/item,104.0
448521,9999,low,high,non_food,Non-food service/item,31.0
448522,9999,low,high,non_food,Non-food service/item,22.0
448523,9999,low,high,non_food,Non-food service/item,999.0
448525,9999,low,high,non_food,Non-food service/item,999.0
448526,9999,low,high,non_food,Non-food service/item,32.0
448904,180,low,medium,ambient,Long shelf (max_gap=999.0),999.0
448912,7,medium,high,refrigerated,Short shelf item (frikadeller),28.0
448924,180,low,medium,ambient,Long shelf (max_gap=999.0),999.0
4491426,180,low,medium,ambient,Long shelf (max_gap=99.0),99.0
4491468,30,medium,medium,ambient,Medium shelf (max_gap=57.0),57.0
449569,30,medium,medium,ambient,Medium shelf (max_gap=18.0),2.621621621621621
449595,30,medium,medium,ambient,Medium shelf (max_gap=18.0),2.3095238095238093
449804,7,medium,high,ambient,Short shelf item (brud),3.480769230769231
450779,7,medium,high,ambient,Short shelf item (morgenstykker),3.1206896551724137
450784,7,medium,high,ambient,Short shelf item (brud),2.919354838709677
450785,7,medium,high,ambient,Short shelf item (morgenstykker),2.701492537313433
450787,7,medium,high,ambient,Short shelf item (kringle),2.873015873015873
450805,30,medium,medium,ambient,Medium shelf (max_gap=27.0),4.022222222222222
450809,30,medium,medium,ambient,Medium shelf (max_gap=71.0),42.333333333333336
451272,14,medium,medium,ambient,Unspecified item - default to medium shelf,1.2147651006711409
453871,14,medium,medium,ambient,Unspecified item - default to medium shelf,3.0172413793103448
455988,3,high,high,refrigerated,Pizza (short shelf),2.0
455993,3,high,high,refrigerated,Pizza (short shelf),1.4140625
455996,3,high,high,refrigerated,Pizza (short shelf),1.846938775510204
455998,3,high,high,refrigerated,Pizza (short shelf),1.4435483870967742
456002,3,high,medium,refrigerated,Fresh/short shelf (max_gap=6.0),1.81
456004,30,medium,medium,ambient,Medium shelf (max_gap=15.0),2.6029411764705883
456020,7,medium,medium,refrigerated,Short shelf (max_gap=9.0),1.836734693877551
456072,7,medium,medium,refrigerated,Short shelf (max_gap=11.0),2.5492957746478875
456081,7,medium,medium,refrigerated,Short shelf (max_gap=8.0),2.727272727272727
456148,3,high,medium,refrigerated,Fresh/short shelf (max_gap=4.0),1.167741935483871
456149,3,high,medium,refrigerated,Fresh/short shelf (max_gap=5.0),1.4793388429752066
456224,30,medium,medium,ambient,Medium shelf (max_gap=18.0),3.0508474576271185
456313,7,medium,medium,refrigerated,Short shelf (max_gap=9.0),2.5211267605633805
459192,30,medium,high,ambient,Medium shelf item (marmelade),8.526315789473685
459228,30,medium,medium,ambient,Medium shelf (max_gap=21.0),7.826086956521739
459231,3,high,medium,refrigerated,Fresh/short shelf (max_gap=6.0),2.75
4596575,30,medium,medium,ambient,Medium shelf (max_gap=71.0),33.5
4596582,30,medium,medium,ambient,Medium shelf (max_gap=63.0),63.0
4596598,30,medium,medium,ambient,Medium shelf (max_gap=58.0),35.333333333333336
460011,14,medium,medium,ambient,Unspecified item - default to medium shelf,1.845360824742268
460047,14,medium,medium,ambient,Unspecified item - default to medium shelf,3.5
460220,14,medium,medium,ambient,Unspecified item - default to medium shelf,1.0773809523809523
4609767,9999,low,high,non_food,Non-food service/item,2.0
461057,30,medium,medium,ambient,Medium shelf (max_gap=30.0),9.72222222222222
461065,30,medium,medium,ambient,Medium shelf (max_gap=17.0),2.7540983606557377
461066,7,medium,high,refrigerated,Short shelf item (frikadeller),1.592920353982301
461070,30,medium,medium,ambient,Medium shelf (max_gap=21.0),5.153846153846154
462605,14,medium,medium,ambient,Unspecified item - default to medium shelf,4.026315789473684
464132,180,low,high,ambient,Long shelf item (rom),8.75
464135,30,medium,medium,ambient,Medium shelf (max_gap=67.0),15.454545454545457
464136,30,medium,medium,ambient,Medium shelf (max_gap=28.0),28.0
464137,180,low,high,frozen,Long shelf item (is),42.0
464140,30,medium,medium,ambient,Medium shelf (max_gap=56.0),32.25
465441,14,medium,medium,ambient,Unspecified item - default to medium shelf,1.046242774566474
465627,14,medium,medium,ambient,Unspecified item - default to medium shelf,4.378378378378378
465769,3,high,high,refrigerated,Pizza (short shelf),3.232142857142857
465770,30,medium,high,ambient,Pizza (medium shelf),3.0166666666666666
465771,3,high,high,refrigerated,Pizza (short shelf),2.180722891566265
465781,7,medium,medium,refrigerated,Short shelf (max_gap=12.0),3.333333333333333
465784,30,medium,medium,ambient,Medium shelf (max_gap=14.0),3.62
465785,30,medium,medium,ambient,Medium shelf (max_gap=15.0),4.971428571428572
465789,7,medium,medium,refrigerated,Short shelf (max_gap=13.0),2.445945945945946
465794,7,medium,medium,refrigerated,Short shelf (max_gap=13.0),2.4794520547945207
465798,30,medium,medium,ambient,Medium shelf (max_gap=27.0),6.961538461538462
465804,30,medium,medium,ambient,Medium shelf (max_gap=14.0),2.983050847457627
465806,7,medium,medium,refrigerated,Short shelf (max_gap=13.0),3.693877551020408
465813,30,medium,medium,ambient,Medium shelf (max_gap=18.0),4.7631578947368425
465831,7,medium,medium,refrigerated,Short shelf (max_gap=13.0),3.933333333333333
465832,30,medium,medium,ambient,Medium shelf (max_gap=23.0),6.033333333333333
465833,30,medium,medium,ambient,Medium shelf (max_gap=19.0),4.487179487179487
465841,30,medium,medium,ambient,Medium shelf (max_gap=20.0),6.464285714285714
467108,30,medium,medium,ambient,Medium shelf (max_gap=41.0),14.5
4707466,9999,low,high,non_food,Non-food service/item,1.011173184357542
4707495,30,medium,medium,ambient,Medium shelf (max_gap=14.0),4.631578947368421
4708159,3,high,medium,refrigerated,Fresh/short shelf (max_gap=2.0),1.0225988700564972
4709272,3,high,medium,refrigerated,Fresh/short shelf (max_gap=2.0),1.083832335329341
471073,14,medium,medium,ambient,Unspecified item - default to medium shelf,3.7954545454545454
472885,30,medium,medium,ambient,Medium shelf (max_gap=14.0),1.723809523809524
472890,30,medium,medium,ambient,Medium shelf (max_gap=14.0),2.2625
472894,30,medium,medium,ambient,Medium shelf (max_gap=25.0),3.333333333333333
472895,30,medium,medium,ambient,Medium shelf (max_gap=33.0),4.615384615384615
472904,30,medium,medium,ambient,Medium shelf (max_gap=35.0),12.857142857142858
472905,30,medium,medium,ambient,Medium shelf (max_gap=21.0),2.3205128205128207
472906,30,medium,medium,ambient,Medium shelf (max_gap=42.0),5.294117647058823
472910,30,medium,medium,ambient,Medium shelf (max_gap=64.0),12.571428571428571
472914,30,medium,medium,ambient,Medium shelf (max_gap=50.0),5.866666666666666
472957,30,medium,medium,ambient,Medium shelf (max_gap=38.0),9.38888888888889
472990,30,medium,medium,ambient,Medium shelf (max_gap=21.0),5.444444444444445
473101,180,low,high,ambient,Long shelf item (the),12.428571428571429
473375,30,medium,medium,ambient,Medium shelf (max_gap=22.0),2.793103448275862
473395,30,medium,medium,ambient,Medium shelf (max_gap=23.0),3.659090909090909
473404,30,medium,medium,ambient,Medium shelf (max_gap=25.0),3.113207547169812
473405,30,medium,medium,ambient,Medium shelf (max_gap=20.0),2.8793103448275863
473492,3,high,medium,refrigerated,Fresh/short shelf (max_gap=6.0),1.543103448275862
478032,3,high,medium,refrigerated,Fresh/short shelf (max_gap=2.0),1.1785714285714286
478033,3,high,medium,refrigerated,Fresh/short shelf (max_gap=2.0),1.1785714285714286
478034,3,high,medium,refrigerated,Fresh/short shelf (max_gap=3.0),1.375
478035,3,high,medium,refrigerated,Fresh/short shelf (max_gap=5.0),1.9411764705882355
478036,3,high,medium,refrigerated,Fresh/short shelf (max_gap=4.0),1.32
478041,3,high,medium,refrigerated,Fresh/short shelf (max_gap=4.0),1.5
478046,3,high,medium,refrigerated,Fresh/short shelf (max_gap=2.0),1.1785714285714286
478051,3,high,medium,refrigerated,Fresh/short shelf (max_gap=3.0),1.1785714285714286
478053,3,high,medium,refrigerated,Fresh/short shelf (max_gap=2.0),1.1428571428571428
478054,3,high,medium,refrigerated,Fresh/short shelf (max_gap=3.0),1.4545454545454546
478095,3,high,medium,refrigerated,Fresh/short shelf (max_gap=5.0),1.5263157894736843
478116,3,high,medium,refrigerated,Fresh/short shelf (max_gap=5.0),2.0625
478135,3,high,medium,refrigerated,Fresh/short shelf (max_gap=6.0),2.0625
478143,180,low,high,frozen,Long shelf item (is),1.375
478213,3,high,medium,refrigerated,Fresh/short shelf (max_gap=4.0),1.375
478230,3,high,medium,refrigerated,Fresh/short shelf (max_gap=4.0),1.5
478444,14,medium,medium,ambient,Unspecified item - default to medium shelf,1.2222222222222223
478635,14,medium,medium,ambient,Unspecified item - default to medium shelf,1.9272727272727272
480009,180,low,high,ambient,Long shelf item (spiritus),1.4596774193548387
480013,30,medium,medium,ambient,Medium shelf (max_gap=15.0),3.673469387755102
480014,7,medium,medium,refrigerated,Short shelf (max_gap=7.0),2.4133333333333336
480015,7,medium,medium,refrigerated,Short shelf (max_gap=9.0),3.1272727272727274
480018,3,high,medium,refrigerated,Fresh/short shelf (max_gap=3.0),1.096969696969697
480020,3,high,medium,refrigerated,Fresh/short shelf (max_gap=2.0),1.0168539325842696
480038,30,medium,medium,ambient,Medium shelf (max_gap=18.0),2.1951219512195124
480040,30,medium,medium,ambient,Medium shelf (max_gap=18.0),6.782608695652174
480041,30,medium,medium,ambient,Medium shelf (max_gap=29.0),8.571428571428571
480045,30,medium,medium,ambient,Medium shelf (max_gap=18.0),6.2
480048,30,medium,medium,ambient,Medium shelf (max_gap=18.0),4.75
480264,3,high,high,refrigerated,Pizza (short shelf),2.721311475409836
480268,7,medium,medium,refrigerated,Short shelf (max_gap=7.0),1.824175824175824
480270,7,medium,medium,refrigerated,Short shelf (max_gap=10.0),1.9186046511627908
480311,7,medium,medium,refrigerated,Short shelf (max_gap=9.0),2.305555555555556
480319,7,medium,medium,refrigerated,Short shelf (max_gap=7.0),2.22972972972973
480355,14,medium,medium,ambient,Unspecified item - default to medium shelf,1.350515463917526
480511,30,medium,medium,ambient,Medium shelf (max_gap=14.0),3.8333333333333335
480847,180,low,medium,ambient,Long shelf (max_gap=105.0),49.66666666666666
480853,30,medium,medium,ambient,Medium shelf (max_gap=30.0),13.636363636363637
480858,30,medium,medium,ambient,Medium shelf (max_gap=75.0),29.75
480886,30,medium,medium,ambient,Medium shelf (max_gap=56.0),25.0
480887,30,medium,medium,ambient,Medium shelf (max_gap=56.0),15.909090909090908
483750,14,medium,medium,ambient,Unspecified item - default to medium shelf,6.375
484023,30,medium,high,ambient,Medium shelf item (skinke),2.626865671641791
484031,30,medium,high,ambient,Pizza (medium shelf),2.2531645569620253
484033,30,medium,high,ambient,Medium shelf item (skinke),1.8854166666666667
484314,14,medium,medium,ambient,Unspecified item - default to medium shelf,2.513888888888889
484443,30,medium,medium,ambient,Medium shelf (max_gap=14.0),1.9444444444444444
484502,180,low,high,ambient,Long shelf item (wine),11.2
485826,30,medium,medium,ambient,Medium shelf (max_gap=80.0),25.857142857142858
485827,30,medium,medium,ambient,Medium shelf (max_gap=59.0),13.0
485828,30,medium,medium,ambient,Medium shelf (max_gap=86.0),20.5
485830,180,low,high,frozen,Long shelf item (is),13.666666666666666
485831,180,low,medium,ambient,Long shelf (max_gap=119.0),35.25
485832,9999,low,high,non_food,Non-food service/item,28.33333333333333
485834,30,medium,medium,ambient,Medium shelf (max_gap=33.0),15.5
485835,30,medium,medium,ambient,Medium shelf (max_gap=24.0),4.309523809523809
485836,30,medium,medium,ambient,Medium shelf (max_gap=24.0),3.067796610169492
485837,9999,low,high,non_food,Non-food service/item,5.625
485838,30,medium,medium,ambient,Medium shelf (max_gap=58.0),58.0
486001,14,medium,medium,ambient,Unspecified item - default to medium shelf,8.5
489534,9999,low,high,non_food,Non-food service/item,95.0
490057,14,medium,medium,ambient,Unspecified item - default to medium shelf,17.666666666666668
4922623,180,low,high,frozen,Long shelf item (is),6.555555555555555
4922654,180,low,high,frozen,Long shelf item (is),9.411764705882351
4922738,180,low,high,frozen,Long shelf item (is),12.833333333333334
493558,30,medium,medium,ambient,Medium shelf (max_gap=22.0),1.6160714285714286
493561,30,medium,medium,ambient,Medium shelf (max_gap=23.0),2.7777777777777777
493567,30,medium,medium,ambient,Medium shelf (max_gap=24.0),1.4596774193548387
493568,30,medium,medium,ambient,Medium shelf (max_gap=22.0),1.4836065573770492
495360,30,medium,medium,ambient,Medium shelf (max_gap=51.0),7.2105263157894735
495361,30,medium,medium,ambient,Medium shelf (max_gap=27.0),8.25
495366,30,medium,medium,ambient,Medium shelf (max_gap=33.0),9.3125
495367,30,medium,medium,ambient,Medium shelf (max_gap=17.0),3.8372093023255816
495377,30,medium,medium,ambient,Medium shelf (max_gap=49.0),12.7
495452,30,medium,medium,ambient,Medium shelf (max_gap=41.0),21.0
495456,30,medium,medium,ambient,Medium shelf (max_gap=27.0),14.666666666666666
495461,30,medium,medium,ambient,Medium shelf (max_gap=53.0),39.5
495466,30,medium,medium,ambient,Medium shelf (max_gap=81.0),32.666666666666664
495475,30,medium,medium,ambient,Medium shelf (max_gap=32.0),8.45
495476,7,medium,medium,refrigerated,Short shelf (max_gap=7.0),1.7525773195876289
495488,7,medium,medium,refrigerated,Short shelf (max_gap=11.0),1.3115942028985508
495489,7,medium,medium,refrigerated,Short shelf (max_gap=11.0),3.232142857142857
495490,7,medium,medium,refrigerated,Short shelf (max_gap=8.0),2.278481012658228
495491,30,medium,medium,ambient,Medium shelf (max_gap=25.0),8.263157894736842
495494,30,medium,medium,ambient,Medium shelf (max_gap=27.0),7.375
495499,180,low,medium,ambient,Long shelf (max_gap=100.0),20.75
495500,3,high,medium,refrigerated,Fresh/short shelf (max_gap=6.0),2.0
495503,2,high,high,refrigerated,Fresh perishable (rå),36.2
495515,30,medium,medium,ambient,Medium shelf (max_gap=37.0),14.444444444444445
495517,30,medium,medium,ambient,Medium shelf (max_gap=71.0),39.0
4959214,7,medium,medium,refrigerated,Short shelf (max_gap=13.0),3.489795918367347
4959253,7,medium,medium,refrigerated,Short shelf (max_gap=10.0),2.8225806451612905
4959278,7,medium,medium,refrigerated,Short shelf (max_gap=12.0),3.450980392156863
4965091,30,medium,medium,ambient,Medium shelf (max_gap=36.0),18.166666666666668
497655,30,medium,medium,ambient,Medium shelf (max_gap=38.0),3.2181818181818183
497860,30,medium,medium,ambient,Medium shelf (max_gap=75.0),17.0
497868,30,medium,medium,ambient,Medium shelf (max_gap=22.0),3.431372549019608
498215,7,medium,medium,refrigerated,Short shelf (max_gap=9.0),1.4031007751937985
498414,14,medium,medium,ambient,Unspecified item - default to medium shelf,1.6355140186915889
498919,30,medium,medium,ambient,Medium shelf (max_gap=19.0),2.108433734939759
500926,14,medium,medium,ambient,Unspecified item - default to medium shelf,2.0689655172413794
5014984,7,medium,medium,refrigerated,Short shelf (max_gap=12.0),1.5196078431372548
501506,14,medium,medium,ambient,Unspecified item - default to medium shelf,1.2746478873239435
501636,180,low,medium,ambient,Long shelf (max_gap=999.0),999.0
505362,3,high,medium,refrigerated,Fresh/short shelf (max_gap=4.0),1.4552845528455285
505555,7,medium,medium,refrigerated,Short shelf (max_gap=7.0),2.25
505590,7,medium,medium,refrigerated,Short shelf (max_gap=9.0),2.445945945945946
505607,3,high,medium,refrigerated,Fresh/short shelf (max_gap=6.0),1.8854166666666667
505776,7,medium,medium,refrigerated,Short shelf (max_gap=7.0),2.0804597701149423
508521,7,medium,medium,refrigerated,Short shelf (max_gap=7.0),7.0
508636,7,medium,medium,refrigerated,Short shelf (max_gap=13.0),3.6666666666666665
508642,30,medium,medium,ambient,Medium shelf (max_gap=26.0),7.65
508650,30,medium,medium,ambient,Medium shelf (max_gap=18.0),3.6458333333333335
512750,3,high,medium,refrigerated,Fresh/short shelf (max_gap=6.0),1.0411764705882354
5130765,30,medium,medium,ambient,Medium shelf (max_gap=27.0),9.117647058823527
515881,180,low,high,frozen,Long shelf item (is),2.2972972972972974
515889,7,medium,medium,refrigerated,Short shelf (max_gap=12.0),2.9322033898305087
515915,7,medium,medium,refrigerated,Short shelf (max_gap=11.0),3.087719298245614
515959,7,medium,medium,refrigerated,Short shelf (max_gap=12.0),2.6231884057971016
5161358,30,medium,medium,ambient,Medium shelf (max_gap=18.0),3.851063829787234
5161359,7,medium,medium,refrigerated,Short shelf (max_gap=8.0),2.8548387096774195
5161360,3,high,medium,refrigerated,Fresh/short shelf (max_gap=6.0),1.6605504587155964
5161386,30,medium,medium,ambient,Medium shelf (max_gap=22.0),5.151515151515151
5161430,30,medium,medium,ambient,Medium shelf (max_gap=44.0),44.0
5161445,7,medium,medium,refrigerated,Short shelf (max_gap=7.0),5.0
5161455,30,medium,medium,ambient,Medium shelf (max_gap=77.0),16.444444444444443
517055,30,medium,medium,ambient,Medium shelf (max_gap=34.0),3.847826086956522
517080,30,medium,medium,ambient,Medium shelf (max_gap=24.0),7.086956521739131
517226,30,medium,medium,ambient,Medium shelf (max_gap=20.0),5.620689655172414
519441,7,medium,medium,refrigerated,Short shelf (max_gap=13.0),3.103448275862069
519446,30,medium,medium,ambient,Medium shelf (max_gap=14.0),2.585714285714286
519447,180,low,high,ambient,Long shelf item (rom),5.533333333333333
519449,30,medium,high,ambient,Pizza (medium shelf),9.210526315789474
519767,30,medium,high,ambient,Pizza (medium shelf),8.7
519774,30,medium,medium,ambient,Medium shelf (max_gap=16.0),5.25
519780,30,medium,high,ambient,Pizza (medium shelf),4.375
519814,7,medium,medium,refrigerated,Short shelf (max_gap=11.0),3.196428571428572
519825,30,medium,medium,ambient,Medium shelf (max_gap=17.0),7.619047619047619
5205988,30,medium,medium,ambient,Medium shelf (max_gap=20.0),3.5416666666666665
5228674,30,medium,medium,ambient,Medium shelf (max_gap=14.0),2.9672131147540983
5228754,3,high,medium,refrigerated,Fresh/short shelf (max_gap=5.0),1.81
5228762,7,medium,medium,refrigerated,Short shelf (max_gap=11.0),2.573529411764706
5228764,30,medium,medium,ambient,Medium shelf (max_gap=35.0),10.5
5228957,30,medium,medium,ambient,Medium shelf (max_gap=14.0),5.724137931034483
5229117,3,high,medium,refrigerated,Fresh/short shelf (max_gap=6.0),1.487603305785124
523010,3,high,medium,refrigerated,Fresh/short shelf (max_gap=2.0),1.16
5230412,7,medium,medium,refrigerated,Short shelf (max_gap=7.0),2.4794520547945207
5230446,7,medium,medium,refrigerated,Short shelf (max_gap=8.0),2.8125
5230538,3,high,medium,refrigerated,Fresh/short shelf (max_gap=4.0),1.1830065359477124
5231126,3,high,medium,refrigerated,Fresh/short shelf (max_gap=6.0),1.6017699115044248
5233209,30,medium,medium,ambient,Medium shelf (max_gap=74.0),13.538461538461538
5233324,30,medium,medium,ambient,Medium shelf (max_gap=49.0),6.807692307692308
5233871,30,medium,medium,ambient,Medium shelf (max_gap=35.0),13.75
5234140,30,medium,medium,ambient,Medium shelf (max_gap=36.0),9.31578947368421
5234158,30,medium,medium,ambient,Medium shelf (max_gap=36.0),7.666666666666667
5234641,14,medium,medium,ambient,Unspecified item - default to medium shelf,1.0342857142857145
5235795,30,medium,medium,ambient,Medium shelf (max_gap=48.0),20.666666666666668
5236320,30,medium,medium,ambient,Medium shelf (max_gap=63.0),15.083333333333334
5236336,30,medium,medium,ambient,Medium shelf (max_gap=30.0),6.703703703703703
5236424,30,medium,medium,ambient,Medium shelf (max_gap=85.0),31.2
523652,30,medium,medium,ambient,Medium shelf (max_gap=18.0),1.904255319148936
523658,30,medium,high,ambient,Medium shelf item (serrano),3.314814814814815
523672,30,medium,medium,ambient,Medium shelf (max_gap=26.0),6.153846153846154
523773,30,medium,medium,ambient,Medium shelf (max_gap=20.0),6.541666666666667
523774,30,medium,medium,ambient,Medium shelf (max_gap=27.0),5.28125
523788,30,medium,medium,ambient,Medium shelf (max_gap=54.0),26.0
523847,30,medium,medium,ambient,Medium shelf (max_gap=22.0),3.976744186046512
524167,30,medium,medium,ambient,Medium shelf (max_gap=20.0),2.838709677419355
524204,30,medium,medium,ambient,Medium shelf (max_gap=23.0),6.25
524278,30,medium,medium,ambient,Medium shelf (max_gap=22.0),5.962962962962963
525051,30,medium,medium,ambient,Medium shelf (max_gap=27.0),5.838709677419355
526222,14,medium,medium,ambient,Unspecified item - default to medium shelf,7.272727272727272
526273,30,medium,high,ambient,Medium shelf item (hummus),4.909090909090909
526275,30,medium,medium,ambient,Medium shelf (max_gap=34.0),8.227272727272727
526276,30,medium,medium,ambient,Medium shelf (max_gap=14.0),7.208333333333333
526278,30,medium,medium,ambient,Medium shelf (max_gap=20.0),4.864864864864865
526279,30,medium,medium,ambient,Medium shelf (max_gap=21.0),5.65625
526283,7,medium,medium,refrigerated,Short shelf (max_gap=11.0),3.0
526285,30,medium,medium,ambient,Medium shelf (max_gap=24.0),7.16
526296,7,medium,medium,refrigerated,Short shelf (max_gap=7.0),2.0568181818181817
526297,30,medium,medium,ambient,Medium shelf (max_gap=45.0),10.5
526308,7,medium,medium,refrigerated,Short shelf (max_gap=11.0),2.4794520547945207
526309,7,medium,medium,refrigerated,Short shelf (max_gap=7.0),2.4
5277631,30,medium,medium,ambient,Medium shelf (max_gap=22.0),1.691588785046729
528711,30,medium,medium,ambient,Medium shelf (max_gap=20.0),3.103448275862069
528779,30,medium,medium,ambient,Medium shelf (max_gap=20.0),3.74468085106383
529786,180,low,medium,ambient,Long shelf (max_gap=999.0),999.0
529787,180,low,medium,ambient,Long shelf (max_gap=999.0),999.0
529788,9999,low,high,non_food,Non-food service/item,65.5
529789,30,medium,medium,ambient,Medium shelf (max_gap=49.0),14.3
529804,7,medium,medium,refrigerated,Short shelf (max_gap=9.0),1.6330275229357798
529805,3,high,high,refrigerated,Pizza (short shelf),1.4173228346456692
529806,30,medium,medium,ambient,Medium shelf (max_gap=22.0),1.7234042553191489
529808,3,high,high,refrigerated,Pizza (short shelf),2.269230769230769
529809,30,medium,medium,ambient,Medium shelf (max_gap=26.0),2.5538461538461537
529810,30,medium,medium,ambient,Medium shelf (max_gap=24.0),4.166666666666667
529811,30,medium,high,ambient,Medium shelf item (prosciutto),2.1204819277108435
529812,7,medium,medium,refrigerated,Short shelf (max_gap=8.0),1.945054945054945
529813,30,medium,medium,ambient,Medium shelf (max_gap=17.0),1.6635514018691588
529814,180,low,high,ambient,Long shelf item (rom),1.5625
529815,3,high,high,refrigerated,Pizza (short shelf),1.4094488188976375
529822,30,medium,high,ambient,Pizza (medium shelf),2.311688311688312
529830,30,medium,medium,ambient,Medium shelf (max_gap=48.0),3.510204081632653
529831,30,medium,medium,ambient,Medium shelf (max_gap=42.0),3.3461538461538463
529840,30,medium,medium,ambient,Medium shelf (max_gap=56.0),3.240740740740741
529841,30,medium,medium,ambient,Medium shelf (max_gap=48.0),3.46
529860,30,medium,medium,ambient,Medium shelf (max_gap=35.0),2.769230769230769
529862,30,medium,high,ambient,Medium shelf item (prosciutto),2.0930232558139537
529869,7,medium,medium,refrigerated,Short shelf (max_gap=9.0),2.573529411764706
529876,30,medium,medium,ambient,Medium shelf (max_gap=22.0),3.0727272727272728
530109,30,medium,medium,ambient,Medium shelf (max_gap=14.0),2.0588235294117645
530205,14,medium,medium,ambient,Unspecified item - default to medium shelf,1.7857142857142858
530921,30,medium,medium,ambient,Medium shelf (max_gap=32.0),16.77777777777778
530925,180,low,high,ambient,Long shelf item (spiritus),22.83333333333333
531225,3,high,medium,refrigerated,Fresh/short shelf (max_gap=4.0),1.0402298850574712
531226,3,high,medium,refrigerated,Fresh/short shelf (max_gap=5.0),1.4390243902439024
531231,180,low,high,ambient,Long shelf item (snaps),2.7301587301587302
531236,7,medium,medium,refrigerated,Short shelf (max_gap=8.0),2.701492537313433
531239,30,medium,medium,ambient,Medium shelf (max_gap=15.0),3.1578947368421053
531261,30,medium,medium,ambient,Medium shelf (max_gap=56.0),34.4
531273,30,medium,medium,ambient,Medium shelf (max_gap=20.0),20.0
531280,180,low,high,ambient,Long shelf item (spiritus),2.0930232558139537
531523,3,high,medium,refrigerated,Fresh/short shelf (max_gap=2.0),1.0168539325842696
531591,7,medium,medium,refrigerated,Short shelf (max_gap=10.0),2.513888888888889
531684,30,medium,medium,ambient,Medium shelf (max_gap=28.0),3.782608695652174
533427,30,medium,high,ambient,Medium shelf item (skinke),3.617021276595745
533428,3,high,high,refrigerated,Pizza (short shelf),2.1547619047619047
533432,30,medium,high,ambient,Medium shelf item (skinke),4.0
533587,7,medium,medium,refrigerated,Short shelf (max_gap=9.0),1.8842105263157896
533627,14,medium,medium,ambient,Unspecified item - default to medium shelf,2.2278481012658227
533656,14,medium,medium,ambient,Unspecified item - default to medium shelf,6.2
533800,30,medium,medium,ambient,Medium shelf (max_gap=17.0),1.6071428571428572
533856,30,medium,medium,ambient,Medium shelf (max_gap=18.0),2.117647058823529
533897,180,low,high,ambient,Long shelf item (beer),4.046511627906977
533899,180,low,high,ambient,Long shelf item (beer),1.6
533900,180,low,high,ambient,Long shelf item (beer),9.5
533901,180,low,high,ambient,Long shelf item (beer),3.259259259259259
533902,7,medium,medium,refrigerated,Short shelf (max_gap=10.0),1.6923076923076923
533903,180,low,medium,ambient,Long shelf (max_gap=105.0),21.0
533913,180,low,high,ambient,Long shelf item (wine),19.375
533917,30,medium,medium,ambient,Medium shelf (max_gap=14.0),2.3466666666666667
533923,180,low,high,frozen,Long shelf item (is),3.5625
533928,30,medium,medium,ambient,Medium shelf (max_gap=28.0),5.333333333333333
533937,30,medium,medium,ambient,Medium shelf (max_gap=15.0),4.190476190476191
533939,7,medium,medium,refrigerated,Short shelf (max_gap=13.0),2.3466666666666667
533953,30,medium,medium,ambient,Medium shelf (max_gap=14.0),2.2564102564102564
533978,30,medium,medium,ambient,Medium shelf (max_gap=46.0),9.705882352941176
533980,30,medium,medium,ambient,Medium shelf (max_gap=14.0),1.9775280898876404
533982,7,medium,medium,refrigerated,Short shelf (max_gap=13.0),2.646153846153846
533984,180,low,high,ambient,Long shelf item (the),2.588235294117647
534066,14,medium,medium,ambient,Unspecified item - default to medium shelf,3.067796610169492
534072,7,medium,high,refrigerated,Short shelf item (roastbeef),2.108433734939759
534080,7,medium,medium,refrigerated,Short shelf (max_gap=7.0),2.0930232558139537
534128,30,medium,medium,ambient,Medium shelf (max_gap=24.0),5.888888888888889
534386,14,medium,medium,ambient,Unspecified item - default to medium shelf,2.1547619047619047
534418,30,medium,medium,ambient,Medium shelf (max_gap=17.0),5.323529411764706
534422,30,medium,medium,ambient,Medium shelf (max_gap=23.0),5.866666666666666
534440,30,medium,medium,ambient,Medium shelf (max_gap=33.0),3.911111111111111
534445,180,low,high,ambient,Long shelf item (spiritus),20.666666666666668
534447,30,medium,medium,ambient,Medium shelf (max_gap=46.0),6.923076923076923
534554,30,medium,medium,ambient,Medium shelf (max_gap=21.0),4.564102564102564
534561,30,medium,medium,ambient,Medium shelf (max_gap=24.0),5.966666666666667
534569,30,medium,medium,ambient,Medium shelf (max_gap=15.0),3.017543859649123
535157,3,high,medium,refrigerated,Fresh/short shelf (max_gap=3.0),1.0402298850574712
535375,30,medium,medium,ambient,Medium shelf (max_gap=58.0),18.625
535536,30,medium,medium,ambient,Medium shelf (max_gap=38.0),19.5
535749,30,medium,medium,ambient,Medium shelf (max_gap=44.0),19.444444444444443
535767,2,high,high,refrigerated,Fresh perishable (sushi),13.583333333333334
535778,2,high,high,refrigerated,Fresh perishable (sushi),21.166666666666668
535853,30,medium,medium,ambient,Medium shelf (max_gap=75.0),24.666666666666668
536062,180,low,high,ambient,Long shelf item (spiritus),3.232142857142857
538077,30,medium,medium,ambient,Medium shelf (max_gap=14.0),1.6071428571428572
538181,30,medium,medium,ambient,Medium shelf (max_gap=41.0),10.6875
538557,3,high,medium,refrigerated,Fresh/short shelf (max_gap=5.0),2.355555555555556
538577,7,medium,medium,refrigerated,Short shelf (max_gap=11.0),3.7857142857142856
538613,30,medium,medium,ambient,Medium shelf (max_gap=18.0),3.4791666666666665
538961,14,medium,medium,ambient,Unspecified item - default to medium shelf,1.6153846153846154
540309,180,low,high,ambient,Long shelf item (snaps),999.0
540319,14,medium,medium,ambient,Unspecified item - default to medium shelf,1.584070796460177
5418439,30,medium,medium,ambient,Medium shelf (max_gap=25.0),2.02247191011236
5418457,30,medium,medium,ambient,Medium shelf (max_gap=25.0),2.02247191011236
542836,30,medium,medium,ambient,Medium shelf (max_gap=27.0),9.166666666666666
542919,30,medium,medium,ambient,Medium shelf (max_gap=27.0),3.7083333333333335
542926,2,high,high,refrigerated,Fresh perishable (rå),2.1294117647058823
542941,7,medium,medium,refrigerated,Short shelf (max_gap=13.0),4.116279069767442
542942,30,medium,medium,ambient,Medium shelf (max_gap=28.0),4.916666666666667
542952,30,medium,medium,ambient,Medium shelf (max_gap=23.0),3.888888888888889
543452,7,medium,medium,refrigerated,Short shelf (max_gap=9.0),2.424657534246576
543453,180,low,high,ambient,Long shelf item (rom),1.4251968503937007
543455,30,medium,medium,ambient,Medium shelf (max_gap=16.0),3.326923076923077
543456,30,medium,high,ambient,Medium shelf item (gorgonzola),4.837837837837838
543457,7,medium,medium,refrigerated,Short shelf (max_gap=9.0),2.5211267605633805
543458,7,medium,medium,refrigerated,Short shelf (max_gap=7.0),1.4365079365079363
543459,7,medium,medium,refrigerated,Short shelf (max_gap=11.0),4.5
543460,3,high,medium,refrigerated,Fresh/short shelf (max_gap=4.0),1.222972972972973
543461,7,medium,medium,refrigerated,Short shelf (max_gap=7.0),2.4133333333333336
543462,30,medium,medium,ambient,Medium shelf (max_gap=17.0),3.62
543463,3,high,medium,refrigerated,Fresh/short shelf (max_gap=6.0),1.8645833333333333
543464,3,high,medium,refrigerated,Fresh/short shelf (max_gap=4.0),1.5
543468,7,medium,medium,refrigerated,Short shelf (max_gap=9.0),1.5714285714285714
543491,7,medium,medium,refrigerated,Short shelf (max_gap=13.0),5.25
543494,30,medium,medium,ambient,Medium shelf (max_gap=16.0),3.259259259259259
543497,30,medium,medium,ambient,Medium shelf (max_gap=18.0),4.885714285714286
543499,7,medium,medium,refrigerated,Short shelf (max_gap=8.0),3.0
543502,7,medium,medium,refrigerated,Short shelf (max_gap=11.0),3.207547169811321
543509,30,medium,medium,ambient,Medium shelf (max_gap=19.0),4.375
543510,30,medium,medium,ambient,Medium shelf (max_gap=18.0),4.022222222222222
5436483,180,low,medium,ambient,Long shelf (max_gap=999.0),999.0
5436495,180,low,medium,ambient,Long shelf (max_gap=999.0),999.0
543779,30,medium,medium,ambient,Medium shelf (max_gap=19.0),5.821428571428571
543780,7,medium,medium,refrigerated,Short shelf (max_gap=7.0),1.9565217391304348
543835,7,medium,medium,refrigerated,Short shelf (max_gap=10.0),3.2
543889,30,medium,medium,ambient,Medium shelf (max_gap=28.0),7.666666666666667
543890,7,medium,medium,refrigerated,Short shelf (max_gap=11.0),3.5294117647058822
543891,30,medium,medium,ambient,Medium shelf (max_gap=26.0),4.0
543896,30,medium,medium,ambient,Medium shelf (max_gap=16.0),3.6666666666666665
543948,180,low,high,frozen,Long shelf item (is),2.486111111111111
543950,9999,low,high,non_food,Non-food service/item,2.921052631578948
545440,3,high,medium,refrigerated,Fresh/short shelf (max_gap=5.0),1.6071428571428572
545444,3,high,medium,refrigerated,Fresh/short shelf (max_gap=5.0),1.2785714285714285
551806,30,medium,high,ambient,Pizza (medium shelf),26.33333333333333
551808,30,medium,high,ambient,Medium shelf item (skinke),999.0
551845,180,low,medium,ambient,Long shelf (max_gap=999.0),999.0
551909,180,low,medium,ambient,Long shelf (max_gap=100.0),35.4
551910,30,medium,medium,ambient,Medium shelf (max_gap=32.0),23.5
551934,30,medium,high,ambient,Pizza (medium shelf),10.133333333333333
551935,30,medium,high,ambient,Medium shelf item (skinke),8.619047619047619
553284,30,medium,medium,ambient,Medium shelf (max_gap=21.0),3.695652173913044
553288,30,medium,medium,ambient,Medium shelf (max_gap=21.0),5.53125
553290,30,medium,medium,ambient,Medium shelf (max_gap=36.0),6.346153846153846
553295,30,medium,medium,ambient,Medium shelf (max_gap=20.0),3.591836734693877
553307,30,medium,medium,ambient,Medium shelf (max_gap=43.0),9.05
553337,30,medium,medium,ambient,Medium shelf (max_gap=31.0),8.523809523809524
553338,30,medium,medium,ambient,Medium shelf (max_gap=33.0),9.77777777777778
5535721,180,low,high,ambient,Long shelf item (cosmopolitan),4.512820512820513
553636,14,medium,medium,ambient,Unspecified item - default to medium shelf,2.36
554979,2,high,high,refrigerated,Fresh perishable (sushi),2.445945945945946
554987,30,medium,medium,ambient,Medium shelf (max_gap=17.0),2.0454545454545454
554988,30,medium,medium,ambient,Medium shelf (max_gap=16.0),3.2777777777777777
555102,14,medium,medium,ambient,Unspecified item - default to medium shelf,1.4031007751937985
5552094,7,medium,medium,refrigerated,Short shelf (max_gap=13.0),1.4047619047619049
5552095,7,medium,medium,refrigerated,Short shelf (max_gap=13.0),1.5803571428571428
5552098,7,medium,medium,refrigerated,Short shelf (max_gap=13.0),1.127388535031847
5552101,7,medium,medium,refrigerated,Short shelf (max_gap=13.0),1.3937007874015748
5552102,30,medium,medium,ambient,Medium shelf (max_gap=15.0),1.7087378640776698
5552125,180,low,high,ambient,Long shelf item (the),1.5042735042735045
5552126,7,medium,medium,refrigerated,Short shelf (max_gap=13.0),1.1419354838709677
555368,7,medium,medium,refrigerated,Short shelf (max_gap=7.0),3.363636363636364
555376,30,medium,medium,ambient,Medium shelf (max_gap=17.0),9.0
555395,3,high,medium,refrigerated,Fresh/short shelf (max_gap=5.0),2.333333333333333
556431,14,medium,medium,ambient,Unspecified item - default to medium shelf,1.0
559429,30,medium,medium,ambient,Medium shelf (max_gap=14.0),10.5
559652,30,medium,medium,ambient,Medium shelf (max_gap=15.0),7.75
559941,30,medium,medium,ambient,Medium shelf (max_gap=14.0),2.5522388059701493
559943,30,medium,medium,ambient,Medium shelf (max_gap=25.0),2.833333333333333
559945,30,medium,medium,ambient,Medium shelf (max_gap=14.0),2.1948051948051948
559946,30,medium,medium,ambient,Medium shelf (max_gap=26.0),2.65625
559948,30,medium,medium,ambient,Medium shelf (max_gap=20.0),4.230769230769231
563429,30,medium,medium,ambient,Medium shelf (max_gap=46.0),28.5
563430,30,medium,medium,ambient,Medium shelf (max_gap=86.0),42.0
563440,7,medium,medium,refrigerated,Short shelf (max_gap=11.0),2.1686746987951806
563471,30,medium,medium,ambient,Medium shelf (max_gap=20.0),4.473684210526316
563625,3,high,high,refrigerated,Pizza (short shelf),1.617283950617284
563626,7,medium,medium,refrigerated,Short shelf (max_gap=12.0),3.046511627906977
563627,3,high,high,refrigerated,Pizza (short shelf),1.845070422535212
563628,7,medium,medium,refrigerated,Short shelf (max_gap=9.0),4.096774193548387
563631,3,high,medium,refrigerated,Fresh/short shelf (max_gap=5.0),1.336734693877551
563640,3,high,medium,refrigerated,Fresh/short shelf (max_gap=5.0),1.5232558139534884
563648,7,medium,medium,refrigerated,Short shelf (max_gap=12.0),3.794117647058824
563690,3,high,high,refrigerated,Pizza (short shelf),2.5
563701,30,medium,medium,ambient,Medium shelf (max_gap=18.0),3.794117647058824
563708,7,medium,medium,refrigerated,Short shelf (max_gap=7.0),2.5098039215686274
563713,7,medium,medium,refrigerated,Short shelf (max_gap=9.0),3.6666666666666665
563733,30,medium,medium,ambient,Medium shelf (max_gap=16.0),4.033333333333333
563750,30,medium,medium,ambient,Medium shelf (max_gap=22.0),3.333333333333333
563761,3,high,medium,refrigerated,Fresh/short shelf (max_gap=4.0),1.3
563770,7,medium,medium,refrigerated,Short shelf (max_gap=12.0),4.428571428571429
563777,7,medium,medium,refrigerated,Short shelf (max_gap=10.0),4.266666666666667
563789,30,medium,medium,ambient,Medium shelf (max_gap=16.0),4.032258064516129
563804,30,medium,medium,ambient,Medium shelf (max_gap=14.0),5.2
564148,14,medium,medium,ambient,Unspecified item - default to medium shelf,1.052325581395349
564664,14,medium,medium,ambient,Unspecified item - default to medium shelf,1.7075471698113207
565348,14,medium,medium,ambient,Unspecified item - default to medium shelf,1.2746478873239435
569126,14,medium,medium,ambient,Unspecified item - default to medium shelf,1.0055555555555555
569173,7,medium,medium,refrigerated,Short shelf (max_gap=7.0),2.240506329113924
569247,30,medium,medium,ambient,Medium shelf (max_gap=18.0),3.129032258064516
569717,14,medium,medium,ambient,Unspecified item - default to medium shelf,7.04
570115,14,medium,medium,ambient,Unspecified item - default to medium shelf,1.4715447154471544
570342,14,medium,medium,ambient,Unspecified item - default to medium shelf,3.0166666666666666
570470,14,medium,medium,ambient,Unspecified item - default to medium shelf,1.0909090909090908
571062,14,medium,medium,ambient,Unspecified item - default to medium shelf,1.2147651006711409
5718587,3,high,medium,refrigerated,Fresh/short shelf (max_gap=4.0),1.0710059171597632
572606,3,high,medium,refrigerated,Fresh/short shelf (max_gap=3.0),1.117283950617284
573163,30,medium,high,ambient,Medium shelf item (skinke),999.0
575595,30,medium,high,ambient,Medium shelf item (marmelade),1.7592592592592593
575688,30,medium,medium,ambient,Medium shelf (max_gap=14.0),1.7592592592592593
575689,30,medium,medium,ambient,Medium shelf (max_gap=14.0),1.7924528301886793
5767443,3,high,medium,refrigerated,Fresh/short shelf (max_gap=5.0),1.4285714285714286
579028,30,medium,high,ambient,Pizza (medium shelf),5.454545454545454
579029,30,medium,high,ambient,Pizza (medium shelf),7.3478260869565215
579033,7,medium,medium,refrigerated,Short shelf (max_gap=10.0),2.3205128205128207
582680,14,medium,medium,ambient,Unspecified item - default to medium shelf,1.6216216216216215
584548,7,medium,medium,refrigerated,Short shelf (max_gap=13.0),3.067796610169492
584559,14,medium,medium,refrigerated,Generic food box (medium): Alle large,6.730769230769231
586581,14,medium,medium,ambient,Unspecified - safe default,2.243589743589744
587281,14,medium,medium,ambient,Unspecified - safe default,47.0
587792,14,medium,medium,ambient,Unspecified - safe default,2.058139534883721
587912,14,medium,medium,ambient,Unspecified - safe default,1.0647058823529412
5892505,14,medium,medium,refrigerated,Generic food box (medium): Mellem box,1.371212121212121
5892534,14,medium,medium,refrigerated,Generic food box (medium): Stor box,1.4251968503937007
590337,30,medium,medium,ambient,Medium shelf-life (default): Emil,13.0
590338,30,medium,high,refrigerated,Pizza (medium shelf): Capricciosa,14.909090909090908
590339,30,medium,medium,ambient,Medium shelf-life (default): Afghani,5.566666666666666
590340,30,medium,high,refrigerated,Pizza (medium shelf): Italiana,10.454545454545457
590341,30,medium,high,refrigerated,Pizza (medium shelf): Vegetariana,10.6
590342,30,medium,high,refrigerated,Pizza (medium shelf): Milano,6.807692307692308
590349,30,medium,high,refrigerated,Pizza (medium shelf): Nazhar,8.333333333333334
590351,30,medium,high,refrigerated,Pizza (medium shelf): Hawaii,6.625
590357,30,medium,high,refrigerated,Pizza (medium shelf): O Sole Mio,6.807692307692308
590361,30,medium,high,refrigerated,Pizza (medium shelf): Babo,11.0625
590393,30,medium,high,refrigerated,Pizza (medium shelf): Dansker,7.458333333333333
590407,3,high,high,refrigerated,Fresh pizza: Dilan,1.7075471698113207
590408,30,medium,high,refrigerated,Pizza (medium shelf): Alya,5.862068965517241
590418,30,medium,high,refrigerated,Pizza (medium shelf): Inca,9.833333333333334
590423,30,medium,high,refrigerated,Pizza (medium shelf): Calzone,7.25
590496,3,high,high,refrigerated,Fresh pizza: Hjemmelavet Dürüm,2.4657534246575343
591056,14,medium,medium,ambient,Unspecified - safe default,69.0
591235,14,medium,medium,ambient,Unspecified - safe default,1.0168539325842696
591251,14,medium,medium,ambient,Unspecified - safe default,1.2147651006711409
591723,180,low,high,dry,Long shelf-life snack/dry: Cookie,3.5217391304347827
592339,14,medium,medium,ambient,Unspecified - safe default,7.458333333333333
592391,14,medium,medium,ambient,Unspecified - safe default,1.6635514018691588
5935825,365,low,high,ambient,Beverage/alcohol: Odense Classic,21.75
5935826,365,low,high,ambient,Beverage/alcohol: Odense Pilsner,6.6923076923076925
5935827,365,low,high,ambient,Beverage/alcohol: Tuborg,6.961538461538462
5935831,365,low,high,ambient,Beverage/alcohol: Ale nr. 16,19.166666666666668
5935832,365,low,high,ambient,Beverage/alcohol: Odense 1859,19.444444444444443
5935890,7,high,high,refrigerated,Short shelf-life food: Todays dish,1.103658536585366
5936063,180,low,medium,dry,Long shelf-life (default): Stjerneskud,105.0
5936207,14,medium,medium,refrigerated,Generic food box (medium): Special stor fad,4.631578947368421
5936210,7,high,high,refrigerated,Short shelf-life food: Special lille fad,3.3125
5936214,30,medium,medium,ambient,Medium shelf-life (default): Twist,23.0
5936234,30,medium,medium,ambient,Medium shelf-life (default): Delle,5.125
5936269,7,high,high,refrigerated,Short shelf-life food: Chinabox Lille,1.0055555555555555
5936270,7,high,high,refrigerated,Short shelf-life food: Chinabox Mellem,1.0055555555555555
5936271,7,high,high,refrigerated,Short shelf-life food: Chinabox Stor,1.0055555555555555
5936292,365,low,high,ambient,Beverage/alcohol: Tsing tao,3.2884615384615383
5936306,180,low,medium,dry,Long shelf-life (default): 4 cl. Irich coffe,999.0
5936756,365,low,high,ambient,Beverage/alcohol: Bundaberg,1.2066666666666668
5936809,365,low,high,ambient,Beverage/alcohol: SODA LILLE,6.241379310344827
5936874,365,low,high,ambient,Beverage/alcohol: Cacao,4.470588235294118
5936911,3,high,high,refrigerated,Fresh pizza: Caprizone,1.547008547008547
5936929,365,low,high,ambient,Beverage/alcohol: Fairy Drink,1.5210084033613445
5936952,30,medium,medium,ambient,"Medium shelf-life (default): Anarkist Hazy IPA 0,5 %.",13.23076923076923
5937003,7,high,medium,refrigerated,Short shelf-life (default): Sweppes Lemon,8.0
5937247,30,medium,medium,ambient,Medium shelf-life (default): Luksus Tapas,4.525
5937286,7,high,medium,refrigerated,Short shelf-life (default): Dåse,1.0055555555555555
5937302,30,medium,medium,ambient,Medium shelf-life (default): Alm. Tapas,7.0
5937376,30,medium,medium,ambient,Medium shelf-life (default): Special tapas,10.555555555555555
5937626,14,medium,medium,ambient,Unspecified - safe default,2.7846153846153845
5937631,365,low,high,ambient,Beverage/alcohol: Pilsner,5.303030303030303
5937674,30,medium,medium,ambient,Medium shelf-life (default): Hyldeblomst,1.8526315789473684
5937679,30,medium,medium,ambient,Medium shelf-life (default): Citron lemonade,1.487394957983193
5937803,30,medium,medium,ambient,Medium shelf-life (default): Breezer/Mokai,9.5
5937953,30,medium,medium,ambient,Medium shelf-life (default): Børne Tapas,23.2
5938081,14,medium,medium,ambient,Unspecified - safe default,1.011173184357542
5938109,9999,low,high,non_food,Non-food: Entré,1.0342857142857145
5938110,30,medium,medium,ambient,Medium shelf-life (default): Fødselsdag,3.0
5938201,7,high,medium,refrigerated,Short shelf-life (default): Slush Ice,1.046242774566474
5938216,7,high,medium,refrigerated,Short shelf-life (default): Strømper,1.1602564102564104
5938438,30,medium,medium,ambient,"Medium shelf-life (default): 1/1 kanin, frossen",5.966666666666667
5938439,30,medium,medium,ambient,Medium shelf-life (default): Garvet kaninskind,30.5
5939188,7,high,medium,refrigerated,Short shelf-life (default): 1 Hund i pension pr dag. á 260 kr,1.894736842105263
5939190,30,medium,medium,ambient,Medium shelf-life (default): 2 Hunde i pension i samme boks  pr dag á 400 kr,6.206896551724138
5939194,180,low,medium,dry,Long shelf-life (default): 4 Hunde i pension i samme boks pr dag á 770 kr,999.0
5939260,30,medium,medium,ambient,Medium shelf-life (default): Babyccino,8.666666666666666
5939679,14,medium,medium,ambient,Unspecified - safe default,1.011173184357542
5939823,180,low,high,dry,Long shelf-life snack/dry: Cookie,1.1655629139072847
5939871,30,medium,medium,ambient,Medium shelf-life (default): Hancock Beer 70cl,4.512820512820513
5939944,30,medium,medium,ambient,"Medium shelf-life (default): Capri-sun, Safari Fruits",2.107142857142857
5940050,30,medium,medium,ambient,Medium shelf-life (default): Brunch,11.666666666666666
5940117,30,medium,medium,ambient,Medium shelf-life (default): 4 cl. snaps,14.636363636363637
5940182,7,high,medium,refrigerated,Short shelf-life (default): Sour Cream & Onion,2.180722891566265
5940190,180,low,medium,dry,Long shelf-life (default): Kopper,37.66666666666666
5940345,7,high,medium,refrigerated,Short shelf-life (default): Margherita,1.7745098039215683
5940351,365,low,high,ambient,Beverage/alcohol: Saft,5.323529411764706
5940386,7,high,medium,refrigerated,Short shelf-life (default): Grimbergen store,2.0125
5940928,180,low,medium,dry,Long shelf-life (default): B1. Brunch,999.0
5940958,30,medium,medium,ambient,Medium shelf-life (default): Mindekomsammen,12.0
5941001,30,medium,medium,ambient,Medium shelf-life (default): Snaps 2 cl,5.333333333333333
5941016,365,low,high,ambient,"Beverage/alcohol: Tuborg, Hof, Royal",2.5588235294117645
5941022,30,medium,medium,ambient,Medium shelf-life (default): Breezer eller Mokai,21.142857142857142
5941312,180,low,medium,dry,Long shelf-life (default): Brez,999.0
5941656,30,medium,medium,ambient,Medium shelf-life (default): Slushice Lille,6.833333333333333
5941657,30,medium,medium,ambient,Medium shelf-life (default): Slushice Stor,6.904761904761905
5941659,30,medium,medium,ambient,Medium shelf-life (default): Hyldeblomst,8.75
5941680,30,medium,medium,ambient,Medium shelf-life (default): Corny Big,10.5
5941761,180,low,medium,dry,Long shelf-life (default): Cones,999.0
5941769,180,low,medium,dry,Long shelf-life (default): Condum,999.0
5941819,30,medium,medium,ambient,Medium shelf-life (default): Æbleskiver,14.0
5941829,30,medium,medium,ambient,Medium shelf-life (default): Køkken,5.451612903225806
5942028,14,medium,medium,ambient,Unspecified - safe default,3.549019607843137
5942066,7,high,medium,refrigerated,Short shelf-life (default): Bamse,1.3115942028985508
5942141,30,medium,medium,ambient,Medium shelf-life (default): Filur glas,7.478260869565218
5942341,14,medium,medium,ambient,Unspecified - safe default,2.4166666666666665
5942391,365,low,high,ambient,Beverage/alcohol: Øko Craft Soda - Tuxen 20 cl,8.047619047619047
5942392,30,medium,medium,ambient,Medium shelf-life (default): Øko Craft Lemonade - Tuxen 33 cl,5.419354838709677
5942401,30,medium,medium,ambient,Medium shelf-life (default): Cappucino,6.68
5942407,30,medium,medium,ambient,Medium shelf-life (default): The,11.133333333333333
5942414,30,medium,medium,ambient,Medium shelf-life (default): Det Gode Menneske - Svendborgsund 50 cl,10.375
5942622,14,medium,medium,ambient,Unspecified - safe default,999.0
5942663,30,medium,medium,ambient,Medium shelf-life (default): RedBull,16.333333333333332
5942785,9999,low,high,non_food,Non-food: Thai Massage 60 min.,2.609375
5942786,9999,low,high,non_food,Non-food: Thai Massage 30 min.,13.4
5942787,9999,low,high,non_food,Non-food: Olie Massage 60 min.,3.733333333333333
5942789,9999,low,high,non_food,Non-food: Fod Massage 60 min.,41.0
5943017,365,low,high,ambient,Beverage/alcohol: Stor Saft,4.230769230769231
5943018,365,low,high,ambient,Beverage/alcohol: Lille Saft,4.307692307692308
5943023,365,low,high,ambient,Beverage/alcohol: Alm Pilsner,2.567164179104477
5943055,7,high,medium,refrigerated,Short shelf-life (default): Garderobe,7.0
5943205,30,medium,medium,ambient,Medium shelf-life (default): Huset hvid glas,5.484848484848484
5943931,30,medium,medium,ambient,Medium shelf-life (default): 15. Tapas for 2 Personer,2.919354838709677
5943955,365,low,high,ambient,Beverage/alcohol: Carlsberg,3.175438596491228
5943956,7,high,medium,refrigerated,Short shelf-life (default): Classic,2.234567901234568
5943957,7,high,medium,refrigerated,Short shelf-life (default): Blanc 1664,2.4794520547945207
5943958,7,high,medium,refrigerated,Short shelf-life (default): Grimbergen,2.207317073170732
5943961,7,high,medium,refrigerated,Short shelf-life (default): Lemonade/Cocio,2.445945945945946
5943965,365,low,high,ambient,"Beverage/alcohol: Ramløse Brus med/uden Citrus 0,33",3.0166666666666666
5943978,7,high,medium,refrigerated,Short shelf-life (default): Romkugle,2.701492537313433
5943988,30,medium,medium,ambient,Medium shelf-life (default): Drys,8.619047619047619
5944005,14,medium,medium,ambient,Unspecified - safe default,3.591836734693877
5944407,30,medium,medium,ambient,Medium shelf-life (default): 1. Margherita,5.363636363636363
5944408,7,high,medium,refrigerated,Short shelf-life (default): 2. Vessuvio,2.765625
5944409,7,high,medium,refrigerated,Short shelf-life (default): 3. Madonna,2.9672131147540983
5944411,30,medium,high,refrigerated,Pizza (medium shelf): Hawaii,3.175438596491228
5944417,30,medium,medium,ambient,Medium shelf-life (default): San Remo,3.2830188679245285
5944419,30,medium,medium,ambient,Medium shelf-life (default): Aurora,5.424242424242424
5944426,30,medium,medium,ambient,Medium shelf-life (default): Isola,6.92
5944429,7,high,medium,refrigerated,Short shelf-life (default): Palermo,2.278481012658228
5944433,30,medium,medium,ambient,Medium shelf-life (default): Cio Cio,6.071428571428571
5944440,30,medium,medium,ambient,Medium shelf-life (default): Padrino,4.512820512820513
5944441,7,high,medium,refrigerated,Short shelf-life (default): Corlioni,2.3157894736842106
5944442,7,high,medium,refrigerated,Short shelf-life (default): Roma,3.4705882352941178
5944443,30,medium,medium,ambient,Medium shelf-life (default): Italia,4.447368421052632
5944444,30,medium,medium,ambient,Medium shelf-life (default): La Mafia,4.525
5944446,7,high,medium,refrigerated,Short shelf-life (default): Lady Godiva,1.372093023255814
5944477,180,low,high,frozen,Frozen food: Frozen,11.76923076923077
5944628,7,high,medium,refrigerated,Short shelf-life (default): La Boheme,3.0
5944630,7,high,medium,refrigerated,Short shelf-life (default): Speciale Valgfri,1.6666666666666667
5944631,7,high,medium,refrigerated,Short shelf-life (default): Matador,2.75
5944634,7,high,medium,refrigerated,Short shelf-life (default): Carmen,3.5
5944635,7,high,medium,refrigerated,Short shelf-life (default): Newroz,3.8
5944637,3,high,high,refrigerated,Fresh pizza: Hawaii,6.0
5944641,7,high,medium,refrigerated,Short shelf-life (default): Taxa,2.0
5944646,7,high,medium,refrigerated,Short shelf-life (default): Chaplin,2.2
5944648,30,medium,medium,ambient,Medium shelf-life (default): Mama Rosa,9.5
5944649,7,high,medium,refrigerated,Short shelf-life (default): Bilo,7.0
5944655,7,high,medium,refrigerated,Short shelf-life (default): Giovanni,7.0
5944732,7,high,medium,refrigerated,Short shelf-life (default): Mickey Mouse,3.333333333333333
5944751,7,high,medium,refrigerated,Short shelf-life (default): F3. Struer,4.75
5945148,180,low,medium,dry,Long shelf-life (default): Bambino,999.0
5945823,7,high,medium,refrigerated,Short shelf-life (default): TB Romkugle,4.666666666666667
5945841,30,medium,medium,ambient,Medium shelf-life (default): Tapas,22.25
5945842,30,medium,medium,ambient,Medium shelf-life (default): Glean Gaveæske uden indhold,26.5
5945888,30,medium,medium,ambient,Medium shelf-life (default): Muslibar,15.083333333333334
5945891,365,low,high,ambient,Beverage/alcohol: Ale nr. 16,3.723404255319149
5945912,7,high,medium,refrigerated,Short shelf-life (default): Velo 5,1.8783783783783785
5945913,7,high,medium,refrigerated,Short shelf-life (default): Velo 4,1.5148514851485149
5945914,7,high,medium,refrigerated,Short shelf-life (default): Ice cold velo 3,1.4485981308411215
5945955,180,low,medium,dry,Long shelf-life (default): Haribo push up,999.0
5945956,180,low,medium,dry,Long shelf-life (default): Københavner stang is,999.0
5946494,30,medium,medium,ambient,"Medium shelf-life (default): Bowling 10,00",8.842105263157896
5946495,30,medium,medium,ambient,Medium shelf-life (default): Bowling variabel,3.3461538461538463
5946574,30,medium,medium,ambient,Medium shelf-life (default): 25A,4.552631578947368
5946584,7,high,medium,refrigerated,Short shelf-life (default): Alcoholfree Rothaus & IPA,2.070588235294118
5946707,14,medium,medium,ambient,Unspecified - safe default,2.070588235294118
5946804,30,medium,medium,ambient,Medium shelf-life (default): Panodil,47.0
5946818,30,medium,medium,ambient,Medium shelf-life (default): Stor Fritz,12.166666666666666
5946887,30,medium,medium,ambient,Medium shelf-life (default): Familiemix nr 12,8.0
5946888,30,medium,medium,ambient,Medium shelf-life (default): Mad Magi Mix nr 13,8.31578947368421
5946908,30,medium,medium,ambient,Medium shelf-life (default): Babaganuche nr 33,9.38888888888889
5946910,30,medium,medium,ambient,Medium shelf-life (default): Chili Hjemmelavet nr 35,7.809523809523809
5947006,30,medium,medium,ambient,Medium shelf-life (default): COCIO,4.722222222222222
5947339,14,medium,medium,ambient,Unspecified - safe default,3.204081632653061
5947359,180,low,medium,dry,Long shelf-life (default): Slushice Lille,999.0
5947362,180,low,medium,dry,Long shelf-life (default): Frugt,999.0
5947369,30,medium,medium,ambient,Medium shelf-life (default): Vitamin Drik,1.9886363636363635
5947372,30,medium,medium,ambient,Medium shelf-life (default): Scones,7.0
5947377,30,medium,medium,ambient,Medium shelf-life (default): Sun top,1.9021739130434785
5947381,30,medium,medium,ambient,Medium shelf-life (default): Capi sun,2.1875
5947387,180,low,medium,dry,Long shelf-life (default): Bagels,999.0
5947389,30,medium,medium,ambient,Medium shelf-life (default): Bagels med Creme,1.9021739130434785
5947396,7,high,medium,refrigerated,Short shelf-life (default): 6. Rita & H. Kremsler,2.7540983606557377
5947398,7,high,medium,refrigerated,Short shelf-life (default): 8. Jane Enemark,2.0625
5947402,30,medium,medium,ambient,Medium shelf-life (default): 12. Edel Hansen,6.0344827586206895
5947408,30,medium,medium,ambient,Medium shelf-life (default): 18. Mona Clausen,5.0
5947409,30,medium,medium,ambient,Medium shelf-life (default): 19. Vicky Fallesen,15.1
5947410,30,medium,medium,ambient,Medium shelf-life (default): 20. Tonie Børløs,5.5625
5947412,7,high,medium,refrigerated,Short shelf-life (default): 22. GlasEnglen,2.25
5947413,30,medium,medium,ambient,Medium shelf-life (default): 23. Dorthe Brix Nielsen,3.75
5947414,30,medium,medium,ambient,Medium shelf-life (default): 24. Kathrin Schroeder,25.33333333333333
5947415,30,medium,medium,ambient,Medium shelf-life (default): 25. Birger Pratsch,4.147058823529412
5947420,30,medium,medium,ambient,Medium shelf-life (default): 30. Arne Guldmann,19.428571428571427
5947422,30,medium,medium,ambient,Medium shelf-life (default): 32. A. Hyldgaard Rasmussen,12.076923076923077
5947922,7,high,medium,refrigerated,Short shelf-life (default): Håndmadder,1.2397260273972603
5947928,7,high,medium,refrigerated,Short shelf-life (default): Frikadelle,1.25
5947947,7,high,medium,refrigerated,Short shelf-life (default): Tobak,1.175324675324675
5948015,7,high,medium,refrigerated,Short shelf-life (default): Energidrik,1.2482758620689656
5948154,30,medium,medium,ambient,Medium shelf-life (default): Marlene special,7.857142857142857
5948216,180,low,medium,dry,Long shelf-life (default): Diverse,94.0
5948219,30,medium,medium,ambient,Medium shelf-life (default): Overnatning,5.0
5948220,30,medium,medium,ambient,Medium shelf-life (default): Mad,6.6
5948221,7,high,medium,refrigerated,Short shelf-life (default): Arrangement,3.0508474576271185
5948606,14,medium,medium,ambient,Unspecified - safe default,9.88888888888889
5948712,30,medium,medium,ambient,Medium shelf-life (default): Ingefærshot,1.4031007751937985
5948720,180,low,medium,dry,Long shelf-life (default): Smoking blue,999.0
5948725,180,low,medium,dry,Long shelf-life (default): Smokers choice gold tips,999.0
594937,30,medium,medium,ambient,Medium shelf-life (default): Brezzer,8.235294117647058
5949555,30,medium,medium,ambient,Medium shelf-life (default): Müslibar,16.0
5949681,14,medium,medium,ambient,Unspecified - safe default,999.0
5949732,30,medium,medium,ambient,Medium shelf-life (default): Romkugler 170g,10.9375
5949737,14,medium,medium,ambient,Unspecified - safe default,1.2397260273972603
5949933,7,high,medium,refrigerated,Short shelf-life (default): Pespi Max,2.282051282051282
5949934,30,medium,medium,ambient,Medium shelf-life (default): Faxekondi,2.9344262295081966
5949935,7,high,medium,refrigerated,Short shelf-life (default): Faxe Kondi o,2.410958904109589
5950269,30,medium,medium,ambient,Medium shelf-life (default): Moscow mule,13.846153846153848
5950292,180,low,medium,dry,Long shelf-life (default): Babassu Wash,55.0
5950613,7,high,medium,refrigerated,Short shelf-life (default): Smurt rundstykke,1.3533834586466165
5950617,7,high,medium,refrigerated,Short shelf-life (default): Thebirkes,1.3533834586466165
5950619,7,high,medium,refrigerated,Short shelf-life (default): Wagelsstang,1.40625
5950622,7,high,medium,refrigerated,Short shelf-life (default): Romkugle 1 stk,1.5517241379310345
5950623,7,high,medium,refrigerated,Short shelf-life (default): Romkugler 3 stk,1.5789473684210529
5950653,365,low,high,ambient,"Beverage/alcohol: Carlsberg 0,25",2.6865671641791047
5950655,365,low,high,ambient,"Beverage/alcohol: Carlsberg 0,5",1.13125
5950656,365,low,high,ambient,"Beverage/alcohol: Tuborg Classic 0,25",2.6769230769230767
5950657,365,low,high,ambient,"Beverage/alcohol: Tuborg Classic 0,5",1.0526315789473684
5950659,7,high,medium,refrigerated,"Short shelf-life (default): GRIMBERGEN 0,5",1.5740740740740742
5950665,365,low,high,ambient,"Beverage/alcohol: Soda 0,25",1.1464968152866242
5950727,7,high,medium,refrigerated,Short shelf-life (default): Sauvignon Blanc gl.,2.278481012658228
5950729,30,medium,medium,ambient,Medium shelf-life (default): Riesling,3.8297872340425534
5950759,7,high,medium,refrigerated,Short shelf-life (default): Creme bruhle,2.2
5950762,7,high,medium,refrigerated,Short shelf-life (default): Carparccio,2.9166666666666665
5950907,7,high,medium,refrigerated,Short shelf-life (default): MELLEM SMORREBROD,1.5517241379310345
5950908,30,medium,medium,ambient,Medium shelf-life (default): STOR SMORREBROD,7.777777777777778
5950909,30,medium,medium,ambient,Medium shelf-life (default): LUKSUS SMORREBROD,48.0
5950913,7,high,medium,refrigerated,Short shelf-life (default): FRIKADELLER,1.487603305785124
5950915,7,high,medium,refrigerated,Short shelf-life (default): DIVERSE SALG,1.5084745762711864
5950949,180,low,medium,dry,Long shelf-life (default): Jiwa 100,999.0
5950950,30,medium,medium,ambient,Medium shelf-life (default): Jiwa 12,37.0
5951195,30,medium,medium,ambient,Medium shelf-life (default): Vegetar  nr 24,10.1875
5951226,30,medium,medium,ambient,Medium shelf-life (default): feallesspisning,13.076923076923077
5951268,7,high,medium,refrigerated,Short shelf-life (default): Farmers choise chardonnay - Glas,2.701492537313433
5951314,30,medium,medium,ambient,Medium shelf-life (default): Othello,8.75
5951321,7,high,medium,refrigerated,Short shelf-life (default): Mix,1.3609022556390975
5951322,7,high,medium,refrigerated,Short shelf-life (default): Mix,1.3435114503816794
5951323,7,high,medium,refrigerated,Short shelf-life (default): Mix,2.111111111111111
5951324,7,high,medium,refrigerated,Short shelf-life (default): Mix,1.565217391304348
5951325,30,medium,medium,ambient,Medium shelf-life (default): Mix,3.549019607843137
5951326,7,high,medium,refrigerated,Short shelf-life (default): Mix,1.5603448275862069
5951327,30,medium,medium,ambient,Medium shelf-life (default): Mix,5.0
5951328,30,medium,medium,ambient,Medium shelf-life (default): Mix,4.238095238095238
5951329,7,high,medium,refrigerated,Short shelf-life (default): Mix,2.333333333333333
5951330,30,medium,medium,ambient,Medium shelf-life (default): Mix,8.526315789473685
5951331,30,medium,medium,ambient,Medium shelf-life (default): Mix,8.666666666666666
5951332,180,low,medium,dry,Long shelf-life (default): Mix,999.0
5951333,7,high,medium,refrigerated,Short shelf-life (default): Mix,3.2142857142857144
5951334,30,medium,medium,ambient,Medium shelf-life (default): Mix,72.0
5951335,180,low,medium,dry,Long shelf-life (default): Mix,999.0
5951336,30,medium,medium,ambient,Medium shelf-life (default): Mix,6.1923076923076925
5951346,7,high,medium,refrigerated,Short shelf-life (default): Rundstykke lys,1.808080808080808
5951480,14,medium,medium,ambient,Unspecified - safe default,2.36
5951492,30,medium,medium,ambient,Medium shelf-life (default): Nr 1.Philadelphia Roll,39.66666666666666
5951493,30,medium,medium,ambient,Medium shelf-life (default): Nr 2.Alska,21.285714285714285
5951494,180,low,medium,dry,Long shelf-life (default): Nr 3.California,42.25
5951497,30,medium,high,refrigerated,Pizza (medium shelf): Nr 6.Hawaii,15.5
5951507,30,medium,medium,ambient,Medium shelf-life (default): Nr 16.Kvaerndrup Roll,28.25
5951512,30,medium,medium,ambient,Medium shelf-life (default): Nr 25.Ebi,37.66666666666666
5951561,30,medium,medium,ambient,Medium shelf-life (default): Burrata,2.324675324675325
5951562,30,medium,medium,ambient,Medium shelf-life (default): Carpaccio,2.9344262295081966
5951563,30,medium,medium,ambient,Medium shelf-life (default): Bruschetta,2.3421052631578947
5951564,30,medium,medium,ambient,Medium shelf-life (default): Pomodoro Linguine,1.9565217391304348
5951565,30,medium,medium,ambient,Medium shelf-life (default): Funghi Pappardelle,1.967032967032967
5951566,30,medium,medium,ambient,Medium shelf-life (default): Ragu,1.894736842105263
5951571,30,medium,medium,ambient,Medium shelf-life (default): Beer,2.25
5951578,365,low,high,ambient,Beverage/alcohol: San Pellegrino Drink,1.935483870967742
5951580,30,medium,medium,ambient,Medium shelf-life (default): Glass of Wine,9.0
5951659,30,medium,medium,ambient,Medium shelf-life (default): Diverse,3.954545454545455
5951850,30,medium,medium,ambient,Medium shelf-life (default): Håndmadder,1.587719298245614
5951864,30,medium,medium,ambient,"Medium shelf-life (default): Cocio 0,25-varm",2.608695652173913
5951866,30,medium,medium,ambient,"Medium shelf-life (default): Cocio 0,6 L",2.8870967741935485
5951878,30,medium,medium,ambient,Medium shelf-life (default): Kradser,7.285714285714286
5951922,14,medium,medium,ambient,Unspecified - safe default,1.2147651006711409
5952145,30,medium,medium,ambient,Medium shelf-life (default): Pitza,7.25
5952721,14,medium,medium,ambient,Unspecified - safe default,2.3076923076923075
5952746,30,medium,medium,ambient,Medium shelf-life (default): Wasabi,25.0
5952750,30,medium,medium,ambient,Medium shelf-life (default): Ingefær,39.66666666666666
5952754,30,medium,medium,ambient,Medium shelf-life (default): Hata,14.583333333333334
5952871,14,medium,medium,ambient,Unspecified - safe default,3.0
5953011,30,medium,medium,ambient,Medium shelf-life (default): 1. Margherita,6.642857142857143
5953012,30,medium,medium,ambient,Medium shelf-life (default): 2. Cotto,5.5
5953013,30,medium,medium,ambient,Medium shelf-life (default): 3. Prosciutto e Funghi,5.785714285714286
5953014,30,medium,high,refrigerated,Pizza (medium shelf): 4. Capricciosa,4.578947368421052
5953015,30,medium,medium,ambient,Medium shelf-life (default): 5. Quattro Stagioni,28.666666666666668
5953016,30,medium,medium,ambient,Medium shelf-life (default): 6. Napoletana,7.75
5953017,30,medium,medium,ambient,Medium shelf-life (default): 7. Americana,14.2
5953018,30,medium,medium,ambient,Medium shelf-life (default): 8. Pugliese,6.75
5953019,30,medium,medium,ambient,Medium shelf-life (default): 9. Diavola,3.692307692307693
5953021,30,medium,high,refrigerated,Pizza (medium shelf): 11. Vegetariana,17.25
5953024,30,medium,medium,ambient,Medium shelf-life (default): 14. Quattro Formaggi,16.5
5953025,30,medium,medium,ambient,Medium shelf-life (default): 15. Contadino,24.666666666666668
5953026,30,medium,medium,ambient,Medium shelf-life (default): 16. Gustosa,5.052631578947368
5953027,30,medium,medium,ambient,Medium shelf-life (default): 17. Genovese,13.2
5953033,30,medium,medium,ambient,Medium shelf-life (default): NR. 100,12.8
5953035,30,medium,medium,ambient,Medium shelf-life (default): NR. 102,22.666666666666668
5953036,30,medium,medium,ambient,Medium shelf-life (default): NR. 103,19.25
5953037,30,medium,medium,ambient,Medium shelf-life (default): NR. 50,15.0
5953039,7,high,medium,refrigerated,Short shelf-life (default): 200. Boscaiola,8.333333333333334
5953040,30,medium,medium,ambient,Medium shelf-life (default): 201. Portofino,12.0
5953041,30,medium,medium,ambient,Medium shelf-life (default): 202. Cartoccio,40.5
5953045,30,medium,medium,ambient,Medium shelf-life (default): Pannacotta,20.75
5953145,14,medium,medium,ambient,Unspecified - safe default,105.0
5953452,180,low,medium,dry,Long shelf-life (default): Ipren 200 mg,999.0
5953717,30,medium,medium,ambient,Medium shelf-life (default): Special beers,4.4
5953780,30,medium,medium,ambient,Medium shelf-life (default): Nr 56. Crazy roll,30.666666666666668
5954046,7,high,medium,refrigerated,Short shelf-life (default): Stor Alm.,4.142857142857143
5954047,30,medium,medium,ambient,Medium shelf-life (default): Stor Lux,5.67741935483871
5954054,7,high,medium,refrigerated,Short shelf-life (default): Red Bull,2.493150684931507
5954100,7,high,medium,refrigerated,"Short shelf-life (default): Sjusser 110,-",1.8958333333333333
5954105,365,low,high,ambient,"Beverage/alcohol: Sprit 37,-",1.7009345794392523
5954106,365,low,high,ambient,"Beverage/alcohol: Sprit 42,-",1.5166666666666666
5954107,365,low,high,ambient,"Beverage/alcohol: Sprit 54,-",4.275
5954108,7,high,medium,refrigerated,"Short shelf-life (default): Shot 35,-",1.6106194690265487
5954111,30,medium,medium,ambient,Medium shelf-life (default): Snaps,8.384615384615385
5954112,30,medium,medium,ambient,Medium shelf-life (default): Arne/Starka/Underberg,5.482758620689655
5954114,7,high,medium,refrigerated,Short shelf-life (default): Hotshot,3.175438596491228
5954127,7,high,medium,refrigerated,Short shelf-life (default): Depositum 100,2.585714285714286
5954129,30,medium,medium,ambient,Medium shelf-life (default): Depositum 200,3.888888888888889
5954163,30,medium,medium,ambient,Medium shelf-life (default): Diverse,9.578947368421051
5954171,30,medium,medium,ambient,"Medium shelf-life (default): Underberg, Arne & Starka",43.0
5954174,7,high,medium,refrigerated,Short shelf-life (default): Snaps,2.0
5954177,365,low,high,ambient,"Beverage/alcohol: Sprit 37,-",2.275
5954179,365,low,high,ambient,"Beverage/alcohol: Sprit 42,-",2.0
5954180,365,low,high,ambient,"Beverage/alcohol: Sprit 54,-",28.0
5954182,30,medium,medium,ambient,"Medium shelf-life (default): Sjusser 110,-",14.22222222222222
5954192,7,high,medium,refrigerated,Short shelf-life (default): Red Bull,2.563380281690141
5954193,7,high,medium,refrigerated,Short shelf-life (default): Stor Alm.,1.3
5954194,7,high,medium,refrigerated,Short shelf-life (default): Stor Lux.,1.378787878787879
5954195,30,medium,medium,ambient,Medium shelf-life (default): Lille Alm.,3.723404255319149
5954196,7,high,medium,refrigerated,Short shelf-life (default): Lille Lux.,2.983050847457627
5954224,14,medium,medium,ambient,Unspecified - safe default,1.1920529801324504
5954520,7,high,medium,refrigerated,Short shelf-life (default): T162 Stor fest,5.466666666666667
5954551,30,medium,medium,ambient,Medium shelf-life (default): 33. Alice Unbehaun,6.75
5954649,7,high,medium,refrigerated,Short shelf-life (default): 2. Dry noodles w. beef,1.267605633802817
5954651,7,high,medium,refrigerated,Short shelf-life (default): 4. Rice noodles W. Vegetable,1.792079207920792
5954654,7,high,medium,refrigerated,Short shelf-life (default): 7. Fried rice w. Egg,1.6216216216216215
5955597,30,medium,medium,ambient,Medium shelf-life (default): Margarita 1,3.3461538461538463
5955600,7,high,medium,refrigerated,Short shelf-life (default): Safari 4,1.4621848739495795
5955601,7,high,medium,refrigerated,Short shelf-life (default): Skinke 5,1.6605504587155964
5955602,7,high,medium,refrigerated,Short shelf-life (default): Gorgonzela 6,3.1578947368421053
5955603,3,high,high,refrigerated,Fresh pizza: Hawaii 7,2.585714285714286
5955604,7,high,medium,refrigerated,Short shelf-life (default): Nabel 8,2.2911392405063293
5955605,7,high,medium,refrigerated,Short shelf-life (default): Viking 9,1.988888888888889
5955607,3,high,high,refrigerated,Fresh prepared food: Meat Lover 11,1.4715447154471544
5955617,7,high,medium,refrigerated,Short shelf-life (default): Rhodos 21,2.5942028985507246
5955619,7,high,medium,refrigerated,Short shelf-life (default): Amigo 23,2.918032786885246
5955625,7,high,medium,refrigerated,Short shelf-life (default): Mexicano 29,3.1578947368421053
5955628,3,high,high,refrigerated,Fresh pizza: Calzone 32,2.486111111111111
5955635,30,medium,medium,ambient,Medium shelf-life (default): Bambino 39,3.693877551020408
5955638,7,high,medium,refrigerated,Short shelf-life (default): Alm,1.6090909090909091
5955683,7,high,medium,refrigerated,Short shelf-life (default): Hvidløg bager,1.946236559139785
5955712,30,medium,medium,ambient,Medium shelf-life (default): Rom nation,11.692307692307692
5956093,14,medium,medium,ambient,Unspecified - safe default,61.0
5956207,30,medium,medium,ambient,Medium shelf-life (default): 1  COCIO,12.833333333333334
5956555,14,medium,medium,ambient,Unspecified - safe default,3.450980392156863
5956808,7,high,medium,refrigerated,Short shelf-life (default): Store Donut,1.69811320754717
5956820,30,medium,medium,ambient,Medium shelf-life (default): 34. Galleri,13.3
5956862,365,low,high,ambient,Beverage/alcohol: Tuborg classic 25 cl.,8.65
5956929,9999,low,high,non_food,Non-food: mad badminton,38.5
5957219,180,low,high,dry,Long shelf-life snack/dry: Sukker,999.0
5957323,14,medium,medium,ambient,Unspecified - safe default,6.222222222222222
5957425,14,medium,medium,ambient,Unspecified - safe default,1.5739130434782609
5957481,30,medium,medium,ambient,Medium shelf-life (default): Lille Pomfrit,1.2569444444444444
5957494,30,medium,medium,refrigerated,Generic food box: China Box Lille,2.4133333333333336
5957495,30,medium,medium,refrigerated,Generic food box: China Box Stor,1.846938775510204
5957516,30,medium,medium,ambient,Medium shelf-life (default): Stor Cocio,1.8350515463917525
5957539,30,medium,medium,ambient,Medium shelf-life (default): Chinaboks Lille,1.6272727272727272
5957540,30,medium,medium,ambient,Medium shelf-life (default): Chinaboks Stor,1.3407407407407408
5957712,30,medium,medium,ambient,"Medium shelf-life (default): KiWa Foto, Print",6.0344827586206895
5957714,7,high,medium,refrigerated,"Short shelf-life (default): KiWa Foto, Portrætfoto Studie og Udendørs",4.285714285714286
5957933,30,medium,medium,ambient,Medium shelf-life (default): Squeezy,12.0
5957985,30,medium,medium,ambient,Medium shelf-life (default): Klejner,14.0
5958024,30,medium,medium,ambient,Medium shelf-life (default): Pepperoni,5.0
5958105,14,medium,medium,ambient,Unspecified - safe default,1.723809523809524
5958237,30,medium,medium,ambient,Medium shelf-life (default): Alfredo,8.35
5958345,14,medium,medium,ambient,Unspecified - safe default,3.7083333333333335
5958373,7,high,medium,refrigerated,Short shelf-life (default): STÆNGER,1.1688311688311688
5958465,30,medium,medium,ambient,Medium shelf-life (default): DIN Upcycling,3.7857142857142856
5958631,14,medium,medium,ambient,Unspecified - safe default,12.538461538461538
5958664,7,high,medium,refrigerated,Short shelf-life (default): EXTRA STÆNGER,3.382978723404255
5958684,7,high,medium,refrigerated,Short shelf-life (default): GAVEÆSKE CA. 110 GR.,2.901639344262295
5958685,30,medium,medium,ambient,Medium shelf-life (default): GAVEÆSKER CA. 150 GR.,2.8412698412698414
5958686,30,medium,medium,ambient,Medium shelf-life (default): GAVEÆSKE CA. 250 GR.,3.103448275862069
5958700,7,high,medium,refrigerated,Short shelf-life (default): LUX,1.0225988700564972
5958702,7,high,high,refrigerated,Short shelf-life food: FAD 1,1.0055555555555555
5958703,7,high,high,refrigerated,Short shelf-life food: FAD 2,2.2151898734177213
5958704,7,high,high,refrigerated,Short shelf-life food: FAD 3,1.175324675324675
5958706,7,high,medium,refrigerated,Short shelf-life (default): UNDERBERG,1.0778443113772456
5958708,7,high,medium,refrigerated,Short shelf-life (default): SHOT 1,1.1104294478527608
5958709,7,high,medium,refrigerated,Short shelf-life (default): SHOT 2,1.175324675324675
5958710,7,high,medium,refrigerated,Short shelf-life (default): ICE,1.2482758620689656
5958711,30,medium,medium,ambient,Medium shelf-life (default): MANGO,7.4375
5958712,7,high,medium,refrigerated,Short shelf-life (default): SPRUT 1,1.5384615384615383
5958713,7,high,medium,refrigerated,Short shelf-life (default): SPRUT 2,1.1528662420382163
5958714,7,high,medium,refrigerated,Short shelf-life (default): DIV SPRUT,2.9642857142857144
5958716,7,high,high,refrigerated,Short shelf-life food: LILLE FAD 1,1.6605504587155964
5958717,7,high,high,refrigerated,Short shelf-life food: LILLE FAD 2,1.7572815533980584
5958718,30,medium,medium,ambient,Medium shelf-life (default): SPILLEMØNT,10.0
5960400,30,medium,medium,ambient,Medium shelf-life (default): Glean Træstamme,8.8125
5960412,7,high,medium,refrigerated,Short shelf-life (default): 19. Nachos,2.6231884057971016
5960439,30,medium,medium,ambient,Medium shelf-life (default): ol,18.33333333333333
5960442,365,low,high,ambient,Beverage/alcohol: Saft,11.5
5960525,30,medium,medium,ambient,Medium shelf-life (default): DAGENS,8.0
5960535,30,medium,medium,ambient,Medium shelf-life (default): REFILL,1.7075471698113207
5960538,7,high,high,refrigerated,Short shelf-life food: FAD lille,1.547008547008547
5960539,7,high,high,refrigerated,Short shelf-life food: FAD stor,1.3923076923076922
5960554,30,medium,medium,ambient,Medium shelf-life (default): BILLET,2.80327868852459
5960667,30,medium,medium,ambient,Medium shelf-life (default): Tips,4.153846153846154
5960670,7,high,high,refrigerated,Short shelf-life food: Guinness fad,1.547008547008547
5960674,30,medium,medium,ambient,Medium shelf-life (default): Fevertree,4.512820512820513
5960675,7,high,medium,refrigerated,Short shelf-life (default): Redbull,3.175438596491228
5960676,7,high,medium,refrigerated,Short shelf-life (default): Corona,3.52
5960677,7,high,medium,refrigerated,Short shelf-life (default): Somersby,2.8870967741935485
5960686,7,high,medium,refrigerated,Short shelf-life (default): Spiritus (40),1.6454545454545455
5960689,7,high,medium,refrigerated,Short shelf-life (default): Spiritus (55),2.234567901234568
5960694,7,high,medium,refrigerated,Short shelf-life (default): Shot,1.691588785046729
5960746,30,medium,medium,ambient,Medium shelf-life (default): Overlæbe,16.0
5960754,180,low,medium,dry,Long shelf-life (default): Næse,999.0
5960768,30,medium,medium,ambient,Medium shelf-life (default): Manicure,14.0
5960774,30,medium,medium,ambient,Medium shelf-life (default): TO GO KOP,2.2911392405063293
5960804,7,high,medium,refrigerated,Short shelf-life (default): Stor Slush Ice,1.894736842105263
5961332,7,high,medium,refrigerated,Short shelf-life (default): Klejner,3.0
5961333,7,high,medium,refrigerated,Short shelf-life (default): Klejner 3 stk,3.0
5961488,30,medium,medium,ambient,Medium shelf-life (default): Stor Slush Ice,2.661764705882353
5961499,180,low,medium,dry,Long shelf-life (default): Frubt,4.275
5961503,180,low,medium,dry,Long shelf-life (default): Var me Drikke,2.915254237288136
5961504,180,low,medium,dry,Long shelf-life (default): Kolde Drikke,98.0
5961505,180,low,medium,dry,Long shelf-life (default): Div. Drikke,6.296296296296297
5961507,180,low,medium,dry,Long shelf-life (default): 3 stk Smarebød,999.0
5961518,180,low,medium,dry,Long shelf-life (default): Kringel 1/2 tilbud,70.0
5961549,7,high,medium,refrigerated,Short shelf-life (default): Bounty kugler,3.75
5961550,7,high,medium,refrigerated,Short shelf-life (default): Brunch,7.0
5961561,14,medium,medium,ambient,Unspecified - safe default,4.365853658536586
5961580,14,medium,medium,ambient,Unspecified - safe default,1.4814814814814814
5961597,14,medium,medium,ambient,Unspecified - safe default,2.617647058823529
5961677,7,high,medium,refrigerated,Short shelf-life (default): Capri-sun Multivitamin,2.02247191011236
5961744,14,medium,medium,ambient,Unspecified - safe default,1.5083333333333333
5962011,7,high,medium,refrigerated,Short shelf-life (default): 1. Margherita,1.3308823529411764
5962012,3,high,high,refrigerated,Fresh pizza: 2. Capricciosa,1.4596774193548387
5962013,3,high,high,refrigerated,Fresh pizza: 3. Hawaii,1.855670103092784
5962014,3,high,high,refrigerated,Fresh pizza: 4. Calzone,4.022222222222222
5962016,7,high,medium,refrigerated,Short shelf-life (default): 6. Pepperoni,1.1383647798742138
5962017,30,medium,medium,ambient,Medium shelf-life (default): 8. Italian,3.953488372093023
5962019,7,high,medium,refrigerated,Short shelf-life (default): 10. Bianca,2.0804597701149423
5962020,30,medium,medium,ambient,Medium shelf-life (default): 12. Quattro Formaggi,4.525
5962021,30,medium,medium,ambient,Medium shelf-life (default): 13. Diavola,4.119047619047619
5962023,7,high,medium,refrigerated,Short shelf-life (default): 15. Gorgonzola,3.125
5962026,7,high,medium,refrigerated,Short shelf-life (default): 17. Pollo,3.6595744680851054
5962034,7,high,medium,refrigerated,Short shelf-life (default): 35. Casereccia,3.0517241379310347
5962036,30,medium,high,refrigerated,Pizza (medium shelf): 37. Vegetariana,3.909090909090909
5962121,7,high,medium,refrigerated,Short shelf-life (default): Gloegg,2.2857142857142856
5962136,30,medium,medium,ambient,Medium shelf-life (default): julepils,8.285714285714286
5962164,30,medium,medium,ambient,Medium shelf-life (default): Luksus rejemad,22.571428571428573
5962165,30,medium,medium,ambient,Medium shelf-life (default): Stjerneskud,4.2682926829268295
5962168,180,low,medium,dry,Long shelf-life (default): Frikadeller,999.0
5962173,180,low,medium,dry,Long shelf-life (default): 2 stk. Frikadeller,999.0
5962175,365,low,high,ambient,Beverage/alcohol: Saft,12.166666666666666
5962241,30,medium,medium,ambient,Medium shelf-life (default): Gebyr,25.0
5962265,7,high,medium,refrigerated,Short shelf-life (default): Juleknas,2.555555555555556
5962317,7,high,medium,refrigerated,Short shelf-life (default): RYSBJERG SMYKKER,5.2
5962363,30,medium,medium,ambient,Medium shelf-life (default): Mad,18.33333333333333
5962373,14,medium,medium,ambient,Unspecified - safe default,3.3653846153846154
5962384,14,medium,medium,ambient,Unspecified - safe default,1.2746478873239435
5962452,30,medium,medium,ambient,Medium shelf-life (default): Diverse,5.966666666666667
5962471,14,medium,medium,ambient,Unspecified - safe default,23.166666666666668
5962938,30,medium,medium,ambient,Medium shelf-life (default): Nachos (V),15.5
5962957,30,medium,medium,ambient,"Medium shelf-life (default): Faxe Kondi 1,5 l",14.428571428571429
5962960,7,high,medium,refrigerated,"Short shelf-life (default): Gazoz 0,33 l",3.5
5962961,30,medium,medium,ambient,"Medium shelf-life (default): Redbull 0,25 l",17.285714285714285
5962963,30,medium,medium,ambient,"Medium shelf-life (default): Cocio 0,4 l",9.0
5962986,30,medium,medium,ambient,Medium shelf-life (default): Bager hv\chili,2.701492537313433
5963044,30,medium,medium,ambient,Medium shelf-life (default): Tom stænger,12.2
5963121,7,high,medium,refrigerated,Short shelf-life (default): Shaker/Breezer,2.381578947368421
5963123,30,medium,medium,ambient,Medium shelf-life (default): Redbull,4.525
5963130,365,low,high,ambient,Beverage/alcohol: Tuborg guld Stor,4.821428571428571
5963132,7,high,medium,refrigerated,Short shelf-life (default): Klippekort,1.4140625
5963133,7,high,medium,refrigerated,Short shelf-life (default): Tobak,2.2911392405063293
5963175,7,high,medium,refrigerated,Short shelf-life (default): 2cl Spiritus,2.3205128205128207
5963178,30,medium,medium,ambient,Medium shelf-life (default): 10 stk Små Sure (2 cl),6.703703703703703
5963238,30,medium,medium,ambient,"Medium shelf-life (default): Schweppes, Lemon",3.4489795918367347
5963239,365,low,high,ambient,Beverage/alcohol: Tuborg Squash,2.828125
5963241,30,medium,medium,ambient,Medium shelf-life (default): Craft Lemonade Rhubarb Heaven - Rabarbersmag,7.0
5963255,30,medium,medium,ambient,Medium shelf-life (default): Cappucino,8.571428571428571
5963257,365,low,high,ambient,Beverage/alcohol: Kaffs/ Coffee,3.9130434782608696
5963282,30,medium,medium,ambient,Medium shelf-life (default): Carambar 5 stk,3.733333333333333
5963332,14,medium,medium,ambient,Unspecified - safe default,6.0
5963344,30,medium,medium,ambient,Medium shelf-life (default): Frikadeller 3 stk. kold,4.2926829268292686
5963356,30,medium,medium,ambient,Medium shelf-life (default): Mad ud af huset,5.5
5963358,7,high,medium,refrigerated,Short shelf-life (default): Håndmadder,1.6422018348623852
5963362,30,medium,medium,ambient,Medium shelf-life (default): Madpakke,1.8265306122448977
5963430,30,medium,medium,ambient,"Medium shelf-life (default): Biavler Joergensen, varesalg",14.416666666666666
5963549,7,high,medium,refrigerated,Short shelf-life (default): Håndmadder,2.1
5963622,30,medium,medium,ambient,Medium shelf-life (default): Gamle regninger,8.19047619047619
5963816,30,medium,medium,ambient,Medium shelf-life (default): Mega works BIG BIG BIG,4.113636363636363
5963821,30,medium,medium,ambient,Medium shelf-life (default): CX BIG,4.641025641025641
5963838,7,high,medium,refrigerated,Short shelf-life (default): Hoker MELLEM,2.1547619047619047
5963839,7,high,medium,refrigerated,Short shelf-life (default): Classic MELLEM,2.1951219512195124
5964257,30,medium,medium,ambient,Medium shelf-life (default): Spiritus variabel,5.884615384615385
5964346,365,low,high,ambient,Beverage/alcohol: Coffee,5.838709677419355
5964831,7,high,medium,refrigerated,Short shelf-life (default): Kridts Brunch,1.547008547008547
5964846,7,high,medium,refrigerated,Short shelf-life (default): Nachos,1.3115942028985508
5964883,7,high,medium,refrigerated,Short shelf-life (default): Belgisk vaffel,1.7075471698113207
5964931,7,high,medium,refrigerated,Short shelf-life (default): Isthe med Hyldeblomst,1.2657342657342658
5964935,7,high,medium,refrigerated,Short shelf-life (default): ROYAL CLASSIC LILLE,1.7075471698113207
5964936,7,high,medium,refrigerated,Short shelf-life (default): ROYAL CLASSIC STOR,1.6272727272727272
5965028,14,medium,medium,ambient,Unspecified - safe default,59.0
5965142,7,high,medium,refrigerated,Short shelf-life (default): FAXE KONDI FREE MELLEM,1.3115942028985508
5965149,180,low,high,dry,Dry goods/candy: cookie,5.0
5965207,9999,low,high,non_food,Service/non-food item: gavekort,29.5
5965208,9999,low,high,non_food,Service/non-food item: gavekort,3.0
5965228,365,low,high,ambient,Alcohol/spirit: shot,4.093023255813954
5965300,365,low,high,ambient,Alcohol/spirit: valpolicella,3.883720930232558
5965407,3,medium,medium,refrigerated,Pizza (short shelf variant),1.584070796460177
5965411,21,medium,medium,frozen,Pizza (longer shelf variant),2.6818181818181817
5965414,3,medium,medium,refrigerated,Pizza (short shelf variant),2.550724637681159
5965416,3,medium,medium,refrigerated,Pizza (short shelf variant),1.9021739130434785
5965435,365,low,high,ambient,Alcohol/spirit: ale,2.070588235294118
5965447,3,medium,medium,refrigerated,Pizza (short shelf variant),3.125
5965489,3,medium,medium,refrigerated,Pizza (short shelf variant),3.0526315789473686
5965520,21,medium,medium,frozen,Pizza (longer shelf variant),5.46875
5965737,14,medium,medium,refrigerated,"Unspecified product, default to medium shelf",3.591836734693877
5965784,180,low,high,ambient,Beverage (non-alcoholic),3.0172413793103448
5965785,180,low,high,ambient,Beverage (non-alcoholic),3.8260869565217392
5965790,180,low,high,ambient,Beverage (non-alcoholic),2.0823529411764707
5965791,180,low,high,ambient,Beverage (non-alcoholic),1.475
5965843,21,medium,medium,frozen,Pizza (longer shelf variant),1.9130434782608696
5965876,21,medium,medium,frozen,Pizza (longer shelf variant),20.0
5966157,30,medium,medium,ambient,Default medium shelf (max_gap >= 14),999.0
5966368,21,medium,medium,frozen,Pizza (longer shelf variant),3.232142857142857
5966369,21,medium,medium,frozen,Pizza (longer shelf variant),3.8297872340425534
5966840,9999,low,high,non_food,Service/non-food item: service,1.0647058823529412
5966856,365,low,high,ambient,Alcohol/spirit: spiritus,3.1206896551724137
5966900,21,medium,medium,frozen,Pizza (longer shelf variant),11.428571428571429
5966928,365,low,high,ambient,Alcohol/spirit: faxe,4.425
5967618,9999,low,high,non_food,Service/non-food item: pant,2.2
5967625,365,low,high,ambient,Alcohol/spirit: faxe,3.227272727272727
5967655,180,low,high,dry,Dry goods/candy: romkugle,25.166666666666668
5967681,180,low,high,ambient,Beverage (non-alcoholic),13.833333333333334
5967706,365,low,high,ambient,Alcohol/spirit: drink,2.513888888888889
5967712,21,medium,medium,frozen,Pizza (longer shelf variant),6.727272727272728
5967735,365,low,high,ambient,Alcohol/spirit: drink,3.1607142857142856
5967737,30,medium,medium,ambient,Default medium shelf (max_gap >= 14),4.325
5967742,365,low,high,ambient,Alcohol/spirit: shot,2.7846153846153845
5967744,365,low,high,ambient,Alcohol/spirit: shot,11.76923076923077
5967750,180,low,high,ambient,Beverage (non-alcoholic),6.555555555555555
5967769,30,medium,medium,ambient,Default medium shelf (max_gap >= 14),4.097560975609756
5967770,30,medium,medium,ambient,Default medium shelf (max_gap >= 14),38.0
5967772,10,medium,low,refrigerated,Default medium shelf (7 <= max_gap < 14),8.0
5967773,30,medium,medium,ambient,Default medium shelf (max_gap >= 14),79.0
5967774,30,medium,medium,ambient,Default medium shelf (max_gap >= 14),45.0
5967776,30,medium,medium,ambient,Default medium shelf (max_gap >= 14),98.0
5967780,30,medium,medium,ambient,Default medium shelf (max_gap >= 14),21.666666666666668
5967798,9999,low,high,non_food,Service/non-food item: klip,68.0
5967799,9999,low,high,non_food,Service/non-food item: klip,28.75
5967800,9999,low,high,non_food,Service/non-food item: klip,1.0
5967801,9999,low,high,non_food,Service/non-food item: klip,56.0
5967803,30,medium,medium,ambient,Default medium shelf (max_gap >= 14),7.904761904761905
5967804,30,medium,medium,ambient,Default medium shelf (max_gap >= 14),23.166666666666668
5967805,5,medium,medium,refrigerated,Default short shelf (3 <= max_gap < 7),5.0
5967808,5,medium,medium,refrigerated,Default short shelf (3 <= max_gap < 7),3.0
5967812,10,medium,low,refrigerated,Default medium shelf (7 <= max_gap < 14),5.294117647058823
5967815,30,medium,medium,ambient,Default medium shelf (max_gap >= 14),7.0
5967816,30,medium,medium,ambient,Default medium shelf (max_gap >= 14),21.0
5967817,10,medium,low,refrigerated,Default medium shelf (7 <= max_gap < 14),5.147058823529412
5967820,30,medium,medium,ambient,Default medium shelf (max_gap >= 14),18.0
5967968,5,medium,medium,refrigerated,Default short shelf (3 <= max_gap < 7),2.275
5967971,180,low,high,ambient,Beverage (non-alcoholic),2.333333333333333
5967972,10,medium,low,refrigerated,Default medium shelf (7 <= max_gap < 14),2.4266666666666667
5967984,30,medium,medium,ambient,Default medium shelf (max_gap >= 14),8.05
5968355,30,medium,medium,ambient,Default medium shelf (max_gap >= 14),18.25
5968380,30,medium,medium,ambient,Default medium shelf (max_gap >= 14),2.324675324675325
5968381,10,medium,low,refrigerated,Default medium shelf (7 <= max_gap < 14),1.7142857142857142
5968382,10,medium,low,refrigerated,Default medium shelf (7 <= max_gap < 14),2.3552631578947367
5968386,30,medium,medium,ambient,Default medium shelf (max_gap >= 14),3.4615384615384617
5968388,5,medium,medium,refrigerated,Default short shelf (3 <= max_gap < 7),2.0930232558139537
5968472,5,medium,medium,refrigerated,Default short shelf (3 <= max_gap < 7),1.1764705882352942
5968479,5,medium,medium,refrigerated,Default short shelf (3 <= max_gap < 7),1.4173228346456692
5968483,5,medium,medium,refrigerated,Default short shelf (3 <= max_gap < 7),1.2083333333333333
5968493,10,medium,low,refrigerated,Default medium shelf (7 <= max_gap < 14),1.792079207920792
5968495,30,medium,medium,ambient,Default medium shelf (max_gap >= 14),2.550724637681159
5968583,30,medium,medium,ambient,Default medium shelf (max_gap >= 14),7.5625
5968594,30,medium,medium,ambient,Default medium shelf (max_gap >= 14),4.882352941176471
5968625,10,medium,low,refrigerated,Default medium shelf (7 <= max_gap < 14),3.2641509433962264
5968638,30,medium,medium,ambient,Default medium shelf (max_gap >= 14),4.0
5968918,10,medium,low,refrigerated,Default medium shelf (7 <= max_gap < 14),3.0508474576271185
5968919,9999,low,high,non_food,Service/non-food item: pant,1.8282828282828285
5968920,9999,low,high,non_food,Service/non-food item: pant,12.23076923076923
5969026,30,medium,medium,ambient,Default medium shelf (max_gap >= 14),3.3846153846153846
5969163,30,medium,medium,ambient,Default medium shelf (max_gap >= 14),6.96
5969378,10,medium,low,refrigerated,Default medium shelf (7 <= max_gap < 14),2.0689655172413794
5969405,180,low,high,ambient,Beverage (non-alcoholic),7.136363636363637
5969431,14,medium,medium,refrigerated,"Unspecified product, default to medium shelf",1.0773809523809523
5969456,365,low,high,ambient,Alcohol/spirit: pilsner,2.25
5969459,365,low,high,ambient,Alcohol/spirit: pilsner,3.333333333333333
5969460,3,medium,medium,refrigerated,Pizza (short shelf variant),1.7307692307692308
5969507,30,medium,medium,ambient,Default medium shelf (max_gap >= 14),3.948717948717949
5969515,30,medium,medium,ambient,Default medium shelf (max_gap >= 14),6.157894736842105
5969569,30,medium,medium,ambient,Default medium shelf (max_gap >= 14),10.4
5969857,5,medium,medium,refrigerated,Default short shelf (3 <= max_gap < 7),3.087719298245614
5969869,3,medium,medium,refrigerated,Pizza (short shelf variant),2.4133333333333336
5969871,365,low,high,ambient,Alcohol/spirit: pilsner,2.2911392405063293
5969886,5,medium,medium,refrigerated,Default short shelf (3 <= max_gap < 7),1.2569444444444444
5969887,3,medium,medium,refrigerated,Pizza (short shelf variant),1.283687943262411
5969889,30,medium,medium,ambient,Default medium shelf (max_gap >= 14),2.3783783783783785
5969890,5,medium,medium,refrigerated,Default short shelf (3 <= max_gap < 7),1.81
5969891,365,low,high,ambient,Alcohol/spirit: pilsner,2.02247191011236
5969892,3,medium,medium,refrigerated,Pizza (short shelf variant),1.371212121212121
5969893,10,medium,low,refrigerated,Default medium shelf (7 <= max_gap < 14),3.7708333333333335
5969897,3,medium,medium,refrigerated,Pizza (short shelf variant),1.651376146788991
5969928,365,low,high,ambient,Alcohol/spirit: drink,3.103448275862069
5969961,10,medium,low,refrigerated,Default medium shelf (7 <= max_gap < 14),2.283783783783784
5969966,10,medium,low,refrigerated,Default medium shelf (7 <= max_gap < 14),1.6306306306306306
5969968,10,medium,low,refrigerated,Default medium shelf (7 <= max_gap < 14),2.550724637681159
5969976,30,medium,medium,ambient,Default medium shelf (max_gap >= 14),4.068181818181818
5969977,10,medium,low,refrigerated,Default medium shelf (7 <= max_gap < 14),3.75
5969980,10,medium,low,refrigerated,Default medium shelf (7 <= max_gap < 14),3.196428571428572
5969986,10,medium,low,refrigerated,Default medium shelf (7 <= max_gap < 14),4.022222222222222
5969988,30,medium,medium,ambient,Default medium shelf (max_gap >= 14),3.976744186046512
5970041,5,medium,medium,refrigerated,Default short shelf (3 <= max_gap < 7),1.5517241379310345
5970139,14,medium,medium,refrigerated,"Unspecified product, default to medium shelf",1.351851851851852
5970151,30,medium,medium,ambient,Default medium shelf (max_gap >= 14),13.22222222222222
5970155,30,medium,medium,ambient,Default medium shelf (max_gap >= 14),999.0
5970158,30,medium,medium,ambient,Default medium shelf (max_gap >= 14),999.0
5970159,30,medium,medium,ambient,Default medium shelf (max_gap >= 14),16.25
5970160,10,medium,low,refrigerated,Default medium shelf (7 <= max_gap < 14),12.0
5970796,30,medium,medium,ambient,Default medium shelf (max_gap >= 14),5.176470588235294
5970816,30,medium,medium,ambient,Default medium shelf (max_gap >= 14),13.909090909090908
5970832,30,medium,medium,ambient,Default medium shelf (max_gap >= 14),5.53125
5970836,30,medium,medium,ambient,Default medium shelf (max_gap >= 14),6.68
5970842,10,medium,low,refrigerated,Default medium shelf (7 <= max_gap < 14),4.842105263157895
5970856,14,medium,medium,refrigerated,"Unspecified product, default to medium shelf",1.196078431372549
5970871,365,low,high,ambient,Alcohol/spirit: faxe,25.0
5970879,5,medium,medium,refrigerated,Default short shelf (3 <= max_gap < 7),1.2080536912751678
5970880,5,medium,medium,refrigerated,Default short shelf (3 <= max_gap < 7),1.2746478873239435
5970977,9999,low,high,non_food,Service/non-food item: gavekort,11.0
5970990,14,medium,medium,refrigerated,"Unspecified product, default to medium shelf",12.071428571428571
5971136,30,medium,medium,ambient,Default medium shelf (max_gap >= 14),41.66666666666666
5971166,30,medium,medium,ambient,Default medium shelf (max_gap >= 14),14.11111111111111
5971168,30,medium,medium,ambient,Default medium shelf (max_gap >= 14),16.7
5971172,5,medium,medium,refrigerated,Default short shelf (3 <= max_gap < 7),1.4
5971174,5,medium,medium,refrigerated,Default short shelf (3 <= max_gap < 7),1.6666666666666667
5971199,30,medium,medium,ambient,Default medium shelf (max_gap >= 14),4.023809523809524
5971287,30,medium,medium,ambient,Default medium shelf (max_gap >= 14),8.7
5971423,30,medium,medium,ambient,Default medium shelf (max_gap >= 14),2.140845070422535
5971462,30,medium,medium,ambient,Default medium shelf (max_gap >= 14),2.723076923076923
5971489,30,medium,medium,ambient,Default medium shelf (max_gap >= 14),2.140845070422535
5971510,30,medium,medium,ambient,Default medium shelf (max_gap >= 14),5.421052631578948
5971729,14,medium,medium,refrigerated,"Unspecified product, default to medium shelf",10.214285714285714
5971848,5,medium,medium,refrigerated,Default short shelf (3 <= max_gap < 7),1.3953488372093024
5971849,10,medium,low,refrigerated,Default medium shelf (7 <= max_gap < 14),1.893617021276596
5971850,3,medium,medium,refrigerated,Pizza (short shelf variant),2.0689655172413794
5971851,10,medium,low,refrigerated,Default medium shelf (7 <= max_gap < 14),1.4140625
5971852,5,medium,medium,refrigerated,Default short shelf (3 <= max_gap < 7),1.1455696202531649
5971857,10,medium,low,refrigerated,Default medium shelf (7 <= max_gap < 14),2.2098765432098766
5971858,5,medium,medium,refrigerated,Default short shelf (3 <= max_gap < 7),1.967032967032967
5971869,5,medium,medium,refrigerated,Default short shelf (3 <= max_gap < 7),1.6071428571428572
5971871,5,medium,medium,refrigerated,Default short shelf (3 <= max_gap < 7),1.592920353982301
5971872,5,medium,medium,refrigerated,Default short shelf (3 <= max_gap < 7),2.142857142857143
5971876,10,medium,low,refrigerated,Default medium shelf (7 <= max_gap < 14),1.924731182795699
5971881,5,medium,medium,refrigerated,Default short shelf (3 <= max_gap < 7),1.8041237113402064
5971887,30,medium,medium,ambient,Default medium shelf (max_gap >= 14),2.806451612903226
5971889,10,medium,low,refrigerated,Default medium shelf (7 <= max_gap < 14),1.3846153846153846
5971891,10,medium,low,refrigerated,Default medium shelf (7 <= max_gap < 14),1.592920353982301
5971912,10,medium,low,refrigerated,Default medium shelf (7 <= max_gap < 14),2.1058823529411765
5971916,10,medium,low,refrigerated,Default medium shelf (7 <= max_gap < 14),2.2911392405063293
5971918,5,medium,medium,refrigerated,Default short shelf (3 <= max_gap < 7),1.5210084033613445
5971921,5,medium,medium,refrigerated,Default short shelf (3 <= max_gap < 7),1.6306306306306306
5971944,30,medium,medium,ambient,Default medium shelf (max_gap >= 14),13.666666666666666
5971946,180,low,high,ambient,Beverage (non-alcoholic),2.364864864864865
5972261,365,low,high,ambient,Alcohol/spirit: beer,1.0342857142857145
5972281,30,medium,medium,ambient,Default medium shelf (max_gap >= 14),999.0
5972303,30,medium,medium,ambient,Default medium shelf (max_gap >= 14),66.0
5972314,180,low,high,ambient,Beverage (non-alcoholic),12.25
5972318,14,medium,medium,refrigerated,"Unspecified product, default to medium shelf",1.292857142857143
5972486,30,medium,medium,ambient,Default medium shelf (max_gap >= 14),999.0
5972488,30,medium,medium,ambient,Default medium shelf (max_gap >= 14),999.0
5972492,30,medium,medium,ambient,Default medium shelf (max_gap >= 14),999.0
5972589,30,medium,medium,ambient,Default medium shelf (max_gap >= 14),1.946236559139785
5972677,30,medium,medium,ambient,Default medium shelf (max_gap >= 14),7.714285714285714
5972687,30,medium,medium,ambient,Default medium shelf (max_gap >= 14),6.875
5972716,14,medium,medium,refrigerated,"Unspecified product, default to medium shelf",6.909090909090909
5972750,5,medium,medium,refrigerated,Default short shelf (3 <= max_gap < 7),1.5
5972752,30,medium,medium,ambient,Default medium shelf (max_gap >= 14),3.891304347826087
5972872,30,medium,medium,ambient,Default medium shelf (max_gap >= 14),4.071428571428571
5972936,14,medium,medium,refrigerated,"Unspecified product, default to medium shelf",1.4727272727272729
5973084,30,medium,medium,ambient,Default medium shelf (max_gap >= 14),3.934782608695652
5973515,30,medium,medium,ambient,Default medium shelf (max_gap >= 14),6.0
5973516,5,medium,medium,refrigerated,Default short shelf (3 <= max_gap < 7),1.565217391304348
5973518,30,medium,high,frozen,Processed/frozen: skinke,6.0
5973520,30,medium,medium,ambient,Default medium shelf (max_gap >= 14),10.0
5973522,30,medium,medium,ambient,Default medium shelf (max_gap >= 14),14.5
5973570,30,medium,medium,ambient,Default medium shelf (max_gap >= 14),3.825
5973574,14,medium,medium,refrigerated,"Unspecified product, default to medium shelf",1.173913043478261
5973625,180,low,high,ambient,Beverage (non-alcoholic),1.5876288659793814
5973762,10,medium,low,refrigerated,Default medium shelf (7 <= max_gap < 14),2.8833333333333333
5973767,14,medium,medium,refrigerated,"Unspecified product, default to medium shelf",1.0
5973833,180,low,high,dry,Dry goods/candy: sal,1.696969696969697
5973855,180,low,high,ambient,Beverage (non-alcoholic),1.625
5974021,5,medium,medium,refrigerated,Default short shelf (3 <= max_gap < 7),1.25
5974092,2,high,high,refrigerated,Fresh/perishable item with short gap,1.108108108108108
5974094,5,medium,medium,refrigerated,Default short shelf (3 <= max_gap < 7),1.4583333333333333
5974102,10,medium,low,refrigerated,Default medium shelf (7 <= max_gap < 14),3.363636363636364
5974112,30,medium,medium,ambient,Default medium shelf (max_gap >= 14),6.0
5974118,3,medium,medium,refrigerated,Pizza (short shelf variant),4.714285714285714
5974315,14,medium,medium,refrigerated,"Unspecified product, default to medium shelf",5.363636363636363
5974363,14,medium,medium,refrigerated,"Unspecified product, default to medium shelf",2.5588235294117645
5974385,30,medium,medium,ambient,Default medium shelf (max_gap >= 14),13.083333333333334
5974451,30,medium,medium,ambient,Default medium shelf (max_gap >= 14),11.916666666666666
5974452,30,medium,medium,ambient,Default medium shelf (max_gap >= 14),3.07843137254902
5974453,30,medium,medium,ambient,Default medium shelf (max_gap >= 14),2.8035714285714284
5974454,30,medium,medium,ambient,Default medium shelf (max_gap >= 14),3.3404255319148937
5974461,30,medium,medium,ambient,Default medium shelf (max_gap >= 14),5.032258064516129
5974494,30,medium,medium,ambient,Default medium shelf (max_gap >= 14),4.414634146341464
5974757,30,medium,medium,ambient,Default medium shelf (max_gap >= 14),999.0
5974766,14,medium,medium,refrigerated,"Unspecified product, default to medium shelf",33.6
5974914,9999,low,high,non_food,Service/non-food item: pant,3.339622641509434
5975026,30,medium,medium,ambient,Default medium shelf (max_gap >= 14),31.0
5975056,10,medium,low,refrigerated,Default medium shelf (7 <= max_gap < 14),5.333333333333333
5975057,180,low,high,dry,Dry goods/candy: cookie,57.0
5975060,30,medium,medium,ambient,Default medium shelf (max_gap >= 14),999.0
5975061,365,low,high,ambient,Alcohol/spirit: faxe,106.0
5975079,30,medium,medium,ambient,Default medium shelf (max_gap >= 14),40.5
5975083,30,medium,medium,ambient,Default medium shelf (max_gap >= 14),8.692307692307692
5975091,30,medium,medium,ambient,Default medium shelf (max_gap >= 14),54.0
5975116,30,medium,medium,ambient,Default medium shelf (max_gap >= 14),999.0
5975133,30,medium,medium,ambient,Default medium shelf (max_gap >= 14),30.33333333333333
5975314,365,low,high,ambient,Alcohol/spirit: pilsner,2.6451612903225805
5975318,180,low,high,ambient,Beverage (non-alcoholic),2.603174603174604
5975319,30,medium,medium,ambient,Default medium shelf (max_gap >= 14),2.6885245901639343
5975331,30,medium,medium,ambient,Default medium shelf (max_gap >= 14),2.9285714285714284
5975332,30,medium,medium,ambient,Default medium shelf (max_gap >= 14),3.2
5975337,30,medium,medium,ambient,Default medium shelf (max_gap >= 14),6.16
5975517,30,medium,medium,ambient,Default medium shelf (max_gap >= 14),8.333333333333334
5975518,30,medium,medium,ambient,Default medium shelf (max_gap >= 14),11.071428571428571
5975599,14,medium,medium,refrigerated,"Unspecified product, default to medium shelf",1.083832335329341
5975638,14,medium,medium,refrigerated,"Unspecified product, default to medium shelf",1.046242774566474
5975675,14,medium,medium,refrigerated,"Unspecified product, default to medium shelf",55.333333333333336
5975711,14,medium,medium,refrigerated,"Unspecified product, default to medium shelf",5.0
5975725,14,medium,medium,refrigerated,"Unspecified product, default to medium shelf",1.5041322314049588
5975755,14,medium,medium,refrigerated,"Unspecified product, default to medium shelf",21.0
5976033,5,medium,medium,refrigerated,Default short shelf (3 <= max_gap < 7),1.7294117647058824
5976306,30,medium,medium,ambient,Default medium shelf (max_gap >= 14),3.857142857142857
5976314,30,medium,medium,ambient,Default medium shelf (max_gap >= 14),16.5
5976358,365,low,high,ambient,Alcohol/spirit: pilsner,1.69811320754717
5976360,10,medium,low,refrigerated,Default medium shelf (7 <= max_gap < 14),2.2911392405063293
5976361,10,medium,low,refrigerated,Default medium shelf (7 <= max_gap < 14),4.166666666666667
5976365,30,medium,medium,ambient,Default medium shelf (max_gap >= 14),28.5
5976369,5,medium,medium,refrigerated,Default short shelf (3 <= max_gap < 7),1.4031007751937985
5976370,10,medium,low,refrigerated,Default medium shelf (7 <= max_gap < 14),2.282051282051282
5976371,30,medium,medium,ambient,Default medium shelf (max_gap >= 14),5.419354838709677
5976372,30,medium,medium,ambient,Default medium shelf (max_gap >= 14),4.238095238095238
5976373,30,medium,medium,ambient,Default medium shelf (max_gap >= 14),7.304347826086956
5976374,30,medium,medium,ambient,Default medium shelf (max_gap >= 14),10.705882352941176
5976375,30,medium,medium,ambient,Default medium shelf (max_gap >= 14),14.75
5976529,30,medium,medium,ambient,Default medium shelf (max_gap >= 14),173.0
5976530,21,medium,medium,frozen,Pizza (longer shelf variant),25.0
5976538,10,medium,low,refrigerated,Default medium shelf (7 <= max_gap < 14),1.7307692307692308
5976574,5,medium,medium,refrigerated,Default short shelf (3 <= max_gap < 7),1.0517241379310345
5976575,2,high,high,refrigerated,Fresh/perishable item with short gap,1.1090909090909091
5976576,5,medium,medium,refrigerated,Default short shelf (3 <= max_gap < 7),1.1764705882352942
5976581,5,medium,medium,refrigerated,Default short shelf (3 <= max_gap < 7),1.1090909090909091
5976584,5,medium,medium,refrigerated,Default short shelf (3 <= max_gap < 7),1.2708333333333333
5976797,30,medium,medium,ambient,Default medium shelf (max_gap >= 14),999.0
5976809,30,medium,medium,ambient,Default medium shelf (max_gap >= 14),999.0
5976842,365,low,high,ambient,Alcohol/spirit: beer,1.5294117647058822
5977058,30,medium,medium,ambient,Default medium shelf (max_gap >= 14),4.742857142857143
5977059,10,medium,low,refrigerated,Default medium shelf (7 <= max_gap < 14),2.606060606060606
5977060,10,medium,low,refrigerated,Default medium shelf (7 <= max_gap < 14),2.410958904109589
5977061,3,medium,medium,refrigerated,Pizza (short shelf variant),3.2
5977064,10,medium,low,refrigerated,Default medium shelf (7 <= max_gap < 14),2.9827586206896552
5977066,10,medium,low,refrigerated,Default medium shelf (7 <= max_gap < 14),3.0
5977067,30,medium,medium,ambient,Default medium shelf (max_gap >= 14),5.151515151515151
5977069,10,medium,low,refrigerated,Default medium shelf (7 <= max_gap < 14),3.3461538461538463
5977079,10,medium,low,refrigerated,Default medium shelf (7 <= max_gap < 14),3.659090909090909
5977102,30,medium,medium,ambient,Default medium shelf (max_gap >= 14),4.970588235294118
5977104,10,medium,low,refrigerated,Default medium shelf (7 <= max_gap < 14),5.114285714285714
5977105,30,medium,medium,ambient,Default medium shelf (max_gap >= 14),3.574468085106383
5977223,14,medium,medium,refrigerated,"Unspecified product, default to medium shelf",2.034482758620689
5977267,5,medium,medium,refrigerated,Default short shelf (3 <= max_gap < 7),1.1986754966887416
5977268,5,medium,medium,refrigerated,Default short shelf (3 <= max_gap < 7),1.167741935483871
5977269,365,low,high,ambient,Alcohol/spirit: ale,4.113636363636363
5977270,10,medium,low,refrigerated,Default medium shelf (7 <= max_gap < 14),1.8
5977271,5,medium,medium,refrigerated,Default short shelf (3 <= max_gap < 7),1.390625
5977288,10,medium,low,refrigerated,Default medium shelf (7 <= max_gap < 14),2.418918918918919
5977626,14,medium,medium,refrigerated,"Unspecified product, default to medium shelf",1.989010989010989
5977646,30,medium,medium,ambient,Default medium shelf (max_gap >= 14),21.5
5977801,30,medium,medium,ambient,Default medium shelf (max_gap >= 14),20.857142857142858
5977901,30,medium,medium,ambient,Default medium shelf (max_gap >= 14),12.357142857142858
5977902,30,medium,medium,ambient,Default medium shelf (max_gap >= 14),10.176470588235292
5977903,30,medium,medium,ambient,Default medium shelf (max_gap >= 14),34.2
5977907,30,medium,medium,ambient,Default medium shelf (max_gap >= 14),27.666666666666668
5977912,5,medium,medium,refrigerated,Default short shelf (3 <= max_gap < 7),3.1666666666666665
5977913,21,medium,medium,frozen,Pizza (longer shelf variant),35.0
5977921,30,medium,medium,ambient,Default medium shelf (max_gap >= 14),25.857142857142858
5977923,30,medium,medium,ambient,Default medium shelf (max_gap >= 14),45.25
5977952,30,medium,medium,ambient,Default medium shelf (max_gap >= 14),34.8
5977994,30,medium,medium,ambient,Default medium shelf (max_gap >= 14),999.0
5978095,14,medium,medium,refrigerated,"Unspecified product, default to medium shelf",12.333333333333334
5978105,14,medium,medium,refrigerated,"Unspecified product, default to medium shelf",13.444444444444445
5978115,14,medium,medium,refrigerated,"Unspecified product, default to medium shelf",6.769230769230769
5978231,30,medium,medium,ambient,Default medium shelf (max_gap >= 14),3.612244897959184
5978234,30,medium,medium,ambient,Default medium shelf (max_gap >= 14),4.833333333333333
5978273,3,medium,medium,refrigerated,Pizza (short shelf variant),4.722222222222222
5978274,3,medium,medium,refrigerated,Pizza (short shelf variant),4.0
5978276,10,medium,low,refrigerated,Default medium shelf (7 <= max_gap < 14),4.685714285714286
5978366,10,medium,low,refrigerated,Default medium shelf (7 <= max_gap < 14),1.7524752475247525
5978381,14,medium,medium,refrigerated,"Unspecified product, default to medium shelf",2.816666666666667
5978453,30,medium,medium,ambient,Default medium shelf (max_gap >= 14),4.473684210526316
5978457,30,medium,medium,ambient,Default medium shelf (max_gap >= 14),19.625
5978458,30,medium,medium,ambient,Default medium shelf (max_gap >= 14),6.518518518518518
5978459,30,medium,medium,ambient,Default medium shelf (max_gap >= 14),6.111111111111111
5978460,30,medium,medium,ambient,Default medium shelf (max_gap >= 14),7.772727272727272
5978464,10,medium,low,refrigerated,Default medium shelf (7 <= max_gap < 14),1.9659090909090908
5978467,30,medium,medium,ambient,Default medium shelf (max_gap >= 14),15.375
5978468,30,medium,medium,ambient,Default medium shelf (max_gap >= 14),4.023255813953488
5978471,10,medium,low,refrigerated,Default medium shelf (7 <= max_gap < 14),3.3653846153846154
5978473,10,medium,low,refrigerated,Default medium shelf (7 <= max_gap < 14),2.3466666666666667
5978474,30,medium,medium,ambient,Default medium shelf (max_gap >= 14),6.107142857142857
5978476,30,medium,medium,ambient,Default medium shelf (max_gap >= 14),2.5873015873015874
5978477,30,medium,medium,ambient,Default medium shelf (max_gap >= 14),2.64179104477612
5978478,30,medium,medium,ambient,Default medium shelf (max_gap >= 14),14.25
5978557,5,medium,medium,refrigerated,Default short shelf (3 <= max_gap < 7),1.3021582733812949
5978559,10,medium,low,refrigerated,Default medium shelf (7 <= max_gap < 14),2.492957746478873
5978560,5,medium,medium,refrigerated,Default short shelf (3 <= max_gap < 7),1.723809523809524
5978562,5,medium,medium,refrigerated,Default short shelf (3 <= max_gap < 7),1.4836065573770492
5978563,10,medium,low,refrigerated,Default medium shelf (7 <= max_gap < 14),2.2658227848101267
5978564,5,medium,medium,refrigerated,Default short shelf (3 <= max_gap < 7),1.6363636363636365
5978565,10,medium,low,refrigerated,Default medium shelf (7 <= max_gap < 14),1.9673913043478264
5978567,5,medium,medium,refrigerated,Default short shelf (3 <= max_gap < 7),2.0568181818181817
5978568,10,medium,low,refrigerated,Default medium shelf (7 <= max_gap < 14),2.588235294117647
5978570,5,medium,medium,refrigerated,Default short shelf (3 <= max_gap < 7),1.2482758620689656
5978571,10,medium,low,refrigerated,Default medium shelf (7 <= max_gap < 14),2.571428571428572
5978574,10,medium,low,refrigerated,Default medium shelf (7 <= max_gap < 14),2.2948717948717947
5978575,10,medium,low,refrigerated,Default medium shelf (7 <= max_gap < 14),1.9052631578947368
5978577,10,medium,low,refrigerated,Default medium shelf (7 <= max_gap < 14),1.6759259259259258
5978579,5,medium,medium,refrigerated,Default short shelf (3 <= max_gap < 7),1.84375
5978583,10,medium,low,refrigerated,Default medium shelf (7 <= max_gap < 14),2.02247191011236
5978585,30,medium,medium,ambient,Default medium shelf (max_gap >= 14),2.5492957746478875
5978593,30,medium,medium,ambient,Default medium shelf (max_gap >= 14),2.6818181818181817
5978603,365,low,high,ambient,Alcohol/spirit: beer,1.6605504587155964
5978613,180,low,high,ambient,Beverage (non-alcoholic),1.2949640287769784
5978799,30,medium,medium,ambient,Default medium shelf (max_gap >= 14),8.210526315789474
5978962,10,medium,low,refrigerated,Default medium shelf (7 <= max_gap < 14),2.25
5978979,10,medium,low,refrigerated,Default medium shelf (7 <= max_gap < 14),3.659090909090909
5978982,10,medium,low,refrigerated,Default medium shelf (7 <= max_gap < 14),3.294117647058824
5978983,10,medium,low,refrigerated,Default medium shelf (7 <= max_gap < 14),3.196428571428572
5979005,30,medium,medium,ambient,Default medium shelf (max_gap >= 14),4.756756756756757
5979007,30,medium,medium,ambient,Default medium shelf (max_gap >= 14),7.333333333333333
5979257,14,medium,medium,refrigerated,"Unspecified product, default to medium shelf",6.458333333333333
5979822,30,medium,medium,ambient,Default medium shelf (max_gap >= 14),2.242424242424242
5979970,5,medium,medium,refrigerated,Default short shelf (3 <= max_gap < 7),1.6216216216216215
5980036,14,medium,medium,refrigerated,"Unspecified product, default to medium shelf",3.3529411764705883
5980216,14,medium,medium,refrigerated,"Unspecified product, default to medium shelf",2.707692307692308
5980236,14,medium,medium,refrigerated,"Unspecified product, default to medium shelf",3.489795918367347
5980289,14,medium,medium,refrigerated,"Unspecified product, default to medium shelf",1.3082706766917294
5980317,30,medium,medium,ambient,Default medium shelf (max_gap >= 14),3.0166666666666666
5980318,30,medium,medium,ambient,Default medium shelf (max_gap >= 14),5.806451612903226
5980321,30,medium,medium,ambient,Default medium shelf (max_gap >= 14),2.4133333333333336
5980322,30,medium,medium,ambient,Default medium shelf (max_gap >= 14),2.585714285714286
5980331,30,medium,medium,ambient,Default medium shelf (max_gap >= 14),3.067796610169492
5980335,10,medium,low,refrigerated,Default medium shelf (7 <= max_gap < 14),3.883720930232558
5980353,30,medium,medium,ambient,Default medium shelf (max_gap >= 14),4.170731707317073
5980518,30,medium,medium,ambient,Default medium shelf (max_gap >= 14),1.596774193548387
5981223,10,medium,low,refrigerated,Default medium shelf (7 <= max_gap < 14),1.6666666666666667
5981245,30,medium,medium,ambient,Default medium shelf (max_gap >= 14),999.0
5981414,2,high,high,refrigerated,Fresh/perishable item with short gap,1.25
5981500,3,medium,medium,refrigerated,Pizza (short shelf variant),2.381578947368421
5981505,10,medium,low,refrigerated,Default medium shelf (7 <= max_gap < 14),2.513888888888889
5981702,30,medium,medium,ambient,Default medium shelf (max_gap >= 14),3.571428571428572
5981705,30,medium,medium,ambient,Default medium shelf (max_gap >= 14),3.723404255319149
5981706,30,medium,medium,ambient,Default medium shelf (max_gap >= 14),2.611940298507463
5981710,30,medium,medium,ambient,Default medium shelf (max_gap >= 14),3.9069767441860463
5981718,21,medium,medium,frozen,Pizza (longer shelf variant),2.5428571428571427
5981719,30,medium,medium,ambient,Default medium shelf (max_gap >= 14),3.3653846153846154
5981728,30,medium,medium,ambient,Default medium shelf (max_gap >= 14),3.2
5981730,30,medium,medium,ambient,Default medium shelf (max_gap >= 14),3.911111111111111
5981736,365,low,high,ambient,Alcohol/spirit: pilsner,3.2545454545454544
5981737,21,medium,medium,frozen,Pizza (longer shelf variant),2.2098765432098766
5981770,30,medium,medium,ambient,Default medium shelf (max_gap >= 14),2.949152542372881
5981870,5,medium,medium,refrigerated,Default short shelf (3 <= max_gap < 7),1.2569444444444444
5981871,5,medium,medium,refrigerated,Default short shelf (3 <= max_gap < 7),1.5789473684210529
5981872,5,medium,medium,refrigerated,Default short shelf (3 <= max_gap < 7),1.3308823529411764
5981873,10,medium,low,refrigerated,Default medium shelf (7 <= max_gap < 14),1.448
5981874,5,medium,medium,refrigerated,Default short shelf (3 <= max_gap < 7),1.3211678832116789
5981875,3,medium,medium,refrigerated,Pizza (short shelf variant),1.5084745762711864
5981878,10,medium,low,refrigerated,Default medium shelf (7 <= max_gap < 14),3.571428571428572
5981879,5,medium,medium,refrigerated,Default short shelf (3 <= max_gap < 7),1.6216216216216215
5981883,30,medium,medium,ambient,Default medium shelf (max_gap >= 14),4.594594594594595
5981884,30,medium,medium,ambient,Default medium shelf (max_gap >= 14),2.6769230769230767
5981885,30,medium,medium,ambient,Default medium shelf (max_gap >= 14),5.294117647058823
5981886,10,medium,low,refrigerated,Default medium shelf (7 <= max_gap < 14),2.4
5981890,30,medium,medium,ambient,Default medium shelf (max_gap >= 14),3.638297872340425
5981900,5,medium,medium,refrigerated,Default short shelf (3 <= max_gap < 7),1.6666666666666667
5981904,10,medium,low,refrigerated,Default medium shelf (7 <= max_gap < 14),4.525
5981906,30,medium,medium,ambient,Default medium shelf (max_gap >= 14),4.861111111111111
5981913,365,low,high,ambient,Alcohol/spirit: shot,8.052631578947368
5981928,30,medium,medium,ambient,Default medium shelf (max_gap >= 14),3.290909090909091
5981931,10,medium,low,refrigerated,Default medium shelf (7 <= max_gap < 14),3.4423076923076925
5981956,30,medium,medium,ambient,Default medium shelf (max_gap >= 14),11.733333333333333
5981979,9999,low,high,non_food,Service/non-food item: klip,8.5
5982031,5,medium,medium,refrigerated,Default short shelf (3 <= max_gap < 7),1.2080536912751678
5982032,10,medium,low,refrigerated,Default medium shelf (7 <= max_gap < 14),1.6017699115044248
5982033,3,medium,medium,refrigerated,Pizza (short shelf variant),2.3026315789473686
5982034,10,medium,low,refrigerated,Default medium shelf (7 <= max_gap < 14),1.3185185185185184
5982035,30,medium,medium,ambient,Default medium shelf (max_gap >= 14),2.671641791044776
5982038,10,medium,low,refrigerated,Default medium shelf (7 <= max_gap < 14),1.052325581395349
5982043,10,medium,low,refrigerated,Default medium shelf (7 <= max_gap < 14),2.9166666666666665
5982047,10,medium,low,refrigerated,Default medium shelf (7 <= max_gap < 14),2.6984126984126986
5982048,10,medium,low,refrigerated,Default medium shelf (7 <= max_gap < 14),1.5603448275862069
5982049,30,medium,medium,ambient,Default medium shelf (max_gap >= 14),3.339622641509434
5982050,10,medium,low,refrigerated,Default medium shelf (7 <= max_gap < 14),1.5909090909090908
5982051,10,medium,low,refrigerated,Default medium shelf (7 <= max_gap < 14),2.022727272727273
5982056,10,medium,low,refrigerated,Default medium shelf (7 <= max_gap < 14),1.9555555555555555
5982057,10,medium,low,refrigerated,Default medium shelf (7 <= max_gap < 14),1.891304347826087
5982123,9999,low,high,non_food,Service/non-food item: klip,11.714285714285714
5982124,30,medium,medium,ambient,Default medium shelf (max_gap >= 14),5.230769230769231
5982423,30,medium,medium,ambient,Default medium shelf (max_gap >= 14),10.533333333333331
5982569,2,high,high,refrigerated,Fresh/perishable item with short gap,1.0166666666666666
5982585,30,medium,medium,ambient,Default medium shelf (max_gap >= 14),999.0
5982597,2,high,high,refrigerated,Fresh/perishable item with short gap,1.25
5982598,5,medium,medium,refrigerated,Default short shelf (3 <= max_gap < 7),2.0
5982600,2,high,high,refrigerated,Fresh/perishable item with short gap,1.2
5982601,2,high,high,refrigerated,Fresh/perishable item with short gap,1.0
5982602,2,high,high,refrigerated,Fresh/perishable item with short gap,1.0
5982603,2,high,high,refrigerated,Fresh/perishable item with short gap,1.0
5982606,5,medium,medium,refrigerated,Default short shelf (3 <= max_gap < 7),1.5
5982613,30,medium,medium,ambient,Default medium shelf (max_gap >= 14),999.0
5982614,30,medium,medium,ambient,Default medium shelf (max_gap >= 14),999.0
5982620,30,medium,medium,ambient,Default medium shelf (max_gap >= 14),4.470588235294118
5982622,5,medium,medium,refrigerated,Default short shelf (3 <= max_gap < 7),1.72
5982623,30,medium,medium,ambient,Default medium shelf (max_gap >= 14),13.333333333333334
5982666,30,medium,medium,ambient,Default medium shelf (max_gap >= 14),7.869565217391305
5982682,10,medium,low,refrigerated,Default medium shelf (7 <= max_gap < 14),6.5
5982764,30,medium,medium,ambient,Default medium shelf (max_gap >= 14),15.454545454545457
5982782,180,low,high,ambient,Beverage (non-alcoholic),4.439024390243903
5982783,5,medium,medium,refrigerated,Default short shelf (3 <= max_gap < 7),1.0773809523809523
5982785,2,high,high,refrigerated,Fresh/perishable item with short gap,1.0647058823529412
5982787,30,medium,medium,ambient,Default medium shelf (max_gap >= 14),4.837837837837838
5982977,5,medium,medium,refrigerated,Default short shelf (3 <= max_gap < 7),1.22
5983117,9999,low,high,non_food,Service/non-food item: klip,14.333333333333334
5983118,9999,low,high,non_food,Service/non-food item: klip,21.33333333333333
5983119,9999,low,high,non_food,Service/non-food item: klip,19.625
5983120,9999,low,high,non_food,Service/non-food item: klip,999.0
5983121,9999,low,high,non_food,Service/non-food item: klip,25.0
5983193,5,medium,medium,refrigerated,Default short shelf (3 <= max_gap < 7),1.1383647798742138
5983194,5,medium,medium,refrigerated,Default short shelf (3 <= max_gap < 7),1.283687943262411
5983201,30,medium,medium,ambient,Default medium shelf (max_gap >= 14),3.0338983050847457
5983203,5,medium,medium,refrigerated,Default short shelf (3 <= max_gap < 7),1.0843373493975903
5983204,5,medium,medium,refrigerated,Default short shelf (3 <= max_gap < 7),1.2312925170068028
5983206,5,medium,medium,refrigerated,Default short shelf (3 <= max_gap < 7),1.0647058823529412
5983207,5,medium,medium,refrigerated,Default short shelf (3 <= max_gap < 7),1.052325581395349
5983208,10,medium,low,refrigerated,Default medium shelf (7 <= max_gap < 14),1.5338983050847457
5983209,5,medium,medium,refrigerated,Default short shelf (3 <= max_gap < 7),1.2066666666666668
5983210,5,medium,medium,refrigerated,Default short shelf (3 <= max_gap < 7),1.13125
5983211,5,medium,medium,refrigerated,Default short shelf (3 <= max_gap < 7),1.13125
5983212,5,medium,medium,refrigerated,Default short shelf (3 <= max_gap < 7),1.2482758620689656
5983213,10,medium,low,refrigerated,Default medium shelf (7 <= max_gap < 14),1.547008547008547
5983214,5,medium,medium,refrigerated,Default short shelf (3 <= max_gap < 7),1.1455696202531649
5983217,5,medium,medium,refrigerated,Default short shelf (3 <= max_gap < 7),1.169934640522876
5983229,14,medium,medium,refrigerated,"Unspecified product, default to medium shelf",24.83333333333333
5983251,10,medium,low,refrigerated,Default medium shelf (7 <= max_gap < 14),1.3308823529411764
5983489,5,medium,medium,refrigerated,Default short shelf (3 <= max_gap < 7),1.3333333333333333
5983490,10,medium,low,refrigerated,Default medium shelf (7 <= max_gap < 14),2.4657534246575343
5983491,30,medium,medium,ambient,Default medium shelf (max_gap >= 14),5.733333333333333
5983492,10,medium,low,refrigerated,Default medium shelf (7 <= max_gap < 14),1.89247311827957
5984833,30,medium,medium,ambient,Default medium shelf (max_gap >= 14),2.132530120481928
5984905,30,medium,medium,ambient,Default medium shelf (max_gap >= 14),3.489795918367347
5985209,180,low,high,ambient,Beverage (non-alcoholic),1.902439024390244
5985262,10,medium,low,refrigerated,Default medium shelf (7 <= max_gap < 14),3.232142857142857
5985265,30,medium,medium,ambient,Default medium shelf (max_gap >= 14),3.760869565217391
5985354,14,medium,medium,refrigerated,"Unspecified product, default to medium shelf",3.07843137254902
5985377,180,low,high,dry,Dry goods/candy: romkugle,27.166666666666668
5985491,14,medium,medium,refrigerated,"Unspecified product, default to medium shelf",2.456140350877193
5985541,180,low,high,ambient,Beverage (non-alcoholic),1.0342857142857145
5985611,14,medium,medium,refrigerated,"Unspecified product, default to medium shelf",4.380952380952381
5985620,9999,low,high,non_food,Service/non-food item: klip,1.7142857142857142
5985621,9999,low,high,non_food,Service/non-food item: klip,5.190476190476191
5985627,30,medium,medium,ambient,Default medium shelf (max_gap >= 14),44.0
5985637,30,medium,medium,ambient,Default medium shelf (max_gap >= 14),30.25
5985642,30,medium,medium,ambient,Default medium shelf (max_gap >= 14),9.125
5985643,30,medium,medium,ambient,Default medium shelf (max_gap >= 14),4.138888888888889
5985644,5,medium,medium,refrigerated,Default short shelf (3 <= max_gap < 7),1.3669724770642202
5985647,30,medium,medium,ambient,Default medium shelf (max_gap >= 14),3.0851063829787235
5985692,14,medium,medium,refrigerated,"Unspecified product, default to medium shelf",1.851063829787234
5985767,30,medium,medium,ambient,Default medium shelf (max_gap >= 14),4.166666666666667
5985859,30,medium,medium,ambient,Default medium shelf (max_gap >= 14),43.5
5985963,30,medium,medium,ambient,Default medium shelf (max_gap >= 14),999.0
5985993,365,low,high,ambient,Alcohol/spirit: drink,1.946236559139785
5986055,30,medium,medium,ambient,Default medium shelf (max_gap >= 14),3.163636363636364
5986212,14,medium,medium,refrigerated,"Unspecified product, default to medium shelf",12.0
5986228,2,high,high,refrigerated,Fresh/perishable item with short gap,1.2
5986234,5,medium,medium,refrigerated,Default short shelf (3 <= max_gap < 7),2.0
5986235,5,medium,medium,refrigerated,Default short shelf (3 <= max_gap < 7),1.5
5986282,10,medium,low,refrigerated,Default medium shelf (7 <= max_gap < 14),2.3205128205128207
5986327,14,medium,medium,refrigerated,"Unspecified product, default to medium shelf",1.2312925170068028
5986345,14,medium,medium,refrigerated,"Unspecified product, default to medium shelf",16.285714285714285
5986393,14,medium,medium,refrigerated,"Unspecified product, default to medium shelf",2.3205128205128207
5986514,30,medium,medium,ambient,Default medium shelf (max_gap >= 14),11.0
5986609,365,low,high,ambient,Alcohol/spirit: pilsner,1.5338983050847457
5986611,10,medium,low,refrigerated,Default medium shelf (7 <= max_gap < 14),1.6605504587155964
5986617,5,medium,medium,refrigerated,Default short shelf (3 <= max_gap < 7),1.5210084033613445
5986618,10,medium,low,refrigerated,Default medium shelf (7 <= max_gap < 14),1.691588785046729
5986621,5,medium,medium,refrigerated,Default short shelf (3 <= max_gap < 7),1.3021582733812949
5986623,10,medium,low,refrigerated,Default medium shelf (7 <= max_gap < 14),1.4435483870967742
5986641,5,medium,medium,refrigerated,Default short shelf (3 <= max_gap < 7),1.0225988700564972
5986660,5,medium,medium,refrigerated,Default short shelf (3 <= max_gap < 7),1.103658536585366
5986731,30,medium,medium,ambient,Default medium shelf (max_gap >= 14),13.916666666666666
5986738,30,medium,medium,ambient,Default medium shelf (max_gap >= 14),12.0
5986746,30,medium,medium,ambient,Default medium shelf (max_gap >= 14),4.0
5986747,21,medium,medium,frozen,Pizza (longer shelf variant),4.090909090909091
5986749,30,medium,medium,ambient,Default medium shelf (max_gap >= 14),12.5
5986862,180,low,high,ambient,Beverage (non-alcoholic),1.4047619047619049
5986943,30,medium,medium,ambient,Default medium shelf (max_gap >= 14),3.934782608695652
5986963,180,low,high,ambient,Beverage (non-alcoholic),3.351851851851852
5987069,5,medium,medium,refrigerated,Default short shelf (3 <= max_gap < 7),1.487603305785124
5987079,30,medium,medium,ambient,Default medium shelf (max_gap >= 14),18.75
5987154,180,low,high,ambient,Beverage (non-alcoholic),5.0285714285714285
5987168,180,low,high,ambient,Beverage (non-alcoholic),1.5
5987284,30,medium,medium,ambient,Default medium shelf (max_gap >= 14),4.119047619047619
5987286,30,medium,medium,ambient,Default medium shelf (max_gap >= 14),6.36
5987293,30,medium,medium,ambient,Default medium shelf (max_gap >= 14),6.708333333333333
5987294,30,medium,medium,ambient,Default medium shelf (max_gap >= 14),8.5
5987295,30,medium,medium,ambient,Default medium shelf (max_gap >= 14),4.7368421052631575
5987304,30,medium,medium,ambient,Default medium shelf (max_gap >= 14),8.0
5987310,10,medium,low,refrigerated,Default medium shelf (7 <= max_gap < 14),3.30188679245283
5987384,30,medium,medium,ambient,Default medium shelf (max_gap >= 14),21.25
5987385,5,medium,medium,refrigerated,Default short shelf (3 <= max_gap < 7),1.6666666666666667
5987440,10,medium,low,refrigerated,Default medium shelf (7 <= max_gap < 14),1.4836065573770492
5987441,5,medium,medium,refrigerated,Default short shelf (3 <= max_gap < 7),1.1602564102564104
5987444,10,medium,low,refrigerated,Default medium shelf (7 <= max_gap < 14),1.448
5987445,180,low,high,ambient,Alcohol: stable shelf life,1.1986754966887416
5987451,180,low,high,ambient,Alcohol: stable shelf life,1.4365079365079363
5987455,180,low,high,ambient,Alcohol: stable shelf life,1.2857142857142858
5987583,3,medium,high,refrigerated,Pizza: <14 days,2.919354838709677
5987584,3,medium,high,refrigerated,Pizza: <14 days,1.3923076923076922
5987585,3,medium,high,refrigerated,Pizza: <14 days,1.547008547008547
5987587,3,medium,high,refrigerated,Pizza: <14 days,2.1294117647058823
5987588,28,medium,high,frozen,Pizza: >=14 days (frozen),2.919354838709677
5987589,5,medium,medium,refrigerated,Default: max_gap<14,2.536231884057971
5987591,3,medium,high,refrigerated,Pizza: <14 days,2.6231884057971016
5987606,5,medium,medium,refrigerated,Default: max_gap<14,2.104651162790698
5987611,3,medium,high,refrigerated,Pizza: <14 days,2.727272727272727
598763,14,medium,medium,ambient,Unspecified per rules,1.1907894736842106
5988142,180,low,high,ambient,Beverage: long shelf life,2.857142857142857
5988280,14,medium,high,refrigerated,Eggs: medium-short shelf,5.227272727272728
5988570,5,medium,high,ambient,Bread/Pastry: short shelf,2.0
5988581,9999,low,high,non_food,Non-food: tilbehør,1.7118644067796611
5988582,9999,low,high,non_food,Non-food: pansglass,1.364864864864865
5988583,9999,low,high,non_food,Non-food: cover,1.346666666666667
5988584,9999,low,high,non_food,Non-food: reparation,3.2666666666666666
5988643,9999,low,high,non_food,Non-food: skistøvler,6.85
5988644,9999,low,high,non_food,Non-food: skistøver,7.1
5988645,9999,low,high,non_food,Non-food: binding,5.071428571428571
5988647,9999,low,high,non_food,Non-food: binding,999.0
5988648,9999,low,high,non_food,Non-food: skibukser,6.0
5988649,9999,low,high,non_food,Non-food: skijakke,999.0
5988650,9999,low,high,non_food,Non-food: skinneben pads,17.833333333333332
5988651,9999,low,high,non_food,Non-food: skistrømpe,9.5
5988653,9999,low,high,non_food,Non-food: skistave,12.0
5988656,9999,low,high,non_food,Non-food: goggles,47.5
5988657,9999,low,high,non_food,Non-food: goggle,22.5
5988659,9999,low,high,non_food,Non-food: sål,11.714285714285714
5988660,9999,low,high,non_food,Non-food: rygskjold,25.0
5988664,9999,low,high,non_food,Non-food: outlet,5.913043478260869
5988917,5,medium,high,refrigerated,Dairy: short shelf,1.1528662420382163
5988925,9999,low,high,non_food,Non-food: kapsulotomi,95.0
5988929,9999,low,high,non_food,Non-food: skihjelm,29.25
5988963,9999,low,high,non_food,Non-food: bag,1.0342857142857145
5989056,9999,low,high,non_food,Non-food: reparation,999.0
5989058,9999,low,high,non_food,Non-food: reparation,999.0
5989065,9999,low,high,non_food,Non-food: reparation,27.33333333333333
5989067,9999,low,high,non_food,Non-food: reparation,43.0
5989068,9999,low,high,non_food,Non-food: reparation,999.0
5989069,9999,low,high,non_food,Non-food: reparation,999.0
5989071,9999,low,high,non_food,Non-food: reparation,19.0
5989072,9999,low,high,non_food,Non-food: reparation,20.33333333333333
5989073,9999,low,high,non_food,Non-food: reparation,999.0
5989075,9999,low,high,non_food,Non-food: reparation,11.5
5989078,9999,low,high,non_food,Non-food: reparation,14.666666666666666
5989080,9999,low,high,non_food,Non-food: reparation,999.0
5989081,9999,low,high,non_food,Non-food: reparation,27.666666666666668
5989084,9999,low,high,non_food,Non-food: reparation,1.0
5989085,9999,low,high,non_food,Non-food: reparation,4.75
5989087,9999,low,high,non_food,Non-food: reparation,26.0
5989089,9999,low,high,non_food,Non-food: reparation,999.0
5989091,9999,low,high,non_food,Non-food: reparation,3.333333333333333
5989092,9999,low,high,non_food,Non-food: reparation,999.0
5989093,9999,low,high,non_food,Non-food: reparation,40.0
5989098,9999,low,high,non_food,Non-food: reparation,18.25
5989104,9999,low,high,non_food,Non-food: reparation,24.0
5989167,5,medium,medium,refrigerated,Default: max_gap<14,2.4133333333333336
5989181,30,medium,medium,ambient,Default: max_gap>=14,3.4615384615384617
5989183,180,low,high,ambient,Beverage: long shelf life,2.3376623376623376
5989289,30,medium,medium,ambient,Default: max_gap>=14,5.176470588235294
5989300,9999,low,high,non_food,Non-food: reparation,63.0
598953,14,medium,medium,ambient,Unspecified per rules,5.125
5989539,5,medium,medium,refrigerated,Default: max_gap<14,1.691588785046729
5989540,5,medium,medium,refrigerated,Default: max_gap<14,1.7075471698113207
5989639,9999,low,high,non_food,Non-food: reparation,15.666666666666666
5989640,9999,low,high,non_food,Non-food: reparation,999.0
5989641,9999,low,high,non_food,Non-food: reparation,999.0
5989710,5,medium,medium,refrigerated,Default: max_gap<14,1.8
5989711,5,medium,medium,refrigerated,Default: max_gap<14,1.836734693877551
5989712,5,medium,medium,refrigerated,Default: max_gap<14,2.640625
5989715,30,medium,medium,ambient,Default: max_gap>=14,5.181818181818182
5989729,5,medium,medium,refrigerated,Default: max_gap<14,2.3972602739726026
5989730,5,medium,medium,refrigerated,Default: max_gap<14,3.630434782608696
5989731,30,medium,medium,ambient,Default: max_gap>=14,3.7291666666666665
5989732,30,medium,medium,ambient,Default: max_gap>=14,6.172413793103448
5989733,5,medium,medium,refrigerated,Default: max_gap<14,3.411764705882353
5989736,30,medium,medium,ambient,Default: max_gap>=14,4.864864864864865
5989740,30,medium,medium,ambient,Default: max_gap>=14,7.75
5989742,30,medium,medium,ambient,Default: max_gap>=14,5.419354838709677
5989744,30,medium,medium,ambient,Default: max_gap>=14,3.313725490196078
5989746,5,medium,medium,refrigerated,Default: max_gap<14,4.142857142857143
5989748,5,medium,medium,refrigerated,Default: max_gap<14,3.565217391304348
5989749,5,medium,medium,refrigerated,Default: max_gap<14,2.156626506024097
5989751,30,medium,medium,ambient,Default: max_gap>=14,4.518518518518518
5989752,30,medium,medium,ambient,Default: max_gap>=14,5.806451612903226
5989865,30,medium,medium,ambient,Default: max_gap>=14,56.66666666666666
5989866,30,medium,medium,ambient,Default: max_gap>=14,33.0
5989867,5,medium,medium,refrigerated,Default: max_gap<14,1.6666666666666667
5989869,30,medium,medium,ambient,Default: max_gap>=14,25.857142857142858
5989881,30,medium,medium,ambient,Default: max_gap>=14,41.5
5989891,30,medium,medium,ambient,Default: max_gap>=14,17.5
5989899,90,medium,high,ambient,Sauce/Condiment: medium,22.285714285714285
5989914,9999,low,high,non_food,Non-food: pant,14.555555555555555
5989917,30,medium,medium,ambient,Default: max_gap>=14,11.333333333333334
5989928,30,medium,medium,ambient,Default: max_gap>=14,110.0
5989945,30,medium,medium,ambient,Default: max_gap>=14,24.0
5989949,30,medium,medium,ambient,Default: max_gap>=14,48.0
5989965,30,medium,medium,ambient,Default: max_gap>=14,7.2105263157894735
5990046,5,medium,medium,refrigerated,Default: max_gap<14,1.4596774193548387
5990047,5,medium,medium,refrigerated,Default: max_gap<14,2.234567901234568
5990064,30,medium,medium,ambient,Default: max_gap>=14,16.4
5990154,30,medium,medium,ambient,Default: max_gap>=14,5.25
5990155,5,medium,medium,refrigerated,Default: max_gap<14,3.0508474576271185
5990156,30,medium,medium,ambient,Default: max_gap>=14,4.325
5990158,30,medium,medium,ambient,Default: max_gap>=14,5.580645161290323
5990345,5,medium,medium,refrigerated,Default: max_gap<14,2.647058823529412
5990358,5,medium,medium,refrigerated,Default: max_gap<14,2.0365853658536586
5990429,14,medium,high,refrigerated,Eggs: medium-short shelf,4.209302325581396
5990439,5,medium,high,ambient,Bread/Pastry: short shelf,1.5338983050847457
5990445,5,medium,medium,refrigerated,Default: max_gap<14,1.7211538461538465
5990452,14,medium,medium,ambient,Unspecified per rules,4.093023255813954
5990548,180,medium,high,frozen,Frozen: long shelf life,3.4
5990553,30,medium,medium,ambient,Default: max_gap>=14,6.894736842105263
5990803,30,medium,medium,ambient,Default: max_gap>=14,5.25
5990876,9999,low,high,non_food,Non-food: tilbehør,2.333333333333333
5990877,9999,low,high,non_food,Non-food: pansglass,1.6538461538461535
5990878,9999,low,high,non_food,Non-food: cover,1.5357142857142858
5990879,9999,low,high,non_food,Non-food: reparation,5.166666666666667
5990887,9999,low,high,non_food,Non-food: reparation,999.0
5990890,9999,low,high,non_food,Non-food: reparation,15.0
5990891,9999,low,high,non_food,Non-food: reparation,1.5
5990895,9999,low,high,non_food,Non-food: reparation,999.0
5990897,9999,low,high,non_food,Non-food: reparation,999.0
5990899,9999,low,high,non_food,Non-food: reparation,999.0
5990900,9999,low,high,non_food,Non-food: reparation,999.0
5990902,9999,low,high,non_food,Non-food: reparation,999.0
5990904,9999,low,high,non_food,Non-food: reparation,1.0
5990907,9999,low,high,non_food,Non-food: reparation,999.0
5990910,9999,low,high,non_food,Non-food: reparation,10.0
5990925,9999,low,high,non_food,Non-food: reparation,999.0
5991165,9999,low,high,non_food,Non-food: reparation,7.6
5991166,9999,low,high,non_food,Non-food: reparation,39.0
5991167,9999,low,high,non_food,Non-food: reparation,3.0
5991169,9999,low,high,non_food,Non-food: reparation,17.0
5991171,9999,low,high,non_food,Non-food: reparation,30.0
5991172,9999,low,high,non_food,Non-food: reparation,32.0
5991174,9999,low,high,non_food,Non-food: reparation,7.5
5991175,9999,low,high,non_food,Non-food: reparation,15.0
5991176,9999,low,high,non_food,Non-food: reparation,48.0
5991178,9999,low,high,non_food,Non-food: reparation,15.5
5991180,9999,low,high,non_food,Non-food: reparation,30.5
5991181,9999,low,high,non_food,Non-food: reparation,15.833333333333334
5991182,9999,low,high,non_food,Non-food: reparation,14.428571428571429
5991184,9999,low,high,non_food,Non-food: reparation,18.25
5991188,9999,low,high,non_food,Non-food: reparation,14.5
5991189,9999,low,high,non_food,Non-food: reparation,7.916666666666667
5991191,9999,low,high,non_food,Non-food: reparation,43.0
5991192,9999,low,high,non_food,Non-food: reparation,23.5
5991193,9999,low,high,non_food,Non-food: reparation,13.333333333333334
5991195,9999,low,high,non_food,Non-food: reparation,94.0
5991200,9999,low,high,non_food,Non-food: reparation,1.0
5991224,9999,low,high,non_food,Non-food: reparation,25.25
5991225,9999,low,high,non_food,Non-food: reparation,35.5
5991245,9999,low,high,non_food,Non-food: reparation,14.5
5991278,9999,low,high,non_food,Non-food: reparation,24.666666666666668
59913,5,medium,medium,refrigerated,Default: max_gap<14,4.0
5991310,9999,low,high,non_food,Non-food: reparation,31.0
5991450,9999,low,high,non_food,Non-food: reparation,999.0
5991452,9999,low,high,non_food,Non-food: reparation,63.0
5991454,9999,low,high,non_food,Non-food: reparation,999.0
5991457,9999,low,high,non_food,Non-food: reparation,999.0
5991463,9999,low,high,non_food,Non-food: reparation,999.0
5991464,9999,low,high,non_food,Non-food: reparation,24.0
5991465,9999,low,high,non_food,Non-food: reparation,999.0
5991466,9999,low,high,non_food,Non-food: reparation,31.0
5991467,9999,low,high,non_food,Non-food: reparation,21.0
5991468,9999,low,high,non_food,Non-food: reparation,999.0
5991469,9999,low,high,non_food,Non-food: reparation,999.0
5991470,9999,low,high,non_food,Non-food: reparation,13.5
5991471,9999,low,high,non_food,Non-food: reparation,15.25
5991472,9999,low,high,non_food,Non-food: reparation,999.0
5991473,9999,low,high,non_food,Non-food: reparation,999.0
5991474,9999,low,high,non_food,Non-food: reparation,15.0
5991476,9999,low,high,non_food,Non-food: reparation,999.0
5991477,9999,low,high,non_food,Non-food: reparation,999.0
5991478,9999,low,high,non_food,Non-food: reparation,999.0
5991479,9999,low,high,non_food,Non-food: reparation,999.0
5991480,9999,low,high,non_food,Non-food: reparation,999.0
5991481,9999,low,high,non_food,Non-food: reparation,999.0
5991484,9999,low,high,non_food,Non-food: reparation,999.0
5991505,9999,low,high,non_food,Non-food: reparation,99.0
5991512,9999,low,high,non_food,Non-food: reparation,51.0
5991525,9999,low,high,non_food,Non-food: reparation,999.0
59916,5,medium,medium,refrigerated,Default: max_gap<14,13.0
5991736,9999,low,high,non_food,Non-food: tilbehør,1.7804878048780488
5991737,9999,low,high,non_food,Non-food: pansglass,1.4181818181818182
5991738,9999,low,high,non_food,Non-food: cover,1.0833333333333333
5991739,9999,low,high,non_food,Non-food: reparation,3.5
5991740,9999,low,high,non_food,Non-food: reparation,999.0
5991751,9999,low,high,non_food,Non-food: reparation,1.0
5991754,9999,low,high,non_food,Non-food: reparation,999.0
5991757,9999,low,high,non_food,Non-food: reparation,5.0
5991760,9999,low,high,non_food,Non-food: reparation,999.0
5991761,9999,low,high,non_food,Non-food: reparation,999.0
5991764,9999,low,high,non_food,Non-food: reparation,999.0
5991770,9999,low,high,non_food,Non-food: reparation,35.0
5991789,9999,low,high,non_food,Non-food: reparation,999.0
5991802,9999,low,high,non_food,Non-food: reparation,999.0
5992316,9999,low,high,non_food,Non-food: tilbehør,1.0465116279069768
5992317,9999,low,high,non_food,Non-food: pansglass,1.1320754716981132
5992318,9999,low,high,non_food,Non-food: cover,1.1688311688311688
5992319,9999,low,high,non_food,Non-food: reparation,1.8602150537634408
5992320,9999,low,high,non_food,Non-food: reparation,47.66666666666666
5992322,9999,low,high,non_food,Non-food: reparation,70.0
5992324,9999,low,high,non_food,Non-food: reparation,17.666666666666668
5992326,9999,low,high,non_food,Non-food: reparation,999.0
5992327,9999,low,high,non_food,Non-food: reparation,41.5
5992329,9999,low,high,non_food,Non-food: reparation,999.0
5992330,9999,low,high,non_food,Non-food: reparation,999.0
5992332,9999,low,high,non_food,Non-food: reparation,999.0
5992333,9999,low,high,non_food,Non-food: reparation,47.333333333333336
5992335,9999,low,high,non_food,Non-food: reparation,39.5
5992336,9999,low,high,non_food,Non-food: reparation,27.5
5992337,9999,low,high,non_food,Non-food: reparation,13.333333333333334
5992338,9999,low,high,non_food,Non-food: reparation,999.0
5992339,9999,low,high,non_food,Non-food: reparation,999.0
5992340,9999,low,high,non_food,Non-food: reparation,47.66666666666666
5992341,9999,low,high,non_food,Non-food: reparation,32.333333333333336
5992342,9999,low,high,non_food,Non-food: reparation,999.0
5992343,9999,low,high,non_food,Non-food: reparation,35.4
5992344,9999,low,high,non_food,Non-food: reparation,9.166666666666666
5992346,9999,low,high,non_food,Non-food: reparation,999.0
5992348,9999,low,high,non_food,Non-food: reparation,7.25
5992350,9999,low,high,non_food,Non-food: reparation,23.714285714285715
5992379,9999,low,high,non_food,Non-food: reparation,49.0
5992380,9999,low,high,non_food,Non-food: reparation,46.66666666666666
5992398,9999,low,high,non_food,Non-food: reparation,999.0
5992606,9999,low,high,non_food,Non-food: tilbehør,1.3235294117647058
5992607,9999,low,high,non_food,Non-food: pansglass,1.1111111111111112
5992608,9999,low,high,non_food,Non-food: cover,1.0843373493975903
5992609,9999,low,high,non_food,Non-food: reparation,1.7647058823529411
5992610,9999,low,high,non_food,Non-food: reparation,52.0
5992612,9999,low,high,non_food,Non-food: reparation,47.0
5992616,9999,low,high,non_food,Non-food: reparation,12.0
5992617,9999,low,high,non_food,Non-food: reparation,19.666666666666668
5992618,9999,low,high,non_food,Non-food: reparation,70.0
5992619,9999,low,high,non_food,Non-food: reparation,39.5
5992621,9999,low,high,non_food,Non-food: reparation,31.5
5992623,9999,low,high,non_food,Non-food: reparation,16.285714285714285
5992624,9999,low,high,non_food,Non-food: reparation,25.0
5992625,9999,low,high,non_food,Non-food: reparation,73.0
5992626,9999,low,high,non_food,Non-food: reparation,6.0
5992627,9999,low,high,non_food,Non-food: reparation,14.636363636363637
5992628,9999,low,high,non_food,Non-food: reparation,22.0
5992629,9999,low,high,non_food,Non-food: reparation,24.5
5992631,9999,low,high,non_food,Non-food: reparation,22.8
5992632,9999,low,high,non_food,Non-food: reparation,38.0
5992633,9999,low,high,non_food,Non-food: reparation,21.2
5992634,9999,low,high,non_food,Non-food: reparation,8.238095238095237
5992638,9999,low,high,non_food,Non-food: reparation,17.0
5992640,9999,low,high,non_food,Non-food: reparation,9.0
5992669,9999,low,high,non_food,Non-food: reparation,21.5
5992670,9999,low,high,non_food,Non-food: reparation,12.5
5992692,9999,low,high,non_food,Non-food: reparation,35.333333333333336
5992698,9999,low,high,non_food,Non-food: reparation,62.5
5992701,9999,low,high,non_food,Non-food: reparation,23.33333333333333
5992896,9999,low,high,non_food,Non-food: tilbehør,1.0909090909090908
5992897,9999,low,high,non_food,Non-food: pansglass,1.0714285714285714
5992898,9999,low,high,non_food,Non-food: cover,1.0526315789473684
5992899,9999,low,high,non_food,Non-food: reparation,1.967032967032967
5992900,9999,low,high,non_food,Non-food: reparation,10.9375
5992901,9999,low,high,non_food,Non-food: reparation,28.666666666666668
5992902,9999,low,high,non_food,Non-food: reparation,19.8
5992904,9999,low,high,non_food,Non-food: reparation,13.666666666666666
5992906,9999,low,high,non_food,Non-food: reparation,32.0
5992907,9999,low,high,non_food,Non-food: reparation,18.666666666666668
5992909,9999,low,high,non_food,Non-food: reparation,15.88888888888889
5992910,9999,low,high,non_food,Non-food: reparation,23.75
5992911,9999,low,high,non_food,Non-food: reparation,9.833333333333334
5992913,9999,low,high,non_food,Non-food: reparation,28.2
5992914,9999,low,high,non_food,Non-food: reparation,22.5
5992915,9999,low,high,non_food,Non-food: reparation,18.0
5992916,9999,low,high,non_food,Non-food: reparation,18.0
5992917,9999,low,high,non_food,Non-food: reparation,5.724137931034483
5992918,9999,low,high,non_food,Non-food: reparation,71.5
5992920,9999,low,high,non_food,Non-food: reparation,19.22222222222222
5992921,9999,low,high,non_food,Non-food: reparation,18.77777777777778
5992923,9999,low,high,non_food,Non-food: reparation,13.818181818181818
5992924,9999,low,high,non_food,Non-food: reparation,7.571428571428571
5992926,9999,low,high,non_food,Non-food: reparation,24.6
5992927,9999,low,high,non_food,Non-food: reparation,20.571428571428573
5992928,9999,low,high,non_food,Non-food: reparation,33.333333333333336
5992930,9999,low,high,non_food,Non-food: reparation,40.333333333333336
5992959,9999,low,high,non_food,Non-food: reparation,13.363636363636363
5992961,9999,low,high,non_food,Non-food: reparation,29.33333333333333
5993172,30,medium,medium,ambient,Default: max_gap>=14,6.068965517241379
5993173,30,medium,medium,ambient,Default: max_gap>=14,5.147058823529412
5993245,5,medium,medium,refrigerated,Default: max_gap<14,2.3684210526315788
5993246,30,medium,medium,ambient,Default: max_gap>=14,3.75
5993247,30,medium,medium,ambient,Default: max_gap>=14,6.916666666666667
5993248,30,medium,medium,ambient,Default: max_gap>=14,5.114285714285714
5993254,30,medium,medium,ambient,Default: max_gap>=14,13.818181818181818
599372,14,medium,medium,ambient,Unspecified per rules,2.7580645161290325
5994192,30,medium,medium,ambient,Default: max_gap>=14,14.285714285714286
5994578,30,medium,medium,ambient,Default: max_gap>=14,999.0
5994579,5,medium,medium,refrigerated,Default: max_gap<14,2.0
5994629,14,medium,medium,ambient,Unspecified per rules,1.117283950617284
5994816,5,medium,medium,refrigerated,Default: max_gap<14,2.21875
5994834,5,medium,medium,refrigerated,Default: max_gap<14,1.7307692307692308
5994835,180,medium,high,frozen,Frozen: long shelf life,24.83333333333333
5994837,30,medium,medium,ambient,Default: max_gap>=14,2.753846153846154
5994839,30,medium,medium,ambient,Default: max_gap>=14,999.0
5994840,30,medium,medium,ambient,Default: max_gap>=14,27.25
5995125,30,medium,medium,ambient,Default: max_gap>=14,5.1875
5995126,30,medium,medium,ambient,Default: max_gap>=14,5.32258064516129
5995130,30,medium,medium,ambient,Default: max_gap>=14,109.0
5995135,30,medium,medium,ambient,Default: max_gap>=14,12.333333333333334
5995136,30,medium,medium,ambient,Default: max_gap>=14,17.125
5995137,9999,low,high,non_food,Non-food: tilbehør,4.787878787878788
5995138,30,medium,medium,ambient,Default: max_gap>=14,999.0
5995141,30,medium,medium,ambient,Default: max_gap>=14,26.33333333333333
5995143,30,medium,medium,ambient,Default: max_gap>=14,3.450980392156863
5995144,5,medium,medium,refrigerated,Default: max_gap<14,3.0338983050847457
5995145,30,medium,medium,ambient,Default: max_gap>=14,4.45945945945946
5995149,30,medium,medium,ambient,Default: max_gap>=14,9.4375
5995150,30,medium,medium,ambient,Default: max_gap>=14,13.8
5995152,5,medium,medium,refrigerated,Default: max_gap<14,7.0
5995153,9999,low,high,non_food,Non-food: tilbehør,2.01123595505618
5995154,30,medium,medium,ambient,Default: max_gap>=14,78.0
5995155,30,medium,medium,ambient,Default: max_gap>=14,6.666666666666667
5995236,9999,low,high,non_food,Non-food: klip,2.513888888888889
5995270,5,medium,medium,refrigerated,Default: max_gap<14,2.5211267605633805
5995392,3,medium,high,refrigerated,Pizza: <14 days,2.269230769230769
5995397,5,medium,medium,refrigerated,Default: max_gap<14,2.901639344262295
5995398,5,medium,medium,refrigerated,Default: max_gap<14,1.818181818181818
5995405,5,medium,medium,refrigerated,Default: max_gap<14,2.555555555555556
5995421,5,medium,medium,refrigerated,Default: max_gap<14,2.9672131147540983
5995594,5,medium,medium,refrigerated,Default: max_gap<14,3.30188679245283
5995659,5,medium,medium,refrigerated,Default: max_gap<14,1.4715447154471544
5995726,14,medium,medium,ambient,Unspecified per rules,1.0055555555555555
5995775,30,medium,medium,ambient,Default: max_gap>=14,4.0
5996020,30,medium,medium,ambient,Default: max_gap>=14,2.546875
5996078,30,medium,medium,ambient,Default: max_gap>=14,2.8870967741935485
5996150,30,medium,medium,ambient,Default: max_gap>=14,17.0
5996151,30,medium,medium,ambient,Default: max_gap>=14,11.5
5996235,14,medium,medium,ambient,Unspecified per rules,16.5
5996270,5,medium,medium,refrigerated,Cooked meal: short shelf,4.097560975609756
5996271,5,medium,medium,refrigerated,Cooked meal: short shelf,4.8
5996272,30,medium,medium,ambient,Default: max_gap>=14,5.076923076923077
5996356,30,medium,medium,ambient,Default: max_gap>=14,9.526315789473683
5996426,9999,low,high,non_food,Non-food: tilbehør,1.313253012048193
5996427,9999,low,high,non_food,Non-food: cover,1.329268292682927
5996428,5,medium,medium,refrigerated,Default: max_gap<14,3.3225806451612905
5996429,9999,low,high,non_food,Non-food: pansglass,1.4210526315789471
5996434,180,low,high,ambient,Alcohol: stable shelf life,1.3115942028985508
5996440,30,medium,medium,ambient,Default: max_gap>=14,4.484848484848484
5996442,9999,low,high,non_food,Non-food: tilbehør,1.1505376344086022
5996443,9999,low,high,non_food,Non-food: cover,1.1030927835051547
5996444,5,medium,medium,refrigerated,Default: max_gap<14,1.2159090909090908
5996445,5,medium,medium,refrigerated,Default: max_gap<14,2.2444444444444445
5996480,30,medium,medium,ambient,Default: max_gap>=14,999.0
5996594,30,medium,medium,ambient,Default: max_gap>=14,24.857142857142858
5996715,14,medium,medium,ambient,Unspecified per rules,3.8297872340425534
5996871,28,medium,high,frozen,Pizza: >=14 days (frozen),22.142857142857142
5996872,30,medium,medium,ambient,Default: max_gap>=14,14.916666666666666
5996873,30,medium,medium,ambient,Default: max_gap>=14,12.76923076923077
5996874,28,medium,high,frozen,Pizza: >=14 days (frozen),15.181818181818182
5996877,30,medium,medium,ambient,Default: max_gap>=14,108.0
5996878,30,medium,medium,ambient,Default: max_gap>=14,22.428571428571427
5996879,30,medium,medium,ambient,Default: max_gap>=14,39.5
5996883,30,medium,medium,ambient,Default: max_gap>=14,6.571428571428571
5996885,30,medium,medium,ambient,Default: max_gap>=14,40.0
5996886,30,medium,medium,ambient,Default: max_gap>=14,17.88888888888889
5996887,30,medium,medium,ambient,Default: max_gap>=14,8.941176470588236
5996888,30,medium,medium,ambient,Default: max_gap>=14,21.714285714285715
5996891,5,medium,medium,refrigerated,Default: max_gap<14,9.5
5996893,30,medium,medium,ambient,Default: max_gap>=14,90.0
5996897,30,medium,medium,ambient,Default: max_gap>=14,10.333333333333334
5996905,5,medium,medium,refrigerated,Default: max_gap<14,7.0
5996909,30,medium,medium,ambient,Default: max_gap>=14,8.571428571428571
5996912,30,medium,medium,ambient,Default: max_gap>=14,19.5
5996950,30,medium,medium,ambient,Default: max_gap>=14,67.0
5996987,30,medium,medium,ambient,Default: max_gap>=14,55.5
5997085,14,medium,medium,ambient,Unspecified per rules,6.909090909090909
5997114,5,medium,medium,refrigerated,Default: max_gap<14,1.98876404494382
5997154,14,medium,medium,ambient,Unspecified per rules,1.9438202247191008
5997183,14,medium,medium,ambient,Unspecified per rules,5.8
599731,14,medium,medium,ambient,Unspecified per rules,2.5161290322580645
5997370,30,medium,medium,ambient,Default: max_gap>=14,10.470588235294118
5997706,14,medium,medium,ambient,Unspecified per rules,999.0
5997718,180,medium,high,frozen,Frozen: long shelf life,999.0
5997790,9999,low,high,non_food,Non-food: bag,2.5853658536585367
5997885,14,medium,medium,ambient,Unspecified per rules,2.185185185185185
5997968,30,medium,medium,ambient,Default: max_gap>=14,3.717391304347826
5997973,5,medium,medium,refrigerated,Default: max_gap<14,2.364864864864865
5997988,9999,low,high,non_food,Non-food: klip,1.3115942028985508
5997990,9999,low,high,non_food,Non-food: klip,2.3835616438356166
5997992,30,medium,medium,ambient,Default: max_gap>=14,15.181818181818182
5997993,30,medium,medium,ambient,Default: max_gap>=14,14.727272727272728
5997995,30,medium,medium,ambient,Default: max_gap>=14,10.866666666666667
5998162,30,medium,medium,ambient,Default: max_gap>=14,4.15
5998168,30,medium,medium,ambient,Default: max_gap>=14,4.971428571428572
5998172,30,medium,medium,ambient,Default: max_gap>=14,14.555555555555555
5998175,180,medium,high,frozen,Frozen: long shelf life,8.842105263157896
5998181,5,medium,medium,refrigerated,Cooked meal: short shelf,8.0
5998183,30,medium,medium,ambient,Default: max_gap>=14,10.285714285714286
5998199,5,medium,medium,refrigerated,Default: max_gap<14,2.4
5998208,5,medium,medium,refrigerated,Default: max_gap<14,2.5970149253731343
5998216,30,medium,medium,ambient,Default: max_gap>=14,11.333333333333334
5998217,30,medium,medium,ambient,Default: max_gap>=14,19.75
5998218,30,medium,medium,ambient,Default: max_gap>=14,16.8
5998219,30,medium,medium,ambient,Default: max_gap>=14,16.5
5998220,30,medium,medium,ambient,Default: max_gap>=14,13.461538461538462
5998221,30,medium,medium,ambient,Default: max_gap>=14,5.090909090909091
5998223,9999,low,high,non_food,Non-food: tilbehør,2.2658227848101267
5998224,30,medium,medium,ambient,Default: max_gap>=14,16.6
5998233,30,medium,medium,ambient,Default: max_gap>=14,29.2
5998234,30,medium,medium,ambient,Default: max_gap>=14,10.285714285714286
5998235,30,medium,medium,ambient,Default: max_gap>=14,20.5
5998237,30,medium,medium,ambient,Default: max_gap>=14,33.0
5998238,30,medium,medium,ambient,Default: max_gap>=14,16.7
5998239,30,medium,medium,ambient,Default: max_gap>=14,17.555555555555557
5998240,30,medium,medium,ambient,Default: max_gap>=14,18.428571428571427
5998452,14,medium,medium,ambient,Unspecified per rules,4.641025641025641
5998526,30,medium,medium,ambient,Default: max_gap>=14,13.0
5998557,30,medium,medium,ambient,Default: max_gap>=14,9.11111111111111
5998558,30,medium,medium,ambient,Default: max_gap>=14,9.166666666666666
5998559,30,medium,medium,ambient,Default: max_gap>=14,15.75
5998560,180,low,high,ambient,Alcohol: stable shelf life,14.083333333333334
5998706,30,medium,medium,ambient,Default: max_gap>=14,4.911764705882353
5998707,30,medium,medium,ambient,Default: max_gap>=14,999.0
5998804,30,medium,medium,ambient,Default: max_gap>=14,7.416666666666667
5998841,30,medium,medium,ambient,Default: max_gap>=14,6.407407407407407
5998923,180,medium,high,frozen,Frozen: long shelf life,7.0
5998924,180,medium,high,frozen,Frozen: long shelf life,28.666666666666668
5998925,180,medium,high,frozen,Frozen: long shelf life,35.0
5998934,9999,low,high,non_food,Non-food: tilbehør,60.0
5998941,30,medium,medium,ambient,Default: max_gap>=14,43.0
5998973,30,medium,medium,ambient,Default: max_gap>=14,999.0
5998974,30,medium,medium,ambient,Default: max_gap>=14,12.25
5998981,30,medium,medium,ambient,Default: max_gap>=14,999.0
5998987,30,medium,medium,ambient,Default: max_gap>=14,21.0
5998999,30,medium,medium,ambient,Default: max_gap>=14,999.0
5999022,30,medium,medium,ambient,Default: max_gap>=14,23.0
5999054,14,medium,medium,ambient,Unspecified per rules,8.235294117647058
5999085,30,medium,medium,ambient,Default: max_gap>=14,23.83333333333333
5999103,14,medium,medium,ambient,Unspecified per rules,1.0225988700564972
5999288,30,medium,medium,ambient,Default: max_gap>=14,5.2
5999433,30,medium,medium,ambient,Default: max_gap>=14,7.235294117647059
5999575,14,medium,medium,ambient,Unspecified per rules,7.391304347826087
5999850,5,medium,medium,refrigerated,Default: max_gap<14,6.5
5999851,30,medium,medium,ambient,Default: max_gap>=14,15.0
5999853,30,medium,medium,ambient,Default: max_gap>=14,53.0
5999940,180,low,high,ambient,Beverage: long shelf life,6.363636363636363
5999941,180,low,high,ambient,Beverage: long shelf life,5.0588235294117645
5999947,30,medium,medium,ambient,Default: max_gap>=14,4.857142857142857
6000023,5,medium,medium,refrigerated,Default: max_gap<14,3.8
6000229,30,medium,medium,ambient,Default: max_gap>=14,7.6521739130434785
6000235,30,medium,medium,ambient,Default: max_gap>=14,6.25
6000301,45,medium,high,frozen,Processed meat: medium,4.482758620689655
6000321,180,medium,high,frozen,Frozen: long shelf life,75.5
6000325,30,medium,medium,ambient,Default: max_gap>=14,15.142857142857142
6000349,30,medium,medium,ambient,Default: max_gap>=14,4.2926829268292686
6000353,30,medium,medium,ambient,Default: max_gap>=14,6.565217391304348
6000504,30,medium,medium,ambient,Default: max_gap>=14,4.314285714285714
6000592,30,medium,medium,ambient,Default: max_gap>=14,5.176470588235294
6000617,180,low,high,ambient,Alcohol: stable shelf life,2.6865671641791047
6000630,9999,low,high,non_food,Non-food: pant,51.0
6000699,5,medium,medium,refrigerated,Default: max_gap<14,4.102564102564102
6000705,30,medium,medium,ambient,Default: max_gap>=14,5.290322580645161
6000784,30,medium,medium,ambient,Default: max_gap>=14,3.883720930232558
6000854,30,medium,medium,ambient,Default: max_gap>=14,999.0
6000855,30,medium,medium,ambient,Default: max_gap>=14,999.0
6000857,30,medium,medium,ambient,Default: max_gap>=14,999.0
6000889,5,medium,medium,refrigerated,Default: max_gap<14,3.30188679245283
6000904,14,medium,medium,ambient,Unspecified per rules,5.303030303030303
6000976,30,medium,medium,ambient,Default: max_gap>=14,22.0
6000977,30,medium,medium,ambient,Default: max_gap>=14,4.684210526315789
6000980,30,medium,medium,ambient,Default: max_gap>=14,24.142857142857142
6000981,30,medium,medium,ambient,Default: max_gap>=14,38.0
6000982,30,medium,medium,ambient,Default: max_gap>=14,28.0
6000983,9999,low,high,non_food,Non-food: gavekort,16.2
6000984,30,medium,medium,ambient,Default: max_gap>=14,13.076923076923077
6000986,30,medium,medium,ambient,Default: max_gap>=14,29.166666666666668
6000988,180,medium,high,frozen,Frozen: long shelf life,16.09090909090909
6000989,30,medium,medium,ambient,Default: max_gap>=14,21.5
6000990,5,medium,medium,refrigerated,Cooked meal: short shelf,999.0
6000991,30,medium,medium,ambient,Default: max_gap>=14,11.333333333333334
6000992,30,medium,medium,ambient,Default: max_gap>=14,53.66666666666666
6000993,30,medium,medium,ambient,Default: max_gap>=14,24.0
6000994,30,medium,medium,ambient,Default: max_gap>=14,15.090909090909092
6000996,30,medium,medium,ambient,Default: max_gap>=14,44.0
6000997,30,medium,medium,ambient,Default: max_gap>=14,124.0
6000998,30,medium,medium,ambient,Default: max_gap>=14,24.83333333333333
6000999,30,medium,medium,ambient,Default: max_gap>=14,59.333333333333336
6001000,30,medium,medium,ambient,Default: max_gap>=14,17.6
6001001,180,medium,high,frozen,Frozen: long shelf life,49.0
6001003,30,medium,medium,ambient,Default: max_gap>=14,72.5
6001004,30,medium,medium,ambient,Default: max_gap>=14,999.0
6001007,9999,low,high,non_food,Non-food: bag,52.66666666666666
6001008,9999,low,high,non_food,Non-food: bag,78.5
6001009,9999,low,high,non_food,Non-food: bag,84.0
6001373,30,medium,medium,ambient,Default: max_gap>=14,6.923076923076923
6001436,30,medium,medium,ambient,Default: max_gap>=14,6.1923076923076925
6001474,5,medium,medium,refrigerated,Default: max_gap<14,2.950819672131148
6001481,30,medium,medium,ambient,Default: max_gap>=14,9.473684210526317
6001482,30,medium,medium,ambient,Default: max_gap>=14,10.333333333333334
6001484,30,medium,medium,ambient,Default: max_gap>=14,2.418918918918919
6001485,30,medium,medium,ambient,Default: max_gap>=14,9.647058823529411
6001488,30,medium,medium,ambient,Default: max_gap>=14,6.25
6001545,5,medium,medium,refrigerated,Default: max_gap<14,1.7676767676767675
6001546,5,medium,medium,refrigerated,Default: max_gap<14,1.9230769230769231
6001547,5,medium,medium,refrigerated,Default: max_gap<14,1.650943396226415
6001556,5,medium,medium,refrigerated,Default: max_gap<14,2.2151898734177213
6001557,30,medium,medium,ambient,Default: max_gap>=14,6.782608695652174
6001558,30,medium,medium,ambient,Default: max_gap>=14,6.0344827586206895
6001559,30,medium,medium,ambient,Default: max_gap>=14,3.431372549019608
6001592,5,medium,medium,refrigerated,Default: max_gap<14,1.0225988700564972
6001604,5,medium,medium,refrigerated,Default: max_gap<14,1.0647058823529412
6002347,30,medium,medium,ambient,Default: max_gap>=14,6.521739130434782
6002729,30,medium,medium,ambient,Default: max_gap>=14,7.722222222222222
6003719,30,medium,medium,ambient,Default: max_gap>=14,4.941176470588236
6003754,30,medium,medium,ambient,Default: max_gap>=14,23.33333333333333
6003796,5,medium,medium,refrigerated,Default: max_gap<14,3.1403508771929824
6003800,30,medium,medium,ambient,Default: max_gap>=14,8.95
6003882,30,medium,medium,ambient,Default: max_gap>=14,11.714285714285714
6003886,30,medium,medium,ambient,Default: max_gap>=14,13.23076923076923
6003888,30,medium,medium,ambient,Default: max_gap>=14,27.83333333333333
600406,14,medium,medium,ambient,Unspecified per rules,15.1
6004320,14,medium,low,ambient,Unspecified product,1.2
6004415,5,medium,high,refrigerated,Classified by max_gap_days=12.0,5.363636363636363
6004452,14,medium,low,ambient,Unspecified product,3.52
6004510,180,low,high,ambient,Classified by max_gap_days=132.0,45.5
6004511,365,low,high,ambient,Alcoholic beverage,3.0508474576271185
6004512,30,medium,high,ambient,Classified by max_gap_days=49.0,16.454545454545453
6005768,365,low,high,ambient,Alcoholic beverage,2.4324324324324325
6005773,365,low,high,ambient,Alcoholic beverage,2.3076923076923075
6005774,365,low,high,ambient,Alcoholic beverage,2.903225806451613
6005778,365,low,high,ambient,Alcoholic beverage,3.8222222222222224
6005779,365,low,high,ambient,Alcoholic beverage,7.333333333333333
6005780,365,low,high,ambient,Alcoholic beverage,9.77777777777778
6005805,180,low,high,ambient,Beverages or dry goods,2.430555555555556
6005823,365,low,high,ambient,Alcoholic beverage,11.933333333333334
6006701,9999,low,high,non_food,Service or non-food item,1.7524752475247525
6006702,9999,low,high,non_food,Service or non-food item,4.783783783783784
6006703,9999,low,high,non_food,Service or non-food item,3.693877551020408
6006704,9999,low,high,non_food,Service or non-food item,11.23076923076923
6006718,9999,low,high,non_food,Service or non-food item,86.0
6006721,9999,low,high,non_food,Service or non-food item,37.75
6006723,9999,low,high,non_food,Service or non-food item,70.0
6006724,9999,low,high,non_food,Service or non-food item,23.857142857142858
6006725,9999,low,high,non_food,Service or non-food item,19.0
6006726,9999,low,high,non_food,Service or non-food item,82.0
6006727,9999,low,high,non_food,Service or non-food item,6.6
6006729,9999,low,high,non_food,Service or non-food item,9.75
6006730,9999,low,high,non_food,Service or non-food item,13.0
6006733,9999,low,high,non_food,Service or non-food item,11.4
6006736,9999,low,high,non_food,Service or non-food item,62.0
6007142,9999,low,high,non_food,Service or non-food item,69.5
6007243,9999,low,high,non_food,Service or non-food item,18.25
6007315,2,high,high,refrigerated,Fresh prepared food,1.1830065359477124
6007316,30,medium,high,ambient,Classified by max_gap_days=27.0,4.545454545454546
6007320,2,high,high,refrigerated,Fresh prepared food,1.933333333333333
6007322,30,medium,high,ambient,Classified by max_gap_days=37.0,2.675
6007323,2,high,high,refrigerated,Fresh prepared food,1.1383647798742138
6007326,2,high,high,refrigerated,Fresh prepared food,1.3636363636363635
6007333,2,high,high,refrigerated,Fresh prepared food,1.0714285714285714
6007336,2,high,high,refrigerated,Fresh prepared food,2.636363636363636
6007342,2,high,high,refrigerated,Fresh prepared food,2.014705882352941
6007343,2,high,high,refrigerated,Fresh prepared food,2.555555555555556
6007397,5,medium,high,refrigerated,Classified by max_gap_days=12.0,2.78125
6007578,14,medium,low,ambient,Unspecified product,9.05
6007657,14,medium,low,ambient,Unspecified product,1.0168539325842696
6007698,5,medium,high,refrigerated,Classified by max_gap_days=9.0,3.1578947368421053
6007727,14,medium,low,ambient,Unspecified product,3.1403508771929824
6007771,14,medium,low,ambient,Unspecified product,3.240740740740741
6007866,2,high,high,refrigerated,Fresh prepared food,2.083333333333333
6007867,2,high,high,refrigerated,Fresh prepared food,2.083333333333333
6007870,2,high,high,refrigerated,Fresh prepared food,1.9021739130434785
6007877,9999,low,high,non_food,Service or non-food item,2.3421052631578947
6007878,30,medium,high,ambient,Classified by max_gap_days=44.0,10.833333333333334
6007879,180,low,high,ambient,Classified by max_gap_days=71.0,35.6
6007880,30,medium,high,ambient,Classified by max_gap_days=28.0,5.454545454545454
6007901,30,medium,high,ambient,Classified by max_gap_days=30.0,10.125
6007947,30,medium,high,ambient,Classified by max_gap_days=22.0,3.0508474576271185
6007966,9999,low,high,non_food,Service or non-food item,1.4516129032258065
6007971,30,medium,high,ambient,Classified by max_gap_days=31.0,6.25
6007976,5,medium,high,refrigerated,"Bread, pastry or dairy product",7.954545454545454
6007981,30,medium,high,ambient,Classified by max_gap_days=17.0,3.5416666666666665
6007989,180,low,high,ambient,Beverages or dry goods,4.0
6007990,30,medium,high,ambient,Classified by max_gap_days=24.0,8.15
6008000,180,low,high,ambient,Beverages or dry goods,999.0
6008009,365,low,high,ambient,Alcoholic beverage,7.954545454545454
6008148,30,medium,high,ambient,Classified by max_gap_days=33.0,3.851063829787234
6008207,30,medium,high,ambient,Classified by max_gap_days=16.0,3.955555555555556
6008209,30,medium,high,ambient,Classified by max_gap_days=17.0,6.0344827586206895
6008212,30,medium,high,ambient,Classified by max_gap_days=39.0,10.058823529411764
6008213,30,medium,high,ambient,Classified by max_gap_days=30.0,5.375
6008246,9999,low,high,non_food,Service or non-food item,2.08641975308642
6008249,30,medium,high,ambient,Classified by max_gap_days=22.0,5.032258064516129
6008303,30,medium,high,ambient,Classified by max_gap_days=27.0,9.529411764705882
6008414,14,medium,low,ambient,Unspecified product,1.3211678832116789
6008750,14,medium,low,ambient,Unspecified product,3.294117647058824
6008790,5,medium,high,refrigerated,Classified by max_gap_days=9.0,1.6
6008864,5,medium,high,refrigerated,Classified by max_gap_days=7.0,1.8854166666666667
6008865,5,medium,high,refrigerated,Classified by max_gap_days=8.0,1.9130434782608696
6009015,5,medium,high,refrigerated,Classified by max_gap_days=8.0,1.8282828282828285
6009075,5,medium,high,refrigerated,Classified by max_gap_days=9.0,2.3376623376623376
6009275,180,low,high,ambient,Beverages or dry goods,1.3115942028985508
6009408,180,low,high,ambient,Beverages or dry goods,999.0
6009645,30,medium,high,ambient,Classified by max_gap_days=36.0,5.0
6009735,30,medium,high,ambient,Classified by max_gap_days=42.0,5.117647058823529
6009816,30,medium,high,ambient,Classified by max_gap_days=21.0,6.791666666666667
6009820,30,medium,high,ambient,Classified by max_gap_days=20.0,5.088235294117647
6010131,14,medium,low,ambient,Unspecified product,1.44
6010248,180,low,high,ambient,Classified by max_gap_days=999.0,999.0
6010417,14,medium,low,ambient,Unspecified product,1.1756756756756757
6010480,30,medium,high,ambient,Classified by max_gap_days=41.0,10.933333333333334
6010481,180,low,high,ambient,Classified by max_gap_days=67.0,18.5
6010482,180,low,high,ambient,Classified by max_gap_days=78.0,12.071428571428571
6010483,30,medium,high,ambient,Classified by max_gap_days=48.0,14.11111111111111
6010488,30,medium,high,ambient,Classified by max_gap_days=44.0,12.0
6010493,30,medium,high,ambient,Classified by max_gap_days=48.0,19.25
6010497,30,medium,high,ambient,Classified by max_gap_days=15.0,3.972972972972973
6010499,30,medium,high,ambient,Classified by max_gap_days=45.0,23.666666666666668
6010566,5,medium,high,refrigerated,Classified by max_gap_days=5.0,1.2147651006711409
6010672,30,medium,high,ambient,Classified by max_gap_days=21.0,11.5
6010720,30,medium,high,ambient,Classified by max_gap_days=27.0,8.944444444444445
6011030,5,medium,high,refrigerated,Classified by max_gap_days=10.0,2.36
6011031,5,medium,high,refrigerated,Classified by max_gap_days=11.0,2.85
6011033,30,medium,high,ambient,Classified by max_gap_days=17.0,5.083333333333333
6011043,30,medium,high,ambient,Classified by max_gap_days=21.0,9.25
6011045,30,medium,high,ambient,Classified by max_gap_days=15.0,6.6
6011074,2,high,high,refrigerated,Classified by max_gap_days=2.0,1.0055555555555555
6011124,180,low,high,ambient,Classified by max_gap_days=999.0,999.0
6011211,14,medium,low,ambient,Unspecified product,19.25
6011400,30,medium,high,ambient,Classified by max_gap_days=18.0,1.1694915254237288
6011643,2,high,high,refrigerated,Classified by max_gap_days=2.0,1.0588235294117647
6012258,14,medium,low,ambient,Unspecified product,999.0
6012360,180,low,high,ambient,Classified by max_gap_days=86.0,17.88888888888889
6012362,30,medium,high,ambient,Classified by max_gap_days=50.0,4.4
6012363,30,medium,high,ambient,Classified by max_gap_days=35.0,7.071428571428571
6012364,30,medium,high,ambient,Classified by max_gap_days=35.0,6.25
6012365,30,medium,high,ambient,Classified by max_gap_days=36.0,5.242424242424242
6012377,30,medium,high,ambient,Classified by max_gap_days=27.0,2.2
6012403,30,medium,high,ambient,Classified by max_gap_days=27.0,1.8333333333333333
6012404,30,medium,high,ambient,Classified by max_gap_days=27.0,2.3783783783783785
6012405,30,medium,high,ambient,Classified by max_gap_days=27.0,1.8144329896907216
6012406,30,medium,high,ambient,Classified by max_gap_days=28.0,2.707692307692308
6012407,365,low,high,ambient,Alcoholic beverage,2.588235294117647
6012409,365,low,high,ambient,Alcoholic beverage,2.933333333333333
6012417,30,medium,high,ambient,Classified by max_gap_days=27.0,3.8260869565217392
6012418,30,medium,high,ambient,Classified by max_gap_days=30.0,3.450980392156863
6012474,180,low,high,ambient,Classified by max_gap_days=74.0,35.0
6012502,14,medium,low,ambient,Unspecified product,16.5
6012643,30,medium,high,ambient,Classified by max_gap_days=51.0,6.2
6012706,30,medium,high,ambient,Classified by max_gap_days=45.0,8.227272727272727
6012715,30,medium,high,ambient,Classified by max_gap_days=20.0,3.067796610169492
6012765,5,medium,high,refrigerated,Classified by max_gap_days=5.0,1.5789473684210529
6012768,30,medium,high,ambient,Classified by max_gap_days=15.0,5.294117647058823
6012799,30,medium,high,ambient,Classified by max_gap_days=24.0,7.55
6012800,30,medium,high,ambient,Classified by max_gap_days=24.0,7.857142857142857
6012801,30,medium,high,ambient,Classified by max_gap_days=15.0,4.323529411764706
6012802,30,medium,high,ambient,Classified by max_gap_days=31.0,6.652173913043479
6012803,365,low,high,ambient,Alcoholic beverage,8.65
6012804,30,medium,high,ambient,Classified by max_gap_days=39.0,13.666666666666666
6012807,30,medium,high,ambient,Classified by max_gap_days=26.0,10.4375
6012809,30,medium,high,ambient,Classified by max_gap_days=24.0,6.148148148148148
6012811,30,medium,high,ambient,Classified by max_gap_days=44.0,10.571428571428571
6012813,30,medium,high,ambient,Classified by max_gap_days=44.0,13.363636363636363
6013002,180,low,high,ambient,Beverages or dry goods,6.96
6013010,30,medium,high,ambient,Classified by max_gap_days=21.0,2.36
6013035,30,medium,high,ambient,Classified by max_gap_days=35.0,10.6
6013037,30,medium,high,ambient,Classified by max_gap_days=28.0,7.9
6013060,5,medium,high,refrigerated,Classified by max_gap_days=4.0,2.5
6013219,14,medium,low,ambient,Unspecified product,5.806451612903226
6013265,30,medium,high,ambient,Classified by max_gap_days=14.0,3.0172413793103448
6013276,30,medium,high,ambient,Classified by max_gap_days=25.0,8.8
6013277,30,medium,high,ambient,Classified by max_gap_days=22.0,4.783783783783784
6014080,5,medium,high,refrigerated,Classified by max_gap_days=5.0,1.3115942028985508
6014082,5,medium,high,refrigerated,Classified by max_gap_days=5.0,1.283687943262411
6014083,5,medium,high,refrigerated,Classified by max_gap_days=4.0,1.2066666666666668
6014084,2,high,high,refrigerated,Fresh prepared food,1.1464968152866242
6014085,5,medium,high,refrigerated,Classified by max_gap_days=6.0,1.893617021276596
6014112,5,medium,high,refrigerated,Classified by max_gap_days=4.0,1.5042735042735045
6014114,5,medium,high,refrigerated,Classified by max_gap_days=7.0,1.4462809917355373
6014115,5,medium,high,refrigerated,Classified by max_gap_days=4.0,1.283687943262411
6014123,5,medium,high,refrigerated,Classified by max_gap_days=5.0,1.2066666666666668
6014147,5,medium,high,refrigerated,Classified by max_gap_days=10.0,2.070588235294118
6014152,5,medium,high,refrigerated,Classified by max_gap_days=6.0,1.8
6014192,5,medium,high,refrigerated,Classified by max_gap_days=5.0,1.2657342657342658
6014193,5,medium,high,refrigerated,Classified by max_gap_days=8.0,1.69811320754717
6014194,5,medium,high,refrigerated,Classified by max_gap_days=4.0,1.2482758620689656
6014295,180,low,high,ambient,Beverages or dry goods,6.6
6014301,180,low,high,ambient,Beverages or dry goods,5.941176470588236
6014307,180,low,high,ambient,Classified by max_gap_days=77.0,13.5
6014313,180,low,high,ambient,Classified by max_gap_days=123.0,39.5
6014317,30,medium,high,ambient,Classified by max_gap_days=28.0,12.307692307692308
6014318,30,medium,high,ambient,Classified by max_gap_days=33.0,4.970588235294118
6014409,30,medium,high,ambient,Classified by max_gap_days=25.0,12.142857142857142
6014457,30,medium,high,ambient,Classified by max_gap_days=45.0,11.615384615384617
6014551,30,medium,high,ambient,Classified by max_gap_days=23.0,21.0
6014624,14,medium,low,ambient,Unspecified product,1.875
6014770,30,medium,high,ambient,Classified by max_gap_days=42.0,8.764705882352942
6014851,30,medium,high,ambient,Classified by max_gap_days=17.0,1.7676767676767675
6014852,30,medium,high,ambient,Classified by max_gap_days=18.0,3.4680851063829787
6014853,30,medium,high,ambient,Classified by max_gap_days=19.0,4.4324324324324325
6014855,30,medium,high,ambient,Classified by max_gap_days=33.0,9.4
6014856,30,medium,high,ambient,Classified by max_gap_days=19.0,2.981818181818182
6014858,30,medium,high,ambient,Classified by max_gap_days=33.0,12.727272727272728
6014859,30,medium,high,ambient,Classified by max_gap_days=34.0,9.3
6014860,30,medium,high,ambient,Classified by max_gap_days=17.0,2.388888888888889
6014861,30,medium,high,ambient,Classified by max_gap_days=17.0,4.611111111111111
6014862,30,medium,high,ambient,Classified by max_gap_days=21.0,7.291666666666667
6014863,30,medium,high,ambient,Classified by max_gap_days=40.0,5.947368421052632
6014913,5,medium,high,refrigerated,Classified by max_gap_days=7.0,2.4285714285714284
6014914,5,medium,high,refrigerated,Classified by max_gap_days=12.0,2.380952380952381
6014915,30,medium,high,ambient,Classified by max_gap_days=14.0,4.454545454545454
6014919,5,medium,high,refrigerated,Classified by max_gap_days=7.0,1.9615384615384608
6014936,5,medium,high,refrigerated,Classified by max_gap_days=11.0,3.923076923076923
6014944,30,medium,high,ambient,Classified by max_gap_days=17.0,2.78125
6014962,5,medium,high,refrigerated,Classified by max_gap_days=5.0,1.8363636363636364
6015023,14,medium,low,ambient,Unspecified product,24.0
6015037,30,medium,high,ambient,Classified by max_gap_days=46.0,15.363636363636363
6015038,30,medium,high,ambient,Classified by max_gap_days=35.0,18.0
6015039,9999,low,high,non_food,Service or non-food item,49.0
6015142,5,medium,high,refrigerated,Classified by max_gap_days=10.0,1.9375
6015148,5,medium,high,refrigerated,Classified by max_gap_days=10.0,1.9375
6015149,5,medium,high,refrigerated,Classified by max_gap_days=10.0,1.9375
6015150,5,medium,high,refrigerated,Classified by max_gap_days=7.0,1.9375
6015151,5,medium,high,refrigerated,Classified by max_gap_days=11.0,2.066666666666667
6015152,30,medium,high,ambient,Classified by max_gap_days=23.0,3.695652173913044
6015153,30,medium,high,ambient,Classified by max_gap_days=20.0,2.4285714285714284
6015154,30,medium,high,ambient,Classified by max_gap_days=30.0,5.862068965517241
6015190,5,medium,high,refrigerated,Classified by max_gap_days=6.0,1.2312925170068028
6015191,5,medium,high,refrigerated,Classified by max_gap_days=10.0,1.9275362318840576
6015192,2,high,high,refrigerated,Fresh prepared food,2.0615384615384613
6015206,365,low,high,ambient,Alcoholic beverage,2.3205128205128207
6015268,30,medium,high,ambient,Classified by max_gap_days=21.0,5.625
6015281,30,medium,high,ambient,Classified by max_gap_days=48.0,25.666666666666668
6015319,365,low,high,ambient,Alcoholic beverage,2.1294117647058823
6015442,30,medium,high,ambient,Classified by max_gap_days=17.0,2.430555555555556
6015443,30,medium,high,ambient,Classified by max_gap_days=41.0,11.5
6015460,365,low,high,ambient,Alcoholic beverage,10.875
6015467,30,medium,high,ambient,Classified by max_gap_days=18.0,4.964285714285714
6015479,30,medium,high,ambient,Classified by max_gap_days=42.0,5.142857142857143
6015504,180,low,high,ambient,Classified by max_gap_days=88.0,8.55
6015694,5,medium,high,refrigerated,Classified by max_gap_days=8.0,2.0804597701149423
6015732,5,medium,high,refrigerated,Classified by max_gap_days=13.0,2.5211267605633805
6015814,5,medium,high,refrigerated,Classified by max_gap_days=7.0,2.055555555555556
6015839,180,low,high,ambient,Classified by max_gap_days=999.0,999.0
6015840,30,medium,high,ambient,Classified by max_gap_days=19.0,3.055555555555556
6015880,14,medium,low,ambient,Unspecified product,39.5
6015905,30,medium,high,ambient,Classified by max_gap_days=29.0,9.8
6015966,14,medium,low,ambient,Unspecified product,1.3211678832116789
6016015,365,low,high,ambient,Alcoholic beverage,1.3507462686567164
6016056,14,medium,low,ambient,Unspecified product,3.7222222222222223
6016114,30,medium,high,ambient,Classified by max_gap_days=35.0,4.787878787878788
6016121,30,medium,high,ambient,Classified by max_gap_days=17.0,2.3421052631578947
6016307,180,low,high,ambient,Classified by max_gap_days=98.0,5.114285714285714
6016344,30,medium,high,ambient,Classified by max_gap_days=16.0,6.6
6016375,30,medium,high,ambient,Classified by max_gap_days=17.0,10.666666666666666
6016393,30,medium,high,ambient,Classified by max_gap_days=30.0,3.558139534883721
6016433,30,medium,high,ambient,Classified by max_gap_days=22.0,11.2
6016459,30,medium,high,ambient,Classified by max_gap_days=14.0,8.166666666666666
6016480,5,medium,high,refrigerated,Classified by max_gap_days=13.0,4.181818181818182
6016489,30,medium,high,ambient,Classified by max_gap_days=15.0,6.428571428571429
6016497,5,medium,high,refrigerated,Classified by max_gap_days=11.0,2.6296296296296298
6016572,30,medium,high,ambient,Classified by max_gap_days=29.0,2.983050847457627
6016733,180,low,high,ambient,Beverages or dry goods,1.98876404494382
6016734,5,medium,high,refrigerated,Classified by max_gap_days=6.0,6.0
6016865,5,medium,high,refrigerated,Classified by max_gap_days=11.0,6.2
6016991,30,medium,high,ambient,Classified by max_gap_days=50.0,13.11111111111111
6016992,30,medium,high,ambient,Classified by max_gap_days=22.0,7.333333333333333
6017007,30,medium,high,ambient,Classified by max_gap_days=15.0,3.0851063829787235
6017011,30,medium,high,ambient,Classified by max_gap_days=38.0,2.8253968253968256
6017013,30,medium,high,ambient,Classified by max_gap_days=17.0,2.6769230769230767
6017047,30,medium,high,ambient,Classified by max_gap_days=31.0,2.6666666666666665
6017057,9999,low,high,non_food,Service or non-food item,6.956521739130435
6017079,2,high,high,refrigerated,Fresh prepared food,1.2397260273972603
6017099,30,medium,high,ambient,Classified by max_gap_days=22.0,1.5603448275862069
6017144,30,medium,high,ambient,Classified by max_gap_days=28.0,5.64
6017298,30,medium,high,ambient,Classified by max_gap_days=21.0,7.333333333333333
6017425,180,low,high,ambient,Beverages or dry goods,2.022988505747126
6017499,5,medium,high,refrigerated,Classified by max_gap_days=12.0,2.5970149253731343
6017501,180,low,high,ambient,Classified by max_gap_days=89.0,64.5
6017515,5,medium,high,refrigerated,Classified by max_gap_days=10.0,2.051948051948052
6017516,2,high,high,refrigerated,Fresh prepared food,1.4210526315789471
6017517,30,medium,high,ambient,Classified by max_gap_days=21.0,1.3129770992366412
6017533,180,low,high,ambient,Classified by max_gap_days=999.0,999.0
6017535,180,low,high,ambient,Classified by max_gap_days=109.0,35.0
6017538,180,low,high,ambient,Classified by max_gap_days=111.0,48.333333333333336
6017539,30,medium,high,ambient,Classified by max_gap_days=33.0,26.75
6017543,30,medium,high,ambient,Classified by max_gap_days=17.0,2.414285714285714
6017545,30,medium,high,ambient,Classified by max_gap_days=51.0,11.4
6017565,180,low,high,ambient,Beverages or dry goods,2.4
6017569,30,medium,high,ambient,Classified by max_gap_days=16.0,1.8305084745762712
6017591,30,medium,high,ambient,Classified by max_gap_days=28.0,2.793650793650793
6017593,30,medium,high,ambient,Classified by max_gap_days=28.0,2.75
6017663,30,medium,high,ambient,Classified by max_gap_days=17.0,2.0588235294117645
6017692,180,low,high,ambient,Classified by max_gap_days=70.0,10.588235294117649
6017768,180,low,high,ambient,Classified by max_gap_days=80.0,38.75
6017780,14,medium,low,ambient,Unspecified product,2.310810810810811
6017796,30,medium,high,ambient,Classified by max_gap_days=27.0,8.473684210526315
6017842,30,medium,high,ambient,Classified by max_gap_days=22.0,8.4
6017945,9999,low,high,non_food,Service or non-food item,10.0
6017946,9999,low,high,non_food,Service or non-food item,3.39622641509434
6018049,14,medium,low,ambient,Unspecified product,1.0284090909090908
6018095,9999,low,high,non_food,Service or non-food item,1.0236686390532543
6018096,30,medium,high,ambient,Classified by max_gap_days=14.0,2.3043478260869565
6018122,5,medium,high,refrigerated,Classified by max_gap_days=3.0,1.08125
6018320,2,high,high,refrigerated,Classified by max_gap_days=2.0,1.0116959064327486
6018322,5,medium,high,refrigerated,Classified by max_gap_days=3.0,1.089171974522293
6018359,2,high,high,refrigerated,Classified by max_gap_days=2.0,1.0116959064327486
6018681,14,medium,low,ambient,Unspecified product,4.0
6018774,5,medium,high,refrigerated,Classified by max_gap_days=5.0,1.2066666666666668
6018798,180,low,high,ambient,Classified by max_gap_days=999.0,999.0
6018801,30,medium,high,ambient,Classified by max_gap_days=21.0,15.0
6018824,30,medium,high,ambient,Classified by max_gap_days=19.0,19.0
6018831,30,medium,high,ambient,Classified by max_gap_days=35.0,35.0
6018844,30,medium,high,ambient,Classified by max_gap_days=34.0,34.0
6018894,5,medium,high,refrigerated,Classified by max_gap_days=7.0,7.0
6018980,30,medium,high,ambient,Classified by max_gap_days=51.0,26.0
6019005,30,medium,high,ambient,Classified by max_gap_days=30.0,30.0
6019006,180,low,high,ambient,Classified by max_gap_days=105.0,105.0
6019134,180,low,high,ambient,Beverages or dry goods,17.0
6019135,180,low,high,ambient,Beverages or dry goods,1.0
6019136,180,low,high,ambient,Beverages or dry goods,7.666666666666667
6019139,180,low,high,ambient,Beverages or dry goods,14.333333333333334
6019265,180,low,high,ambient,Beverages or dry goods,1.292857142857143
6019267,5,medium,high,refrigerated,"Bread, pastry or dairy product",10.533333333333331
6019338,2,high,high,refrigerated,Classified by max_gap_days=1.0,1.0
6019340,180,low,high,ambient,Beverages or dry goods,22.0
6019341,180,low,high,ambient,Classified by max_gap_days=105.0,53.0
6019352,180,low,high,ambient,Classified by max_gap_days=159.0,87.0
6019354,180,low,high,ambient,Classified by max_gap_days=999.0,999.0
6019360,30,medium,high,ambient,Classified by max_gap_days=26.0,7.904761904761905
6019380,5,medium,high,refrigerated,Classified by max_gap_days=5.0,1.2312925170068028
6019393,2,high,high,refrigerated,Classified by max_gap_days=2.0,2.0
6019446,5,medium,high,refrigerated,Classified by max_gap_days=3.0,1.1455696202531649
6019447,180,low,high,ambient,Beverages or dry goods,1.0402298850574712
6019457,30,medium,high,ambient,Classified by max_gap_days=24.0,3.888888888888889
6019458,30,medium,high,ambient,Classified by max_gap_days=35.0,3.5
6019474,30,medium,high,ambient,Classified by max_gap_days=28.0,7.894736842105263
6019479,30,medium,high,ambient,Classified by max_gap_days=40.0,2.95
6019480,30,medium,high,ambient,Classified by max_gap_days=42.0,7.08
6019488,30,medium,high,ambient,Classified by max_gap_days=25.0,2.8225806451612905
6019554,180,low,high,ambient,Classified by max_gap_days=999.0,999.0
6019595,30,medium,high,ambient,Classified by max_gap_days=33.0,4.857142857142857
6019695,5,medium,high,refrigerated,Classified by max_gap_days=5.0,1.175324675324675
6020403,30,medium,high,ambient,Classified by max_gap_days=56.0,26.83333333333333
6020411,30,medium,high,ambient,Classified by max_gap_days=56.0,12.833333333333334
6020518,5,medium,high,refrigerated,Classified by max_gap_days=5.0,1.2312925170068028
6020551,180,low,high,ambient,Classified by max_gap_days=70.0,26.25
6020570,5,medium,high,refrigerated,Classified by max_gap_days=6.0,1.4140625
6020671,365,low,high,ambient,Alcoholic beverage,2.0357142857142856
6020672,30,medium,high,ambient,Classified by max_gap_days=30.0,19.0
6020673,30,medium,high,ambient,Classified by max_gap_days=23.0,11.25
6020733,14,medium,low,ambient,Unspecified product,4.303030303030303
6020776,30,medium,high,ambient,Classified by max_gap_days=21.0,6.166666666666667
6020797,180,low,high,ambient,Classified by max_gap_days=95.0,27.25
6020842,5,medium,high,refrigerated,Classified by max_gap_days=7.0,2.6666666666666665
6020937,5,medium,high,refrigerated,Classified by max_gap_days=4.0,1.3432835820895523
6020965,365,low,high,ambient,Alcoholic beverage,2.234567901234568
6020966,30,medium,high,ambient,Classified by max_gap_days=32.0,3.290909090909091
6020967,30,medium,high,ambient,Classified by max_gap_days=34.0,3.2777777777777777
6020969,30,medium,high,ambient,Classified by max_gap_days=35.0,4.891891891891892
6020977,180,low,high,ambient,Classified by max_gap_days=91.0,91.0
6021011,14,medium,low,ambient,Unspecified product,3.8260869565217392
6021079,30,medium,high,ambient,Classified by max_gap_days=19.0,4.891891891891892
6021098,180,low,high,ambient,Beverages or dry goods,4.166666666666667
6021129,5,medium,high,refrigerated,Classified by max_gap_days=10.0,1.4634146341463414
6021130,5,medium,high,refrigerated,Classified by max_gap_days=9.0,2.3506493506493507
6021134,5,medium,high,refrigerated,Classified by max_gap_days=8.0,1.9673913043478264
6021135,5,medium,high,refrigerated,Classified by max_gap_days=4.0,1.4516129032258065
6021138,5,medium,high,refrigerated,Classified by max_gap_days=11.0,3.488888888888889
6021205,180,low,high,ambient,Beverages or dry goods,2.608695652173913
6021211,30,medium,high,ambient,Classified by max_gap_days=21.0,4.166666666666667
6021212,30,medium,high,ambient,Classified by max_gap_days=26.0,8.789473684210526
6021220,30,medium,high,ambient,Classified by max_gap_days=51.0,18.0
6021242,30,medium,high,ambient,Classified by max_gap_days=24.0,3.346938775510204
6021264,30,medium,high,ambient,Classified by max_gap_days=29.0,6.875
6021266,30,medium,high,ambient,Classified by max_gap_days=42.0,16.0
6021281,30,medium,high,ambient,Classified by max_gap_days=21.0,9.333333333333334
6021305,5,medium,high,refrigerated,Classified by max_gap_days=6.0,3.380952380952381
6021311,30,medium,high,ambient,Classified by max_gap_days=14.0,5.538461538461538
6021315,5,medium,high,refrigerated,Classified by max_gap_days=6.0,3.272727272727273
6021321,30,medium,high,ambient,Classified by max_gap_days=14.0,2.734375
6021408,365,low,high,ambient,Alcoholic beverage,18.857142857142858
6021409,30,medium,high,ambient,Classified by max_gap_days=42.0,17.714285714285715
6021418,180,low,high,ambient,Classified by max_gap_days=67.0,23.75
6021419,180,low,high,ambient,Classified by max_gap_days=64.0,21.83333333333333
6021425,30,medium,high,ambient,Classified by max_gap_days=35.0,17.0
6021440,30,medium,high,ambient,Classified by max_gap_days=47.0,10.153846153846152
6021441,180,low,high,ambient,Classified by max_gap_days=89.0,31.0
6021463,30,medium,high,ambient,Classified by max_gap_days=26.0,26.0
6021470,30,medium,high,ambient,Classified by max_gap_days=37.0,19.0
6021471,30,medium,high,ambient,Classified by max_gap_days=47.0,9.428571428571429
6021613,30,medium,high,ambient,Classified by max_gap_days=50.0,8.944444444444445
6021712,30,medium,high,ambient,Classified by max_gap_days=20.0,2.4857142857142858
6021747,14,medium,low,ambient,Unspecified product,31.0
6021789,30,medium,high,ambient,Classified by max_gap_days=42.0,9.72222222222222
6021863,180,low,high,ambient,Beverages or dry goods,2.1294117647058823
6021866,180,low,high,ambient,Classified by max_gap_days=110.0,42.66666666666666
6021878,5,medium,high,refrigerated,Classified by max_gap_days=7.0,1.3137254901960784
6021879,5,medium,high,refrigerated,Classified by max_gap_days=10.0,1.9444444444444444
6021894,5,medium,high,refrigerated,Classified by max_gap_days=5.0,1.5254237288135593
6021899,5,medium,high,refrigerated,Classified by max_gap_days=12.0,2.270833333333333
6022023,2,high,high,refrigerated,Fresh prepared food,1.052325581395349
6022024,2,high,high,refrigerated,Fresh prepared food,1.103658536585366
6022035,14,medium,low,ambient,Unspecified product,999.0
6022089,30,medium,high,ambient,Classified by max_gap_days=28.0,7.636363636363637
6022121,5,medium,high,refrigerated,Classified by max_gap_days=13.0,1.836734693877551
6022127,30,medium,high,ambient,Classified by max_gap_days=15.0,1.894736842105263
6022135,30,medium,high,ambient,Classified by max_gap_days=15.0,1.5789473684210529
6022138,30,medium,high,ambient,Classified by max_gap_days=15.0,1.3740458015267176
6022170,5,medium,high,refrigerated,"Bread, pastry or dairy product",1.6363636363636365
6022171,5,medium,high,refrigerated,"Bread, pastry or dairy product",1.44
6022172,5,medium,high,refrigerated,"Bread, pastry or dairy product",1.8
6022194,5,medium,high,refrigerated,Classified by max_gap_days=13.0,1.2765957446808511
6022214,5,medium,high,refrigerated,Classified by max_gap_days=13.0,1.69811320754717
6022231,5,medium,high,refrigerated,Classified by max_gap_days=7.0,1.3308823529411764
6022320,30,medium,high,ambient,Classified by max_gap_days=14.0,2.816326530612245
6022321,5,medium,high,refrigerated,Classified by max_gap_days=8.0,2.123076923076923
6022325,5,medium,high,refrigerated,Classified by max_gap_days=10.0,3.066666666666667
6022326,5,medium,high,refrigerated,Classified by max_gap_days=10.0,2.8297872340425534
6022327,30,medium,high,ambient,Classified by max_gap_days=15.0,3.6216216216216215
6022336,5,medium,high,refrigerated,Classified by max_gap_days=13.0,3.6052631578947367
6022346,30,medium,high,ambient,Classified by max_gap_days=17.0,4.15625
6022349,5,medium,high,refrigerated,Classified by max_gap_days=12.0,3.6216216216216215
6022364,30,medium,high,ambient,Classified by max_gap_days=18.0,3.3684210526315788
6022382,30,medium,high,ambient,Classified by max_gap_days=15.0,3.942857142857143
6022503,5,medium,high,refrigerated,Classified by max_gap_days=6.0,6.0
6022506,30,medium,high,ambient,Classified by max_gap_days=16.0,7.428571428571429
6022507,30,medium,high,ambient,Classified by max_gap_days=29.0,8.666666666666666
6022509,5,medium,high,refrigerated,Classified by max_gap_days=12.0,12.0
6022510,5,medium,high,refrigerated,Classified by max_gap_days=10.0,4.0
6022511,180,low,high,ambient,Classified by max_gap_days=999.0,999.0
6022512,30,medium,high,ambient,Classified by max_gap_days=24.0,6.0
6022513,30,medium,high,ambient,Classified by max_gap_days=15.0,6.333333333333333
6022514,30,medium,high,ambient,Classified by max_gap_days=25.0,5.538461538461538
6022515,30,medium,high,ambient,Classified by max_gap_days=19.0,5.769230769230769
6022516,30,medium,high,ambient,Classified by max_gap_days=27.0,27.0
6022519,30,medium,high,ambient,Classified by max_gap_days=31.0,16.333333333333332
6022520,30,medium,high,ambient,Classified by max_gap_days=22.0,5.307692307692308
6022561,180,low,high,ambient,Classified by max_gap_days=999.0,999.0
6022568,5,medium,high,refrigerated,Classified by max_gap_days=4.0,4.0
6022601,30,medium,high,ambient,Classified by max_gap_days=55.0,23.2
6022640,180,low,high,ambient,Beverages or dry goods,2.3026315789473686
6023076,5,medium,high,refrigerated,Classified by max_gap_days=12.0,2.083333333333333
6023249,365,low,high,ambient,Alcoholic beverage,3.0166666666666666
6023378,14,medium,low,ambient,Unspecified product,2.2625
6023392,30,medium,high,ambient,Classified by max_gap_days=24.0,3.966666666666667
6023524,30,medium,high,ambient,Classified by max_gap_days=21.0,2.4571428571428573
6023565,30,medium,high,ambient,Classified by max_gap_days=22.0,14.0
6023654,5,medium,high,refrigerated,Classified by max_gap_days=13.0,3.320754716981132
6023655,5,medium,high,refrigerated,Classified by max_gap_days=4.0,1.6923076923076923
6023756,14,medium,low,ambient,Unspecified product,7.0
6023788,14,medium,low,ambient,Unspecified product,6.541666666666667
6023810,30,medium,high,ambient,Classified by max_gap_days=14.0,3.22
6024002,30,medium,high,ambient,Classified by max_gap_days=23.0,6.25925925925926
6024301,30,medium,high,ambient,Classified by max_gap_days=26.0,3.227272727272727
6024396,30,medium,high,ambient,Classified by max_gap_days=41.0,19.6
6024397,180,low,high,ambient,Classified by max_gap_days=999.0,999.0
6024398,30,medium,high,ambient,Classified by max_gap_days=59.0,19.875
6024399,180,low,high,ambient,Classified by max_gap_days=999.0,999.0
6024404,180,low,high,ambient,Classified by max_gap_days=140.0,76.5
6024405,30,medium,high,ambient,Classified by max_gap_days=14.0,3.688888888888889
6024406,180,low,high,ambient,Classified by max_gap_days=999.0,999.0
6024407,5,medium,high,refrigerated,Classified by max_gap_days=13.0,3.4285714285714284
6024409,30,medium,high,ambient,Classified by max_gap_days=22.0,22.0
6024411,30,medium,high,ambient,Classified by max_gap_days=27.0,12.384615384615383
6024412,30,medium,high,ambient,Classified by max_gap_days=14.0,3.259259259259259
6024482,30,medium,high,ambient,Classified by max_gap_days=42.0,7.142857142857143
6024562,30,medium,high,ambient,Classified by max_gap_days=26.0,3.0535714285714284
6024563,30,medium,high,ambient,Classified by max_gap_days=16.0,6.074074074074074
6024614,365,low,high,ambient,Alcoholic beverage,1.8854166666666667
6024615,365,low,high,ambient,Alcoholic beverage,1.2397260273972603
6024704,30,medium,high,ambient,Classified by max_gap_days=52.0,8.523809523809524
6024758,30,medium,high,ambient,Classified by max_gap_days=33.0,15.333333333333334
6024861,2,high,high,refrigerated,Classified by max_gap_days=1.0,1.0
6024866,2,high,high,refrigerated,Classified by max_gap_days=2.0,1.0402298850574712
6024867,2,high,high,refrigerated,Classified by max_gap_days=2.0,1.011173184357542
6024868,2,high,high,refrigerated,Classified by max_gap_days=2.0,1.011173184357542
6024878,14,medium,low,ambient,Unspecified product,4.03030303030303
6024977,180,low,high,ambient,Beverages or dry goods,10.0
6025088,14,medium,low,ambient,Unspecified product,1.9770114942528736
6025117,14,medium,low,ambient,Unspecified product,1.2482758620689656
6025236,5,medium,high,refrigerated,Classified by max_gap_days=11.0,2.207317073170732
6025260,30,medium,high,ambient,Classified by max_gap_days=18.0,4.111111111111111
6025273,365,low,high,ambient,Alcoholic beverage,2.873015873015873
6025274,30,medium,high,ambient,Classified by max_gap_days=14.0,2.513888888888889
6025275,5,medium,high,refrigerated,Classified by max_gap_days=11.0,2.2911392405063293
6025280,180,low,high,ambient,Beverages or dry goods,1.946236559139785
6025283,180,low,high,ambient,Beverages or dry goods,2.3205128205128207
6025366,30,medium,high,ambient,Classified by max_gap_days=15.0,8.0
6025376,30,medium,high,ambient,Classified by max_gap_days=19.0,4.666666666666667
6025390,14,medium,low,ambient,Unspecified product,5.75
6026125,30,medium,high,ambient,Classified by max_gap_days=38.0,38.0
6026243,5,medium,high,refrigerated,Classified by max_gap_days=10.0,3.203703703703704
6026367,365,low,high,ambient,Alcoholic beverage,22.5
6026445,5,medium,high,refrigerated,Classified by max_gap_days=13.0,3.034482758620689
6026471,30,medium,high,ambient,Classified by max_gap_days=19.0,2.0568181818181817
6026473,30,medium,high,ambient,Classified by max_gap_days=17.0,2.3205128205128207
6026507,5,medium,high,refrigerated,Classified by max_gap_days=12.0,2.579710144927536
6026552,30,medium,high,ambient,Classified by max_gap_days=21.0,8.235294117647058
6026555,180,low,high,ambient,Classified by max_gap_days=999.0,999.0
6026642,2,high,high,refrigerated,Classified by max_gap_days=2.0,1.0342857142857145
6026643,5,medium,high,refrigerated,Classified by max_gap_days=5.0,1.5739130434782609
6026647,5,medium,high,refrigerated,Classified by max_gap_days=4.0,1.3308823529411764
6026650,5,medium,high,refrigerated,Classified by max_gap_days=4.0,1.2587412587412588
6026653,5,medium,high,refrigerated,Classified by max_gap_days=6.0,1.3115942028985508
6026886,14,medium,low,ambient,Unspecified product,999.0
6026897,30,medium,high,ambient,Classified by max_gap_days=22.0,9.75
6026898,180,low,high,ambient,Classified by max_gap_days=67.0,67.0
6026899,180,low,high,ambient,Classified by max_gap_days=60.0,26.166666666666668
6026900,180,low,high,ambient,Classified by max_gap_days=62.0,28.25
6026901,30,medium,high,ambient,Classified by max_gap_days=47.0,24.0
6026902,30,medium,high,ambient,Classified by max_gap_days=21.0,4.2926829268292686
6026903,30,medium,high,ambient,Processed item or condiment,7.904761904761905
6026904,180,low,high,ambient,Classified by max_gap_days=77.0,12.0
6026962,180,low,high,ambient,Classified by max_gap_days=999.0,999.0
6026967,5,medium,high,refrigerated,Classified by max_gap_days=3.0,3.0
6026968,180,low,high,ambient,Classified by max_gap_days=999.0,999.0
6026974,30,medium,high,ambient,Classified by max_gap_days=58.0,41.5
6026984,180,low,high,ambient,Classified by max_gap_days=999.0,999.0
6027059,5,medium,high,refrigerated,Classified by max_gap_days=5.0,1.3609022556390975
6027086,365,low,high,ambient,Alcoholic beverage,6.269230769230769
6027087,365,low,high,ambient,Alcoholic beverage,4.384615384615385
6027113,14,medium,low,ambient,Unspecified product,2.119047619047619
6027141,5,medium,high,refrigerated,Classified by max_gap_days=5.0,1.7254901960784317
6027149,5,medium,high,refrigerated,Classified by max_gap_days=8.0,3.583333333333333
6027150,30,medium,high,ambient,Classified by max_gap_days=22.0,7.166666666666667
6027151,5,medium,high,refrigerated,Classified by max_gap_days=7.0,1.9777777777777776
6027154,180,low,high,ambient,Classified by max_gap_days=999.0,999.0
6027169,30,medium,high,ambient,Classified by max_gap_days=57.0,6.96
6027176,30,medium,high,ambient,Classified by max_gap_days=14.0,6.111111111111111
6027177,30,medium,high,ambient,Classified by max_gap_days=34.0,24.0
6027197,30,medium,high,ambient,Classified by max_gap_days=29.0,5.357142857142857
6027212,365,low,high,ambient,Alcoholic beverage,6.0
6027216,5,medium,high,refrigerated,Classified by max_gap_days=6.0,1.673913043478261
6027217,2,high,high,refrigerated,Classified by max_gap_days=2.0,1.1986754966887416
6027225,5,medium,high,refrigerated,Classified by max_gap_days=6.0,2.857142857142857
6027226,5,medium,high,refrigerated,Classified by max_gap_days=7.0,7.0
6027253,2,high,high,refrigerated,Fresh prepared food,1.3308823529411764
6027281,5,medium,high,refrigerated,"Bread, pastry or dairy product",1.3828125
6027307,30,medium,high,ambient,Classified by max_gap_days=14.0,6.166666666666667
6027348,180,low,high,ambient,Classified by max_gap_days=86.0,6.708333333333333
6027349,180,low,high,ambient,Classified by max_gap_days=84.0,11.2
6027350,30,medium,high,ambient,Classified by max_gap_days=29.0,8.210526315789474
6027354,180,low,high,ambient,Classified by max_gap_days=76.0,8.181818181818182
6027388,30,medium,high,ambient,Classified by max_gap_days=36.0,3.558139534883721
6027428,7,medium,medium,refrigerated,Medium gap (7.0d) - likely short shelf,3.0
6027433,180,low,high,ambient,Long shelf beverage/dry good - Saft,5.0
6027442,30,medium,medium,frozen,Medium gap (25.0d) - likely medium shelf,10.666666666666666
6027458,30,medium,medium,frozen,Medium gap (50.0d) - likely medium shelf,50.0
6027459,30,medium,medium,frozen,Medium gap (51.0d) - likely medium shelf,51.0
6027541,180,low,medium,ambient,Large gap (75.0d) - likely long shelf,12.571428571428571
6027569,180,low,high,ambient,Alcoholic beverage - Snaps,7.541666666666667
6027583,30,medium,medium,frozen,Medium gap (25.0d) - likely medium shelf,5.923076923076923
6027604,180,low,high,ambient,Long shelf beverage/dry good - Sidas merino,999.0
6027610,180,low,high,ambient,Long shelf beverage/dry good - Sidas performance merino,27.0
6027640,14,medium,medium,ambient,Unspecified product - default to medium shelf,1.0740740740740742
6027682,2,high,high,refrigerated,Fresh bowl - Bowls,1.435897435897436
6027697,180,low,high,ambient,"Alcoholic beverage - Faxe Kondi (0, 33l)",1.6764705882352942
6027700,180,low,high,ambient,"Long shelf beverage/dry good - Gazoz (0, 33l)",1.2954545454545454
6027704,180,low,high,ambient,"Long shelf beverage/dry good - Ayran (0, 25 l)",1.4871794871794872
6027716,2,high,high,refrigerated,Fresh bowl - Halloumi Bowl,1.183673469387755
6027717,2,high,high,refrigerated,Fresh bowl - Mix Bowl,1.0175438596491229
6027818,9999,low,high,non_food,Service/Card product - Afgang spillekort,4.069767441860465
6027840,180,low,high,ambient,Alcoholic beverage - Crabbies,5.631578947368421
6027842,180,low,high,ambient,Long shelf beverage/dry good - Red Bull,4.962962962962963
6027849,180,low,high,ambient,Alcoholic beverage - Bailey Dag,2.0793650793650795
6027851,7,medium,medium,refrigerated,Medium gap (8.0d) - likely short shelf,1.7820512820512822
6027852,2,high,medium,refrigerated,Very short gap (1.0d) - likely fresh,1.0
6027855,180,low,high,ambient,Alcoholic beverage - Tallisker / JD,6.411764705882353
6027856,180,low,high,ambient,Alcoholic beverage - Spiritus,1.8493150684931507
6027860,7,medium,medium,refrigerated,Medium gap (13.0d) - likely short shelf,2.863636363636364
6027862,30,medium,medium,frozen,Medium gap (50.0d) - likely medium shelf,15.125
6027863,30,medium,medium,frozen,Medium gap (15.0d) - likely medium shelf,5.333333333333333
6027866,180,low,high,ambient,Alcoholic beverage - Snaps,5.888888888888889
6027867,180,low,high,ambient,Alcoholic beverage - Underberg,1.8767123287671232
6027943,7,medium,medium,refrigerated,Medium gap (10.0d) - likely short shelf,3.2545454545454544
6027944,7,medium,medium,refrigerated,Medium gap (8.0d) - likely short shelf,1.989010989010989
6027946,5,medium,medium,refrigerated,Short gap (6.0d) - likely baked/dairy,2.0823529411764707
6027949,7,medium,medium,refrigerated,Medium gap (8.0d) - likely short shelf,2.571428571428572
6027951,7,medium,medium,refrigerated,Medium gap (7.0d) - likely short shelf,2.4383561643835616
6027952,5,medium,medium,refrigerated,Short gap (5.0d) - likely baked/dairy,1.3984375
6027956,7,medium,medium,refrigerated,Medium gap (11.0d) - likely short shelf,2.9473684210526314
6027958,7,medium,medium,refrigerated,Medium gap (10.0d) - likely short shelf,2.608695652173913
6027968,7,medium,medium,refrigerated,Medium gap (9.0d) - likely short shelf,2.661764705882353
6027973,5,medium,medium,refrigerated,Short gap (6.0d) - likely baked/dairy,1.5739130434782609
6028278,30,medium,high,frozen,Extended shelf Søndag mad (max_gap=999.0d),999.0
6028288,180,low,high,ambient,Alcoholic beverage - Tuborg Classic Mellem,1.9772727272727275
6028289,180,low,high,ambient,Alcoholic beverage - Tuborg Classic Stor,4.512820512820513
6028308,9999,low,high,non_food,Service/Card product - Marinello let kort Cardigan Beige mel. #L,55.0
6028313,9999,low,high,non_food,Service - Reparation,3.6666666666666665
6028327,30,medium,medium,frozen,Medium gap (14.0d) - likely medium shelf,8.75
6028338,180,low,high,ambient,Alcoholic beverage - BREEZER,999.0
6028341,9999,low,high,non_food,Financial service - Hævning af penge,1.0
6028356,5,medium,medium,refrigerated,Short gap (6.0d) - likely baked/dairy,1.2589928057553956
6028359,30,medium,medium,frozen,Medium gap (14.0d) - likely medium shelf,8.0
6028364,30,medium,medium,frozen,Medium gap (21.0d) - likely medium shelf,4.605263157894737
6028366,7,medium,medium,refrigerated,Medium gap (7.0d) - likely short shelf,2.107142857142857
6028385,30,medium,medium,frozen,Medium gap (19.0d) - likely medium shelf,3.392156862745098
6028387,30,medium,medium,frozen,Medium gap (24.0d) - likely medium shelf,4.051282051282051
6029357,180,low,medium,ambient,Large gap (112.0d) - likely long shelf,20.875
6029394,5,medium,medium,refrigerated,Short gap (5.0d) - likely baked/dairy,1.2275862068965515
6029412,5,medium,medium,refrigerated,Short gap (4.0d) - likely baked/dairy,4.0
6029468,180,low,high,ambient,Long shelf beverage/dry good - Ayran,8.0
6029470,30,medium,medium,frozen,Medium gap (20.0d) - likely medium shelf,10.5
6029474,30,medium,medium,frozen,Medium gap (38.0d) - likely medium shelf,14.875
6029547,9999,low,high,non_food,Non-food product/service - Pant,3.733333333333333
6029559,180,low,medium,ambient,Large gap (999.0d) - likely long shelf,999.0
6029570,30,medium,medium,frozen,Medium gap (14.0d) - likely medium shelf,2.3698630136986303
6029612,180,low,medium,ambient,Large gap (999.0d) - likely long shelf,999.0
6029684,14,medium,medium,ambient,Unspecified product - default to medium shelf,1.6785714285714286
6029714,7,medium,medium,refrigerated,Medium gap (7.0d) - likely short shelf,4.333333333333333
6029727,30,medium,medium,frozen,Medium gap (27.0d) - likely medium shelf,8.0
6029785,180,low,high,ambient,Alcoholic beverage - Snaps,999.0
6029838,14,medium,medium,ambient,Unspecified product - default to medium shelf,4.076923076923077
6029906,7,medium,medium,refrigerated,Medium gap (12.0d) - likely short shelf,6.0
6029909,7,medium,medium,refrigerated,Medium gap (8.0d) - likely short shelf,4.5
6029912,7,medium,medium,refrigerated,Medium gap (9.0d) - likely short shelf,5.0
6029914,7,medium,medium,refrigerated,Medium gap (9.0d) - likely short shelf,2.6666666666666665
6029926,180,low,high,ambient,"Alcoholic beverage - Faxe Kondi 0,33 l",4.833333333333333
6029928,180,low,high,ambient,Long shelf beverage/dry good - Gazoz,9.5
6030192,30,medium,medium,frozen,Medium gap (39.0d) - likely medium shelf,5.193548387096774
6030193,30,medium,medium,frozen,Medium gap (19.0d) - likely medium shelf,9.11111111111111
6030208,30,medium,medium,frozen,Medium gap (28.0d) - likely medium shelf,9.647058823529411
6030209,180,low,medium,ambient,Large gap (999.0d) - likely long shelf,999.0
6030211,30,medium,medium,frozen,Medium gap (44.0d) - likely medium shelf,13.0
6030216,180,low,medium,ambient,Large gap (69.0d) - likely long shelf,69.0
6030222,180,low,high,ambient,Long shelf beverage/dry good - Personale Drikkevarer,999.0
6030263,30,medium,medium,frozen,Medium gap (42.0d) - likely medium shelf,9.411764705882351
6030280,2,high,medium,refrigerated,Very short gap (2.0d) - likely fresh,1.25
6030281,2,high,medium,refrigerated,Very short gap (1.0d) - likely fresh,1.0
6030287,180,low,high,ambient,Alcoholic beverage - Faxe Kondi,1.300751879699248
6030321,180,low,high,ambient,Long shelf beverage/dry good - Pringles Sour Cream,1.6285714285714286
6030370,30,medium,medium,frozen,Medium gap (44.0d) - likely medium shelf,31.33333333333333
6030371,180,low,medium,ambient,Large gap (89.0d) - likely long shelf,16.666666666666668
6030377,2,high,medium,refrigerated,Very short gap (2.0d) - likely fresh,1.25
6030378,2,high,medium,refrigerated,Very short gap (1.0d) - likely fresh,1.0
6030405,7,medium,medium,refrigerated,Medium gap (13.0d) - likely short shelf,1.8588235294117648
6030473,7,medium,medium,refrigerated,Medium gap (7.0d) - likely short shelf,1.7634408602150538
6030497,30,medium,medium,frozen,Medium gap (17.0d) - likely medium shelf,1.6346153846153846
6030498,5,medium,medium,refrigerated,Short gap (4.0d) - likely baked/dairy,4.0
6030552,7,medium,medium,refrigerated,Medium gap (9.0d) - likely short shelf,2.4545454545454546
6030626,30,medium,medium,frozen,Medium gap (20.0d) - likely medium shelf,4.59375
6030628,30,medium,medium,frozen,Medium gap (27.0d) - likely medium shelf,6.08
6030629,5,medium,medium,refrigerated,Short gap (5.0d) - likely baked/dairy,1.5784313725490196
6030633,30,medium,medium,frozen,Medium gap (21.0d) - likely medium shelf,8.75
6030645,30,medium,medium,frozen,Medium gap (24.0d) - likely medium shelf,5.366666666666666
6030647,30,medium,medium,frozen,Medium gap (41.0d) - likely medium shelf,13.3
6030648,5,medium,medium,refrigerated,Short gap (5.0d) - likely baked/dairy,1.462962962962963
6030649,7,medium,medium,refrigerated,Medium gap (13.0d) - likely short shelf,7.5
6030652,7,medium,medium,refrigerated,Medium gap (12.0d) - likely short shelf,3.020833333333333
6030655,30,medium,medium,frozen,Medium gap (23.0d) - likely medium shelf,13.9
6030661,7,medium,medium,refrigerated,Medium gap (12.0d) - likely short shelf,3.804878048780488
6030664,30,medium,medium,frozen,Medium gap (18.0d) - likely medium shelf,5.285714285714286
6030665,30,medium,medium,frozen,Medium gap (31.0d) - likely medium shelf,10.384615384615383
6030666,30,medium,medium,frozen,Medium gap (31.0d) - likely medium shelf,7.7
6030678,30,medium,medium,frozen,Medium gap (58.0d) - likely medium shelf,29.5
6030685,30,medium,medium,frozen,Medium gap (20.0d) - likely medium shelf,13.0
6030686,30,medium,medium,frozen,Medium gap (34.0d) - likely medium shelf,1.930232558139535
6030879,5,medium,medium,refrigerated,Short gap (6.0d) - likely baked/dairy,1.3
6030882,30,medium,medium,frozen,Medium gap (28.0d) - likely medium shelf,5.566666666666666
6030949,14,medium,medium,ambient,Unspecified product - default to medium shelf,1.3793103448275863
6030986,5,medium,medium,refrigerated,Short gap (6.0d) - likely baked/dairy,1.7956989247311828
6031020,30,medium,medium,frozen,Medium gap (15.0d) - likely medium shelf,2.796610169491525
6031027,30,medium,medium,frozen,Medium gap (28.0d) - likely medium shelf,2.210526315789474
6031200,30,medium,medium,frozen,Medium gap (14.0d) - likely medium shelf,2.27027027027027
6031206,30,medium,medium,frozen,Medium gap (19.0d) - likely medium shelf,4.097560975609756
6031208,30,medium,medium,frozen,Medium gap (26.0d) - likely medium shelf,2.8
6031210,7,medium,medium,refrigerated,Medium gap (9.0d) - likely short shelf,1.435897435897436
6031211,30,medium,high,refrigerated,Medium shelf - Ham 2/3,5.0606060606060606
6031214,30,medium,medium,frozen,Medium gap (20.0d) - likely medium shelf,4.073170731707317
6031228,30,medium,medium,frozen,Medium gap (14.0d) - likely medium shelf,4.222222222222222
6031301,30,medium,medium,frozen,Medium gap (19.0d) - likely medium shelf,2.418181818181818
6031305,30,medium,medium,frozen,Medium gap (35.0d) - likely medium shelf,2.8260869565217392
6031306,30,medium,medium,frozen,Medium gap (23.0d) - likely medium shelf,2.591836734693877
6031338,5,medium,medium,refrigerated,Short gap (5.0d) - likely baked/dairy,1.734375
6031355,7,medium,medium,refrigerated,Medium gap (7.0d) - likely short shelf,2.1475409836065573
6031357,5,medium,medium,refrigerated,Short gap (6.0d) - likely baked/dairy,2.1129032258064515
6031363,7,medium,medium,refrigerated,Medium gap (8.0d) - likely short shelf,2.1451612903225805
6031407,5,medium,medium,refrigerated,Short gap (6.0d) - likely baked/dairy,1.3711340206185567
6031409,30,medium,medium,frozen,Medium gap (14.0d) - likely medium shelf,1.808219178082192
6031447,7,medium,medium,refrigerated,Medium gap (10.0d) - likely short shelf,2.078125
6031573,30,medium,medium,frozen,Medium gap (35.0d) - likely medium shelf,4.378378378378378
6031582,30,medium,high,refrigerated,Medium shelf - Marmelade,5.714285714285714
6031584,30,medium,high,frozen,Extended shelf Diverse Madvarer (max_gap=50.0d),12.307692307692308
6031586,30,medium,medium,frozen,Medium gap (50.0d) - likely medium shelf,9.625
6031587,30,medium,medium,frozen,Medium gap (14.0d) - likely medium shelf,14.0
6031588,30,medium,medium,frozen,Medium gap (41.0d) - likely medium shelf,9.1875
6031589,30,medium,medium,frozen,Medium gap (43.0d) - likely medium shelf,43.0
6031590,180,low,medium,ambient,Large gap (84.0d) - likely long shelf,14.0
6031591,180,low,medium,ambient,Large gap (111.0d) - likely long shelf,21.166666666666668
6031594,30,medium,medium,frozen,Medium gap (27.0d) - likely medium shelf,12.4
6031595,5,medium,medium,refrigerated,Short gap (6.0d) - likely baked/dairy,2.3181818181818183
6031596,30,medium,medium,frozen,Medium gap (22.0d) - likely medium shelf,9.666666666666666
6031758,30,medium,medium,frozen,Medium gap (15.0d) - likely medium shelf,2.024390243902439
6031767,30,medium,medium,frozen,Medium gap (17.0d) - likely medium shelf,4.323529411764706
6031769,30,medium,medium,frozen,Medium gap (24.0d) - likely medium shelf,4.896551724137931
6031783,30,medium,medium,frozen,Medium gap (26.0d) - likely medium shelf,9.8
6031784,30,medium,medium,frozen,Medium gap (33.0d) - likely medium shelf,13.333333333333334
6031785,180,low,medium,ambient,Large gap (117.0d) - likely long shelf,34.75
6031787,30,medium,medium,frozen,Medium gap (39.0d) - likely medium shelf,7.45
6031817,30,medium,medium,frozen,Medium gap (14.0d) - likely medium shelf,4.764705882352941
6031823,30,medium,medium,frozen,Medium gap (14.0d) - likely medium shelf,2.175675675675676
6031824,30,medium,medium,frozen,Medium gap (41.0d) - likely medium shelf,5.88
6031881,7,medium,medium,refrigerated,Medium gap (9.0d) - likely short shelf,1.837209302325581
6031883,180,low,high,ambient,Long shelf beverage/dry good - Drink 2 cl,2.769230769230769
6031892,7,medium,medium,refrigerated,Medium gap (7.0d) - likely short shelf,2.230769230769231
6031932,9999,low,high,non_food,Non-food product/service - Dame Klip og Føn,17.428571428571427
6031933,9999,low,high,non_food,Non-food product/service - Dame Klip og Let Føn,51.0
6031934,9999,low,high,non_food,Non-food product/service - Dame Klip og Vask,999.0
6031935,30,medium,medium,frozen,Medium gap (45.0d) - likely medium shelf,24.0
6031936,9999,low,high,non_food,Non-food product/service - Herre Klip,27.4
6031937,9999,low,high,non_food,Non-food product/service - Børne Klip,14.0
6031939,180,low,medium,ambient,Large gap (144.0d) - likely long shelf,144.0
6031942,180,low,medium,ambient,Large gap (89.0d) - likely long shelf,89.0
6031947,180,low,medium,ambient,Large gap (999.0d) - likely long shelf,999.0
6031983,180,low,medium,ambient,Large gap (92.0d) - likely long shelf,67.0
6031984,30,medium,medium,frozen,Medium gap (15.0d) - likely medium shelf,4.769230769230769
6031996,180,low,medium,ambient,Large gap (104.0d) - likely long shelf,16.333333333333332
6032006,180,low,high,ambient,Alcoholic beverage - Faxe Kondi,3.2222222222222223
6032040,5,medium,medium,refrigerated,Short gap (6.0d) - likely baked/dairy,3.2222222222222223
6032044,9999,low,high,non_food,Service/Card product - Gavekort,49.5
6032046,180,low,high,ambient,Alcoholic beverage - Faxe Kondi Free,1.4473684210526316
6032066,14,medium,medium,ambient,Unspecified product - default to medium shelf,17.714285714285715
6032091,30,medium,medium,frozen,Medium gap (30.0d) - likely medium shelf,5.161290322580645
6032113,5,medium,medium,refrigerated,Short gap (3.0d) - likely baked/dairy,1.2538461538461538
6032167,14,medium,medium,ambient,Unspecified product - default to medium shelf,15.0
6032180,30,medium,high,frozen,Extended shelf extra bread (max_gap=999.0d),999.0
6032263,5,medium,medium,refrigerated,Short gap (5.0d) - likely baked/dairy,1.542857142857143
6032267,7,medium,medium,refrigerated,Medium gap (12.0d) - likely short shelf,3.5454545454545454
6032271,30,medium,medium,frozen,Medium gap (19.0d) - likely medium shelf,3.3541666666666665
6032311,9999,low,high,non_food,Service/Card product - Kort,8.875
6032312,7,medium,medium,refrigerated,Medium gap (9.0d) - likely short shelf,1.9634146341463408
6032386,7,medium,medium,refrigerated,Medium gap (11.0d) - likely short shelf,2.417910447761194
6032404,180,low,medium,ambient,Large gap (999.0d) - likely long shelf,999.0
6032423,30,medium,medium,frozen,Medium gap (50.0d) - likely medium shelf,23.0
6032506,9999,low,high,non_food,Service/Card product - Gavekort,22.75
6032519,14,medium,medium,ambient,Unspecified product - default to medium shelf,1.3761467889908257
6032542,7,medium,medium,refrigerated,Medium gap (8.0d) - likely short shelf,2.5396825396825395
6032591,30,medium,medium,frozen,Medium gap (20.0d) - likely medium shelf,3.238095238095238
6032592,7,medium,medium,refrigerated,Medium gap (13.0d) - likely short shelf,2.458333333333333
6032593,7,medium,medium,refrigerated,Medium gap (9.0d) - likely short shelf,1.7837837837837838
6032594,7,medium,medium,refrigerated,Medium gap (7.0d) - likely short shelf,1.3644859813084111
6032595,7,medium,medium,refrigerated,Medium gap (7.0d) - likely short shelf,2.396551724137931
6032596,7,medium,medium,refrigerated,Medium gap (9.0d) - likely short shelf,1.4018691588785046
6032597,30,medium,medium,frozen,Medium gap (23.0d) - likely medium shelf,4.411764705882353
6032598,180,low,medium,ambient,Large gap (999.0d) - likely long shelf,999.0
6032599,30,medium,medium,frozen,Medium gap (39.0d) - likely medium shelf,6.842105263157895
6032600,30,medium,medium,frozen,Medium gap (54.0d) - likely medium shelf,21.25
6032601,180,low,medium,ambient,Large gap (999.0d) - likely long shelf,999.0
6032602,30,medium,medium,frozen,Medium gap (21.0d) - likely medium shelf,16.0
6032603,180,low,medium,ambient,Large gap (999.0d) - likely long shelf,999.0
6032604,180,low,medium,ambient,Large gap (999.0d) - likely long shelf,999.0
6032605,180,low,medium,ambient,Large gap (107.0d) - likely long shelf,107.0
6032609,30,medium,medium,frozen,Medium gap (45.0d) - likely medium shelf,34.0
6032610,30,medium,medium,frozen,Medium gap (28.0d) - likely medium shelf,25.0
6032612,180,low,medium,ambient,Large gap (68.0d) - likely long shelf,62.0
6032613,180,low,medium,ambient,Large gap (999.0d) - likely long shelf,999.0
6032624,30,medium,medium,frozen,Medium gap (43.0d) - likely medium shelf,16.285714285714285
6032683,30,medium,medium,frozen,Medium gap (19.0d) - likely medium shelf,5.238095238095238
6032684,30,medium,medium,frozen,Medium gap (23.0d) - likely medium shelf,5.809523809523809
6032685,30,medium,medium,frozen,Medium gap (59.0d) - likely medium shelf,10.0
6032686,30,medium,medium,frozen,Medium gap (21.0d) - likely medium shelf,9.071428571428571
6032687,30,medium,medium,frozen,Medium gap (27.0d) - likely medium shelf,11.2
6032688,30,medium,medium,frozen,Medium gap (24.0d) - likely medium shelf,8.23076923076923
6032689,30,medium,medium,frozen,Medium gap (28.0d) - likely medium shelf,6.473684210526316
6032693,30,medium,medium,frozen,Medium gap (32.0d) - likely medium shelf,8.235294117647058
6032694,30,medium,medium,frozen,Medium gap (46.0d) - likely medium shelf,11.454545454545457
6032704,30,medium,medium,frozen,Medium gap (17.0d) - likely medium shelf,3.473684210526316
6032710,30,medium,medium,frozen,Medium gap (20.0d) - likely medium shelf,9.583333333333334
6032713,30,medium,medium,frozen,Medium gap (21.0d) - likely medium shelf,6.285714285714286
6032888,30,medium,medium,frozen,Medium gap (56.0d) - likely medium shelf,14.166666666666666
6032908,180,low,high,ambient,"Alcoholic beverage - Breezer, mokai, Smirnoff",39.66666666666666
6032996,14,medium,medium,ambient,Unspecified product - default to medium shelf,6.521739130434782
6033090,9999,low,high,non_food,Service/Card product - Farvekort,17.5
6033104,14,medium,medium,ambient,Unspecified product - default to medium shelf,1.0307692307692309
6033135,14,medium,medium,ambient,Unspecified product - default to medium shelf,999.0
6033206,7,medium,medium,refrigerated,Medium gap (11.0d) - likely short shelf,2.923076923076923
6033210,180,low,high,ambient,Alcoholic beverage - Æske med 4 romkugler,10.833333333333334
6033219,30,medium,medium,frozen,Medium gap (20.0d) - likely medium shelf,2.328125
6033222,9999,low,high,non_food,Service/Card product - Store kort,6.695652173913044
6033223,9999,low,high,non_food,Service/Card product - Små kort,2.701754385964912
6033224,180,low,high,ambient,Alcoholic beverage - Karameller Brombær,999.0
6033228,7,medium,medium,refrigerated,Medium gap (9.0d) - likely short shelf,2.25
6033248,30,medium,medium,frozen,Medium gap (19.0d) - likely medium shelf,2.1666666666666665
6033261,180,low,high,ambient,Long shelf beverage/dry good - Coffee black,2.333333333333333
6033262,5,medium,high,refrigerated,Short shelf - Coffee w milk,1.875
6033270,30,medium,medium,frozen,Medium gap (21.0d) - likely medium shelf,4.588235294117647
6033325,5,medium,medium,refrigerated,Short gap (4.0d) - likely baked/dairy,1.3137254901960784
6033326,5,medium,medium,refrigerated,Short gap (3.0d) - likely baked/dairy,1.34
6033330,5,medium,medium,refrigerated,Short gap (3.0d) - likely baked/dairy,1.1754385964912282
6033331,2,high,medium,refrigerated,Very short gap (2.0d) - likely fresh,1.0806451612903225
6033342,5,medium,medium,refrigerated,Short gap (5.0d) - likely baked/dairy,1.6341463414634143
6033347,5,medium,medium,refrigerated,Short gap (3.0d) - likely baked/dairy,1.3137254901960784
6033355,5,medium,medium,refrigerated,Short gap (3.0d) - likely baked/dairy,1.2181818181818185
6033360,5,medium,medium,refrigerated,Short gap (4.0d) - likely baked/dairy,1.5
6033462,30,medium,high,refrigerated,Medium shelf - 3. Dåse,1.0806451612903225
603354,30,medium,medium,frozen,Medium gap (17.0d) - likely medium shelf,1.75
603358,30,medium,medium,frozen,Medium gap (18.0d) - likely medium shelf,2.1645569620253164
6033597,14,medium,medium,ambient,Unspecified product - default to medium shelf,7.0
603366,30,medium,medium,frozen,Medium gap (27.0d) - likely medium shelf,3.8
6033667,9999,low,high,non_food,Non-food product/service - Herreklip,1.2015503875968991
6033668,9999,low,high,non_food,Non-food product/service - Dameklip,21.83333333333333
6033669,9999,low,high,non_food,Non-food product/service - Pensionistklip,16.333333333333332
6033670,9999,low,high,non_food,Non-food product/service - Børneklip,12.181818181818182
6033672,5,medium,medium,refrigerated,Short gap (3.0d) - likely baked/dairy,3.0
6033673,30,medium,medium,frozen,Medium gap (42.0d) - likely medium shelf,11.22222222222222
6033686,14,medium,medium,ambient,Unspecified product - default to medium shelf,3.615384615384616
603369,30,medium,medium,frozen,Medium gap (25.0d) - likely medium shelf,3.0357142857142856
6033694,9999,low,high,non_food,Non-food product/service - Herreklip,1.3135593220338984
6033695,9999,low,high,non_food,Non-food product/service - Dameklip,9.615384615384617
6033735,5,medium,medium,refrigerated,Short gap (5.0d) - likely baked/dairy,1.183673469387755
603374,180,low,high,ambient,Long shelf beverage/dry good - Kiks,4.352941176470588
603377,30,medium,high,frozen,Extended shelf Bagels (max_gap=27.0d),4.935483870967742
603378,30,medium,high,frozen,Extended shelf Bagels med Creme (max_gap=18.0d),2.220779220779221
6033796,30,medium,medium,frozen,Medium gap (42.0d) - likely medium shelf,28.0
603380,30,medium,medium,frozen,Medium gap (28.0d) - likely medium shelf,8.65
6033803,30,medium,medium,frozen,Medium gap (26.0d) - likely medium shelf,2.5689655172413794
603381,30,medium,medium,frozen,Medium gap (48.0d) - likely medium shelf,13.461538461538462
6033812,30,medium,medium,frozen,Medium gap (27.0d) - likely medium shelf,7.105263157894737
6033815,30,medium,medium,frozen,Medium gap (25.0d) - likely medium shelf,5.461538461538462
6033816,30,medium,medium,frozen,Medium gap (42.0d) - likely medium shelf,15.0
603382,30,medium,medium,frozen,Medium gap (46.0d) - likely medium shelf,17.75
603383,180,low,medium,ambient,Large gap (999.0d) - likely long shelf,999.0
603384,180,low,medium,ambient,Large gap (96.0d) - likely long shelf,56.0
603385,9999,low,high,non_food,Service/Card product - Gift Card,11.5
6033958,30,medium,medium,frozen,Medium gap (26.0d) - likely medium shelf,7.533333333333333
6033961,30,medium,medium,frozen,Medium gap (17.0d) - likely medium shelf,2.1818181818181817
6033962,7,medium,medium,refrigerated,Medium gap (13.0d) - likely short shelf,2.7058823529411766
6034000,180,low,medium,ambient,Large gap (999.0d) - likely long shelf,999.0
6034001,9999,low,high,non_food,Service/Card product - Kørekortsudtalelse,7.0
6034004,180,low,medium,ambient,Large gap (999.0d) - likely long shelf,999.0
6034013,30,medium,high,frozen,Extended shelf Bagel (max_gap=39.0d),5.37037037037037
6034015,30,medium,high,frozen,Extended shelf Bagel 15 (max_gap=18.0d),1.7738095238095235
6034022,30,medium,medium,frozen,Medium gap (18.0d) - likely medium shelf,1.817073170731708
6034029,30,medium,medium,frozen,Medium gap (18.0d) - likely medium shelf,1.783132530120482
6034051,30,medium,medium,frozen,Medium gap (18.0d) - likely medium shelf,1.8846153846153848
6034052,30,medium,medium,frozen,Medium gap (18.0d) - likely medium shelf,2.56140350877193
6034077,5,medium,medium,refrigerated,Short gap (5.0d) - likely baked/dairy,3.5
6034129,180,low,high,ambient,Long shelf beverage/dry good - Ayran,7.5
6034299,30,medium,medium,frozen,Medium gap (21.0d) - likely medium shelf,6.777777777777778
6034301,9999,low,high,non_food,Non-food product/service - Børneklip,12.2
6034302,30,medium,medium,frozen,Medium gap (22.0d) - likely medium shelf,6.75
6034303,9999,low,high,non_food,Non-food product/service - Herreklip,1.8484848484848484
6034304,9999,low,high,non_food,Non-food product/service - Dameklip,1.7083333333333333
6034305,30,medium,medium,frozen,Medium gap (14.0d) - likely medium shelf,3.4
6034419,30,medium,high,frozen,Extended shelf Bagel (max_gap=33.0d),7.833333333333333
6034443,5,medium,medium,refrigerated,Short gap (3.0d) - likely baked/dairy,1.218487394957983
6034444,9999,low,high,non_food,"Service/Card product - Spilleje, årskort",2.9130434782608696
6034445,180,low,medium,ambient,Large gap (70.0d) - likely long shelf,31.5
6034453,7,medium,medium,refrigerated,Medium gap (9.0d) - likely short shelf,2.543859649122807
6034466,5,medium,medium,refrigerated,Short gap (5.0d) - likely baked/dairy,1.5368421052631578
6034467,7,medium,medium,refrigerated,Medium gap (7.0d) - likely short shelf,2.3015873015873014
6034468,7,medium,medium,refrigerated,Medium gap (12.0d) - likely short shelf,2.4166666666666665
6034469,5,medium,medium,refrigerated,Short gap (6.0d) - likely baked/dairy,2.25
6034470,7,medium,medium,refrigerated,Medium gap (8.0d) - likely short shelf,2.4166666666666665
6034507,7,medium,medium,refrigerated,Medium gap (12.0d) - likely short shelf,1.4482758620689655
6034557,30,medium,medium,frozen,Medium gap (54.0d) - likely medium shelf,7.157894736842105
6034626,2,high,high,refrigerated,Fresh perishable - Dubai Strawberry,1.4137931034482758
6034691,5,medium,medium,refrigerated,Short gap (6.0d) - likely baked/dairy,3.2222222222222223
6034700,30,medium,medium,frozen,Medium gap (25.0d) - likely medium shelf,4.827586206896552
6034721,180,low,high,ambient,Alcoholic beverage - Underberg,3.333333333333333
6034733,30,medium,medium,frozen,Medium gap (29.0d) - likely medium shelf,6.904761904761905
6034742,5,medium,medium,refrigerated,Short gap (4.0d) - likely baked/dairy,1.288888888888889
6034743,7,medium,medium,refrigerated,Medium gap (7.0d) - likely short shelf,4.285714285714286
6034750,180,low,medium,ambient,Large gap (999.0d) - likely long shelf,999.0
6034758,30,medium,medium,frozen,Medium gap (14.0d) - likely medium shelf,2.923076923076923
6034803,5,medium,high,refrigerated,Short shelf - Bagel,1.1714285714285717
6034804,5,medium,high,refrigerated,Short shelf - Bagel,1.3448275862068966
6034819,30,medium,medium,frozen,Medium gap (22.0d) - likely medium shelf,7.0
6034921,9999,low,high,non_food,Non-food product/service - Herreklip,2.96
6034922,9999,low,high,non_food,Non-food product/service - Dameklip,3.0408163265306123
6034923,9999,low,high,non_food,Non-food product/service - Børneklipning,5.5
6034924,180,low,medium,ambient,Large gap (999.0d) - likely long shelf,999.0
6034929,30,medium,medium,frozen,Medium gap (31.0d) - likely medium shelf,2.0
6034964,180,low,high,ambient,Long shelf beverage/dry good - Drikkevare 5 kr.,1.662790697674419
6035027,7,medium,medium,refrigerated,Medium gap (7.0d) - likely short shelf,3.4375
6035052,7,medium,medium,refrigerated,Medium gap (13.0d) - likely short shelf,2.8461538461538463
6035053,7,medium,medium,refrigerated,Medium gap (13.0d) - likely short shelf,1.761904761904762
6035054,7,medium,medium,refrigerated,Medium gap (13.0d) - likely short shelf,1.85
6035056,7,medium,medium,refrigerated,Medium gap (13.0d) - likely short shelf,1.761904761904762
6035058,7,medium,medium,refrigerated,Medium gap (13.0d) - likely short shelf,1.608695652173913
6035060,7,medium,medium,refrigerated,Medium gap (13.0d) - likely short shelf,1.819672131147541
6035062,7,medium,medium,refrigerated,Medium gap (13.0d) - likely short shelf,1.819672131147541
6035064,30,medium,medium,frozen,Medium gap (22.0d) - likely medium shelf,7.727272727272727
6035065,30,medium,medium,frozen,Medium gap (20.0d) - likely medium shelf,4.863636363636363
6035066,30,medium,high,refrigerated,Medium shelf - Skinke,3.363636363636364
6035067,30,medium,high,refrigerated,Medium shelf - Parma Skinke,4.777777777777778
6035069,30,medium,medium,frozen,Medium gap (15.0d) - likely medium shelf,7.416666666666667
6035079,180,low,high,ambient,Long shelf beverage/dry good - Drikkevare 10 kr.,1.625
6035080,180,low,high,ambient,Long shelf beverage/dry good - Drikkevare 15 kr.,1.6067415730337078
6035083,30,medium,high,frozen,Extended shelf MadVarer 5 kr. (max_gap=17.0d),1.7023809523809523
6035084,30,medium,high,frozen,Extended shelf MadVarer 10 kr. (max_gap=18.0d),1.7439024390243902
6035087,30,medium,high,frozen,Extended shelf MadVarer 15 kr. (max_gap=17.0d),1.662790697674419
6035088,30,medium,high,frozen,Extended shelf MadVarer 20 kr. (max_gap=18.0d),1.7439024390243902
6035089,30,medium,high,frozen,Extended shelf MadVarer 25 kr. (max_gap=18.0d),1.7439024390243902
6035111,7,medium,medium,refrigerated,Medium gap (10.0d) - likely short shelf,1.96
6035112,7,medium,medium,refrigerated,Medium gap (11.0d) - likely short shelf,1.7926829268292683
6035115,9999,low,high,non_food,Service/Card product - Kort,44.333333333333336
6035116,30,medium,medium,frozen,Medium gap (15.0d) - likely medium shelf,2.8461538461538463
6035118,9999,low,high,non_food,Service/Card product - Gavekort,999.0
6035119,180,low,medium,ambient,Large gap (999.0d) - likely long shelf,999.0
6035126,180,low,high,ambient,Alcoholic beverage - Jule Tuborg,1.6428571428571428
6035170,7,medium,medium,refrigerated,Medium gap (11.0d) - likely short shelf,3.076923076923077
6035172,7,medium,medium,refrigerated,Medium gap (7.0d) - likely short shelf,2.571428571428572
6035173,30,medium,medium,frozen,Medium gap (26.0d) - likely medium shelf,6.153846153846154
6035176,5,medium,medium,refrigerated,Short gap (6.0d) - likely baked/dairy,1.435897435897436
6035178,7,medium,medium,refrigerated,Medium gap (13.0d) - likely short shelf,4.318181818181818
6035207,14,medium,medium,ambient,Unspecified product - default to medium shelf,1.0145985401459854
6035228,14,medium,medium,ambient,Unspecified product - default to medium shelf,71.0
6035237,30,medium,medium,frozen,Medium gap (31.0d) - likely medium shelf,1.9861111111111112
6035238,30,medium,medium,frozen,Medium gap (51.0d) - likely medium shelf,5.333333333333333
6035263,9999,low,high,non_food,Service/Card product - Kort,5.1
6035358,30,medium,medium,frozen,Medium gap (29.0d) - likely medium shelf,5.44
6035408,7,medium,medium,refrigerated,Medium gap (13.0d) - likely short shelf,2.520833333333333
6035410,7,medium,medium,refrigerated,Medium gap (8.0d) - likely short shelf,1.5921052631578947
6035411,30,medium,medium,frozen,Medium gap (25.0d) - likely medium shelf,4.68
6035412,5,medium,medium,refrigerated,Short gap (4.0d) - likely baked/dairy,1.4157303370786516
6035413,5,medium,medium,refrigerated,Short gap (6.0d) - likely baked/dairy,1.805970149253732
6035414,30,medium,medium,frozen,Medium gap (23.0d) - likely medium shelf,5.523809523809524
6035415,30,medium,medium,frozen,Medium gap (30.0d) - likely medium shelf,11.88888888888889
6035416,9999,low,high,non_food,Clothing - Fodtøj,3.3783783783783785
6035418,30,medium,medium,frozen,Medium gap (23.0d) - likely medium shelf,6.611111111111111
6035419,30,medium,medium,frozen,Medium gap (24.0d) - likely medium shelf,2.259259259259259
6035424,30,medium,medium,frozen,Medium gap (33.0d) - likely medium shelf,18.0
6035455,5,medium,medium,refrigerated,Short gap (3.0d) - likely baked/dairy,1.1166666666666667
6035459,5,medium,medium,refrigerated,Short gap (5.0d) - likely baked/dairy,1.4731182795698925
6035495,180,low,high,ambient,"Alcoholic beverage - Faxe Kondi 1,5l",1.7532467532467533
6035497,5,medium,medium,refrigerated,Short gap (6.0d) - likely baked/dairy,2.611111111111111
6035504,30,medium,medium,frozen,Medium gap (28.0d) - likely medium shelf,13.0
6035541,30,medium,medium,frozen,Medium gap (19.0d) - likely medium shelf,2.8823529411764706
6035547,5,medium,medium,refrigerated,Short gap (6.0d) - likely baked/dairy,3.111111111111111
6035560,180,low,high,ambient,Alcoholic beverage - Faxe Kondi 0 Kalorier,1.7
6035561,180,low,high,ambient,Alcoholic beverage - Faxe kondi,1.4565217391304348
6035678,180,low,high,ambient,Long shelf beverage/dry good - Red Bull,1.7564102564102564
6035835,30,medium,high,frozen,"Extended shelf MadVarer 7,5 kr (max_gap=17.0d)",1.957142857142857
6035836,30,medium,high,frozen,"Extended shelf MadVarer 12,5 kr. (max_gap=17.0d)",2.193548387096774
6035849,14,medium,medium,ambient,Unspecified product - default to medium shelf,3.3
6035862,180,low,medium,ambient,Large gap (74.0d) - likely long shelf,12.818181818181818
6035888,5,medium,medium,refrigerated,Short gap (4.0d) - likely baked/dairy,1.5
6035890,30,medium,medium,frozen,Medium gap (21.0d) - likely medium shelf,4.888888888888889
6035923,30,medium,medium,frozen,Medium gap (21.0d) - likely medium shelf,5.423076923076923
6035924,30,medium,medium,frozen,Medium gap (35.0d) - likely medium shelf,9.928571428571429
6035925,30,medium,medium,frozen,Medium gap (23.0d) - likely medium shelf,4.916666666666667
6035931,5,medium,medium,refrigerated,Short gap (5.0d) - likely baked/dairy,2.0
6035932,7,medium,medium,refrigerated,Medium gap (10.0d) - likely short shelf,1.9565217391304348
6035979,180,low,medium,ambient,Large gap (999.0d) - likely long shelf,999.0
6035980,180,low,medium,ambient,Large gap (92.0d) - likely long shelf,92.0
6036005,7,medium,medium,refrigerated,Medium gap (7.0d) - likely short shelf,1.6470588235294117
6036006,7,medium,medium,refrigerated,Medium gap (12.0d) - likely short shelf,2.953488372093023
6036009,2,high,medium,refrigerated,Very short gap (1.0d) - likely fresh,1.0
6036011,30,medium,medium,frozen,Medium gap (14.0d) - likely medium shelf,3.230769230769231
6036012,30,medium,medium,frozen,Medium gap (14.0d) - likely medium shelf,4.705882352941177
6036017,9999,low,high,non_food,Non-food product/service - Dameklip,1.775
6036018,9999,low,high,non_food,Non-food product/service - Dameklip Gammel,4.862068965517241
6036019,9999,low,high,non_food,Non-food product/service - Herreklip,2.517857142857143
6036020,9999,low,high,non_food,Non-food product/service - Børneklip,3.9444444444444446
6036021,30,medium,medium,frozen,Medium gap (15.0d) - likely medium shelf,3.302325581395349
6036022,30,medium,medium,frozen,Medium gap (21.0d) - likely medium shelf,5.071428571428571
6036024,30,medium,medium,frozen,Medium gap (44.0d) - likely medium shelf,9.428571428571429
6036025,30,medium,medium,frozen,Medium gap (20.0d) - likely medium shelf,5.185185185185185
6036026,30,medium,medium,frozen,Medium gap (14.0d) - likely medium shelf,4.857142857142857
6036027,30,medium,medium,frozen,Medium gap (20.0d) - likely medium shelf,20.0
6036028,30,medium,medium,frozen,Medium gap (27.0d) - likely medium shelf,14.0
6036029,30,medium,medium,frozen,Medium gap (41.0d) - likely medium shelf,21.75
6036457,7,medium,medium,refrigerated,Medium gap (7.0d) - likely short shelf,1.6506024096385543
603661,7,medium,medium,refrigerated,Medium gap (9.0d) - likely short shelf,2.7846153846153845
603673,7,medium,medium,refrigerated,Medium gap (8.0d) - likely short shelf,2.0568181818181817
603675,7,medium,medium,refrigerated,Medium gap (10.0d) - likely short shelf,2.765625
603676,7,medium,medium,refrigerated,Medium gap (11.0d) - likely short shelf,3.693877551020408
603677,30,medium,medium,frozen,Medium gap (29.0d) - likely medium shelf,3.6458333333333335
603679,7,medium,medium,refrigerated,Medium gap (9.0d) - likely short shelf,3.9047619047619047
603680,7,medium,medium,refrigerated,Medium gap (8.0d) - likely short shelf,1.9673913043478264
603686,7,medium,medium,refrigerated,Medium gap (8.0d) - likely short shelf,2.1547619047619047
603687,7,medium,medium,refrigerated,Medium gap (8.0d) - likely short shelf,2.919354838709677
603688,30,medium,medium,frozen,Medium gap (23.0d) - likely medium shelf,3.30188679245283
603689,7,medium,medium,refrigerated,Medium gap (8.0d) - likely short shelf,1.5338983050847457
6036896,180,low,high,ambient,Long shelf beverage/dry good - Nordic Soda,2.125
603691,9999,low,high,non_food,Service/Card product - 52. Cardinale,3.934782608695652
6036930,5,medium,medium,refrigerated,Short gap (6.0d) - likely baked/dairy,1.7215189873417722
6037259,14,medium,medium,ambient,Unspecified product - default to medium shelf,1.4838709677419355
6037484,180,low,medium,ambient,Large gap (999.0d) - likely long shelf,999.0
603778,30,medium,medium,frozen,Medium gap (44.0d) - likely medium shelf,20.0
603789,180,low,medium,ambient,Large gap (88.0d) - likely long shelf,17.333333333333332
603790,180,low,medium,ambient,Large gap (67.0d) - likely long shelf,32.4
603809,30,medium,medium,frozen,Medium gap (28.0d) - likely medium shelf,13.0
6038478,14,medium,medium,ambient,Unspecified product - default to medium shelf,8.357142857142858
6038509,5,medium,medium,refrigerated,Short gap (3.0d) - likely baked/dairy,1.7142857142857142
6038541,14,medium,medium,ambient,Unspecified product - default to medium shelf,5.0
6038606,180,low,high,ambient,Alcoholic beverage - Romrosiner,1.375
6038801,30,medium,medium,frozen,Medium gap (31.0d) - likely medium shelf,1.9428571428571428
6038836,180,low,high,ambient,Alcoholic beverage - Faxe Kondi 40 cl,1.904109589041096
6038839,7,medium,medium,refrigerated,Medium gap (7.0d) - likely short shelf,2.057971014492753
6038886,180,low,high,ambient,Alcoholic beverage - Snaps hjemmelavet 3cl,98.0
6038901,30,medium,medium,frozen,Medium gap (31.0d) - likely medium shelf,12.666666666666666
6038929,30,medium,medium,frozen,Medium gap (33.0d) - likely medium shelf,10.444444444444445
6038933,30,medium,medium,frozen,Medium gap (43.0d) - likely medium shelf,10.11111111111111
6038935,30,medium,medium,frozen,Medium gap (56.0d) - likely medium shelf,11.909090909090908
6039068,180,low,high,ambient,Long shelf beverage/dry good - Velkomstdrink,7.0
6039111,30,medium,medium,frozen,Medium gap (16.0d) - likely medium shelf,5.608695652173913
603996,7,medium,medium,refrigerated,Medium gap (11.0d) - likely short shelf,2.458333333333333
6040040,7,medium,medium,refrigerated,Medium gap (13.0d) - likely short shelf,2.1384615384615384
6040069,30,medium,medium,frozen,Medium gap (17.0d) - likely medium shelf,2.5
6040071,30,medium,medium,frozen,Medium gap (26.0d) - likely medium shelf,13.2
6040080,180,low,medium,ambient,Large gap (999.0d) - likely long shelf,999.0
6040129,14,medium,medium,ambient,Unspecified product - default to medium shelf,4.461538461538462
6040138,5,medium,medium,refrigerated,Short gap (4.0d) - likely baked/dairy,1.1610169491525424
6040163,5,medium,medium,refrigerated,Short gap (6.0d) - likely baked/dairy,1.5316455696202531
6040166,7,medium,medium,refrigerated,Medium gap (10.0d) - likely short shelf,2.4285714285714284
6040167,7,medium,medium,refrigerated,Medium gap (13.0d) - likely short shelf,3.5806451612903225
6040184,5,medium,medium,refrigerated,Short gap (6.0d) - likely baked/dairy,1.5714285714285714
6040185,5,medium,medium,refrigerated,Short gap (6.0d) - likely baked/dairy,1.5714285714285714
6040333,14,medium,medium,ambient,Unspecified product - default to medium shelf,1.1666666666666667
6040352,5,medium,medium,refrigerated,Short gap (6.0d) - likely baked/dairy,1.7037037037037035
6040356,14,medium,medium,ambient,Unspecified product - default to medium shelf,1.015384615384615
6040388,5,medium,medium,refrigerated,Short gap (6.0d) - likely baked/dairy,2.727272727272727
6040389,5,medium,medium,refrigerated,Short gap (6.0d) - likely baked/dairy,3.2222222222222223
604040,5,medium,medium,refrigerated,Short gap (4.0d) - likely baked/dairy,1.5254237288135593
6040450,5,medium,medium,refrigerated,Short gap (3.0d) - likely baked/dairy,1.05
6040451,5,medium,medium,refrigerated,Short gap (5.0d) - likely baked/dairy,1.2626262626262623
6040452,5,medium,medium,refrigerated,Short gap (3.0d) - likely baked/dairy,1.2
6040453,5,medium,medium,refrigerated,Short gap (5.0d) - likely baked/dairy,1.3440860215053765
6040454,5,medium,medium,refrigerated,Short gap (3.0d) - likely baked/dairy,1.1454545454545455
6040455,7,medium,medium,refrigerated,Medium gap (11.0d) - likely short shelf,2.230769230769231
6040456,5,medium,medium,refrigerated,Short gap (6.0d) - likely baked/dairy,1.8088235294117647
6040457,5,medium,medium,refrigerated,Short gap (5.0d) - likely baked/dairy,1.6233766233766234
6040458,7,medium,medium,refrigerated,Medium gap (8.0d) - likely short shelf,1.7123287671232876
6040461,7,medium,medium,refrigerated,Medium gap (9.0d) - likely short shelf,1.791044776119403
6040480,7,medium,medium,refrigerated,Medium gap (11.0d) - likely short shelf,3.210526315789474
6040483,7,medium,medium,refrigerated,Medium gap (13.0d) - likely short shelf,3.588235294117647
6040486,30,medium,medium,frozen,Medium gap (14.0d) - likely medium shelf,4.791666666666667
604051,7,medium,medium,refrigerated,Medium gap (9.0d) - likely short shelf,1.4173228346456692
604070,7,medium,medium,refrigerated,Medium gap (11.0d) - likely short shelf,1.863157894736842
604090,7,medium,medium,refrigerated,Medium gap (9.0d) - likely short shelf,1.988888888888889
604092,5,medium,medium,refrigerated,Short gap (4.0d) - likely baked/dairy,1.124223602484472
604097,5,medium,medium,refrigerated,Short gap (3.0d) - likely baked/dairy,1.103658536585366
604098,7,medium,medium,refrigerated,Medium gap (8.0d) - likely short shelf,1.6422018348623852
6041094,30,medium,medium,frozen,Medium gap (22.0d) - likely medium shelf,6.0
6041099,7,medium,medium,refrigerated,Medium gap (12.0d) - likely short shelf,3.46875
6041134,5,medium,medium,refrigerated,Short gap (6.0d) - likely baked/dairy,1.6626506024096386
6041136,7,medium,medium,refrigerated,Medium gap (13.0d) - likely short shelf,3.5384615384615383
6041139,30,medium,medium,frozen,Medium gap (43.0d) - likely medium shelf,13.2
6041145,30,medium,medium,frozen,Medium gap (25.0d) - likely medium shelf,6.045454545454546
6041163,30,medium,medium,frozen,Medium gap (20.0d) - likely medium shelf,5.8
6041167,30,medium,medium,frozen,Medium gap (28.0d) - likely medium shelf,4.958333333333333
6041185,180,low,medium,ambient,Large gap (62.0d) - likely long shelf,20.75
604121,5,medium,medium,refrigerated,Short gap (5.0d) - likely baked/dairy,1.3432835820895523
6041227,30,medium,medium,frozen,Medium gap (24.0d) - likely medium shelf,10.181818181818182
6041229,2,high,medium,refrigerated,Very short gap (1.0d) - likely fresh,1.0
6041230,2,high,medium,refrigerated,Very short gap (1.0d) - likely fresh,1.0
6041239,30,medium,medium,frozen,Medium gap (15.0d) - likely medium shelf,3.941176470588236
604124,2,high,medium,refrigerated,Very short gap (2.0d) - likely fresh,1.1111111111111112
6041246,30,medium,medium,frozen,Medium gap (42.0d) - likely medium shelf,7.5625
6041248,30,medium,medium,frozen,Medium gap (47.0d) - likely medium shelf,12.444444444444445
604125,2,high,medium,refrigerated,Very short gap (2.0d) - likely fresh,1.0710059171597632
6041259,30,medium,medium,frozen,Medium gap (42.0d) - likely medium shelf,14.555555555555555
6041265,30,medium,medium,frozen,Medium gap (31.0d) - likely medium shelf,12.142857142857142
6041336,180,low,high,ambient,Alcoholic beverage - Romkugler,4.0
6041358,7,medium,medium,refrigerated,Medium gap (7.0d) - likely short shelf,4.833333333333333
6041406,7,medium,medium,refrigerated,Medium gap (7.0d) - likely short shelf,4.0
6041456,5,medium,medium,refrigerated,Short gap (6.0d) - likely baked/dairy,1.8026315789473684
6041462,5,medium,medium,refrigerated,Short gap (6.0d) - likely baked/dairy,1.2035398230088497
6041470,5,medium,medium,refrigerated,Short gap (4.0d) - likely baked/dairy,1.3896103896103895
6041471,5,medium,medium,refrigerated,Short gap (6.0d) - likely baked/dairy,1.950819672131148
6041472,30,medium,medium,frozen,Medium gap (15.0d) - likely medium shelf,2.1724137931034484
6041475,5,medium,medium,refrigerated,Short gap (5.0d) - likely baked/dairy,1.2340425531914894
6041476,2,high,high,refrigerated,Fresh perishable - Velo grå 4,1.2307692307692308
6041478,7,medium,medium,refrigerated,Medium gap (9.0d) - likely short shelf,1.1730769230769231
6041511,7,medium,medium,refrigerated,Medium gap (8.0d) - likely short shelf,1.7017543859649122
6041534,42,medium,medium,ambient,Medium gap suggests medium shelf,2.74
6041593,9999,low,high,non_food,Non-food: rabat,7.25
6041613,9999,low,high,non_food,Non-food: ring,1.2
6041627,9999,low,high,non_food,Non-food: halskæde,40.0
6041636,9999,low,high,non_food,Non-food: ring,14.666666666666666
6041640,9999,low,high,non_food,Non-food: ring,41.5
6041654,9999,low,high,non_food,Non-food: ur,14.75
6041658,9999,low,high,non_food,Non-food: repartion,8.5
6041661,9999,low,high,non_food,Non-food: ring,30.5
6041664,9999,low,high,non_food,Non-food: ur,6.5
6041665,9999,low,high,non_food,Non-food: stift,11.8
6041667,9999,low,high,non_food,Non-food: rem,4.444444444444445
6041669,9999,low,high,non_food,Non-food: ur,7.909090909090909
6041680,9999,low,high,non_food,Non-food: forkortlænke,13.4
6041749,9999,low,high,non_food,Non-food: farve,1.381443298969072
6041760,9999,low,high,non_food,Non-food: klip,1.0
6041761,1,high,high,refrigerated,Fresh perishable,1.0
6041763,9999,low,high,non_food,Non-food: varer,1.0
6041782,365,low,high,ambient,Alcohol - long shelf,1.3783783783783785
6041851,5,medium,high,refrigerated,Baked/cooked/dairy,3.25
6041877,14,medium,medium,ambient,Unspecified product,1.22
6041989,365,low,high,ambient,Alcohol - long shelf,1.4565217391304348
6041998,6,medium,high,refrigerated,Baked/cooked/dairy,2.333333333333333
6041999,21,medium,medium,ambient,Medium gap suggests medium shelf,4.2
6042142,4,medium,high,refrigerated,Baked/cooked/dairy,1.0932203389830508
6042161,4,medium,high,refrigerated,Baked/cooked/dairy,1.075
6042185,11,medium,high,refrigerated,Pizza - short shelf,2.107142857142857
6042187,3,medium,high,refrigerated,Pizza - short shelf,1.2826086956521738
6042188,3,medium,high,refrigerated,Pizza - short shelf,1.188118811881188
6042191,5,medium,high,refrigerated,Pizza - short shelf,1.4
6042192,9,medium,high,refrigerated,Pizza - short shelf,2.85
6042194,9,medium,high,refrigerated,Pizza - short shelf,3.2222222222222223
6042195,6,medium,high,refrigerated,Pizza - short shelf,1.9180327868852456
6042196,3,medium,high,refrigerated,Pizza - short shelf,1.1538461538461535
6042198,5,medium,high,refrigerated,Pizza - short shelf,1.4285714285714286
6042201,6,medium,high,refrigerated,Pizza - short shelf,2.1666666666666665
6042202,12,medium,high,refrigerated,Pizza - short shelf,3.3714285714285714
6042203,5,medium,high,refrigerated,Pizza - short shelf,1.7761194029850746
6042204,4,medium,high,refrigerated,Pizza - short shelf,1.3793103448275863
6042207,12,medium,medium,refrigerated,Short gap suggests short shelf,3.724137931034482
6042208,11,medium,medium,refrigerated,Short gap suggests short shelf,3.1666666666666665
6042210,12,medium,medium,refrigerated,Short gap suggests short shelf,2.565217391304348
6042215,11,medium,high,refrigerated,Pizza - short shelf,3.189189189189189
6042216,7,medium,medium,refrigerated,Short gap suggests short shelf,2.313725490196078
6042267,9999,low,high,non_food,Non-food: dekoration,2.272727272727273
6042319,5,medium,high,refrigerated,Baked/cooked/dairy,5.0
6042331,14,medium,medium,ambient,Unspecified product,2.7906976744186047
6042956,365,low,high,ambient,Alcohol - long shelf,32.75
6043012,9999,low,high,non_food,Non-food: klip,1.2476190476190476
6043013,7,medium,medium,refrigerated,Short gap suggests short shelf,1.4606741573033708
6043014,31,medium,medium,ambient,Medium gap suggests medium shelf,18.666666666666668
6043015,9999,low,high,non_food,Non-food: varer,1.967741935483871
6043016,10,medium,medium,refrigerated,Short gap suggests short shelf,4.909090909090909
6043017,104,low,medium,ambient,Long gap suggests long shelf,61.0
6043020,365,low,medium,ambient,Long gap suggests long shelf,999.0
6043021,10,medium,medium,refrigerated,Short gap suggests short shelf,10.0
6043024,365,low,medium,ambient,Long gap suggests long shelf,999.0
6043027,365,low,medium,ambient,Long gap suggests long shelf,999.0
6043028,365,low,medium,ambient,Long gap suggests long shelf,999.0
6043038,6,medium,medium,refrigerated,Short gap suggests short shelf,1.449438202247191
6043085,14,medium,medium,ambient,Medium gap suggests medium shelf,4.571428571428571
6043125,5,medium,medium,refrigerated,Short gap suggests short shelf,2.0
6043134,39,medium,medium,ambient,Medium gap suggests medium shelf,8.454545454545455
6043137,51,medium,medium,ambient,Medium gap suggests medium shelf,18.714285714285715
6043161,16,medium,medium,ambient,Medium gap suggests medium shelf,2.6511627906976742
6043208,16,medium,medium,ambient,Medium gap suggests medium shelf,1.6849315068493151
6043333,1,high,high,refrigerated,Fresh perishable,1.0
6043379,40,medium,high,frozen,Pizza - frozen/medium shelf,12.6
6043380,42,medium,high,frozen,Pizza - frozen/medium shelf,13.75
6043381,25,medium,high,frozen,Pizza - frozen/medium shelf,7.875
6043382,76,low,medium,ambient,Long gap suggests long shelf,20.166666666666668
6043386,47,medium,medium,ambient,Medium gap suggests medium shelf,15.428571428571429
6043387,48,medium,medium,ambient,Medium gap suggests medium shelf,17.666666666666668
6043389,59,medium,medium,ambient,Medium gap suggests medium shelf,18.83333333333333
6043393,58,medium,medium,ambient,Medium gap suggests medium shelf,11.7
6043407,45,medium,medium,ambient,Medium gap suggests medium shelf,24.4
6043781,7,medium,medium,refrigerated,Short gap suggests short shelf,1.875
6043783,57,medium,medium,ambient,Medium gap suggests medium shelf,34.0
6043798,3,medium,medium,refrigerated,Short gap suggests short shelf,1.380952380952381
6043816,33,medium,medium,ambient,Medium gap suggests medium shelf,33.0
6043838,3,medium,medium,refrigerated,Short gap suggests short shelf,1.6666666666666667
6043839,6,medium,medium,refrigerated,Short gap suggests short shelf,1.1504424778761062
6043872,70,low,medium,ambient,Long gap suggests long shelf,20.33333333333333
6043880,14,medium,medium,ambient,Unspecified product,24.0
6043903,14,medium,medium,ambient,Unspecified product,7.0
6043943,9999,low,high,non_food,Non-food: dekoration,8.928571428571429
6043945,14,medium,medium,ambient,Medium gap suggests medium shelf,8.0
6043949,14,medium,medium,ambient,Unspecified product,8.833333333333334
6043974,23,medium,medium,ambient,Medium gap suggests medium shelf,7.111111111111111
6044054,4,medium,medium,refrigerated,Short gap suggests short shelf,1.2307692307692308
6044130,18,medium,medium,ambient,Medium gap suggests medium shelf,6.846153846153846
6044152,9999,low,high,non_food,Non-food: tøj,1.6607142857142858
6044153,14,medium,medium,ambient,Medium gap suggests medium shelf,12.0
6044210,14,medium,medium,ambient,Unspecified product,18.5
6044225,9999,low,high,non_food,Non-food: gavekort,7.0
6044355,7,medium,medium,refrigerated,Short gap suggests short shelf,7.0
6044356,3,medium,medium,refrigerated,Short gap suggests short shelf,3.0
6044368,28,medium,medium,ambient,Medium gap suggests medium shelf,9.3
6044555,7,medium,medium,refrigerated,Short gap suggests short shelf,2.8181818181818183
6044558,21,medium,medium,ambient,Medium gap suggests medium shelf,21.0
6044633,30,medium,medium,ambient,Medium gap suggests medium shelf,8.846153846153847
6044655,7,medium,medium,refrigerated,Short gap suggests short shelf,2.2641509433962264
6044663,25,medium,medium,ambient,Medium gap suggests medium shelf,8.923076923076923
6044669,16,medium,medium,ambient,Medium gap suggests medium shelf,7.818181818181818
6044723,9999,low,high,non_food,Non-food: ur,999.0
6044725,33,medium,medium,ambient,Medium gap suggests medium shelf,13.22222222222222
6044980,14,medium,medium,ambient,Unspecified product,1.586666666666667
6045046,7,medium,high,refrigerated,Baked/cooked/dairy,1.791044776119403
6045048,7,medium,medium,refrigerated,Short gap suggests short shelf,1.3953488372093024
6045055,365,low,medium,ambient,Long gap suggests long shelf,999.0
6045061,35,medium,medium,ambient,Medium gap suggests medium shelf,9.75
6045069,3,medium,medium,refrigerated,Short gap suggests short shelf,2.333333333333333
6045100,31,medium,medium,ambient,Medium gap suggests medium shelf,18.5
6045106,1,high,high,refrigerated,Fresh perishable,1.0
6045107,1,high,high,refrigerated,Fresh perishable,1.0
6045110,5,medium,medium,refrigerated,Short gap suggests short shelf,1.297872340425532
6045119,14,medium,medium,ambient,Unspecified product,2.789473684210526
6045169,365,low,medium,ambient,Long gap suggests long shelf,999.0
6045174,11,medium,medium,refrigerated,Short gap suggests short shelf,2.630434782608696
6045200,7,medium,medium,refrigerated,Short gap suggests short shelf,5.0
6045216,7,medium,medium,refrigerated,Short gap suggests short shelf,7.0
6045234,365,low,medium,ambient,Long gap suggests long shelf,999.0
6045237,10,medium,medium,refrigerated,Short gap suggests short shelf,10.0
6045303,365,low,medium,ambient,Long gap suggests long shelf,999.0
6045314,365,low,medium,ambient,Long gap suggests long shelf,999.0
6045324,9999,low,high,non_food,Non-food: klip,2.4285714285714284
6045325,9999,low,high,non_food,Non-food: klip,3.8620689655172415
6045326,9999,low,high,non_food,Non-food: klip,84.0
6045327,9999,low,high,non_food,Non-food: klip,999.0
6045328,9999,low,high,non_food,Non-food: klip,44.5
6045330,25,medium,medium,ambient,Medium gap suggests medium shelf,10.8
6045331,9999,low,high,non_food,Non-food: klip,8.833333333333334
6045333,9999,low,high,non_food,Non-food: farve,15.0
6045334,9999,low,high,non_food,Non-food: farve,6.0588235294117645
6045335,9999,low,high,non_food,Non-food: farve,999.0
6045336,39,medium,medium,ambient,Medium gap suggests medium shelf,8.428571428571429
6045339,9999,low,high,non_food,Non-food: farve,10.8
6045340,9999,low,high,non_food,Non-food: farve,9.0
6045342,9999,low,high,non_food,Non-food: farve,9.333333333333334
6045344,86,low,medium,ambient,Long gap suggests long shelf,50.0
6045345,40,medium,medium,ambient,Medium gap suggests medium shelf,25.0
6045351,49,medium,medium,ambient,Medium gap suggests medium shelf,49.0
6045352,51,medium,medium,ambient,Medium gap suggests medium shelf,26.666666666666668
6045353,365,low,medium,ambient,Long gap suggests long shelf,999.0
6045355,365,low,medium,ambient,Long gap suggests long shelf,999.0
6045378,45,medium,medium,ambient,Medium gap suggests medium shelf,29.5
6045379,9999,low,high,non_food,Non-food: ur,43.0
6045382,27,medium,medium,ambient,Medium gap suggests medium shelf,13.0
6045383,365,low,medium,ambient,Long gap suggests long shelf,999.0
6045384,61,low,medium,ambient,Long gap suggests long shelf,26.0
6045386,64,low,medium,ambient,Long gap suggests long shelf,18.2
6045387,88,low,medium,ambient,Long gap suggests long shelf,88.0
6045412,365,low,medium,ambient,Long gap suggests long shelf,999.0
6045420,84,low,medium,ambient,Long gap suggests long shelf,22.4
6045422,4,medium,medium,refrigerated,Short gap suggests short shelf,1.586666666666667
6045486,9999,low,high,non_food,Non-food: varer,6.529411764705882
6045487,9999,low,high,non_food,Non-food: varer,34.666666666666664
6045516,18,medium,medium,ambient,Medium gap suggests medium shelf,2.24
6045542,110,low,medium,ambient,Long gap suggests long shelf,110.0
6045544,4,medium,medium,refrigerated,Short gap suggests short shelf,4.0
6045546,365,low,medium,ambient,Long gap suggests long shelf,999.0
6045628,30,medium,medium,ambient,Medium gap suggests medium shelf,15.285714285714286
6045631,43,medium,medium,ambient,Medium gap suggests medium shelf,13.11111111111111
6045644,42,medium,medium,ambient,Medium gap suggests medium shelf,10.6
6045645,40,medium,medium,ambient,Medium gap suggests medium shelf,16.428571428571427
6045647,33,medium,medium,ambient,Medium gap suggests medium shelf,16.0
6045650,45,medium,medium,ambient,Medium gap suggests medium shelf,20.6
6045652,48,medium,medium,ambient,Medium gap suggests medium shelf,21.6
6045661,38,medium,medium,ambient,Medium gap suggests medium shelf,22.2
6045678,74,low,medium,ambient,Long gap suggests long shelf,10.636363636363637
6045709,8,medium,medium,refrigerated,Short gap suggests short shelf,2.404255319148936
6045710,4,medium,medium,refrigerated,Short gap suggests short shelf,1.2291666666666667
6045711,17,medium,medium,ambient,Medium gap suggests medium shelf,3.054054054054054
6045884,365,low,medium,ambient,Long gap suggests long shelf,999.0
6045885,365,low,medium,ambient,Long gap suggests long shelf,999.0
6045888,16,medium,medium,ambient,Medium gap suggests medium shelf,3.827586206896552
6045998,4,medium,medium,refrigerated,Short gap suggests short shelf,1.2840909090909092
6046012,48,medium,medium,ambient,Medium gap suggests medium shelf,14.142857142857142
6046027,365,low,medium,ambient,Long gap suggests long shelf,999.0
6046053,14,medium,medium,ambient,Unspecified product,16.4
6046097,117,low,medium,ambient,Long gap suggests long shelf,117.0
6046098,365,low,medium,ambient,Long gap suggests long shelf,999.0
6046113,17,medium,medium,ambient,Medium gap suggests medium shelf,17.0
6046296,14,medium,medium,ambient,Unspecified product,999.0
6046325,9,medium,medium,refrigerated,Short gap suggests short shelf,3.111111111111111
6046348,10,medium,medium,refrigerated,Short gap suggests short shelf,2.7857142857142856
6046349,11,medium,medium,refrigerated,Short gap suggests short shelf,4.882352941176471
6046354,6,medium,medium,refrigerated,Short gap suggests short shelf,1.706896551724138
6046404,9999,low,high,non_food,Non-food: klip,2.4285714285714284
6046405,9999,low,high,non_food,Non-food: klip,2.575757575757576
6046406,15,medium,medium,ambient,Medium gap suggests medium shelf,4.0
6046407,9999,low,high,non_food,Non-food: klip,4.666666666666667
6046408,9999,low,high,non_food,Non-food: klip,12.2
6046409,24,medium,medium,ambient,Medium gap suggests medium shelf,14.0
6046410,29,medium,medium,ambient,Medium gap suggests medium shelf,11.6
6046413,9999,low,high,non_food,Non-food: farve,36.0
6046414,9999,low,high,non_food,Non-food: farve,999.0
6046416,9999,low,high,non_food,Non-food: farve,999.0
6046417,54,medium,medium,ambient,Medium gap suggests medium shelf,22.666666666666668
6046422,12,medium,medium,refrigerated,Short gap suggests short shelf,12.0
6046426,18,medium,medium,ambient,Medium gap suggests medium shelf,8.0
6046516,9999,low,high,non_food,Non-food: klip,2.6538461538461537
6046517,9999,low,high,non_food,Non-food: klip,5.2
6046518,9999,low,high,non_food,Non-food: klip,9.0
6046519,4,medium,medium,refrigerated,Short gap suggests short shelf,4.0
6046520,9999,low,high,non_food,Non-food: klip,22.0
6046612,54,medium,medium,ambient,Medium gap suggests medium shelf,33.0
6046613,22,medium,medium,ambient,Medium gap suggests medium shelf,7.071428571428571
6046644,7,medium,medium,refrigerated,Short gap suggests short shelf,1.8103448275862069
6046854,14,medium,medium,ambient,Medium gap suggests medium shelf,5.142857142857143
6046875,14,medium,medium,ambient,Unspecified product,44.0
6046896,9999,low,high,non_food,Non-food: ur,999.0
6046909,14,medium,medium,ambient,Medium gap suggests medium shelf,3.692307692307693
6046924,14,medium,medium,ambient,Unspecified product,3.0454545454545454
6046963,14,medium,medium,ambient,Unspecified product,1.98
6047009,4,medium,medium,refrigerated,Short gap suggests short shelf,2.1666666666666665
6047014,2,high,high,refrigerated,Fresh perishable,2.0
6047028,9999,low,high,non_food,Non-food: ur,999.0
6047043,29,medium,medium,ambient,Medium gap suggests medium shelf,8.5
6047153,28,medium,medium,ambient,Medium gap suggests medium shelf,12.333333333333334
6047154,93,low,medium,ambient,Long gap suggests long shelf,33.0
6047187,9999,low,high,non_food,Non-food: ur,1.4098360655737705
6047206,14,medium,medium,ambient,Unspecified product,999.0
6047216,6,medium,medium,refrigerated,Short gap suggests short shelf,1.216867469879518
6047299,14,medium,medium,ambient,Unspecified product,14.666666666666666
6047303,34,medium,medium,ambient,Medium gap suggests medium shelf,16.166666666666668
6047304,9,medium,medium,refrigerated,Short gap suggests short shelf,1.8135593220338984
6047310,11,medium,medium,refrigerated,Short gap suggests short shelf,1.6779661016949152
6047311,18,medium,medium,ambient,Medium gap suggests medium shelf,8.8
6047315,12,medium,medium,refrigerated,Short gap suggests short shelf,3.888888888888889
6047327,365,low,medium,ambient,Long gap suggests long shelf,999.0
6047328,365,low,high,ambient,Beverage/candy/long shelf,999.0
6047376,35,medium,medium,ambient,Medium gap suggests medium shelf,2.736842105263158
6047418,14,medium,medium,ambient,Unspecified product,1.4666666666666666
6047667,365,low,high,ambient,Alcohol - long shelf,2.12
6047749,14,medium,medium,ambient,Unspecified product,2.054054054054054
6047772,9999,low,high,non_food,Non-food: farve,11.5
6047773,9999,low,high,non_food,Non-food: farve,4.571428571428571
6047775,9999,low,high,non_food,Non-food: ur,56.0
6047778,28,medium,medium,ambient,Medium gap suggests medium shelf,14.75
6047779,14,medium,medium,ambient,Medium gap suggests medium shelf,4.176470588235294
6047780,17,medium,medium,ambient,Medium gap suggests medium shelf,6.3
6047781,13,medium,medium,refrigerated,Short gap suggests short shelf,3.2
6047788,15,medium,medium,ambient,Medium gap suggests medium shelf,8.666666666666666
6047789,24,medium,medium,ambient,Medium gap suggests medium shelf,24.0
6047790,365,low,medium,ambient,Long gap suggests long shelf,999.0
6047791,365,low,medium,ambient,Long gap suggests long shelf,999.0
6047792,16,medium,medium,ambient,Medium gap suggests medium shelf,2.7916666666666665
6047793,14,medium,medium,ambient,Medium gap suggests medium shelf,7.222222222222222
6047794,16,medium,medium,ambient,Medium gap suggests medium shelf,9.25
6047795,23,medium,medium,ambient,Medium gap suggests medium shelf,12.666666666666666
6047796,34,medium,medium,ambient,Medium gap suggests medium shelf,34.0
6047797,8,medium,medium,refrigerated,Short gap suggests short shelf,8.0
6047798,8,medium,medium,refrigerated,Short gap suggests short shelf,5.166666666666667
6047799,24,medium,medium,ambient,Medium gap suggests medium shelf,21.0
6047830,32,medium,medium,ambient,Medium gap suggests medium shelf,15.0
6047867,11,medium,medium,refrigerated,Short gap suggests short shelf,3.3548387096774195
6047868,8,medium,medium,refrigerated,Short gap suggests short shelf,1.2962962962962965
6047869,7,medium,medium,refrigerated,Short gap suggests short shelf,1.5
6047875,14,medium,medium,ambient,Unspecified product,999.0
6047906,11,medium,high,refrigerated,Baked/cooked/dairy,5.266666666666667
6047911,9999,low,high,non_food,Non-food: varer,1.6875
6047912,9999,low,high,non_food,Non-food: varer,5.083333333333333
6047916,6,medium,high,refrigerated,Baked/cooked/dairy,1.0721649484536082
6047925,13,medium,medium,refrigerated,Short gap suggests short shelf,3.571428571428572
6047928,47,medium,medium,ambient,Medium gap suggests medium shelf,5.941176470588236
6047933,18,medium,medium,ambient,Medium gap suggests medium shelf,3.125
6047934,12,medium,medium,refrigerated,Short gap suggests short shelf,2.617647058823529
6047941,10,medium,medium,refrigerated,Short gap suggests short shelf,2.061224489795918
6047947,22,medium,medium,ambient,Medium gap suggests medium shelf,17.0
6047953,16,medium,medium,ambient,Medium gap suggests medium shelf,5.588235294117647
6047956,7,medium,medium,refrigerated,Short gap suggests short shelf,1.9038461538461533
6047959,9999,low,high,non_food,Non-food: dekoration,1.6
6047962,3,medium,medium,refrigerated,Short gap suggests short shelf,1.6
6047965,21,medium,medium,ambient,Medium gap suggests medium shelf,8.7
6048088,3,medium,medium,refrigerated,Short gap suggests short shelf,1.2142857142857142
6048089,7,medium,medium,refrigerated,Short gap suggests short shelf,2.1666666666666665
6048091,20,medium,medium,ambient,Medium gap suggests medium shelf,1.6206896551724137
6048113,22,medium,medium,ambient,Medium gap suggests medium shelf,2.740740740740741
6048140,9999,low,high,non_food,Non-food: klip,1.72
6048141,9999,low,high,non_food,Non-food: klip,2.25
6048142,9999,low,high,non_food,Non-food: klip,1.826086956521739
6048143,9999,low,high,non_food,Non-food: klip,1.2
6048144,365,low,medium,ambient,Long gap suggests long shelf,999.0
6048375,14,medium,medium,ambient,Unspecified product,1.3928571428571428
6048493,8,medium,medium,refrigerated,Short gap suggests short shelf,4.5
6048503,89,low,medium,ambient,Long gap suggests long shelf,34.333333333333336
6048510,30,medium,medium,ambient,Medium gap suggests medium shelf,4.95
6048530,365,low,medium,ambient,Long gap suggests long shelf,999.0
6048600,9999,low,high,non_food,Non-food: ring,5.733333333333333
6048613,28,medium,medium,ambient,Medium gap suggests medium shelf,6.785714285714286
6048649,4,medium,medium,refrigerated,Short gap suggests short shelf,1.328125
6048664,9,medium,medium,refrigerated,Short gap suggests short shelf,2.5641025641025643
6048667,46,medium,medium,ambient,Medium gap suggests medium shelf,6.666666666666667
6048718,9,medium,medium,refrigerated,Short gap suggests short shelf,3.6
6048720,9999,low,high,non_food,Non-food: gavekort,999.0
6048722,15,medium,medium,ambient,Medium gap suggests medium shelf,5.0588235294117645
6048741,9999,low,high,non_food,Non-food: ur,1.4558823529411764
6048742,9999,low,high,non_food,Non-food: ur,1.596774193548387
6048743,4,medium,medium,refrigerated,Short gap suggests short shelf,1.162790697674419
6048749,3,medium,medium,refrigerated,Short gap suggests short shelf,1.1927710843373494
6048751,3,medium,medium,refrigerated,Short gap suggests short shelf,2.0
6048825,11,medium,medium,refrigerated,Short gap suggests short shelf,2.475
6048826,5,medium,medium,refrigerated,Short gap suggests short shelf,4.0
6048850,14,medium,medium,ambient,Unspecified product,2.1923076923076925
6048866,40,medium,medium,ambient,Medium gap suggests medium shelf,4.111111111111111
6048883,8,medium,medium,refrigerated,Short gap suggests short shelf,2.097560975609756
6048892,8,medium,medium,refrigerated,Short gap suggests short shelf,2.3125
6048930,14,medium,medium,ambient,Medium gap suggests medium shelf,6.9
6048931,21,medium,medium,ambient,Medium gap suggests medium shelf,12.8
6048932,18,medium,medium,ambient,Medium gap suggests medium shelf,10.5
6048933,365,low,medium,ambient,Long gap suggests long shelf,999.0
6048934,46,medium,medium,ambient,Medium gap suggests medium shelf,20.666666666666668
6048942,14,medium,medium,ambient,Medium gap suggests medium shelf,4.75
6048943,18,medium,medium,ambient,Medium gap suggests medium shelf,9.75
6048945,14,medium,medium,ambient,Medium gap suggests medium shelf,4.5
6048950,365,low,medium,ambient,Long gap suggests long shelf,999.0
6048977,8,medium,medium,refrigerated,Short gap suggests short shelf,3.333333333333333
6048978,18,medium,medium,ambient,Medium gap suggests medium shelf,18.0
6049013,8,medium,medium,refrigerated,Short gap suggests short shelf,4.5
6049073,1,high,high,refrigerated,Fresh perishable,1.0
6049156,4,medium,medium,refrigerated,Short gap suggests short shelf,1.146341463414634
6049157,5,medium,medium,refrigerated,Short gap suggests short shelf,1.8780487804878048
6049160,14,medium,medium,ambient,Medium gap suggests medium shelf,3.458333333333333
6049174,11,medium,medium,refrigerated,Short gap suggests short shelf,2.7142857142857144
6049175,15,medium,medium,ambient,Medium gap suggests medium shelf,3.6538461538461537
6049182,10,medium,medium,refrigerated,Short gap suggests short shelf,4.0
6049185,12,medium,medium,refrigerated,Short gap suggests short shelf,4.75
6049196,9999,low,high,non_food,Non-food: ur,4.882352941176471
6049354,14,medium,medium,ambient,Unspecified product,1.3461538461538465
6049407,365,low,medium,ambient,Long gap suggests long shelf,999.0
6049442,44,medium,medium,ambient,Medium gap suggests medium shelf,44.0
6049444,20,medium,medium,ambient,Medium gap suggests medium shelf,4.7
6049448,28,medium,medium,ambient,Medium gap suggests medium shelf,8.272727272727273
6049449,18,medium,medium,ambient,Medium gap suggests medium shelf,4.227272727272728
6049450,42,medium,medium,ambient,Medium gap suggests medium shelf,16.0
6049452,33,medium,medium,ambient,Medium gap suggests medium shelf,6.4
6049453,26,medium,medium,ambient,Medium gap suggests medium shelf,3.3076923076923075
6049500,14,medium,medium,ambient,Unspecified product,999.0
6049574,9,medium,medium,refrigerated,Short gap suggests short shelf,2.4827586206896552
6049593,3,medium,medium,refrigerated,Short gap suggests short shelf,1.1944444444444444
6049596,6,medium,medium,refrigerated,Short gap suggests short shelf,1.509090909090909
6049599,6,medium,medium,refrigerated,Short gap suggests short shelf,1.9545454545454544
6049607,365,low,medium,ambient,Long gap suggests long shelf,999.0
6049611,17,medium,medium,ambient,Medium gap suggests medium shelf,5.923076923076923
6049614,365,low,medium,ambient,Long gap suggests long shelf,999.0
6049616,44,medium,medium,ambient,Medium gap suggests medium shelf,44.0
6049618,15,medium,medium,ambient,Medium gap suggests medium shelf,7.222222222222222
6049621,9999,low,high,non_food,Non-food: dekoration,999.0
6049622,365,low,medium,ambient,Long gap suggests long shelf,999.0
6049625,365,low,medium,ambient,Long gap suggests long shelf,999.0
6049629,9999,low,high,non_food,Non-food: ring,11.166666666666666
6049632,24,medium,medium,ambient,Medium gap suggests medium shelf,9.571428571428571
6049683,24,medium,medium,ambient,Medium gap suggests medium shelf,5.636363636363637
6049737,5,medium,high,refrigerated,Baked/cooked/dairy,2.0454545454545454
6049770,12,medium,medium,refrigerated,Short gap suggests short shelf,3.142857142857143
6049777,9999,low,high,non_food,Non-food: ur,3.7083333333333335
6049791,12,medium,medium,refrigerated,Short gap suggests short shelf,1.8297872340425527
6049837,10,medium,medium,refrigerated,Short gap suggests short shelf,2.0
6049838,4,medium,medium,refrigerated,Short gap suggests short shelf,1.5918367346938775
6049839,9999,low,high,non_food,Non-food: reparation,2.1875
6050668,6,medium,medium,refrigerated,Short gap suggests short shelf,2.088235294117647
6050716,6,medium,medium,refrigerated,Short gap suggests short shelf,1.6153846153846154
6050756,4,medium,medium,refrigerated,Short gap suggests short shelf,1.4166666666666667
6050759,7,medium,medium,refrigerated,Short gap suggests short shelf,1.5272727272727271
6050760,6,medium,medium,refrigerated,Short gap suggests short shelf,1.7142857142857142
6050761,7,medium,medium,refrigerated,Short gap suggests short shelf,2.7096774193548385
6050780,6,medium,medium,refrigerated,Short gap suggests short shelf,2.1538461538461537
6050782,365,low,high,ambient,Alcohol - long shelf,1.5454545454545454
6050815,14,medium,medium,ambient,Unspecified product,3.590909090909091
6050994,7,medium,medium,refrigerated,Short gap suggests short shelf,2.2285714285714286
6051027,9,medium,medium,refrigerated,Short gap suggests short shelf,4.117647058823529
6051092,21,medium,medium,ambient,Medium gap suggests medium shelf,21.0
6051117,2,high,high,refrigerated,Fresh perishable,1.0238095238095235
6051119,3,medium,medium,refrigerated,Short gap suggests short shelf,1.1944444444444444
6051120,9999,low,high,non_food,Non-food: rem,7.545454545454546
6051121,15,medium,medium,ambient,Medium gap suggests medium shelf,5.8
6051126,9999,low,high,non_food,Non-food: gavekort,2.0
6051128,9999,low,high,non_food,Non-food: dekoration,8.428571428571429
6051135,365,low,medium,ambient,Long gap suggests long shelf,999.0
6051148,38,medium,medium,ambient,Medium gap suggests medium shelf,21.0
6051149,9999,low,high,non_food,Non-food: dekoration,33.0
6051154,8,medium,medium,refrigerated,Short gap suggests short shelf,1.4912280701754386
6051156,17,medium,medium,ambient,Medium gap suggests medium shelf,4.157894736842105
6051158,365,low,medium,ambient,Long gap suggests long shelf,999.0
6051209,14,medium,medium,ambient,Medium gap suggests medium shelf,7.333333333333333
6051212,9999,low,high,non_food,Non-food: ur,3.772727272727273
6051219,9999,low,high,non_food,Non-food: smykker,5.642857142857143
6051222,9999,low,high,non_food,Non-food: ring,12.833333333333334
6051277,14,medium,medium,ambient,Unspecified product,999.0
6051289,11,medium,medium,refrigerated,Short gap suggests short shelf,8.0
6051323,13,medium,medium,refrigerated,Short gap suggests short shelf,2.6451612903225805
6051335,7,medium,medium,refrigerated,Short gap suggests short shelf,5.785714285714286
6051341,7,medium,medium,refrigerated,Short gap suggests short shelf,2.28125
6051380,20,medium,medium,ambient,Medium gap suggests medium shelf,2.0
6051398,21,medium,medium,ambient,Medium gap suggests medium shelf,10.666666666666666
6051399,4,medium,medium,refrigerated,Short gap suggests short shelf,1.2923076923076924
6051482,4,medium,medium,refrigerated,Short gap suggests short shelf,1.362068965517241
6051491,23,medium,medium,ambient,Medium gap suggests medium shelf,2.4411764705882355
6051530,14,medium,medium,ambient,Unspecified product,999.0
6051648,9999,low,high,non_food,Non-food: gavekort,10.833333333333334
6051674,5,medium,medium,refrigerated,Short gap suggests short shelf,1.6938775510204085
6051679,5,medium,medium,refrigerated,Short gap suggests short shelf,1.4821428571428572
6051681,14,medium,medium,ambient,Medium gap suggests medium shelf,3.1739130434782608
6051684,9,medium,medium,refrigerated,Short gap suggests short shelf,2.076923076923077
6051687,12,medium,medium,refrigerated,Short gap suggests short shelf,3.0
6051695,8,medium,medium,refrigerated,Short gap suggests short shelf,1.813953488372093
6051699,7,medium,medium,refrigerated,Short gap suggests short shelf,1.8780487804878048
6051700,2,high,high,refrigerated,Fresh perishable,1.2058823529411764
6051703,5,medium,medium,refrigerated,Short gap suggests short shelf,1.4310344827586208
6051704,7,medium,high,refrigerated,Pizza - short shelf,2.677419354838709
6051738,20,medium,medium,ambient,Medium gap suggests medium shelf,3.28
6051802,4,medium,medium,refrigerated,Short gap suggests short shelf,1.4642857142857142
6051829,11,medium,medium,refrigerated,Short gap suggests short shelf,4.333333333333333
6051841,5,medium,medium,refrigerated,Short gap suggests short shelf,1.4821428571428572
6051845,14,medium,medium,ambient,Unspecified product,12.8
6051852,14,medium,medium,ambient,Medium gap suggests medium shelf,5.266666666666667
6051878,14,medium,medium,ambient,Unspecified product,999.0
6051991,14,medium,medium,ambient,Medium gap suggests medium shelf,1.4444444444444444
6051992,14,medium,medium,ambient,Medium gap suggests medium shelf,1.471698113207547
6051993,13,medium,medium,refrigerated,Short gap suggests short shelf,1.5
6051994,9999,low,high,non_food,Non-food: reparation,6.0
6051995,9999,low,high,non_food,Non-food: reparation,19.0
6051996,9999,low,high,non_food,Non-food: reparation,999.0
6051997,9999,low,high,non_food,Non-food: reparation,999.0
6052000,9999,low,high,non_food,Non-food: reparation,999.0
6052001,9999,low,high,non_food,Non-food: reparation,999.0
6052002,9999,low,high,non_food,Non-food: reparation,14.5
6052004,9999,low,high,non_food,Non-food: reparation,6.0
6052005,9999,low,high,non_food,Non-food: reparation,1.5
6052006,9999,low,high,non_food,Non-food: reparation,27.0
6052008,9999,low,high,non_food,Non-food: reparation,53.0
6052009,9999,low,high,non_food,Non-food: reparation,999.0
6052010,9999,low,high,non_food,Non-food: reparation,8.5
6052011,9999,low,high,non_food,Non-food: reparation,999.0
6052012,9999,low,high,non_food,Non-food: reparation,10.6
6052015,9999,low,high,non_food,Non-food: reparation,38.0
6052016,9999,low,high,non_food,Non-food: reparation,7.5
6052017,9999,low,high,non_food,Non-food: reparation,999.0
6052019,9999,low,high,non_food,Non-food: reparation,6.6
6052021,9999,low,high,non_food,Non-food: reparation,22.5
6052023,9999,low,high,non_food,Non-food: reparation,20.0
6052025,9999,low,high,non_food,Non-food: reparation,999.0
6052028,9999,low,high,non_food,Non-food: reparation,999.0
6052048,9999,low,high,non_food,Non-food: reparation,55.0
6052054,9999,low,high,non_food,Non-food: reparation,11.0
6052055,9999,low,high,non_food,Non-food: reparation,58.0
6052274,41,medium,medium,ambient,Medium gap suggests medium shelf,18.666666666666668
6052300,25,medium,medium,ambient,Medium gap suggests medium shelf,2.6
6052411,9999,low,high,non_food,Non-food: klip,1.8571428571428568
6052414,9999,low,high,non_food,Non-food: gavekort,999.0
6052480,6,medium,medium,refrigerated,Short gap suggests short shelf,2.108108108108108
6052483,9999,low,high,non_food,Non-food: ur,1.4285714285714286
6052496,9999,low,high,non_food,Non-food: klip,1.9655172413793105
6052499,9999,low,high,non_food,Non-food: klip,2.4782608695652173
6052507,9999,low,high,non_food,Non-food: klip,6.0
6052508,9999,low,high,non_food,Non-food: klip,999.0
6052509,9999,low,high,non_food,Non-food: klip,17.0
6052510,9999,low,high,non_food,Non-food: klip,7.0
6052512,9999,low,high,non_food,Non-food: klip,7.142857142857143
6052517,9999,low,high,non_food,Non-food: klip,999.0
6052522,9999,low,high,non_food,Non-food: farve,2.0
6052527,9999,low,high,non_food,Non-food: farve,999.0
6052532,10,medium,medium,refrigerated,Short gap suggests short shelf,2.4375
6052539,365,low,medium,ambient,Long gap suggests long shelf,999.0
6052547,20,medium,medium,ambient,Medium gap suggests medium shelf,11.0
6052548,13,medium,medium,refrigerated,Short gap suggests short shelf,11.666666666666666
6052554,365,low,medium,ambient,Long gap suggests long shelf,999.0
6052629,35,medium,medium,ambient,Medium gap suggests medium shelf,31.5
6052713,14,medium,medium,ambient,Unspecified product,3.7857142857142856
6052784,4,medium,medium,refrigerated,Short gap suggests short shelf,1.4
6052786,7,medium,medium,refrigerated,Short gap suggests short shelf,1.6888888888888889
6052788,9999,low,high,non_food,Non-food: goods,1.945945945945946
6052790,9,medium,medium,refrigerated,Short gap suggests short shelf,6.5
6052791,19,medium,medium,ambient,Medium gap suggests medium shelf,4.75
6052793,5,medium,medium,refrigerated,Short gap suggests short shelf,1.6444444444444444
6052794,26,medium,medium,ambient,Medium gap suggests medium shelf,4.6875
6052832,13,medium,medium,refrigerated,Short gap suggests short shelf,2.92
6052834,19,medium,medium,ambient,Medium gap suggests medium shelf,3.875
6052844,9999,low,high,non_food,Non-food: smykker,3.0
6052847,4,medium,medium,refrigerated,Short gap suggests short shelf,1.368421052631579
6052853,3,medium,medium,refrigerated,Short gap suggests short shelf,1.1492537313432836
6052865,2,high,high,refrigerated,Fresh perishable,1.03125
6052868,6,medium,medium,refrigerated,Short gap suggests short shelf,1.7
6052869,6,medium,medium,refrigerated,Short gap suggests short shelf,2.03125
6052870,10,medium,medium,refrigerated,Short gap suggests short shelf,2.032258064516129
6052878,5,medium,medium,refrigerated,Short gap suggests short shelf,1.675
6052897,12,medium,medium,refrigerated,Short gap suggests short shelf,3.2
6052902,13,medium,medium,refrigerated,Short gap suggests short shelf,4.285714285714286
6052910,9999,low,high,non_food,Non-food: varer,1.0151515151515151
6052925,4,medium,medium,refrigerated,Short gap suggests short shelf,1.3333333333333333
6052926,3,medium,medium,refrigerated,Short gap suggests short shelf,1.375
6052927,5,medium,medium,refrigerated,Short gap suggests short shelf,1.5
6052928,7,medium,medium,refrigerated,Short gap suggests short shelf,2.409090909090909
6052930,3,medium,medium,refrigerated,Short gap suggests short shelf,1.1956521739130437
6052931,16,medium,medium,ambient,Medium gap suggests medium shelf,12.0
6052933,5,medium,medium,refrigerated,Short gap suggests short shelf,2.45
6052934,9999,low,high,non_food,Non-food: tøj,4.142857142857143
6052935,9,medium,medium,refrigerated,Short gap suggests short shelf,3.533333333333333
6052936,9,medium,medium,refrigerated,Short gap suggests short shelf,3.066666666666667
6052939,9999,low,high,non_food,Non-food: smykker,9.166666666666666
6052940,27,medium,medium,ambient,Medium gap suggests medium shelf,16.0
6052941,7,medium,medium,refrigerated,Short gap suggests short shelf,2.083333333333333
6052942,9999,low,high,non_food,Non-food: gavekort,1.806451612903225
6052947,11,medium,medium,refrigerated,Short gap suggests short shelf,6.4
6052948,14,medium,medium,ambient,Medium gap suggests medium shelf,5.25
6052950,9,medium,medium,refrigerated,Short gap suggests short shelf,2.6666666666666665
6052952,6,medium,medium,refrigerated,Short gap suggests short shelf,2.380952380952381
6052972,8,medium,medium,refrigerated,Short gap suggests short shelf,2.4074074074074074
6053037,6,medium,medium,refrigerated,Short gap suggests short shelf,2.0
6053038,7,medium,medium,refrigerated,Short gap suggests short shelf,3.8181818181818175
6053044,365,low,high,ambient,Alcohol - long shelf,3.411764705882353
6053045,365,low,high,ambient,Alcohol - long shelf,5.8
6053046,365,low,high,ambient,Alcohol - long shelf,4.4
6053047,365,low,high,ambient,Alcohol - long shelf,4.833333333333333
6053051,365,low,high,ambient,Alcohol - long shelf,4.9
6053052,365,low,high,ambient,Alcohol - long shelf,3.2
6053054,13,medium,medium,refrigerated,Short gap suggests short shelf,5.833333333333333
6053097,9999,low,high,non_food,Non-food: ur,2.3125
6053142,14,medium,medium,ambient,Unspecified product,1.4375
6053199,20,medium,medium,ambient,Medium gap suggests medium shelf,1.6888888888888889
6053205,21,medium,medium,ambient,Medium gap suggests medium shelf,1.7674418604651163
6053303,21,medium,medium,ambient,Medium gap suggests medium shelf,15.0
6053314,9999,low,high,ambient,Non-food service: shaker,8.142857142857142
6053321,9999,low,high,ambient,Non-food service: stimorol,4.9
6053330,90,low,high,ambient,Long shelf product: lassi,5.444444444444445
6053332,180,low,high,ambient,Alcoholic beverage,9.0
6053338,30,medium,medium,ambient,"max_gap >= 14, not fresh",5.727272727272728
6053340,9999,low,high,ambient,Non-food service: camel,5.857142857142857
6053349,9999,low,high,ambient,Non-food service: marlboro,4.083333333333333
6053351,9999,low,high,ambient,Non-food service: velo,2.263157894736842
6053355,9999,low,high,ambient,Non-food service: velo,3.0
6053574,7,medium,high,refrigerated,"Pizza (fresh, <14 days)",1.9444444444444444
6053581,7,medium,high,refrigerated,"Pizza (fresh, <14 days)",2.0
6053588,30,medium,high,frozen,"Pizza (frozen, >=14 days)",4.769230769230769
6053596,30,medium,high,frozen,"Pizza (frozen, >=14 days)",4.928571428571429
6053597,30,medium,high,frozen,"Pizza (frozen, >=14 days)",4.055555555555555
6053601,30,medium,high,frozen,"Pizza (frozen, >=14 days)",5.615384615384615
6053605,7,medium,high,refrigerated,"Pizza (fresh, <14 days)",3.333333333333333
6053741,9999,low,high,ambient,Non-food service: klip,999.0
6053755,9999,low,high,ambient,Non-food service: webshop,2.6923076923076925
6053765,14,medium,medium,frozen,max_gap 8-13 days suggests medium shelf,2.6923076923076925
6053784,14,medium,medium,frozen,max_gap 8-13 days suggests medium shelf,2.290322580645161
6053787,9999,low,high,ambient,Non-food service: diverse,999.0
6053811,14,medium,medium,frozen,max_gap 8-13 days suggests medium shelf,4.857142857142857
6053860,9999,low,high,ambient,Non-food service: nøgleringe,2.6818181818181817
6053891,9999,low,high,ambient,Non-food service: billiard,999.0
6054214,9999,low,high,ambient,Non-food service: øjenbryn,11.333333333333334
6054216,9999,low,high,ambient,Non-food service: brazilian,12.75
6054273,9999,low,high,ambient,Non-food service: slush,2.6666666666666665
6054274,9999,low,high,ambient,Non-food service: slush,4.5
6054549,14,medium,low,ambient,Unspecified - assumed medium shelf,16.0
605641,30,medium,medium,ambient,"max_gap >= 14, not fresh",1.8854166666666667
605642,14,medium,medium,frozen,max_gap 8-13 days suggests medium shelf,1.587719298245614
6056744,1,high,high,refrigerated,Fresh product: brunch,1.8108108108108107
6056884,9999,low,high,ambient,Non-food service: klip,1.2352941176470589
6056887,9999,low,high,ambient,Non-food service: klip,4.461538461538462
6056888,9999,low,high,ambient,Non-food service: pensionist,9.666666666666666
6056889,9999,low,high,ambient,Non-food service: voks,999.0
6056899,120,low,high,ambient,Long shelf life product: lassi,9.5
6056960,9999,low,high,ambient,Non-food service: klip,5.333333333333333
6057007,14,medium,low,ambient,Unspecified - assumed medium shelf,1.71875
6057015,90,low,high,ambient,Long shelf product: cones,3.8
6057032,90,low,high,ambient,Long shelf product: lassi,2.458333333333333
6057091,5,medium,medium,refrigerated,Medium max_gap suggests short shelf,2.3448275862068964
6057116,5,medium,medium,refrigerated,Medium max_gap suggests short shelf,1.641025641025641
6057118,5,medium,medium,refrigerated,Medium max_gap suggests short shelf,1.763157894736842
6057123,5,medium,medium,refrigerated,Medium max_gap suggests short shelf,1.4772727272727273
6057128,5,medium,medium,refrigerated,Medium max_gap suggests short shelf,1.5853658536585369
6057129,5,medium,medium,refrigerated,Medium max_gap suggests short shelf,1.5952380952380951
6057136,9999,low,high,ambient,Non-food service: forening,5.0
6057139,5,medium,medium,refrigerated,Medium max_gap suggests short shelf,1.5897435897435896
6057145,5,medium,medium,refrigerated,Medium max_gap suggests short shelf,3.142857142857143
6057208,5,medium,medium,refrigerated,Medium max_gap suggests short shelf,2.6
6057209,14,medium,medium,frozen,max_gap 8-13 days suggests medium shelf,4.642857142857143
6057211,14,medium,medium,frozen,max_gap 8-13 days suggests medium shelf,2.857142857142857
6057244,30,medium,medium,ambient,"max_gap >= 14, not fresh",999.0
6057273,180,low,high,ambient,Alcoholic beverage,2.1379310344827585
6057322,5,medium,medium,refrigerated,Medium max_gap suggests short shelf,5.0
6057327,30,medium,high,frozen,Medium shelf product: is,7.0
6057331,5,medium,medium,refrigerated,Medium max_gap suggests short shelf,2.391304347826087
6057343,180,low,high,ambient,Alcoholic beverage,2.48
6057344,14,medium,medium,frozen,max_gap 8-13 days suggests medium shelf,3.263157894736842
6057345,14,medium,medium,frozen,max_gap 8-13 days suggests medium shelf,2.8181818181818183
6057348,5,medium,medium,refrigerated,Medium max_gap suggests short shelf,3.176470588235294
6057349,14,medium,medium,frozen,max_gap 8-13 days suggests medium shelf,3.1
6057351,5,medium,medium,refrigerated,Medium max_gap suggests short shelf,2.6956521739130435
6057364,14,medium,medium,frozen,max_gap 8-13 days suggests medium shelf,4.75
6057379,14,medium,medium,frozen,max_gap 8-13 days suggests medium shelf,4.153846153846154
6057380,14,medium,medium,frozen,max_gap 8-13 days suggests medium shelf,4.384615384615385
6057383,30,medium,medium,ambient,"max_gap >= 14, not fresh",4.133333333333334
6057385,14,medium,medium,frozen,max_gap 8-13 days suggests medium shelf,5.166666666666667
6057389,14,medium,medium,frozen,max_gap 8-13 days suggests medium shelf,3.647058823529412
6057390,180,low,high,ambient,Alcoholic beverage,1.441860465116279
6057394,5,medium,medium,refrigerated,Medium max_gap suggests short shelf,1.875
6057399,5,medium,medium,refrigerated,Medium max_gap suggests short shelf,3.857142857142857
6057427,9999,low,high,ambient,Non-food service: gavekort,999.0
6057653,30,medium,medium,ambient,"max_gap >= 14, not fresh",7.125
6057679,9999,low,high,ambient,Non-food service: entré,999.0
6057680,9999,low,high,ambient,Non-food service: entré,31.0
6057685,5,medium,medium,refrigerated,Medium max_gap suggests short shelf,3.3529411764705883
6057686,5,medium,medium,refrigerated,Medium max_gap suggests short shelf,3.588235294117647
6057691,9999,low,high,ambient,Non-food service: entré,8.166666666666666
6057692,9999,low,high,ambient,Non-food service: entré,8.166666666666666
6057734,5,medium,medium,refrigerated,Medium max_gap suggests short shelf,6.5
6057736,30,medium,medium,ambient,"max_gap >= 14, not fresh",999.0
6057737,30,medium,medium,ambient,"max_gap >= 14, not fresh",999.0
6057738,30,medium,medium,ambient,"max_gap >= 14, not fresh",999.0
6058027,14,medium,low,ambient,Unspecified - assumed medium shelf,1.375
6058280,30,medium,medium,ambient,"max_gap >= 14, not fresh",6.833333333333333
6058282,5,medium,medium,refrigerated,Medium max_gap suggests short shelf,2.6666666666666665
6058285,5,medium,medium,refrigerated,Medium max_gap suggests short shelf,1.6756756756756757
6058301,5,medium,medium,refrigerated,Medium max_gap suggests short shelf,4.454545454545454
6058332,14,medium,medium,frozen,max_gap 8-13 days suggests medium shelf,4.25
6058342,14,medium,medium,frozen,max_gap 8-13 days suggests medium shelf,2.863636363636364
6058349,30,medium,medium,ambient,"max_gap >= 14, not fresh",11.2
6058429,7,medium,high,refrigerated,"Pizza (fresh, <14 days)",3.4
6058432,30,medium,high,frozen,"Pizza (frozen, >=14 days)",4.769230769230769
6058435,5,medium,medium,refrigerated,Medium max_gap suggests short shelf,2.111111111111111
6058436,5,medium,medium,refrigerated,Medium max_gap suggests short shelf,2.3461538461538463
6058439,14,medium,medium,frozen,max_gap 8-13 days suggests medium shelf,3.1875
6058581,14,medium,low,ambient,Unspecified - assumed medium shelf,1.75
6058623,14,medium,medium,frozen,max_gap 8-13 days suggests medium shelf,4.083333333333333
6058624,30,medium,medium,ambient,"max_gap >= 14, not fresh",10.0
6058839,9999,low,high,ambient,Non-food service: sko,5.857142857142857
6058840,5,medium,medium,refrigerated,Medium max_gap suggests short shelf,2.05
6058841,5,medium,medium,refrigerated,Medium max_gap suggests short shelf,1.2727272727272727
6058842,5,medium,medium,refrigerated,Medium max_gap suggests short shelf,1.2727272727272727
6058843,5,medium,medium,refrigerated,Medium max_gap suggests short shelf,2.1
6058844,5,medium,medium,refrigerated,Medium max_gap suggests short shelf,1.2
6058845,9999,low,high,ambient,Non-food service: diverse,1.1666666666666667
6058846,1,high,medium,refrigerated,Short max_gap suggests fresh,1.1666666666666667
6058848,5,medium,medium,refrigerated,Medium max_gap suggests short shelf,1.5384615384615383
6058849,5,medium,medium,refrigerated,Medium max_gap suggests short shelf,2.642857142857143
6058850,5,medium,medium,refrigerated,Medium max_gap suggests short shelf,2.571428571428572
6058878,14,medium,low,ambient,Unspecified - assumed medium shelf,8.0
6058963,14,medium,low,ambient,Unspecified - assumed medium shelf,2.5
6058971,180,low,high,ambient,Alcoholic beverage,10.0
6058982,14,medium,medium,frozen,max_gap 8-13 days suggests medium shelf,2.8421052631578947
6058983,14,medium,medium,frozen,max_gap 8-13 days suggests medium shelf,2.7777777777777777
6059036,9999,low,high,ambient,Non-food service: klip,1.0
6059039,9999,low,high,ambient,Non-food service: klip,1.148936170212766
6059040,9999,low,high,ambient,Non-food service: klip,4.727272727272728
6059041,9999,low,high,ambient,Non-food service: klip,2.2916666666666665
6059045,9999,low,high,ambient,Non-food service: klip,7.0
6059050,30,medium,medium,ambient,"max_gap >= 14, not fresh",999.0
6059052,30,medium,medium,ambient,"max_gap >= 14, not fresh",999.0
6059053,30,medium,medium,ambient,"max_gap >= 14, not fresh",999.0
6059087,5,medium,medium,refrigerated,Medium max_gap suggests short shelf,2.272727272727273
6059099,30,medium,medium,ambient,"max_gap >= 14, not fresh",42.0
6059119,30,medium,medium,ambient,"max_gap >= 14, not fresh",9.6
6059123,9999,low,high,ambient,Non-food service: diverse,2.0
6059126,30,medium,medium,ambient,"max_gap >= 14, not fresh",999.0
6059130,14,medium,medium,frozen,max_gap 8-13 days suggests medium shelf,6.857142857142857
6059132,30,medium,medium,ambient,"max_gap >= 14, not fresh",11.0
6059133,90,low,high,ambient,Long shelf product: saft,6.375
6059143,180,low,high,ambient,Alcoholic beverage,4.083333333333333
6059144,30,medium,medium,ambient,"max_gap >= 14, not fresh",15.0
6059149,14,medium,medium,frozen,max_gap 8-13 days suggests medium shelf,4.166666666666667
6059150,30,medium,medium,ambient,"max_gap >= 14, not fresh",9.666666666666666
6059151,30,medium,medium,ambient,"max_gap >= 14, not fresh",14.0
6059157,14,medium,medium,frozen,max_gap 8-13 days suggests medium shelf,8.5
6059158,30,medium,medium,ambient,"max_gap >= 14, not fresh",11.333333333333334
6059159,30,medium,medium,ambient,"max_gap >= 14, not fresh",6.125
6059160,30,medium,medium,ambient,"max_gap >= 14, not fresh",6.5
6059161,30,medium,medium,ambient,"max_gap >= 14, not fresh",8.333333333333334
6059162,9999,low,high,ambient,Non-food service: rep,3.7
6059163,30,medium,medium,ambient,"max_gap >= 14, not fresh",28.0
6059164,5,medium,medium,refrigerated,Medium max_gap suggests short shelf,1.8
6059165,14,medium,medium,frozen,max_gap 8-13 days suggests medium shelf,6.0
6059166,14,medium,medium,frozen,max_gap 8-13 days suggests medium shelf,4.571428571428571
6059167,5,medium,medium,refrigerated,Medium max_gap suggests short shelf,2.1739130434782608
6059168,30,medium,medium,ambient,"max_gap >= 14, not fresh",4.666666666666667
6059175,5,medium,medium,refrigerated,Medium max_gap suggests short shelf,1.6129032258064515
6059183,30,medium,medium,ambient,"max_gap >= 14, not fresh",999.0
6059185,9999,low,high,ambient,Non-food service: rep,2.0
6059186,30,medium,medium,ambient,"max_gap >= 14, not fresh",999.0
6059190,14,medium,medium,frozen,max_gap 8-13 days suggests medium shelf,4.0
6059191,14,medium,medium,frozen,max_gap 8-13 days suggests medium shelf,3.9166666666666665
6059193,5,medium,medium,refrigerated,Medium max_gap suggests short shelf,2.411764705882353
6059194,30,medium,medium,ambient,"max_gap >= 14, not fresh",7.0
6059195,30,medium,medium,ambient,"max_gap >= 14, not fresh",12.666666666666666
6059196,14,medium,medium,frozen,max_gap 8-13 days suggests medium shelf,4.0
6059197,5,medium,medium,refrigerated,Medium max_gap suggests short shelf,1.8
6059198,5,medium,medium,refrigerated,Medium max_gap suggests short shelf,3.2666666666666666
6059242,14,medium,medium,frozen,max_gap 8-13 days suggests medium shelf,5.4
6059243,14,medium,medium,frozen,max_gap 8-13 days suggests medium shelf,3.2
6059309,180,low,high,ambient,Alcoholic beverage,999.0
6059310,5,medium,medium,refrigerated,Medium max_gap suggests short shelf,5.5
6059311,30,medium,medium,ambient,"max_gap >= 14, not fresh",999.0
6059313,30,medium,medium,ambient,"max_gap >= 14, not fresh",999.0
6059315,30,medium,medium,ambient,"max_gap >= 14, not fresh",40.0
6059316,14,medium,medium,frozen,max_gap 8-13 days suggests medium shelf,12.0
6059319,9999,low,high,ambient,Non-food service: sko,999.0
6059320,30,medium,medium,ambient,"max_gap >= 14, not fresh",8.0
6059321,30,medium,medium,ambient,"max_gap >= 14, not fresh",999.0
6059322,14,medium,medium,frozen,max_gap 8-13 days suggests medium shelf,10.0
6059323,30,medium,medium,ambient,"max_gap >= 14, not fresh",999.0
6059326,9999,low,high,ambient,Non-food service: gavekort,999.0
6059331,14,medium,low,ambient,Unspecified - assumed medium shelf,41.0
6059336,14,medium,medium,frozen,max_gap 8-13 days suggests medium shelf,3.5
6059337,30,medium,medium,ambient,"max_gap >= 14, not fresh",11.0
6059344,30,medium,high,frozen,Medium shelf product: is,16.0
6060118,14,medium,medium,frozen,max_gap 8-13 days suggests medium shelf,8.6
6060130,14,medium,low,ambient,Unspecified - assumed medium shelf,1.206896551724138
6060136,9999,low,high,ambient,Non-food service: klip,1.7419354838709675
6060142,30,medium,medium,ambient,"max_gap >= 14, not fresh",7.0
6060143,14,medium,medium,frozen,max_gap 8-13 days suggests medium shelf,3.5384615384615383
6060144,14,medium,medium,frozen,max_gap 8-13 days suggests medium shelf,5.4
6060145,14,medium,medium,frozen,max_gap 8-13 days suggests medium shelf,4.777777777777778
6060146,14,medium,medium,frozen,max_gap 8-13 days suggests medium shelf,4.076923076923077
6060203,5,medium,medium,refrigerated,Medium max_gap suggests short shelf,2.8421052631578947
6060218,1,high,medium,refrigerated,Short max_gap suggests fresh,1.1428571428571428
6060229,30,medium,medium,ambient,"max_gap >= 14, not fresh",10.0
6060265,7,medium,high,refrigerated,"Pizza (fresh, <14 days)",2.142857142857143
6060310,5,medium,medium,refrigerated,Medium max_gap suggests short shelf,2.6
6060353,5,medium,medium,refrigerated,Medium max_gap suggests short shelf,2.8461538461538463
6060373,7,medium,high,refrigerated,"Pizza (fresh, <14 days)",1.6538461538461535
6060374,5,medium,medium,refrigerated,Medium max_gap suggests short shelf,1.8636363636363635
6060375,5,medium,medium,refrigerated,Medium max_gap suggests short shelf,1.761904761904762
6060378,5,medium,medium,refrigerated,Medium max_gap suggests short shelf,2.333333333333333
6060388,5,medium,medium,refrigerated,Medium max_gap suggests short shelf,2.0526315789473686
6060389,5,medium,medium,refrigerated,Medium max_gap suggests short shelf,1.5555555555555556
6060397,14,medium,medium,frozen,max_gap 8-13 days suggests medium shelf,2.111111111111111
6060398,5,medium,medium,refrigerated,Medium max_gap suggests short shelf,2.05
6060452,30,medium,medium,ambient,"max_gap >= 14, not fresh",21.0
6060526,30,medium,medium,ambient,"max_gap >= 14, not fresh",8.0
6060560,30,medium,medium,ambient,"max_gap >= 14, not fresh",4.454545454545454
6060751,30,medium,medium,ambient,"max_gap >= 14, not fresh",999.0
6060754,5,medium,medium,refrigerated,Medium max_gap suggests short shelf,3.25
6060755,5,medium,medium,refrigerated,Medium max_gap suggests short shelf,2.833333333333333
6060756,30,medium,medium,ambient,"max_gap >= 14, not fresh",11.0
6061091,5,medium,medium,refrigerated,Medium max_gap suggests short shelf,1.53125
6061092,7,medium,high,refrigerated,"Pizza (fresh, <14 days)",4.181818181818182
6061093,5,medium,medium,refrigerated,Medium max_gap suggests short shelf,1.96
6061094,30,medium,medium,ambient,"max_gap >= 14, not fresh",6.714285714285714
6061096,7,medium,high,refrigerated,"Pizza (fresh, <14 days)",5.571428571428571
6061097,5,medium,medium,refrigerated,Medium max_gap suggests short shelf,1.6333333333333333
6061098,5,medium,medium,refrigerated,Medium max_gap suggests short shelf,1.7407407407407407
6061099,14,medium,medium,frozen,max_gap 8-13 days suggests medium shelf,3.583333333333333
6061103,7,medium,high,refrigerated,"Pizza (fresh, <14 days)",3.4285714285714284
6061104,14,medium,medium,frozen,max_gap 8-13 days suggests medium shelf,4.333333333333333
6061105,14,medium,medium,frozen,max_gap 8-13 days suggests medium shelf,2.45
6061112,14,medium,medium,frozen,max_gap 8-13 days suggests medium shelf,5.0
6061114,5,medium,medium,refrigerated,Medium max_gap suggests short shelf,1.4848484848484849
6061121,5,medium,medium,refrigerated,Medium max_gap suggests short shelf,3.066666666666667
6061124,30,medium,medium,ambient,"max_gap >= 14, not fresh",4.3
6061127,30,medium,medium,ambient,"max_gap >= 14, not fresh",5.222222222222222
6061145,14,medium,medium,frozen,max_gap 8-13 days suggests medium shelf,3.583333333333333
6061224,14,medium,medium,frozen,max_gap 8-13 days suggests medium shelf,2.555555555555556
6061225,14,medium,medium,frozen,max_gap 8-13 days suggests medium shelf,3.5454545454545454
6061226,5,medium,medium,refrigerated,Medium max_gap suggests short shelf,2.583333333333333
6061227,5,medium,medium,refrigerated,Medium max_gap suggests short shelf,1.2820512820512822
6061228,5,medium,medium,refrigerated,Medium max_gap suggests short shelf,1.351351351351351
6061229,5,medium,medium,refrigerated,Medium max_gap suggests short shelf,1.3157894736842106
6061230,5,medium,medium,refrigerated,Medium max_gap suggests short shelf,2.875
6061231,180,low,high,ambient,Alcoholic beverage,2.1739130434782608
6061329,30,medium,medium,ambient,"max_gap >= 14, not fresh",999.0
6061330,30,medium,medium,ambient,"max_gap >= 14, not fresh",999.0
6061331,5,medium,medium,refrigerated,Medium max_gap suggests short shelf,5.0
6061332,9999,low,high,ambient,Non-food service: rep,1.4
6061334,5,medium,medium,refrigerated,Medium max_gap suggests short shelf,2.2857142857142856
6061336,30,medium,medium,ambient,"max_gap >= 14, not fresh",999.0
6061341,14,medium,medium,frozen,max_gap 8-13 days suggests medium shelf,3.615384615384616
6061381,30,medium,medium,ambient,"max_gap >= 14, not fresh",999.0
6061411,5,medium,medium,refrigerated,Medium max_gap suggests short shelf,1.85
6061458,180,low,high,ambient,Alcoholic beverage,7.333333333333333
6061460,14,medium,medium,frozen,max_gap 8-13 days suggests medium shelf,4.0
6061461,14,medium,medium,frozen,max_gap 8-13 days suggests medium shelf,4.8
6061580,5,medium,medium,refrigerated,Medium max_gap suggests short shelf,2.45
6061583,5,medium,medium,refrigerated,Medium max_gap suggests short shelf,1.8148148148148149
6061609,5,medium,medium,refrigerated,Medium max_gap suggests short shelf,3.0
6061612,30,medium,medium,ambient,"max_gap >= 14, not fresh",10.5
6062221,14,medium,low,ambient,Unspecified - assumed medium shelf,1.0625
6062398,9999,low,high,ambient,Non-food service: kort,999.0
6062447,5,medium,medium,refrigerated,Medium max_gap suggests short shelf,2.2857142857142856
6062514,1,high,medium,refrigerated,Short max_gap suggests fresh,1.0714285714285714
6062518,5,medium,medium,refrigerated,Medium max_gap suggests short shelf,1.8
6062527,5,medium,medium,refrigerated,Medium max_gap suggests short shelf,1.2
6062528,5,medium,medium,refrigerated,Medium max_gap suggests short shelf,1.32
6062530,1,high,medium,refrigerated,Short max_gap suggests fresh,1.1111111111111112
6062533,5,medium,medium,refrigerated,Medium max_gap suggests short shelf,2.2
6062538,5,medium,medium,refrigerated,Medium max_gap suggests short shelf,2.0
6062577,5,medium,medium,refrigerated,Medium max_gap suggests short shelf,2.142857142857143
6062580,5,medium,medium,refrigerated,Medium max_gap suggests short shelf,1.4
6062702,5,medium,medium,refrigerated,Medium max_gap suggests short shelf,2.6
6062923,14,medium,low,ambient,Unspecified - assumed medium shelf,1.0
6062980,30,medium,medium,ambient,"max_gap >= 14, not fresh",999.0
6063018,5,medium,medium,refrigerated,Medium max_gap suggests short shelf,2.625
6063096,1,high,medium,refrigerated,Short max_gap suggests fresh,1.0
6063098,30,medium,medium,ambient,"max_gap >= 14, not fresh",3.0
6063107,14,medium,medium,frozen,max_gap 8-13 days suggests medium shelf,7.666666666666667
6063133,9999,low,high,ambient,Non-food service: klip,5.166666666666667
6063203,30,medium,medium,ambient,"max_gap >= 14, not fresh",999.0
6063414,5,medium,medium,refrigerated,Medium max_gap suggests short shelf,1.65
6063415,5,medium,medium,refrigerated,Medium max_gap suggests short shelf,1.4545454545454546
6063419,5,medium,medium,refrigerated,Medium max_gap suggests short shelf,2.1818181818181817
6063421,5,medium,medium,refrigerated,Medium max_gap suggests short shelf,3.0
6063426,14,medium,medium,frozen,max_gap 8-13 days suggests medium shelf,3.4444444444444446
6063432,5,medium,medium,refrigerated,Medium max_gap suggests short shelf,2.909090909090909
6063720,5,medium,medium,refrigerated,Medium max_gap suggests short shelf,3.333333333333333
6063957,30,medium,medium,ambient,"max_gap >= 14, not fresh",7.2
6064120,5,medium,medium,refrigerated,Medium max_gap suggests short shelf,2.75
6064129,14,medium,medium,frozen,max_gap 8-13 days suggests medium shelf,5.0
6064130,14,medium,medium,frozen,max_gap 8-13 days suggests medium shelf,8.0
6064131,14,medium,medium,frozen,max_gap 8-13 days suggests medium shelf,5.0
6064318,30,medium,medium,ambient,"max_gap >= 14, not fresh",999.0
6064327,14,medium,medium,frozen,max_gap 8-13 days suggests medium shelf,7.5
6064339,1,high,medium,refrigerated,Short max_gap suggests fresh,1.0
6064716,5,medium,medium,refrigerated,Medium max_gap suggests short shelf,1.318181818181818
6064717,5,medium,medium,refrigerated,Medium max_gap suggests short shelf,1.2608695652173914
6064718,7,medium,high,refrigerated,"Pizza (fresh, <14 days)",1.3333333333333333
6064723,14,medium,medium,frozen,max_gap 8-13 days suggests medium shelf,3.2222222222222223
6064729,5,medium,medium,refrigerated,Medium max_gap suggests short shelf,1.8666666666666667
6064748,5,medium,medium,refrigerated,Medium max_gap suggests short shelf,1.5
6065666,5,medium,medium,refrigerated,Medium max_gap suggests short shelf,2.0588235294117645
6065676,5,medium,medium,refrigerated,Medium max_gap suggests short shelf,2.333333333333333
6065677,5,medium,medium,refrigerated,Medium max_gap suggests short shelf,1.6666666666666667
6065678,5,medium,medium,refrigerated,Medium max_gap suggests short shelf,1.2962962962962965
6065686,5,medium,medium,refrigerated,Medium max_gap suggests short shelf,1.1666666666666667
6065689,180,low,high,ambient,Alcoholic beverage,1.0
6065690,5,medium,medium,refrigerated,Medium max_gap suggests short shelf,2.75
6065691,5,medium,medium,refrigerated,Medium max_gap suggests short shelf,2.727272727272727
6065692,5,medium,medium,refrigerated,Medium max_gap suggests short shelf,1.1666666666666667
6065694,5,medium,medium,refrigerated,Medium max_gap suggests short shelf,1.3333333333333333
6065695,5,medium,medium,refrigerated,Medium max_gap suggests short shelf,2.75
6065696,5,medium,medium,refrigerated,Medium max_gap suggests short shelf,1.6666666666666667
6065699,5,medium,medium,refrigerated,Medium max_gap suggests short shelf,2.333333333333333
6065700,5,medium,medium,refrigerated,Medium max_gap suggests short shelf,1.5217391304347827
6065701,5,medium,medium,refrigerated,Medium max_gap suggests short shelf,1.5909090909090908
6065702,90,low,high,ambient,Long shelf product: lassi,1.5909090909090908
6065707,9999,low,high,ambient,Non-food service: shaker,1.8421052631578947
6065708,5,medium,medium,refrigerated,Medium max_gap suggests short shelf,1.619047619047619
6065712,90,low,high,ambient,Long shelf product: lassi,3.6666666666666665
6065723,5,medium,medium,refrigerated,Medium max_gap suggests short shelf,1.8823529411764703
6065823,5,medium,medium,refrigerated,Medium max_gap suggests short shelf,1.4705882352941178
6065824,5,medium,medium,refrigerated,Medium max_gap suggests short shelf,2.25
6065828,9999,low,high,ambient,Non-food service: marlboro,2.1666666666666665
6065836,14,medium,medium,frozen,max_gap 8-13 days suggests medium shelf,2.6666666666666665
6065866,14,medium,medium,frozen,max_gap 8-13 days suggests medium shelf,7.25
6065874,30,medium,medium,ambient,"max_gap >= 14, not fresh",999.0
6065953,9999,low,high,ambient,Non-food service: velo,1.09375
6066259,5,medium,medium,refrigerated,Medium max_gap suggests short shelf,2.357142857142857
6066340,14,medium,medium,frozen,max_gap 8-13 days suggests medium shelf,4.571428571428571
6066355,5,medium,medium,refrigerated,Medium max_gap suggests short shelf,3.0
6066370,30,medium,medium,ambient,"max_gap >= 14, not fresh",999.0
6066427,14,medium,medium,frozen,max_gap 8-13 days suggests medium shelf,13.0
6066435,5,medium,medium,refrigerated,Medium max_gap suggests short shelf,4.333333333333333
6066487,90,low,high,ambient,Long shelf product: lassi,1.2916666666666667
6066491,5,medium,medium,refrigerated,Medium max_gap suggests short shelf,2.4166666666666665
6066492,1,high,medium,refrigerated,Short max_gap suggests fresh,1.1071428571428572
6066493,5,medium,medium,refrigerated,Medium max_gap suggests short shelf,1.2
6066494,5,medium,medium,refrigerated,Medium max_gap suggests short shelf,2.0
6066495,5,medium,medium,refrigerated,Medium max_gap suggests short shelf,1.9375
6066496,5,medium,medium,refrigerated,Medium max_gap suggests short shelf,1.4090909090909092
6066497,9999,low,high,ambient,Non-food service: rep,3.111111111111111
6066499,5,medium,medium,refrigerated,Medium max_gap suggests short shelf,1.4285714285714286
6066500,5,medium,medium,refrigerated,Medium max_gap suggests short shelf,2.142857142857143
6066513,14,medium,medium,frozen,max_gap 8-13 days suggests medium shelf,2.7777777777777777
6066517,5,medium,medium,refrigerated,Medium max_gap suggests short shelf,1.8571428571428568
6066535,5,medium,medium,refrigerated,Medium max_gap suggests short shelf,2.5
6066536,14,medium,medium,frozen,max_gap 8-13 days suggests medium shelf,9.666666666666666
6066558,1,high,medium,refrigerated,Short max_gap suggests fresh,1.0
6066826,30,medium,medium,ambient,"max_gap >= 14, not fresh",24.0
6066867,1,high,medium,refrigerated,Short max_gap suggests fresh,1.0
6067102,7,medium,high,refrigerated,"Pizza (fresh, <14 days)",1.2272727272727273
6067111,1,high,high,refrigerated,Fresh product: brunch,1.875
6067221,5,medium,medium,refrigerated,Medium max_gap suggests short shelf,3.111111111111111
6067447,1,high,medium,refrigerated,Short max_gap suggests fresh,1.0769230769230769
6067750,30,medium,high,frozen,Medium shelf product: is,21.0
6067776,14,medium,medium,frozen,max_gap 8-13 days suggests medium shelf,2.083333333333333
6067796,30,medium,medium,ambient,"max_gap >= 14, not fresh",999.0
6067873,5,medium,medium,refrigerated,Medium max_gap suggests short shelf,2.071428571428572
6067894,14,medium,medium,frozen,max_gap 8-13 days suggests medium shelf,2.333333333333333
6068298,5,medium,medium,refrigerated,Medium max_gap suggests short shelf,2.888888888888889
6068439,9999,low,high,ambient,Non-food service: velo,1.625
6068499,9999,low,high,ambient,Non-food service: slush,1.5
6068500,5,medium,medium,refrigerated,Medium max_gap suggests short shelf,7.0
6068521,9999,low,high,ambient,Non-food service: velo,2.5
6068522,9999,low,high,ambient,Non-food service: velo,2.8
6068525,5,medium,medium,refrigerated,Medium max_gap suggests short shelf,1.9230769230769231
6068815,14,medium,medium,frozen,max_gap 8-13 days suggests medium shelf,2.083333333333333
6068817,30,medium,medium,ambient,"max_gap >= 14, not fresh",999.0
6068819,30,medium,medium,ambient,"max_gap >= 14, not fresh",26.0
6068855,9999,low,high,ambient,Non-food service: camel,2.1666666666666665
6068857,9999,low,high,ambient,Non-food service: camel,3.25
6068871,5,medium,medium,refrigerated,Medium max_gap suggests short shelf,2.333333333333333
6068873,9999,low,high,ambient,Non-food service: velo,2.8
6068912,30,medium,medium,ambient,"max_gap >= 14, not fresh",999.0
6068946,14,medium,medium,frozen,max_gap 8-13 days suggests medium shelf,6.5
6069548,9999,low,high,ambient,Non-food service: velo,1.3333333333333333
6069749,1,high,medium,refrigerated,Short max_gap suggests fresh,1.0
6069980,9999,low,high,ambient,Non-food service: velo,2.090909090909091
6070121,1,high,medium,refrigerated,Short max_gap suggests fresh,1.0526315789473684
6070142,5,medium,medium,refrigerated,Medium max_gap suggests short shelf,1.3571428571428572
6071618,9999,low,high,ambient,Non-food service: velo,1.9090909090909087
6071689,30,medium,medium,ambient,"max_gap >= 14, not fresh",999.0
6071738,30,medium,medium,ambient,"max_gap >= 14, not fresh",999.0
6071740,9999,low,high,ambient,Non-food service: klip,999.0
6071743,14,medium,medium,frozen,max_gap 8-13 days suggests medium shelf,6.0
6071798,5,medium,medium,refrigerated,Medium max_gap suggests short shelf,2.111111111111111
6071843,30,medium,medium,ambient,"max_gap >= 14, not fresh",999.0
607196,30,medium,medium,ambient,"max_gap >= 14, not fresh",10.75
6072013,180,low,high,ambient,Alcoholic beverage,1.0625
6072201,30,medium,medium,ambient,"max_gap >= 14, not fresh",999.0
6072426,30,medium,medium,ambient,"max_gap >= 14, not fresh",999.0
6072437,5,medium,medium,refrigerated,Medium max_gap suggests short shelf,2.6666666666666665
6073332,30,medium,medium,ambient,"max_gap >= 14, not fresh",999.0
6073341,30,medium,medium,ambient,"max_gap >= 14, not fresh",999.0
6074129,9999,low,high,ambient,Non-food service: marlboro,1.8571428571428568
6074502,9999,low,high,ambient,Non-food service: sko,999.0
6074503,5,medium,medium,refrigerated,Medium max_gap suggests short shelf,1.8333333333333333
6074612,5,medium,medium,refrigerated,Medium max_gap suggests short shelf,4.0
6074788,90,low,high,ambient,Long shelf product: lassi,2.25
6074968,30,medium,medium,ambient,"max_gap >= 14, not fresh",999.0
6075041,9999,low,high,ambient,Non-food service: klip,3.0
6076794,5,medium,medium,refrigerated,Medium max_gap suggests short shelf,1.6666666666666667
6077756,30,medium,medium,ambient,"max_gap >= 14, not fresh",999.0
6077804,30,medium,medium,ambient,"max_gap >= 14, not fresh",999.0
6077895,30,medium,medium,ambient,"max_gap >= 14, not fresh",999.0
6077903,30,medium,medium,ambient,"max_gap >= 14, not fresh",999.0
6078754,180,low,high,ambient,Alcoholic beverage,999.0
6079661,30,medium,high,frozen,Medium shelf product: is,999.0
611104,14,medium,medium,frozen,max_gap 8-13 days suggests medium shelf,1.894736842105263
611105,5,medium,medium,refrigerated,Medium max_gap suggests short shelf,1.77
611107,5,medium,medium,refrigerated,Medium max_gap suggests short shelf,1.5083333333333333
611109,14,medium,medium,frozen,max_gap 8-13 days suggests medium shelf,2.0804597701149423
611110,14,medium,medium,frozen,max_gap 8-13 days suggests medium shelf,2.1341463414634148
611113,7,medium,high,refrigerated,"Pizza (fresh, <14 days)",1.8645833333333333
611119,14,medium,medium,frozen,max_gap 8-13 days suggests medium shelf,2.0454545454545454
611132,14,medium,medium,frozen,max_gap 8-13 days suggests medium shelf,2.36
611135,5,medium,medium,refrigerated,Medium max_gap suggests short shelf,1.2482758620689656
611137,14,medium,medium,frozen,max_gap 8-13 days suggests medium shelf,2.381578947368421
611145,5,medium,medium,refrigerated,Medium max_gap suggests short shelf,1.3308823529411764
611233,30,medium,medium,ambient,"max_gap >= 14, not fresh",13.4
611345,30,medium,medium,ambient,"max_gap >= 14, not fresh",25.142857142857142
611348,30,medium,medium,ambient,"max_gap >= 14, not fresh",16.4
611373,30,medium,medium,ambient,"max_gap >= 14, not fresh",14.545454545454543
611374,30,medium,medium,ambient,"max_gap >= 14, not fresh",26.83333333333333
611378,30,medium,medium,ambient,"max_gap >= 14, not fresh",20.0
611404,120,low,high,ambient,Long shelf life product: drik,23.142857142857142
613091,30,medium,medium,ambient,"max_gap >= 14, not fresh",5.0
613092,30,medium,medium,ambient,"max_gap >= 14, not fresh",1.7047619047619047
613096,30,medium,medium,ambient,"max_gap >= 14, not fresh",3.954545454545455
613100,180,low,high,ambient,Alcoholic beverage,3.5405405405405403
613418,30,medium,medium,ambient,"max_gap >= 14, not fresh",5.4375
614897,14,medium,medium,frozen,max_gap 8-13 days suggests medium shelf,2.661764705882353
614898,14,medium,medium,frozen,max_gap 8-13 days suggests medium shelf,2.0348837209302326
614899,30,medium,high,frozen,Medium shelf product: skinke,2.864406779661017
614900,30,medium,high,frozen,"Pizza (frozen, >=14 days)",2.793650793650793
614901,30,medium,medium,ambient,"max_gap >= 14, not fresh",4.72972972972973
614905,30,medium,medium,ambient,"max_gap >= 14, not fresh",4.702702702702703
614911,30,medium,medium,ambient,"max_gap >= 14, not fresh",6.178571428571429
614933,14,medium,medium,frozen,max_gap 8-13 days suggests medium shelf,2.108433734939759
614952,30,medium,high,frozen,Medium shelf product: skinke,8.238095238095237
615183,1,high,medium,refrigerated,Short max_gap suggests fresh,1.0169491525423728
615185,5,medium,medium,refrigerated,Medium max_gap suggests short shelf,1.6901408450704225
615187,5,medium,medium,refrigerated,Medium max_gap suggests short shelf,1.5125
615235,30,medium,medium,ambient,"max_gap >= 14, not fresh",2.4133333333333336
615420,30,medium,medium,ambient,"max_gap >= 14, not fresh",2.4133333333333336
615422,14,medium,medium,frozen,max_gap 8-13 days suggests medium shelf,3.067796610169492
615423,5,medium,medium,refrigerated,Medium max_gap suggests short shelf,1.167741935483871
615424,14,medium,medium,frozen,max_gap 8-13 days suggests medium shelf,3.425531914893617
615425,5,medium,medium,refrigerated,Medium max_gap suggests short shelf,1.7403846153846154
615426,5,medium,medium,refrigerated,Medium max_gap suggests short shelf,1.3407407407407408
615433,5,medium,medium,refrigerated,Medium max_gap suggests short shelf,1.103658536585366
615434,5,medium,medium,refrigerated,Medium max_gap suggests short shelf,1.1830065359477124
615435,5,medium,medium,refrigerated,Medium max_gap suggests short shelf,1.4365079365079363
615437,30,medium,medium,ambient,"max_gap >= 14, not fresh",5.205882352941177
615438,30,medium,medium,ambient,"max_gap >= 14, not fresh",7.173913043478261
615439,30,medium,medium,ambient,"max_gap >= 14, not fresh",7.95
615440,14,medium,medium,frozen,max_gap 8-13 days suggests medium shelf,2.5492957746478875
615441,5,medium,medium,refrigerated,Medium max_gap suggests short shelf,2.117647058823529
615443,14,medium,medium,frozen,max_gap 8-13 days suggests medium shelf,2.3506493506493507
615444,30,medium,medium,ambient,"max_gap >= 14, not fresh",5.709677419354839
615448,5,medium,medium,refrigerated,Medium max_gap suggests short shelf,2.567164179104477
615557,120,low,high,ambient,Long shelf life product: drik,25.0
615558,9999,low,high,ambient,Non-food service: shaker,19.22222222222222
615584,30,medium,medium,ambient,"max_gap >= 14, not fresh",3.62
616483,30,medium,high,frozen,Medium shelf product: is,3.0701754385964914
616488,30,medium,high,frozen,Medium shelf product: is,5.303030303030303
616502,30,medium,medium,ambient,"max_gap >= 14, not fresh",2.464788732394366
616503,30,medium,medium,ambient,"max_gap >= 14, not fresh",4.384615384615385
616803,9999,low,high,ambient,Non-food service: klip,1.5739130434782609
616814,180,low,high,ambient,Alcoholic beverage,5.392857142857143
616821,30,medium,medium,ambient,"max_gap >= 14, not fresh",3.130434782608696
616839,9999,low,high,ambient,Non-food service: diverse,1.4367816091954022
616853,9999,low,high,ambient,Non-food service: diverse,5.375
616865,14,medium,medium,frozen,max_gap 8-13 days suggests medium shelf,3.8620689655172415
617037,5,medium,medium,refrigerated,Medium max_gap suggests short shelf,1.046242774566474
617038,5,medium,medium,refrigerated,Medium max_gap suggests short shelf,1.2857142857142858
617039,5,medium,medium,refrigerated,Medium max_gap suggests short shelf,1.3533834586466165
617040,5,medium,medium,refrigerated,Medium max_gap suggests short shelf,1.4916666666666667
617125,30,medium,medium,ambient,"max_gap >= 14, not fresh",7.291666666666667
617131,9999,low,high,ambient,Non-food service: shaker,2.4324324324324325
617132,9999,low,high,ambient,Non-food service: shaker,3.333333333333333
617157,30,medium,medium,ambient,"max_gap >= 14, not fresh",10.11111111111111
617163,30,medium,medium,ambient,"max_gap >= 14, not fresh",17.875
617164,30,medium,medium,ambient,"max_gap >= 14, not fresh",17.22222222222222
617958,14,medium,low,ambient,Unspecified - assumed medium shelf,1.587719298245614
618898,14,medium,low,ambient,Unspecified - assumed medium shelf,1.0710059171597632
619221,30,medium,high,frozen,Medium shelf product: is,18.0
619222,30,medium,medium,ambient,"max_gap >= 14, not fresh",14.8
619223,30,medium,medium,ambient,"max_gap >= 14, not fresh",9.882352941176473
619227,30,medium,medium,ambient,"max_gap >= 14, not fresh",13.25
619228,30,medium,medium,ambient,"max_gap >= 14, not fresh",51.333333333333336
619237,30,medium,medium,ambient,"max_gap >= 14, not fresh",38.0
619238,30,medium,medium,ambient,"max_gap >= 14, not fresh",6.782608695652174
619239,30,medium,medium,ambient,"max_gap >= 14, not fresh",6.4
619242,9999,low,high,ambient,Non-food service: rep,26.0
619551,30,medium,medium,ambient,"max_gap >= 14, not fresh",28.33333333333333
619552,30,medium,medium,ambient,"max_gap >= 14, not fresh",51.66666666666666
619554,30,medium,medium,ambient,"max_gap >= 14, not fresh",60.5
619561,30,medium,medium,ambient,"max_gap >= 14, not fresh",17.88888888888889
619563,30,medium,high,frozen,Medium shelf product: is,9.210526315789474
619572,30,medium,medium,ambient,"max_gap >= 14, not fresh",76.5
619581,30,medium,medium,ambient,"max_gap >= 14, not fresh",22.857142857142858
619582,30,medium,medium,ambient,"max_gap >= 14, not fresh",12.461538461538462
619585,30,medium,medium,ambient,"max_gap >= 14, not fresh",22.0
619586,30,medium,medium,ambient,"max_gap >= 14, not fresh",12.333333333333334
619594,30,medium,medium,ambient,"max_gap >= 14, not fresh",9.529411764705882
619777,5,medium,medium,refrigerated,Medium max_gap suggests short shelf,1.2066666666666668
619778,5,medium,medium,refrigerated,Medium max_gap suggests short shelf,1.4516129032258065
619779,5,medium,medium,refrigerated,Medium max_gap suggests short shelf,1.2066666666666668
619782,14,medium,medium,frozen,max_gap 8-13 days suggests medium shelf,1.381679389312977
619783,5,medium,medium,refrigerated,Medium max_gap suggests short shelf,1.3185185185185184
619784,5,medium,medium,refrigerated,Medium max_gap suggests short shelf,1.2147651006711409
619785,5,medium,medium,refrigerated,Medium max_gap suggests short shelf,1.2746478873239435
619786,5,medium,medium,refrigerated,Medium max_gap suggests short shelf,1.2312925170068028
619787,5,medium,medium,refrigerated,Medium max_gap suggests short shelf,1.1907894736842106
619788,5,medium,medium,refrigerated,Medium max_gap suggests short shelf,1.651376146788991
619789,5,medium,medium,refrigerated,Medium max_gap suggests short shelf,1.2328767123287672
619790,14,medium,medium,frozen,max_gap 8-13 days suggests medium shelf,2.647058823529412
619791,14,medium,medium,frozen,max_gap 8-13 days suggests medium shelf,2.2467532467532467
619792,5,medium,medium,refrigerated,Medium max_gap suggests short shelf,1.9777777777777776
619796,5,medium,medium,refrigerated,Medium max_gap suggests short shelf,1.2482758620689656
619802,5,medium,medium,refrigerated,Medium max_gap suggests short shelf,1.7019230769230769
622060,7,medium,high,refrigerated,"Pizza (fresh, <14 days)",1.3740458015267176
622061,7,medium,high,refrigerated,"Pizza (fresh, <14 days)",1.3740458015267176
622062,180,low,high,ambient,Alcoholic beverage,1.4365079365079363
622063,5,medium,medium,refrigerated,Medium max_gap suggests short shelf,1.587719298245614
622065,5,medium,medium,refrigerated,Medium max_gap suggests short shelf,1.371212121212121
622067,5,medium,medium,refrigerated,Medium max_gap suggests short shelf,1.4251968503937007
622070,14,medium,medium,frozen,max_gap 8-13 days suggests medium shelf,1.5384615384615383
622073,5,medium,medium,refrigerated,Medium max_gap suggests short shelf,2.01123595505618
622076,5,medium,medium,refrigerated,Medium max_gap suggests short shelf,1.8854166666666667
622079,7,medium,medium,refrigerated,Moderate gap (8.0d) suggests short shelf,1.371212121212121
622080,5,medium,medium,refrigerated,Short gap (7.0d) suggests short shelf,1.865979381443299
622081,7,medium,medium,refrigerated,Moderate gap (11.0d) suggests short shelf,2.452054794520548
622082,5,medium,medium,refrigerated,Short gap (7.0d) suggests short shelf,2.2948717948717947
622084,7,medium,medium,refrigerated,Moderate gap (9.0d) suggests short shelf,1.894736842105263
622088,7,medium,medium,refrigerated,Moderate gap (9.0d) suggests short shelf,2.156626506024097
622090,5,medium,medium,refrigerated,Short gap (7.0d) suggests short shelf,1.978021978021978
622091,7,medium,medium,refrigerated,Moderate gap (11.0d) suggests short shelf,2.278481012658228
622094,5,medium,medium,refrigerated,Short gap (7.0d) suggests short shelf,1.3021582733812949
622104,7,medium,medium,refrigerated,Moderate gap (12.0d) suggests short shelf,2.130952380952381
622138,7,medium,medium,refrigerated,Moderate gap (12.0d) suggests short shelf,2.712121212121212
622140,5,medium,medium,refrigerated,Short gap (7.0d) suggests short shelf,1.4715447154471544
622145,7,medium,medium,refrigerated,Moderate gap (12.0d) suggests short shelf,2.6666666666666665
622248,5,medium,medium,refrigerated,Short gap (5.0d) suggests short shelf,1.5254237288135593
622249,5,medium,medium,refrigerated,Short gap (5.0d) suggests short shelf,1.487603305785124
622267,180,low,medium,ambient,Long gap (999.0d) suggests long shelf,999.0
622339,7,medium,medium,refrigerated,Moderate gap (13.0d) suggests short shelf,3.53061224489796
622340,7,medium,medium,refrigerated,Moderate gap (8.0d) suggests short shelf,2.4444444444444446
622344,5,medium,medium,refrigerated,Short gap (7.0d) suggests short shelf,1.925531914893617
622345,7,medium,medium,refrigerated,Moderate gap (8.0d) suggests short shelf,2.142857142857143
622348,30,medium,medium,refrigerated,Medium gap (18.0d) suggests medium shelf,4.425
622350,30,medium,medium,refrigerated,Medium gap (23.0d) suggests medium shelf,3.4150943396226414
622353,7,medium,medium,refrigerated,Moderate gap (8.0d) suggests short shelf,2.3506493506493507
622355,5,medium,medium,refrigerated,Short gap (7.0d) suggests short shelf,2.2375
622356,30,medium,medium,refrigerated,Medium gap (14.0d) suggests medium shelf,3.74468085106383
622357,7,medium,medium,refrigerated,Moderate gap (9.0d) suggests short shelf,3.185185185185185
622364,30,medium,medium,refrigerated,Medium gap (14.0d) suggests medium shelf,3.086206896551724
622369,7,medium,medium,refrigerated,Moderate gap (11.0d) suggests short shelf,3.067796610169492
622371,30,medium,medium,refrigerated,Medium gap (22.0d) suggests medium shelf,4.657894736842105
622372,30,medium,medium,refrigerated,Medium gap (14.0d) suggests medium shelf,3.866666666666666
622378,30,medium,medium,refrigerated,Medium gap (25.0d) suggests medium shelf,5.088235294117647
622382,5,medium,medium,refrigerated,Short gap (6.0d) suggests short shelf,2.2625
622385,30,medium,medium,refrigerated,Medium gap (15.0d) suggests medium shelf,4.390243902439025
622386,30,medium,high,refrigerated,Medium shelf: meat,2.220779220779221
622391,7,medium,medium,refrigerated,Moderate gap (13.0d) suggests short shelf,4.095238095238095
622512,7,medium,medium,refrigerated,Moderate gap (9.0d) suggests short shelf,2.535211267605634
622514,180,low,high,ambient,Long shelf item: mel,1.547008547008547
622597,14,medium,medium,ambient,Unspecified product - default to 14 days,2.734375
622811,30,medium,medium,refrigerated,Medium gap (14.0d) suggests medium shelf,1.117283950617284
622812,30,medium,medium,refrigerated,Medium gap (15.0d) suggests medium shelf,1.1986754966887416
622815,30,medium,medium,refrigerated,Medium gap (14.0d) suggests medium shelf,1.103658536585366
622816,30,medium,medium,refrigerated,Medium gap (34.0d) suggests medium shelf,9.636363636363637
622817,30,medium,medium,refrigerated,Medium gap (15.0d) suggests medium shelf,1.3308823529411764
622818,30,medium,medium,refrigerated,Medium gap (17.0d) suggests medium shelf,2.71875
624764,14,medium,medium,ambient,Unspecified product - default to 14 days,1.0225988700564972
629071,30,medium,medium,refrigerated,Medium gap (74.0d) suggests medium shelf,4.045454545454546
629351,7,medium,medium,refrigerated,Moderate gap (13.0d) suggests short shelf,1.7722772277227723
629374,180,low,high,ambient,Long shelf item: mel,1.5
630247,5,medium,medium,refrigerated,Short gap (4.0d) suggests short shelf,1.2094594594594594
630261,5,medium,medium,refrigerated,Short gap (5.0d) suggests short shelf,1.289855072463768
630267,5,medium,medium,refrigerated,Short gap (3.0d) suggests short shelf,1.0225988700564972
630294,5,medium,medium,refrigerated,Short gap (4.0d) suggests short shelf,1.103658536585366
630304,5,medium,medium,refrigerated,Short gap (4.0d) suggests short shelf,1.0903614457831323
630328,5,medium,medium,refrigerated,Short gap (3.0d) suggests short shelf,1.0168539325842696
630338,30,medium,medium,refrigerated,Medium gap (37.0d) suggests medium shelf,20.428571428571427
630347,5,medium,medium,refrigerated,Short gap (5.0d) suggests short shelf,1.0903614457831323
630355,5,medium,medium,refrigerated,Short gap (3.0d) suggests short shelf,1.0168539325842696
630375,5,medium,medium,refrigerated,Short gap (3.0d) suggests short shelf,1.0342857142857145
630383,5,medium,medium,refrigerated,Short gap (3.0d) suggests short shelf,1.0225988700564972
630392,7,medium,medium,refrigerated,Moderate gap (9.0d) suggests short shelf,2.0804597701149423
630397,5,medium,medium,refrigerated,Short gap (3.0d) suggests short shelf,1.0168539325842696
630403,5,medium,medium,refrigerated,Short gap (3.0d) suggests short shelf,1.0168539325842696
630413,5,medium,medium,refrigerated,Short gap (3.0d) suggests short shelf,1.0168539325842696
630414,5,medium,medium,refrigerated,Short gap (3.0d) suggests short shelf,1.13125
630418,7,medium,medium,refrigerated,Moderate gap (12.0d) suggests short shelf,2.142857142857143
630423,30,medium,medium,refrigerated,Medium gap (19.0d) suggests medium shelf,4.885714285714286
638259,7,medium,medium,refrigerated,Moderate gap (11.0d) suggests short shelf,4.243902439024391
638262,30,medium,medium,refrigerated,Medium gap (18.0d) suggests medium shelf,5.931034482758621
638307,180,low,high,ambient,Long shelf item: mel,2.034482758620689
638389,30,medium,medium,refrigerated,Medium gap (24.0d) suggests medium shelf,5.7
638784,30,medium,medium,refrigerated,Medium gap (28.0d) suggests medium shelf,2.626865671641791
638788,5,medium,medium,refrigerated,Short gap (7.0d) suggests short shelf,1.806122448979592
638789,5,medium,medium,refrigerated,Short gap (7.0d) suggests short shelf,1.6071428571428572
638791,5,medium,medium,refrigerated,Short gap (6.0d) suggests short shelf,1.6296296296296295
638793,7,medium,medium,refrigerated,Moderate gap (11.0d) suggests short shelf,2.9672131147540983
638795,7,medium,medium,refrigerated,Moderate gap (8.0d) suggests short shelf,1.81
638800,7,medium,medium,refrigerated,Moderate gap (11.0d) suggests short shelf,2.269230769230769
638807,7,medium,medium,refrigerated,Moderate gap (10.0d) suggests short shelf,2.95
638815,5,medium,medium,refrigerated,Short gap (6.0d) suggests short shelf,2.1547619047619047
638816,5,medium,medium,refrigerated,Short gap (6.0d) suggests short shelf,1.7075471698113207
638818,7,medium,medium,refrigerated,Moderate gap (9.0d) suggests short shelf,3.0526315789473686
638820,5,medium,medium,refrigerated,Short gap (6.0d) suggests short shelf,1.69811320754717
638826,7,medium,medium,refrigerated,Moderate gap (9.0d) suggests short shelf,2.4133333333333336
640518,30,medium,medium,refrigerated,Medium gap (42.0d) suggests medium shelf,10.055555555555555
641478,180,low,medium,ambient,Long gap (999.0d) suggests long shelf,999.0
641523,180,low,medium,ambient,Long gap (999.0d) suggests long shelf,999.0
641524,30,medium,medium,refrigerated,Medium gap (84.0d) suggests medium shelf,56.5
641529,180,low,medium,ambient,Long gap (999.0d) suggests long shelf,999.0
641532,180,low,medium,ambient,Long gap (118.0d) suggests long shelf,118.0
641547,30,medium,high,refrigerated,milk - gap suggests longer shelf,117.0
641549,180,low,medium,ambient,Long gap (999.0d) suggests long shelf,999.0
645231,7,medium,medium,refrigerated,Moderate gap (9.0d) suggests short shelf,3.6666666666666665
645239,30,medium,medium,refrigerated,Medium gap (37.0d) suggests medium shelf,22.375
645243,180,low,high,ambient,Long shelf item: spice,18.666666666666668
647651,5,medium,medium,refrigerated,Short gap (4.0d) suggests short shelf,1.4251968503937007
648907,30,medium,high,refrigerated,mad - gap suggests longer shelf,3.888888888888889
648968,7,medium,medium,refrigerated,Moderate gap (9.0d) suggests short shelf,2.647058823529412
648974,5,medium,medium,refrigerated,Short gap (7.0d) suggests short shelf,1.5338983050847457
648988,5,medium,high,refrigerated,Short shelf: mad,2.727272727272727
651064,5,medium,medium,refrigerated,Short gap (5.0d) suggests short shelf,1.584070796460177
655081,7,medium,medium,refrigerated,Moderate gap (9.0d) suggests short shelf,2.2911392405063293
656175,5,medium,medium,refrigerated,Short gap (4.0d) suggests short shelf,1.083832335329341
656182,5,medium,medium,refrigerated,Short gap (4.0d) suggests short shelf,1.13125
656184,5,medium,medium,refrigerated,Short gap (6.0d) suggests short shelf,1.6759259259259258
656186,5,medium,medium,refrigerated,Short gap (5.0d) suggests short shelf,1.6388888888888888
656195,5,medium,medium,refrigerated,Short gap (5.0d) suggests short shelf,1.448
656204,5,medium,medium,refrigerated,Short gap (3.0d) suggests short shelf,1.2571428571428571
656211,5,medium,medium,refrigerated,Short gap (5.0d) suggests short shelf,1.2397260273972603
656216,7,medium,medium,refrigerated,Moderate gap (8.0d) suggests short shelf,2.3205128205128207
656220,7,medium,medium,refrigerated,Moderate gap (8.0d) suggests short shelf,1.9775280898876404
656225,5,medium,medium,refrigerated,Short gap (4.0d) suggests short shelf,1.226027397260274
656235,5,medium,medium,refrigerated,Short gap (7.0d) suggests short shelf,1.9666666666666663
656267,7,medium,medium,refrigerated,Moderate gap (12.0d) suggests short shelf,2.240506329113924
656366,5,medium,medium,refrigerated,Short gap (6.0d) suggests short shelf,1.4516129032258065
656367,5,medium,medium,refrigerated,Short gap (4.0d) suggests short shelf,1.283687943262411
656472,30,medium,medium,refrigerated,Medium gap (21.0d) suggests medium shelf,2.873015873015873
656476,30,medium,medium,refrigerated,Medium gap (25.0d) suggests medium shelf,8.157894736842104
656714,5,medium,medium,refrigerated,Short gap (6.0d) suggests short shelf,1.3043478260869563
656729,7,medium,medium,refrigerated,Moderate gap (9.0d) suggests short shelf,1.3043478260869563
656731,5,medium,high,refrigerated,Short shelf: mad,1.3846153846153846
656947,14,medium,medium,ambient,Unspecified product - default to 14 days,1.865979381443299
658044,5,medium,medium,refrigerated,Short gap (5.0d) suggests short shelf,1.3636363636363635
658171,30,medium,medium,refrigerated,Medium gap (20.0d) suggests medium shelf,5.147058823529412
658354,5,medium,high,refrigerated,Short shelf: mad,2.1951219512195124
658523,7,medium,medium,refrigerated,Moderate gap (10.0d) suggests short shelf,1.5625
658553,30,medium,medium,refrigerated,Medium gap (17.0d) suggests medium shelf,4.944444444444445
658614,5,medium,medium,refrigerated,Short gap (4.0d) suggests short shelf,1.2344827586206897
660328,5,medium,medium,refrigerated,Short gap (4.0d) suggests short shelf,1.1455696202531649
662092,30,medium,medium,refrigerated,Medium gap (24.0d) suggests medium shelf,6.666666666666667
662122,30,medium,medium,refrigerated,Medium gap (21.0d) suggests medium shelf,7.130434782608695
662133,30,medium,medium,refrigerated,Medium gap (30.0d) suggests medium shelf,7.318181818181818
662157,30,medium,medium,refrigerated,Medium gap (19.0d) suggests medium shelf,6.518518518518518
662232,30,medium,medium,refrigerated,Medium gap (29.0d) suggests medium shelf,5.866666666666666
662237,30,medium,medium,refrigerated,Medium gap (19.0d) suggests medium shelf,6.172413793103448
666034,30,medium,medium,refrigerated,Medium gap (23.0d) suggests medium shelf,4.764705882352941
666056,5,medium,medium,refrigerated,Short gap (5.0d) suggests short shelf,1.1830065359477124
666262,30,medium,medium,refrigerated,Medium gap (18.0d) suggests medium shelf,3.571428571428572
666264,7,medium,medium,refrigerated,Moderate gap (12.0d) suggests short shelf,3.28
666366,30,medium,medium,refrigerated,Medium gap (20.0d) suggests medium shelf,4.410256410256411
666368,7,medium,medium,refrigerated,Moderate gap (10.0d) suggests short shelf,2.3943661971830985
666614,180,low,high,ambient,Long shelf item: drik,15.166666666666666
666617,30,medium,medium,refrigerated,Medium gap (36.0d) suggests medium shelf,22.33333333333333
666636,30,medium,medium,refrigerated,Medium gap (18.0d) suggests medium shelf,4.461538461538462
66674,180,low,medium,ambient,Long gap (999.0d) suggests long shelf,999.0
667208,30,medium,medium,refrigerated,Medium gap (25.0d) suggests medium shelf,4.684210526315789
667210,30,medium,high,refrigerated,Medium shelf: skinke,3.259259259259259
667211,5,medium,medium,refrigerated,Short gap (7.0d) suggests short shelf,1.81
667214,7,medium,medium,refrigerated,Moderate gap (12.0d) suggests short shelf,3.86046511627907
667216,5,medium,medium,refrigerated,Short gap (7.0d) suggests short shelf,2.158536585365854
667217,30,medium,medium,refrigerated,Medium gap (19.0d) suggests medium shelf,3.62
667222,7,medium,medium,refrigerated,Moderate gap (12.0d) suggests short shelf,3.804347826086957
667226,7,medium,medium,refrigerated,Moderate gap (10.0d) suggests short shelf,3.930232558139535
667231,30,medium,medium,refrigerated,Medium gap (16.0d) suggests medium shelf,4.375
667232,30,medium,medium,refrigerated,Medium gap (22.0d) suggests medium shelf,4.914285714285715
667233,30,medium,medium,refrigerated,Medium gap (18.0d) suggests medium shelf,3.067796610169492
667236,30,medium,medium,refrigerated,Medium gap (16.0d) suggests medium shelf,4.473684210526316
667239,30,medium,medium,refrigerated,Medium gap (22.0d) suggests medium shelf,4.837837837837838
667240,30,medium,medium,refrigerated,Medium gap (14.0d) suggests medium shelf,2.983050847457627
667245,30,medium,medium,refrigerated,Medium gap (23.0d) suggests medium shelf,5.9
667246,30,medium,medium,refrigerated,Medium gap (18.0d) suggests medium shelf,5.645161290322581
667255,7,medium,medium,refrigerated,Moderate gap (8.0d) suggests short shelf,1.904255319148936
667258,30,medium,medium,refrigerated,Medium gap (24.0d) suggests medium shelf,4.641025641025641
667494,30,medium,medium,refrigerated,Medium gap (20.0d) suggests medium shelf,4.702702702702703
667549,14,medium,medium,ambient,Unspecified product - default to 14 days,2.3552631578947367
667762,14,medium,medium,ambient,Unspecified product - default to 14 days,2.2948717948717947
667930,14,medium,medium,ambient,Unspecified product - default to 14 days,35.333333333333336
668101,14,medium,medium,ambient,Unspecified product - default to 14 days,3.7777777777777777
671392,30,medium,medium,refrigerated,Medium gap (19.0d) suggests medium shelf,3.5098039215686274
672708,14,medium,medium,ambient,Unspecified product - default to 14 days,1.0342857142857145
672914,30,medium,medium,refrigerated,Medium gap (29.0d) suggests medium shelf,8.3
672915,30,medium,medium,refrigerated,Medium gap (62.0d) suggests medium shelf,10.928571428571429
672916,30,medium,medium,refrigerated,Medium gap (28.0d) suggests medium shelf,21.0
672917,180,low,medium,ambient,Long gap (106.0d) suggests long shelf,106.0
672918,180,low,medium,ambient,Long gap (112.0d) suggests long shelf,38.25
672920,30,medium,medium,refrigerated,Medium gap (23.0d) suggests medium shelf,23.0
672922,7,medium,medium,refrigerated,Moderate gap (9.0d) suggests short shelf,9.0
672924,30,medium,medium,refrigerated,Medium gap (45.0d) suggests medium shelf,27.666666666666668
672925,30,medium,medium,refrigerated,Medium gap (48.0d) suggests medium shelf,19.75
672926,30,medium,medium,refrigerated,Medium gap (18.0d) suggests medium shelf,11.0
672928,30,medium,medium,refrigerated,Medium gap (71.0d) suggests medium shelf,23.5
672931,180,low,high,ambient,Long shelf item: rom,27.0
672932,30,medium,medium,refrigerated,Medium gap (56.0d) suggests medium shelf,32.0
672934,30,medium,medium,refrigerated,Medium gap (31.0d) suggests medium shelf,15.6
672941,30,medium,medium,refrigerated,Medium gap (65.0d) suggests medium shelf,37.333333333333336
672945,7,medium,medium,refrigerated,Moderate gap (10.0d) suggests short shelf,6.333333333333333
672956,2,high,medium,refrigerated,Very short gap (1.0d) suggests fresh,1.0
672962,30,medium,medium,refrigerated,Medium gap (40.0d) suggests medium shelf,22.8
672979,7,medium,medium,refrigerated,Moderate gap (9.0d) suggests short shelf,9.0
673995,14,medium,medium,ambient,Unspecified product - default to 14 days,1.083832335329341
674944,30,medium,medium,refrigerated,Medium gap (15.0d) suggests medium shelf,5.411764705882353
674945,30,medium,medium,refrigerated,Medium gap (18.0d) suggests medium shelf,4.222222222222222
674948,30,medium,medium,refrigerated,Medium gap (15.0d) suggests medium shelf,4.0344827586206895
674950,30,medium,medium,refrigerated,Medium gap (21.0d) suggests medium shelf,8.266666666666667
674952,30,medium,medium,refrigerated,Medium gap (15.0d) suggests medium shelf,3.8484848484848486
674953,30,medium,medium,refrigerated,Medium gap (29.0d) suggests medium shelf,7.428571428571429
674954,30,medium,medium,refrigerated,Medium gap (21.0d) suggests medium shelf,5.0
674955,30,medium,medium,refrigerated,Medium gap (15.0d) suggests medium shelf,5.9
674958,30,medium,medium,refrigerated,Medium gap (44.0d) suggests medium shelf,8.066666666666666
674961,7,medium,medium,refrigerated,Moderate gap (9.0d) suggests short shelf,2.8222222222222224
674962,30,medium,medium,refrigerated,Medium gap (22.0d) suggests medium shelf,7.647058823529412
674963,30,medium,medium,refrigerated,Medium gap (15.0d) suggests medium shelf,4.956521739130435
674976,30,medium,medium,refrigerated,Medium gap (18.0d) suggests medium shelf,4.379310344827586
674993,30,medium,medium,refrigerated,Medium gap (18.0d) suggests medium shelf,8.333333333333334
674994,30,medium,medium,refrigerated,Medium gap (23.0d) suggests medium shelf,7.2
675041,30,medium,medium,refrigerated,Medium gap (46.0d) suggests medium shelf,7.2105263157894735
675103,30,medium,medium,refrigerated,Medium gap (34.0d) suggests medium shelf,22.25
675127,180,low,medium,ambient,Long gap (999.0d) suggests long shelf,999.0
677717,5,medium,medium,refrigerated,Short gap (6.0d) suggests short shelf,1.6454545454545455
677720,5,medium,medium,refrigerated,Short gap (6.0d) suggests short shelf,2.034090909090909
682623,14,medium,medium,ambient,Unspecified product - default to 14 days,7.055555555555555
684353,30,medium,medium,refrigerated,Medium gap (17.0d) suggests medium shelf,1.75
684421,30,medium,medium,refrigerated,Medium gap (32.0d) suggests medium shelf,20.666666666666668
684871,30,medium,medium,refrigerated,Medium gap (45.0d) suggests medium shelf,17.5
684875,30,medium,medium,refrigerated,Medium gap (72.0d) suggests medium shelf,25.33333333333333
684902,180,low,medium,ambient,Long gap (98.0d) suggests long shelf,71.5
684907,180,low,medium,ambient,Long gap (999.0d) suggests long shelf,999.0
684910,30,medium,medium,refrigerated,Medium gap (20.0d) suggests medium shelf,20.0
684943,30,medium,medium,refrigerated,Medium gap (28.0d) suggests medium shelf,19.83333333333333
684947,30,medium,medium,refrigerated,Medium gap (77.0d) suggests medium shelf,24.5
684949,30,medium,medium,refrigerated,Medium gap (77.0d) suggests medium shelf,24.5
684986,7,medium,medium,refrigerated,Moderate gap (8.0d) suggests short shelf,2.983050847457627
685012,7,medium,medium,refrigerated,Moderate gap (13.0d) suggests short shelf,3.62
686257,14,medium,medium,ambient,Unspecified product - default to 14 days,4.3
686409,30,medium,medium,refrigerated,Medium gap (35.0d) suggests medium shelf,6.346153846153846
686422,180,low,high,ambient,Long shelf item: drik,6.166666666666667
690023,7,medium,medium,refrigerated,Moderate gap (11.0d) suggests short shelf,2.113924050632912
692649,30,medium,medium,refrigerated,Medium gap (25.0d) suggests medium shelf,6.206896551724138
692650,7,medium,medium,refrigerated,Moderate gap (9.0d) suggests short shelf,3.2
692666,7,medium,medium,refrigerated,Moderate gap (8.0d) suggests short shelf,1.6822429906542056
692670,7,medium,medium,refrigerated,Moderate gap (8.0d) suggests short shelf,2.142857142857143
692678,30,medium,medium,refrigerated,Medium gap (25.0d) suggests medium shelf,5.785714285714286
692679,30,medium,medium,refrigerated,Medium gap (15.0d) suggests medium shelf,4.552631578947368
693413,180,low,high,ambient,Long shelf item: krydderi,1.3211678832116789
693418,180,low,high,ambient,Long shelf item: krydderi,1.4958677685950412
693421,180,low,high,ambient,Long shelf item: krydderi,2.142857142857143
693423,180,low,high,ambient,Long shelf item: krydderi,1.4251968503937007
693433,30,medium,medium,refrigerated,Medium gap (15.0d) suggests medium shelf,2.8870967741935485
693435,7,medium,medium,refrigerated,Moderate gap (12.0d) suggests short shelf,2.933333333333333
693439,5,medium,medium,refrigerated,Short gap (7.0d) suggests short shelf,1.7475728155339805
693441,30,medium,medium,refrigerated,Medium gap (17.0d) suggests medium shelf,2.7096774193548385
693443,30,medium,medium,refrigerated,Medium gap (14.0d) suggests medium shelf,2.185185185185185
693446,7,medium,medium,refrigerated,Moderate gap (12.0d) suggests short shelf,2.3552631578947367
693448,7,medium,medium,refrigerated,Moderate gap (12.0d) suggests short shelf,2.2
693454,30,medium,medium,refrigerated,Medium gap (35.0d) suggests medium shelf,2.7777777777777777
694776,14,medium,medium,ambient,Unspecified product - default to 14 days,2.582089552238806
694983,7,medium,medium,refrigerated,Moderate gap (10.0d) suggests short shelf,3.0517241379310347
694984,5,medium,medium,refrigerated,Short gap (6.0d) suggests short shelf,1.7745098039215683
694985,30,medium,high,refrigerated,Medium shelf: skinke,3.4150943396226414
694987,7,medium,medium,refrigerated,Moderate gap (8.0d) suggests short shelf,2.71875
694990,5,medium,medium,refrigerated,Short gap (6.0d) suggests short shelf,1.7572815533980584
694992,7,medium,medium,refrigerated,Moderate gap (11.0d) suggests short shelf,3.6875
694996,7,medium,medium,refrigerated,Moderate gap (13.0d) suggests short shelf,3.4901960784313726
694997,30,medium,medium,refrigerated,Medium gap (23.0d) suggests medium shelf,3.934782608695652
695003,30,medium,medium,refrigerated,Medium gap (14.0d) suggests medium shelf,3.8260869565217392
695006,30,medium,medium,refrigerated,Medium gap (22.0d) suggests medium shelf,4.675675675675675
695009,30,medium,medium,refrigerated,Medium gap (26.0d) suggests medium shelf,4.702702702702703
695497,30,medium,medium,refrigerated,Medium gap (17.0d) suggests medium shelf,5.4375
696518,5,medium,medium,refrigerated,Short gap (6.0d) suggests short shelf,1.4634146341463414
696553,30,medium,medium,refrigerated,Medium gap (18.0d) suggests medium shelf,2.64179104477612
698702,14,medium,medium,ambient,Unspecified product - default to 14 days,1.0284090909090908
699908,5,medium,medium,refrigerated,Short gap (6.0d) suggests short shelf,1.8823529411764703
699918,5,medium,medium,refrigerated,Short gap (4.0d) suggests short shelf,1.3008130081300813
699925,5,medium,medium,refrigerated,Short gap (5.0d) suggests short shelf,1.585858585858586
699928,30,medium,medium,refrigerated,Medium gap (14.0d) suggests medium shelf,2.303030303030303
711431,7,medium,medium,refrigerated,Moderate gap (10.0d) suggests short shelf,1.8026315789473684
712119,30,medium,medium,refrigerated,Medium gap (22.0d) suggests medium shelf,4.941176470588236
712343,30,medium,medium,refrigerated,Medium gap (21.0d) suggests medium shelf,2.857142857142857
716636,30,medium,medium,refrigerated,Medium gap (38.0d) suggests medium shelf,20.2
716637,30,medium,medium,refrigerated,Medium gap (49.0d) suggests medium shelf,25.25
716638,30,medium,medium,refrigerated,Medium gap (29.0d) suggests medium shelf,7.458333333333333
716641,180,low,high,ambient,Long shelf item: coffee,7.15
716645,180,low,high,ambient,Long shelf item: saft,26.5
716647,30,medium,medium,refrigerated,Medium gap (35.0d) suggests medium shelf,15.857142857142858
716648,7,medium,medium,refrigerated,Moderate gap (13.0d) suggests short shelf,7.0
716658,7,medium,medium,refrigerated,Moderate gap (13.0d) suggests short shelf,5.052631578947368
716659,180,low,medium,ambient,Long gap (999.0d) suggests long shelf,999.0
716663,30,medium,medium,refrigerated,Medium gap (14.0d) suggests medium shelf,4.15625
716665,365,low,high,ambient,Alcoholic beverage,1.5555555555555556
716666,365,low,high,ambient,Alcoholic beverage,7.352941176470588
716667,365,low,high,ambient,Alcoholic beverage,2.7291666666666665
716668,365,low,high,ambient,Alcoholic beverage,999.0
716672,365,low,high,ambient,Alcoholic beverage,999.0
716684,30,medium,medium,refrigerated,Medium gap (76.0d) suggests medium shelf,16.375
716744,30,medium,medium,refrigerated,Medium gap (16.0d) suggests medium shelf,4.941176470588236
716745,5,medium,medium,refrigerated,Short gap (6.0d) suggests short shelf,1.81
716748,30,medium,medium,refrigerated,Medium gap (15.0d) suggests medium shelf,3.625
716749,30,medium,medium,refrigerated,Medium gap (22.0d) suggests medium shelf,6.269230769230769
716750,7,medium,medium,refrigerated,Moderate gap (13.0d) suggests short shelf,4.121951219512195
716752,30,medium,medium,refrigerated,Medium gap (14.0d) suggests medium shelf,3.977272727272727
716753,7,medium,medium,refrigerated,Moderate gap (9.0d) suggests short shelf,1.9052631578947368
716758,30,medium,medium,refrigerated,Medium gap (20.0d) suggests medium shelf,6.72
716766,30,medium,medium,refrigerated,Medium gap (22.0d) suggests medium shelf,5.03125
716768,7,medium,medium,refrigerated,Moderate gap (12.0d) suggests short shelf,4.093023255813954
716769,7,medium,medium,refrigerated,Moderate gap (13.0d) suggests short shelf,4.142857142857143
716779,30,medium,medium,refrigerated,Medium gap (36.0d) suggests medium shelf,5.962962962962963
716784,30,medium,medium,refrigerated,Medium gap (35.0d) suggests medium shelf,5.666666666666667
716794,30,medium,medium,refrigerated,Medium gap (21.0d) suggests medium shelf,6.1923076923076925
716845,7,medium,medium,refrigerated,Moderate gap (9.0d) suggests short shelf,1.9662921348314608
716846,9999,low,high,ambient,Non-food item: service/non-edible,3.909090909090909
716850,30,medium,medium,refrigerated,Medium gap (43.0d) suggests medium shelf,10.0625
716851,9999,low,high,ambient,Non-food item: service/non-edible,8.833333333333334
716853,30,medium,medium,refrigerated,Medium gap (23.0d) suggests medium shelf,4.023809523809524
716854,30,medium,medium,refrigerated,Medium gap (37.0d) suggests medium shelf,11.0
716855,7,medium,medium,refrigerated,Moderate gap (8.0d) suggests short shelf,3.017543859649123
716856,180,low,medium,ambient,Long gap (92.0d) suggests long shelf,37.333333333333336
716857,30,medium,medium,refrigerated,Medium gap (25.0d) suggests medium shelf,5.724137931034483
716859,5,medium,medium,refrigerated,Short gap (7.0d) suggests short shelf,1.849462365591397
716860,9999,low,high,ambient,Non-food item: service/non-edible,2.8870967741935485
716861,9999,low,high,ambient,Non-food item: service/non-edible,7.5
716862,9999,low,high,ambient,Non-food item: service/non-edible,1.9659090909090908
716943,7,medium,medium,refrigerated,Moderate gap (13.0d) suggests short shelf,3.4339622641509435
716944,7,medium,medium,refrigerated,Moderate gap (10.0d) suggests short shelf,2.563380281690141
716947,30,medium,medium,refrigerated,Medium gap (28.0d) suggests medium shelf,8.095238095238095
716948,30,medium,medium,refrigerated,Medium gap (21.0d) suggests medium shelf,10.0
716950,7,medium,medium,refrigerated,Moderate gap (8.0d) suggests short shelf,2.4133333333333336
716951,7,medium,medium,refrigerated,Moderate gap (13.0d) suggests short shelf,3.0847457627118646
716952,5,medium,medium,refrigerated,Short gap (7.0d) suggests short shelf,2.1294117647058823
716958,180,low,high,ambient,Long shelf item: energi,6.958333333333333
716959,7,medium,medium,refrigerated,Moderate gap (8.0d) suggests short shelf,2.513888888888889
717413,5,medium,medium,refrigerated,Short gap (6.0d) suggests short shelf,1.169934640522876
717416,5,medium,medium,refrigerated,Short gap (6.0d) suggests short shelf,1.0843373493975903
728439,9999,low,high,ambient,Non-food item: service/non-edible,999.0
728441,7,medium,medium,refrigerated,Moderate gap (10.0d) suggests short shelf,1.723809523809524
739872,180,low,medium,ambient,Long gap (999.0d) suggests long shelf,999.0
739878,180,low,medium,ambient,Long gap (999.0d) suggests long shelf,999.0
739886,180,low,medium,ambient,Long gap (999.0d) suggests long shelf,999.0
739889,180,low,medium,ambient,Long gap (999.0d) suggests long shelf,999.0
739892,180,low,medium,ambient,Long gap (999.0d) suggests long shelf,999.0
739939,180,low,medium,ambient,Long gap (999.0d) suggests long shelf,999.0
739965,180,low,medium,ambient,Long gap (999.0d) suggests long shelf,999.0
739980,180,low,medium,ambient,Long gap (999.0d) suggests long shelf,999.0
740053,180,low,medium,ambient,Long gap (999.0d) suggests long shelf,999.0
751581,30,medium,medium,refrigerated,Medium gap (27.0d) suggests medium shelf,3.5294117647058822
751709,30,medium,medium,refrigerated,Medium gap (16.0d) suggests medium shelf,2.793650793650793
751721,5,medium,medium,refrigerated,Short gap (7.0d) suggests short shelf,2.0454545454545454
751722,30,medium,medium,refrigerated,Medium gap (18.0d) suggests medium shelf,4.5
751723,30,medium,medium,refrigerated,Medium gap (22.0d) suggests medium shelf,4.421052631578948
751725,30,medium,medium,refrigerated,Medium gap (26.0d) suggests medium shelf,6.172413793103448
751726,30,medium,medium,refrigerated,Medium gap (34.0d) suggests medium shelf,10.0625
754935,14,medium,medium,ambient,Unspecified product - default to 14 days,1.0
756750,30,medium,medium,refrigerated,Medium gap (19.0d) suggests medium shelf,5.0285714285714285
757610,14,medium,medium,ambient,Unspecified product - default to 14 days,1.011173184357542
762356,7,medium,medium,refrigerated,Moderate gap (8.0d) suggests short shelf,2.565217391304348
762361,30,medium,medium,refrigerated,Medium gap (27.0d) suggests medium shelf,9.11111111111111
763735,7,medium,medium,refrigerated,Moderate gap (9.0d) suggests short shelf,2.550724637681159
763740,5,medium,medium,refrigerated,Short gap (5.0d) suggests short shelf,1.3308823529411764
763826,5,medium,medium,refrigerated,Short gap (4.0d) suggests short shelf,1.487603305785124
763828,5,medium,medium,refrigerated,Short gap (4.0d) suggests short shelf,1.2657342657342658
763829,7,medium,medium,refrigerated,Moderate gap (9.0d) suggests short shelf,2.0689655172413794
763903,5,medium,medium,refrigerated,Short gap (3.0d) suggests short shelf,1.2312925170068028
763907,5,medium,medium,refrigerated,Short gap (4.0d) suggests short shelf,1.2328767123287672
763911,30,medium,medium,refrigerated,Medium gap (22.0d) suggests medium shelf,6.111111111111111
763912,5,medium,medium,refrigerated,Short gap (3.0d) suggests short shelf,1.222972972972973
764244,30,medium,medium,refrigerated,Medium gap (22.0d) suggests medium shelf,4.805555555555555
764246,5,medium,medium,refrigerated,Short gap (7.0d) suggests short shelf,2.117647058823529
764247,5,medium,medium,refrigerated,Short gap (7.0d) suggests short shelf,2.458333333333333
764249,180,low,high,ambient,Long shelf item: drink,2.588235294117647
764250,180,low,high,ambient,Long shelf item: drink,1.7075471698113207
764251,180,low,high,ambient,Long shelf item: drink,14.0
764258,30,medium,medium,refrigerated,Medium gap (45.0d) suggests medium shelf,18.88888888888889
769697,30,medium,medium,refrigerated,Medium gap (23.0d) suggests medium shelf,2.828125
769752,7,medium,medium,refrigerated,Moderate gap (13.0d) suggests short shelf,3.948717948717949
769792,180,low,high,ambient,Long shelf item: dåse,2.5492957746478875
769859,180,low,high,ambient,Long shelf item: dåse,1.846938775510204
769986,30,medium,medium,refrigerated,Medium gap (23.0d) suggests medium shelf,4.864864864864865
770154,30,medium,medium,refrigerated,Medium gap (23.0d) suggests medium shelf,2.7846153846153845
770235,14,medium,medium,ambient,Unspecified product - default to 14 days,10.2
770253,5,medium,medium,refrigerated,Short gap (5.0d) suggests short shelf,1.3675213675213675
770261,7,medium,medium,refrigerated,Moderate gap (12.0d) suggests short shelf,2.378787878787879
770279,30,medium,medium,refrigerated,Medium gap (23.0d) suggests medium shelf,1.989010989010989
770296,7,medium,medium,refrigerated,Moderate gap (10.0d) suggests short shelf,1.9506172839506173
770305,180,low,high,ambient,Long shelf item: mel,3.65
770311,180,low,high,ambient,Long shelf item: mel,1.6704545454545454
770384,30,medium,medium,refrigerated,Medium gap (27.0d) suggests medium shelf,2.608695652173913
771231,365,low,high,ambient,Alcoholic beverage,4.7631578947368425
781080,5,medium,medium,refrigerated,Short gap (4.0d) suggests short shelf,1.2066666666666668
781085,5,medium,medium,refrigerated,Short gap (5.0d) suggests short shelf,1.371212121212121
781095,5,medium,medium,refrigerated,Short gap (4.0d) suggests short shelf,1.0225988700564972
781097,7,medium,medium,refrigerated,Moderate gap (8.0d) suggests short shelf,2.057471264367816
781099,7,medium,medium,refrigerated,Moderate gap (10.0d) suggests short shelf,1.924731182795699
781101,5,medium,medium,refrigerated,Short gap (4.0d) suggests short shelf,1.2244897959183674
781102,7,medium,medium,refrigerated,Moderate gap (11.0d) suggests short shelf,2.6865671641791047
781104,5,medium,medium,refrigerated,Short gap (7.0d) suggests short shelf,1.8617021276595744
781106,5,medium,medium,refrigerated,Short gap (7.0d) suggests short shelf,2.045977011494253
781115,5,medium,medium,refrigerated,Short gap (6.0d) suggests short shelf,1.3609022556390975
781116,5,medium,medium,refrigerated,Short gap (4.0d) suggests short shelf,1.0903614457831323
781119,5,medium,medium,refrigerated,Short gap (5.0d) suggests short shelf,1.3043478260869563
781120,5,medium,high,refrigerated,Short shelf: bagel,2.1375
781129,5,medium,medium,refrigerated,Short gap (4.0d) suggests short shelf,1.3161764705882353
786564,30,medium,medium,refrigerated,Medium gap (63.0d) suggests medium shelf,51.333333333333336
788130,180,low,high,ambient,Long shelf item: chip,8.555555555555555
788171,30,medium,medium,refrigerated,Medium gap (49.0d) suggests medium shelf,9.714285714285714
789218,14,medium,medium,ambient,Unspecified product - default to 14 days,1.0710059171597632
791967,7,medium,medium,refrigerated,Moderate gap (8.0d) suggests short shelf,2.4776119402985075
799850,30,medium,medium,refrigerated,Medium gap (15.0d) suggests medium shelf,5.7
799852,30,medium,medium,refrigerated,Medium gap (19.0d) suggests medium shelf,7.625
799853,30,medium,medium,refrigerated,Medium gap (14.0d) suggests medium shelf,5.363636363636363
799854,7,medium,medium,refrigerated,Moderate gap (11.0d) suggests short shelf,3.6
799855,5,medium,medium,refrigerated,Short gap (6.0d) suggests short shelf,1.7837837837837838
799857,30,medium,medium,refrigerated,Medium gap (24.0d) suggests medium shelf,9.2
799860,7,medium,medium,refrigerated,Moderate gap (11.0d) suggests short shelf,3.1904761904761907
799866,30,medium,medium,refrigerated,Medium gap (18.0d) suggests medium shelf,11.8
799867,30,medium,medium,refrigerated,Medium gap (37.0d) suggests medium shelf,13.6
799873,30,medium,medium,refrigerated,Medium gap (20.0d) suggests medium shelf,10.6
799874,7,medium,medium,refrigerated,Moderate gap (12.0d) suggests short shelf,6.571428571428571
799908,30,medium,medium,refrigerated,Medium gap (20.0d) suggests medium shelf,8.2
80160,180,low,medium,ambient,Long gap (999.0d) suggests long shelf,999.0
804312,30,medium,medium,refrigerated,Medium gap (70.0d) suggests medium shelf,15.375
805808,14,medium,medium,ambient,Unspecified product - default to 14 days,1.0101010101010102
808326,30,medium,medium,refrigerated,Medium gap (18.0d) suggests medium shelf,2.3095238095238093
808956,30,medium,high,refrigerated,Medium shelf: skinke,1.4836065573770492
808957,30,medium,high,refrigerated,Medium shelf: skinke,1.7572815533980584
808958,5,medium,medium,refrigerated,Short gap (3.0d) suggests short shelf,1.0650887573964498
808959,30,medium,high,refrigerated,Medium shelf: skinke,2.0588235294117645
808960,30,medium,high,refrigerated,Medium shelf: skinke,1.855670103092784
809672,5,medium,medium,refrigerated,Short gap (6.0d) suggests short shelf,1.988888888888889
809764,7,medium,medium,refrigerated,Moderate gap (8.0d) suggests short shelf,1.6122448979591837
810057,14,medium,medium,ambient,Unspecified product - default to 14 days,2.753846153846154
812928,180,low,high,ambient,Long shelf item: drik,21.2
813113,30,medium,medium,refrigerated,Medium gap (14.0d) suggests medium shelf,5.409090909090909
813233,180,low,high,ambient,Long shelf item: drink,10.571428571428571
813250,180,low,high,ambient,Long shelf item: drink,5.333333333333333
821859,180,low,high,ambient,Long shelf item: rom,1.3740458015267176
821860,5,medium,medium,refrigerated,Short gap (6.0d) suggests short shelf,1.3846153846153846
821863,5,medium,medium,refrigerated,Short gap (6.0d) suggests short shelf,1.2587412587412588
822770,365,low,high,ambient,Alcoholic beverage,1.292857142857143
822771,5,medium,medium,refrigerated,Short gap (6.0d) suggests short shelf,1.846938775510204
822772,30,medium,medium,refrigerated,Medium gap (48.0d) suggests medium shelf,10.055555555555555
822775,7,medium,medium,refrigerated,Moderate gap (8.0d) suggests short shelf,1.6605504587155964
822776,30,medium,medium,refrigerated,Medium gap (15.0d) suggests medium shelf,2.626865671641791
822784,30,medium,medium,refrigerated,Medium gap (15.0d) suggests medium shelf,4.0
822925,5,medium,medium,refrigerated,Short gap (6.0d) suggests short shelf,1.3432835820895523
823812,180,low,high,ambient,Long shelf item: saft,1.7924528301886793
824415,30,medium,medium,refrigerated,Medium gap (27.0d) suggests medium shelf,6.48
824434,30,medium,medium,refrigerated,Medium gap (18.0d) suggests medium shelf,3.125
825474,30,medium,medium,refrigerated,Medium gap (18.0d) suggests medium shelf,3.125
827735,5,medium,medium,refrigerated,Short gap (5.0d) suggests short shelf,1.974025974025974
828205,30,medium,medium,refrigerated,Medium gap (18.0d) suggests medium shelf,6.857142857142857
830954,14,medium,medium,ambient,Unspecified product - default to 14 days,9.210526315789474
832187,5,medium,medium,refrigerated,Short gap (7.0d) suggests short shelf,1.4435483870967742
832236,9999,low,high,ambient,Non-food item: service/non-edible,2.1481481481481484
835139,30,medium,medium,refrigerated,Medium gap (25.0d) suggests medium shelf,7.318181818181818
835340,30,medium,medium,refrigerated,Medium gap (25.0d) suggests medium shelf,5.862068965517241
847271,180,low,medium,ambient,Long gap (104.0d) suggests long shelf,49.66666666666666
853647,180,low,medium,ambient,Long gap (999.0d) suggests long shelf,999.0
859152,30,medium,medium,refrigerated,Medium gap (16.0d) suggests medium shelf,5.689655172413793
862076,180,low,medium,ambient,Long gap (999.0d) suggests long shelf,999.0
878182,365,low,high,ambient,Alcoholic beverage,23.5
878276,5,medium,medium,refrigerated,Short gap (7.0d) suggests short shelf,7.0
893340,2,high,medium,refrigerated,Very short gap (2.0d) suggests fresh,1.0526315789473684
893342,30,medium,medium,refrigerated,Medium gap (28.0d) suggests medium shelf,9.7
893344,30,medium,medium,refrigerated,Medium gap (14.0d) suggests medium shelf,3.193548387096774
893348,5,medium,medium,refrigerated,Short gap (3.0d) suggests short shelf,1.1363636363636365
893350,365,low,high,ambient,Alcoholic beverage,5.6
893353,30,medium,medium,refrigerated,Medium gap (74.0d) suggests medium shelf,74.0
893359,30,medium,medium,refrigerated,Medium gap (19.0d) suggests medium shelf,5.9375
893363,30,medium,medium,refrigerated,Medium gap (20.0d) suggests medium shelf,5.8
893369,180,low,high,ambient,Long shelf item: nut,41.5
893370,30,medium,medium,refrigerated,Medium gap (57.0d) suggests medium shelf,57.0
893375,7,medium,medium,refrigerated,Moderate gap (8.0d) suggests short shelf,3.6666666666666665
893908,180,low,high,ambient,Long shelf item: oil,49.0
894123,14,medium,medium,ambient,Unspecified product - default to 14 days,5.484848484848484
894490,180,low,high,ambient,Long shelf item: drink,39.25
894531,30,medium,medium,refrigerated,Medium gap (44.0d) suggests medium shelf,20.25
897914,30,medium,high,refrigerated,mad - gap suggests longer shelf,1.6272727272727272
899545,30,medium,medium,refrigerated,Medium gap (19.0d) suggests medium shelf,8.181818181818182
907146,30,medium,medium,refrigerated,Medium gap (25.0d) suggests medium shelf,4.341463414634147
908792,30,medium,medium,refrigerated,Medium gap (14.0d) suggests medium shelf,4.5
908794,30,medium,medium,refrigerated,Medium gap (24.0d) suggests medium shelf,8.285714285714286
908795,30,medium,medium,refrigerated,Medium gap (23.0d) suggests medium shelf,6.2105263157894735
908796,30,medium,medium,refrigerated,Medium gap (23.0d) suggests medium shelf,5.684210526315789
908797,30,medium,high,refrigerated,Medium shelf: meat,2.150943396226415
908798,7,medium,medium,refrigerated,Moderate gap (10.0d) suggests short shelf,2.0
908799,30,medium,medium,refrigerated,Medium gap (15.0d) suggests medium shelf,5.526315789473684
908800,7,medium,medium,refrigerated,Moderate gap (13.0d) suggests short shelf,4.111111111111111
908801,30,medium,medium,refrigerated,Medium gap (21.0d) suggests medium shelf,7.133333333333334
908804,30,medium,medium,refrigerated,Medium gap (17.0d) suggests medium shelf,6.571428571428571
908811,30,medium,medium,refrigerated,Medium gap (14.0d) suggests medium shelf,5.0
909114,30,medium,medium,refrigerated,Medium gap (17.0d) suggests medium shelf,1.7075471698113207
909174,14,medium,medium,ambient,Unspecified product - default to 14 days,2.734375
909184,180,low,high,ambient,Long shelf item: saft,2.742424242424242
909186,180,low,high,ambient,Long shelf item: saft,2.0
909190,30,medium,medium,refrigerated,Medium gap (21.0d) suggests medium shelf,7.608695652173913
916524,5,medium,medium,refrigerated,Short gap (4.0d) suggests short shelf,1.4188034188034189
916724,5,medium,medium,refrigerated,Short gap (3.0d) suggests short shelf,1.137931034482759
917864,30,medium,medium,refrigerated,Medium gap (17.0d) suggests medium shelf,3.52
917870,30,medium,medium,refrigerated,Medium gap (21.0d) suggests medium shelf,2.9322033898305087
918119,180,low,high,ambient,Long shelf item: drik,1.3740458015267176
928584,30,medium,high,refrigerated,mad - gap suggests longer shelf,2.142857142857143
936302,30,medium,medium,refrigerated,Medium gap (15.0d) suggests medium shelf,2.9661016949152543
936628,7,medium,medium,refrigerated,Moderate gap (8.0d) suggests short shelf,2.4794520547945207
945684,7,medium,medium,refrigerated,Moderate gap (8.0d) suggests short shelf,1.547008547008547
945685,30,medium,medium,refrigerated,Medium gap (17.0d) suggests medium shelf,2.180722891566265
945688,30,medium,medium,refrigerated,Medium gap (21.0d) suggests medium shelf,1.989010989010989
945690,30,medium,medium,refrigerated,Medium gap (50.0d) suggests medium shelf,5.655172413793103
945692,7,medium,medium,refrigerated,Moderate gap (10.0d) suggests short shelf,1.222972972972973
945693,7,medium,medium,refrigerated,Moderate gap (11.0d) suggests short shelf,3.2545454545454544
945694,30,medium,medium,refrigerated,Medium gap (20.0d) suggests medium shelf,4.285714285714286
945695,30,medium,medium,refrigerated,Medium gap (21.0d) suggests medium shelf,4.186046511627907
945700,30,medium,medium,refrigerated,Medium gap (17.0d) suggests medium shelf,1.4836065573770492
945703,30,medium,medium,refrigerated,Medium gap (22.0d) suggests medium shelf,3.8297872340425534
945705,30,medium,medium,refrigerated,Medium gap (20.0d) suggests medium shelf,2.4857142857142858
945706,30,medium,medium,refrigerated,Medium gap (25.0d) suggests medium shelf,4.7368421052631575
945708,7,medium,medium,refrigerated,Moderate gap (9.0d) suggests short shelf,1.5210084033613445
945709,30,medium,medium,refrigerated,Medium gap (16.0d) suggests medium shelf,3.869565217391304
945713,30,medium,medium,refrigerated,Medium gap (22.0d) suggests medium shelf,3.0172413793103448
945725,30,medium,high,refrigerated,Medium shelf: skinke,3.259259259259259
945740,7,medium,medium,refrigerated,Moderate gap (12.0d) suggests short shelf,2.873015873015873
945742,7,medium,medium,refrigerated,Moderate gap (11.0d) suggests short shelf,3.5294117647058822
954187,7,medium,medium,refrigerated,Moderate gap (9.0d) suggests short shelf,9.0
975828,30,medium,medium,refrigerated,Medium gap (19.0d) suggests medium shelf,2.9791666666666665
976515,7,medium,medium,refrigerated,Moderate gap (8.0d) suggests short shelf,1.4285714285714286
977026,180,low,high,ambient,Long shelf item: drink,4.7631578947368425
977040,180,low,high,ambient,Long shelf item: drink,1.8854166666666667
